county,precinct_label,contest,type,choice,votes
Clackamas,100,United States President and Vice President - Vote for one,candidate,Robert F Kennedy Jr / Nicole Shanahan,2
Clackamas,100,United States President and Vice President - Vote for one,candidate,Cornel West,0
Clackamas,100,United States President and Vice President - Vote for one,candidate,Chase Oliver / Mike ter Maat,2
Clackamas,100,United States President and Vice President - Vote for one,candidate,Randall Terry,0
Clackamas,100,United States President and Vice President - Vote for one,candidate,Donald J Trump / JD Vance,30
Clackamas,100,United States President and Vice President - Vote for one,candidate,Jill Stein / Rudolph Ware,0
Clackamas,100,United States President and Vice President - Vote for one,candidate,Kamala D Harris / Tim Walz,51
Clackamas,100,United States President and Vice President - Vote for one,undervotes,,1
Clackamas,100,United States President and Vice President - Vote for one,overvotes,,0
Clackamas,100,United States President and Vice President - Vote for one,writein,,1
Clackamas,100,United States President and Vice President - Vote for one,ballots_cast,,87
Clackamas,100,United States President and Vice President - Vote for one,registered,,127
Clackamas,101,United States President and Vice President - Vote for one,candidate,Robert F Kennedy Jr / Nicole Shanahan,99
Clackamas,101,United States President and Vice President - Vote for one,candidate,Cornel West,8
Clackamas,101,United States President and Vice President - Vote for one,candidate,Chase Oliver / Mike ter Maat,17
Clackamas,101,United States President and Vice President - Vote for one,candidate,Randall Terry,6
Clackamas,101,United States President and Vice President - Vote for one,candidate,Donald J Trump / JD Vance,2466
Clackamas,101,United States President and Vice President - Vote for one,candidate,Jill Stein / Rudolph Ware,50
Clackamas,101,United States President and Vice President - Vote for one,candidate,Kamala D Harris / Tim Walz,3242
Clackamas,101,United States President and Vice President - Vote for one,undervotes,,56
Clackamas,101,United States President and Vice President - Vote for one,overvotes,,0
Clackamas,101,United States President and Vice President - Vote for one,writein,,54
Clackamas,101,United States President and Vice President - Vote for one,ballots_cast,,5998
Clackamas,101,United States President and Vice President - Vote for one,registered,,8217
Clackamas,102,United States President and Vice President - Vote for one,candidate,Robert F Kennedy Jr / Nicole Shanahan,16
Clackamas,102,United States President and Vice President - Vote for one,candidate,Cornel West,2
Clackamas,102,United States President and Vice President - Vote for one,candidate,Chase Oliver / Mike ter Maat,1
Clackamas,102,United States President and Vice President - Vote for one,candidate,Randall Terry,0
Clackamas,102,United States President and Vice President - Vote for one,candidate,Donald J Trump / JD Vance,681
Clackamas,102,United States President and Vice President - Vote for one,candidate,Jill Stein / Rudolph Ware,12
Clackamas,102,United States President and Vice President - Vote for one,candidate,Kamala D Harris / Tim Walz,598
Clackamas,102,United States President and Vice President - Vote for one,undervotes,,11
Clackamas,102,United States President and Vice President - Vote for one,overvotes,,3
Clackamas,102,United States President and Vice President - Vote for one,writein,,8
Clackamas,102,United States President and Vice President - Vote for one,ballots_cast,,1332
Clackamas,102,United States President and Vice President - Vote for one,registered,,1781
Clackamas,103,United States President and Vice President - Vote for one,candidate,Robert F Kennedy Jr / Nicole Shanahan,50
Clackamas,103,United States President and Vice President - Vote for one,candidate,Cornel West,3
Clackamas,103,United States President and Vice President - Vote for one,candidate,Chase Oliver / Mike ter Maat,10
Clackamas,103,United States President and Vice President - Vote for one,candidate,Randall Terry,3
Clackamas,103,United States President and Vice President - Vote for one,candidate,Donald J Trump / JD Vance,1168
Clackamas,103,United States President and Vice President - Vote for one,candidate,Jill Stein / Rudolph Ware,11
Clackamas,103,United States President and Vice President - Vote for one,candidate,Kamala D Harris / Tim Walz,1535
Clackamas,103,United States President and Vice President - Vote for one,undervotes,,43
Clackamas,103,United States President and Vice President - Vote for one,overvotes,,0
Clackamas,103,United States President and Vice President - Vote for one,writein,,23
Clackamas,103,United States President and Vice President - Vote for one,ballots_cast,,2846
Clackamas,103,United States President and Vice President - Vote for one,registered,,3691
Clackamas,104,United States President and Vice President - Vote for one,candidate,Robert F Kennedy Jr / Nicole Shanahan,0
Clackamas,104,United States President and Vice President - Vote for one,candidate,Cornel West,0
Clackamas,104,United States President and Vice President - Vote for one,candidate,Chase Oliver / Mike ter Maat,0
Clackamas,104,United States President and Vice President - Vote for one,candidate,Randall Terry,0
Clackamas,104,United States President and Vice President - Vote for one,candidate,Donald J Trump / JD Vance,13
Clackamas,104,United States President and Vice President - Vote for one,candidate,Jill Stein / Rudolph Ware,0
Clackamas,104,United States President and Vice President - Vote for one,candidate,Kamala D Harris / Tim Walz,10
Clackamas,104,United States President and Vice President - Vote for one,undervotes,,0
Clackamas,104,United States President and Vice President - Vote for one,overvotes,,0
Clackamas,104,United States President and Vice President - Vote for one,writein,,0
Clackamas,104,United States President and Vice President - Vote for one,ballots_cast,,23
Clackamas,104,United States President and Vice President - Vote for one,registered,,27
Clackamas,105,United States President and Vice President - Vote for one,candidate,Robert F Kennedy Jr / Nicole Shanahan,58
Clackamas,105,United States President and Vice President - Vote for one,candidate,Cornel West,5
Clackamas,105,United States President and Vice President - Vote for one,candidate,Chase Oliver / Mike ter Maat,19
Clackamas,105,United States President and Vice President - Vote for one,candidate,Randall Terry,2
Clackamas,105,United States President and Vice President - Vote for one,candidate,Donald J Trump / JD Vance,1759
Clackamas,105,United States President and Vice President - Vote for one,candidate,Jill Stein / Rudolph Ware,23
Clackamas,105,United States President and Vice President - Vote for one,candidate,Kamala D Harris / Tim Walz,2231
Clackamas,105,United States President and Vice President - Vote for one,undervotes,,48
Clackamas,105,United States President and Vice President - Vote for one,overvotes,,0
Clackamas,105,United States President and Vice President - Vote for one,writein,,37
Clackamas,105,United States President and Vice President - Vote for one,ballots_cast,,4182
Clackamas,105,United States President and Vice President - Vote for one,registered,,5309
Clackamas,106,United States President and Vice President - Vote for one,candidate,Robert F Kennedy Jr / Nicole Shanahan,53
Clackamas,106,United States President and Vice President - Vote for one,candidate,Cornel West,4
Clackamas,106,United States President and Vice President - Vote for one,candidate,Chase Oliver / Mike ter Maat,22
Clackamas,106,United States President and Vice President - Vote for one,candidate,Randall Terry,5
Clackamas,106,United States President and Vice President - Vote for one,candidate,Donald J Trump / JD Vance,1941
Clackamas,106,United States President and Vice President - Vote for one,candidate,Jill Stein / Rudolph Ware,13
Clackamas,106,United States President and Vice President - Vote for one,candidate,Kamala D Harris / Tim Walz,975
Clackamas,106,United States President and Vice President - Vote for one,undervotes,,22
Clackamas,106,United States President and Vice President - Vote for one,overvotes,,1
Clackamas,106,United States President and Vice President - Vote for one,writein,,18
Clackamas,106,United States President and Vice President - Vote for one,ballots_cast,,3054
Clackamas,106,United States President and Vice President - Vote for one,registered,,4143
Clackamas,107,United States President and Vice President - Vote for one,candidate,Robert F Kennedy Jr / Nicole Shanahan,37
Clackamas,107,United States President and Vice President - Vote for one,candidate,Cornel West,3
Clackamas,107,United States President and Vice President - Vote for one,candidate,Chase Oliver / Mike ter Maat,7
Clackamas,107,United States President and Vice President - Vote for one,candidate,Randall Terry,3
Clackamas,107,United States President and Vice President - Vote for one,candidate,Donald J Trump / JD Vance,1079
Clackamas,107,United States President and Vice President - Vote for one,candidate,Jill Stein / Rudolph Ware,12
Clackamas,107,United States President and Vice President - Vote for one,candidate,Kamala D Harris / Tim Walz,740
Clackamas,107,United States President and Vice President - Vote for one,undervotes,,21
Clackamas,107,United States President and Vice President - Vote for one,overvotes,,1
Clackamas,107,United States President and Vice President - Vote for one,writein,,10
Clackamas,107,United States President and Vice President - Vote for one,ballots_cast,,1913
Clackamas,107,United States President and Vice President - Vote for one,registered,,2532
Clackamas,108,United States President and Vice President - Vote for one,candidate,Robert F Kennedy Jr / Nicole Shanahan,89
Clackamas,108,United States President and Vice President - Vote for one,candidate,Cornel West,9
Clackamas,108,United States President and Vice President - Vote for one,candidate,Chase Oliver / Mike ter Maat,28
Clackamas,108,United States President and Vice President - Vote for one,candidate,Randall Terry,3
Clackamas,108,United States President and Vice President - Vote for one,candidate,Donald J Trump / JD Vance,2562
Clackamas,108,United States President and Vice President - Vote for one,candidate,Jill Stein / Rudolph Ware,19
Clackamas,108,United States President and Vice President - Vote for one,candidate,Kamala D Harris / Tim Walz,1815
Clackamas,108,United States President and Vice President - Vote for one,undervotes,,49
Clackamas,108,United States President and Vice President - Vote for one,overvotes,,0
Clackamas,108,United States President and Vice President - Vote for one,writein,,27
Clackamas,108,United States President and Vice President - Vote for one,ballots_cast,,4601
Clackamas,108,United States President and Vice President - Vote for one,registered,,6362
Clackamas,109,United States President and Vice President - Vote for one,candidate,Robert F Kennedy Jr / Nicole Shanahan,0
Clackamas,109,United States President and Vice President - Vote for one,candidate,Cornel West,0
Clackamas,109,United States President and Vice President - Vote for one,candidate,Chase Oliver / Mike ter Maat,0
Clackamas,109,United States President and Vice President - Vote for one,candidate,Randall Terry,0
Clackamas,109,United States President and Vice President - Vote for one,candidate,Donald J Trump / JD Vance,0
Clackamas,109,United States President and Vice President - Vote for one,candidate,Jill Stein / Rudolph Ware,0
Clackamas,109,United States President and Vice President - Vote for one,candidate,Kamala D Harris / Tim Walz,0
Clackamas,109,United States President and Vice President - Vote for one,undervotes,,0
Clackamas,109,United States President and Vice President - Vote for one,overvotes,,0
Clackamas,109,United States President and Vice President - Vote for one,writein,,0
Clackamas,109,United States President and Vice President - Vote for one,ballots_cast,,0
Clackamas,109,United States President and Vice President - Vote for one,registered,,0
Clackamas,111,United States President and Vice President - Vote for one,candidate,Robert F Kennedy Jr / Nicole Shanahan,106
Clackamas,111,United States President and Vice President - Vote for one,candidate,Cornel West,5
Clackamas,111,United States President and Vice President - Vote for one,candidate,Chase Oliver / Mike ter Maat,25
Clackamas,111,United States President and Vice President - Vote for one,candidate,Randall Terry,5
Clackamas,111,United States President and Vice President - Vote for one,candidate,Donald J Trump / JD Vance,3245
Clackamas,111,United States President and Vice President - Vote for one,candidate,Jill Stein / Rudolph Ware,23
Clackamas,111,United States President and Vice President - Vote for one,candidate,Kamala D Harris / Tim Walz,1403
Clackamas,111,United States President and Vice President - Vote for one,undervotes,,41
Clackamas,111,United States President and Vice President - Vote for one,overvotes,,0
Clackamas,111,United States President and Vice President - Vote for one,writein,,27
Clackamas,111,United States President and Vice President - Vote for one,ballots_cast,,4880
Clackamas,111,United States President and Vice President - Vote for one,registered,,7014
Clackamas,112,United States President and Vice President - Vote for one,candidate,Robert F Kennedy Jr / Nicole Shanahan,0
Clackamas,112,United States President and Vice President - Vote for one,candidate,Cornel West,0
Clackamas,112,United States President and Vice President - Vote for one,candidate,Chase Oliver / Mike ter Maat,0
Clackamas,112,United States President and Vice President - Vote for one,candidate,Randall Terry,0
Clackamas,112,United States President and Vice President - Vote for one,candidate,Donald J Trump / JD Vance,0
Clackamas,112,United States President and Vice President - Vote for one,candidate,Jill Stein / Rudolph Ware,0
Clackamas,112,United States President and Vice President - Vote for one,candidate,Kamala D Harris / Tim Walz,0
Clackamas,112,United States President and Vice President - Vote for one,undervotes,,0
Clackamas,112,United States President and Vice President - Vote for one,overvotes,,0
Clackamas,112,United States President and Vice President - Vote for one,writein,,0
Clackamas,112,United States President and Vice President - Vote for one,ballots_cast,,0
Clackamas,112,United States President and Vice President - Vote for one,registered,,0
Clackamas,113,United States President and Vice President - Vote for one,candidate,Robert F Kennedy Jr / Nicole Shanahan,2
Clackamas,113,United States President and Vice President - Vote for one,candidate,Cornel West,0
Clackamas,113,United States President and Vice President - Vote for one,candidate,Chase Oliver / Mike ter Maat,2
Clackamas,113,United States President and Vice President - Vote for one,candidate,Randall Terry,0
Clackamas,113,United States President and Vice President - Vote for one,candidate,Donald J Trump / JD Vance,15
Clackamas,113,United States President and Vice President - Vote for one,candidate,Jill Stein / Rudolph Ware,2
Clackamas,113,United States President and Vice President - Vote for one,candidate,Kamala D Harris / Tim Walz,38
Clackamas,113,United States President and Vice President - Vote for one,undervotes,,1
Clackamas,113,United States President and Vice President - Vote for one,overvotes,,0
Clackamas,113,United States President and Vice President - Vote for one,writein,,0
Clackamas,113,United States President and Vice President - Vote for one,ballots_cast,,60
Clackamas,113,United States President and Vice President - Vote for one,registered,,77
Clackamas,114,United States President and Vice President - Vote for one,candidate,Robert F Kennedy Jr / Nicole Shanahan,2
Clackamas,114,United States President and Vice President - Vote for one,candidate,Cornel West,1
Clackamas,114,United States President and Vice President - Vote for one,candidate,Chase Oliver / Mike ter Maat,0
Clackamas,114,United States President and Vice President - Vote for one,candidate,Randall Terry,0
Clackamas,114,United States President and Vice President - Vote for one,candidate,Donald J Trump / JD Vance,64
Clackamas,114,United States President and Vice President - Vote for one,candidate,Jill Stein / Rudolph Ware,1
Clackamas,114,United States President and Vice President - Vote for one,candidate,Kamala D Harris / Tim Walz,102
Clackamas,114,United States President and Vice President - Vote for one,undervotes,,0
Clackamas,114,United States President and Vice President - Vote for one,overvotes,,0
Clackamas,114,United States President and Vice President - Vote for one,writein,,0
Clackamas,114,United States President and Vice President - Vote for one,ballots_cast,,170
Clackamas,114,United States President and Vice President - Vote for one,registered,,242
Clackamas,115/116,United States President and Vice President - Vote for one,candidate,Robert F Kennedy Jr / Nicole Shanahan,5
Clackamas,115/116,United States President and Vice President - Vote for one,candidate,Cornel West,0
Clackamas,115/116,United States President and Vice President - Vote for one,candidate,Chase Oliver / Mike ter Maat,0
Clackamas,115/116,United States President and Vice President - Vote for one,candidate,Randall Terry,0
Clackamas,115/116,United States President and Vice President - Vote for one,candidate,Donald J Trump / JD Vance,54
Clackamas,115/116,United States President and Vice President - Vote for one,candidate,Jill Stein / Rudolph Ware,3
Clackamas,115/116,United States President and Vice President - Vote for one,candidate,Kamala D Harris / Tim Walz,194
Clackamas,115/116,United States President and Vice President - Vote for one,undervotes,,5
Clackamas,115/116,United States President and Vice President - Vote for one,overvotes,,0
Clackamas,115/116,United States President and Vice President - Vote for one,writein,,3
Clackamas,115/116,United States President and Vice President - Vote for one,ballots_cast,,264
Clackamas,115/116,United States President and Vice President - Vote for one,registered,,305
Clackamas,122,United States President and Vice President - Vote for one,candidate,Robert F Kennedy Jr / Nicole Shanahan,76
Clackamas,122,United States President and Vice President - Vote for one,candidate,Cornel West,4
Clackamas,122,United States President and Vice President - Vote for one,candidate,Chase Oliver / Mike ter Maat,10
Clackamas,122,United States President and Vice President - Vote for one,candidate,Randall Terry,3
Clackamas,122,United States President and Vice President - Vote for one,candidate,Donald J Trump / JD Vance,1799
Clackamas,122,United States President and Vice President - Vote for one,candidate,Jill Stein / Rudolph Ware,16
Clackamas,122,United States President and Vice President - Vote for one,candidate,Kamala D Harris / Tim Walz,1498
Clackamas,122,United States President and Vice President - Vote for one,undervotes,,36
Clackamas,122,United States President and Vice President - Vote for one,overvotes,,1
Clackamas,122,United States President and Vice President - Vote for one,writein,,19
Clackamas,122,United States President and Vice President - Vote for one,ballots_cast,,3462
Clackamas,122,United States President and Vice President - Vote for one,registered,,4653
Clackamas,123,United States President and Vice President - Vote for one,candidate,Robert F Kennedy Jr / Nicole Shanahan,55
Clackamas,123,United States President and Vice President - Vote for one,candidate,Cornel West,0
Clackamas,123,United States President and Vice President - Vote for one,candidate,Chase Oliver / Mike ter Maat,10
Clackamas,123,United States President and Vice President - Vote for one,candidate,Randall Terry,0
Clackamas,123,United States President and Vice President - Vote for one,candidate,Donald J Trump / JD Vance,1178
Clackamas,123,United States President and Vice President - Vote for one,candidate,Jill Stein / Rudolph Ware,4
Clackamas,123,United States President and Vice President - Vote for one,candidate,Kamala D Harris / Tim Walz,856
Clackamas,123,United States President and Vice President - Vote for one,undervotes,,28
Clackamas,123,United States President and Vice President - Vote for one,overvotes,,0
Clackamas,123,United States President and Vice President - Vote for one,writein,,16
Clackamas,123,United States President and Vice President - Vote for one,ballots_cast,,2147
Clackamas,123,United States President and Vice President - Vote for one,registered,,2786
Clackamas,124,United States President and Vice President - Vote for one,candidate,Robert F Kennedy Jr / Nicole Shanahan,75
Clackamas,124,United States President and Vice President - Vote for one,candidate,Cornel West,4
Clackamas,124,United States President and Vice President - Vote for one,candidate,Chase Oliver / Mike ter Maat,16
Clackamas,124,United States President and Vice President - Vote for one,candidate,Randall Terry,5
Clackamas,124,United States President and Vice President - Vote for one,candidate,Donald J Trump / JD Vance,1863
Clackamas,124,United States President and Vice President - Vote for one,candidate,Jill Stein / Rudolph Ware,15
Clackamas,124,United States President and Vice President - Vote for one,candidate,Kamala D Harris / Tim Walz,1552
Clackamas,124,United States President and Vice President - Vote for one,undervotes,,43
Clackamas,124,United States President and Vice President - Vote for one,overvotes,,1
Clackamas,124,United States President and Vice President - Vote for one,writein,,28
Clackamas,124,United States President and Vice President - Vote for one,ballots_cast,,3602
Clackamas,124,United States President and Vice President - Vote for one,registered,,4318
Clackamas,125,United States President and Vice President - Vote for one,candidate,Robert F Kennedy Jr / Nicole Shanahan,27
Clackamas,125,United States President and Vice President - Vote for one,candidate,Cornel West,1
Clackamas,125,United States President and Vice President - Vote for one,candidate,Chase Oliver / Mike ter Maat,4
Clackamas,125,United States President and Vice President - Vote for one,candidate,Randall Terry,1
Clackamas,125,United States President and Vice President - Vote for one,candidate,Donald J Trump / JD Vance,639
Clackamas,125,United States President and Vice President - Vote for one,candidate,Jill Stein / Rudolph Ware,6
Clackamas,125,United States President and Vice President - Vote for one,candidate,Kamala D Harris / Tim Walz,593
Clackamas,125,United States President and Vice President - Vote for one,undervotes,,17
Clackamas,125,United States President and Vice President - Vote for one,overvotes,,0
Clackamas,125,United States President and Vice President - Vote for one,writein,,15
Clackamas,125,United States President and Vice President - Vote for one,ballots_cast,,1303
Clackamas,125,United States President and Vice President - Vote for one,registered,,1625
Clackamas,127,United States President and Vice President - Vote for one,candidate,Robert F Kennedy Jr / Nicole Shanahan,0
Clackamas,127,United States President and Vice President - Vote for one,candidate,Cornel West,0
Clackamas,127,United States President and Vice President - Vote for one,candidate,Chase Oliver / Mike ter Maat,0
Clackamas,127,United States President and Vice President - Vote for one,candidate,Randall Terry,0
Clackamas,127,United States President and Vice President - Vote for one,candidate,Donald J Trump / JD Vance,51
Clackamas,127,United States President and Vice President - Vote for one,candidate,Jill Stein / Rudolph Ware,0
Clackamas,127,United States President and Vice President - Vote for one,candidate,Kamala D Harris / Tim Walz,23
Clackamas,127,United States President and Vice President - Vote for one,undervotes,,0
Clackamas,127,United States President and Vice President - Vote for one,overvotes,,0
Clackamas,127,United States President and Vice President - Vote for one,writein,,2
Clackamas,127,United States President and Vice President - Vote for one,ballots_cast,,76
Clackamas,127,United States President and Vice President - Vote for one,registered,,93
Clackamas,131,United States President and Vice President - Vote for one,candidate,Robert F Kennedy Jr / Nicole Shanahan,80
Clackamas,131,United States President and Vice President - Vote for one,candidate,Cornel West,8
Clackamas,131,United States President and Vice President - Vote for one,candidate,Chase Oliver / Mike ter Maat,29
Clackamas,131,United States President and Vice President - Vote for one,candidate,Randall Terry,4
Clackamas,131,United States President and Vice President - Vote for one,candidate,Donald J Trump / JD Vance,2008
Clackamas,131,United States President and Vice President - Vote for one,candidate,Jill Stein / Rudolph Ware,32
Clackamas,131,United States President and Vice President - Vote for one,candidate,Kamala D Harris / Tim Walz,3750
Clackamas,131,United States President and Vice President - Vote for one,undervotes,,72
Clackamas,131,United States President and Vice President - Vote for one,overvotes,,1
Clackamas,131,United States President and Vice President - Vote for one,writein,,48
Clackamas,131,United States President and Vice President - Vote for one,ballots_cast,,6032
Clackamas,131,United States President and Vice President - Vote for one,registered,,7271
Clackamas,132,United States President and Vice President - Vote for one,candidate,Robert F Kennedy Jr / Nicole Shanahan,67
Clackamas,132,United States President and Vice President - Vote for one,candidate,Cornel West,8
Clackamas,132,United States President and Vice President - Vote for one,candidate,Chase Oliver / Mike ter Maat,13
Clackamas,132,United States President and Vice President - Vote for one,candidate,Randall Terry,3
Clackamas,132,United States President and Vice President - Vote for one,candidate,Donald J Trump / JD Vance,1380
Clackamas,132,United States President and Vice President - Vote for one,candidate,Jill Stein / Rudolph Ware,28
Clackamas,132,United States President and Vice President - Vote for one,candidate,Kamala D Harris / Tim Walz,2812
Clackamas,132,United States President and Vice President - Vote for one,undervotes,,49
Clackamas,132,United States President and Vice President - Vote for one,overvotes,,2
Clackamas,132,United States President and Vice President - Vote for one,writein,,46
Clackamas,132,United States President and Vice President - Vote for one,ballots_cast,,4408
Clackamas,132,United States President and Vice President - Vote for one,registered,,5208
Clackamas,133,United States President and Vice President - Vote for one,candidate,Robert F Kennedy Jr / Nicole Shanahan,23
Clackamas,133,United States President and Vice President - Vote for one,candidate,Cornel West,6
Clackamas,133,United States President and Vice President - Vote for one,candidate,Chase Oliver / Mike ter Maat,13
Clackamas,133,United States President and Vice President - Vote for one,candidate,Randall Terry,1
Clackamas,133,United States President and Vice President - Vote for one,candidate,Donald J Trump / JD Vance,494
Clackamas,133,United States President and Vice President - Vote for one,candidate,Jill Stein / Rudolph Ware,11
Clackamas,133,United States President and Vice President - Vote for one,candidate,Kamala D Harris / Tim Walz,1278
Clackamas,133,United States President and Vice President - Vote for one,undervotes,,10
Clackamas,133,United States President and Vice President - Vote for one,overvotes,,2
Clackamas,133,United States President and Vice President - Vote for one,writein,,28
Clackamas,133,United States President and Vice President - Vote for one,ballots_cast,,1866
Clackamas,133,United States President and Vice President - Vote for one,registered,,2204
Clackamas,134,United States President and Vice President - Vote for one,candidate,Robert F Kennedy Jr / Nicole Shanahan,0
Clackamas,134,United States President and Vice President - Vote for one,candidate,Cornel West,0
Clackamas,134,United States President and Vice President - Vote for one,candidate,Chase Oliver / Mike ter Maat,0
Clackamas,134,United States President and Vice President - Vote for one,candidate,Randall Terry,0
Clackamas,134,United States President and Vice President - Vote for one,candidate,Donald J Trump / JD Vance,0
Clackamas,134,United States President and Vice President - Vote for one,candidate,Jill Stein / Rudolph Ware,0
Clackamas,134,United States President and Vice President - Vote for one,candidate,Kamala D Harris / Tim Walz,8
Clackamas,134,United States President and Vice President - Vote for one,undervotes,,0
Clackamas,134,United States President and Vice President - Vote for one,overvotes,,0
Clackamas,134,United States President and Vice President - Vote for one,writein,,1
Clackamas,134,United States President and Vice President - Vote for one,ballots_cast,,9
Clackamas,134,United States President and Vice President - Vote for one,registered,,10
Clackamas,135,United States President and Vice President - Vote for one,candidate,Robert F Kennedy Jr / Nicole Shanahan,82
Clackamas,135,United States President and Vice President - Vote for one,candidate,Cornel West,9
Clackamas,135,United States President and Vice President - Vote for one,candidate,Chase Oliver / Mike ter Maat,22
Clackamas,135,United States President and Vice President - Vote for one,candidate,Randall Terry,6
Clackamas,135,United States President and Vice President - Vote for one,candidate,Donald J Trump / JD Vance,1398
Clackamas,135,United States President and Vice President - Vote for one,candidate,Jill Stein / Rudolph Ware,37
Clackamas,135,United States President and Vice President - Vote for one,candidate,Kamala D Harris / Tim Walz,3431
Clackamas,135,United States President and Vice President - Vote for one,undervotes,,68
Clackamas,135,United States President and Vice President - Vote for one,overvotes,,0
Clackamas,135,United States President and Vice President - Vote for one,writein,,48
Clackamas,135,United States President and Vice President - Vote for one,ballots_cast,,5101
Clackamas,135,United States President and Vice President - Vote for one,registered,,5912
Clackamas,151,United States President and Vice President - Vote for one,candidate,Robert F Kennedy Jr / Nicole Shanahan,30
Clackamas,151,United States President and Vice President - Vote for one,candidate,Cornel West,2
Clackamas,151,United States President and Vice President - Vote for one,candidate,Chase Oliver / Mike ter Maat,10
Clackamas,151,United States President and Vice President - Vote for one,candidate,Randall Terry,0
Clackamas,151,United States President and Vice President - Vote for one,candidate,Donald J Trump / JD Vance,587
Clackamas,151,United States President and Vice President - Vote for one,candidate,Jill Stein / Rudolph Ware,14
Clackamas,151,United States President and Vice President - Vote for one,candidate,Kamala D Harris / Tim Walz,1755
Clackamas,151,United States President and Vice President - Vote for one,undervotes,,48
Clackamas,151,United States President and Vice President - Vote for one,overvotes,,1
Clackamas,151,United States President and Vice President - Vote for one,writein,,36
Clackamas,151,United States President and Vice President - Vote for one,ballots_cast,,2483
Clackamas,151,United States President and Vice President - Vote for one,registered,,2910
Clackamas,152,United States President and Vice President - Vote for one,candidate,Robert F Kennedy Jr / Nicole Shanahan,75
Clackamas,152,United States President and Vice President - Vote for one,candidate,Cornel West,2
Clackamas,152,United States President and Vice President - Vote for one,candidate,Chase Oliver / Mike ter Maat,27
Clackamas,152,United States President and Vice President - Vote for one,candidate,Randall Terry,8
Clackamas,152,United States President and Vice President - Vote for one,candidate,Donald J Trump / JD Vance,1351
Clackamas,152,United States President and Vice President - Vote for one,candidate,Jill Stein / Rudolph Ware,28
Clackamas,152,United States President and Vice President - Vote for one,candidate,Kamala D Harris / Tim Walz,3666
Clackamas,152,United States President and Vice President - Vote for one,undervotes,,80
Clackamas,152,United States President and Vice President - Vote for one,overvotes,,2
Clackamas,152,United States President and Vice President - Vote for one,writein,,41
Clackamas,152,United States President and Vice President - Vote for one,ballots_cast,,5280
Clackamas,152,United States President and Vice President - Vote for one,registered,,6057
Clackamas,153,United States President and Vice President - Vote for one,candidate,Robert F Kennedy Jr / Nicole Shanahan,6
Clackamas,153,United States President and Vice President - Vote for one,candidate,Cornel West,1
Clackamas,153,United States President and Vice President - Vote for one,candidate,Chase Oliver / Mike ter Maat,3
Clackamas,153,United States President and Vice President - Vote for one,candidate,Randall Terry,1
Clackamas,153,United States President and Vice President - Vote for one,candidate,Donald J Trump / JD Vance,135
Clackamas,153,United States President and Vice President - Vote for one,candidate,Jill Stein / Rudolph Ware,4
Clackamas,153,United States President and Vice President - Vote for one,candidate,Kamala D Harris / Tim Walz,276
Clackamas,153,United States President and Vice President - Vote for one,undervotes,,13
Clackamas,153,United States President and Vice President - Vote for one,overvotes,,0
Clackamas,153,United States President and Vice President - Vote for one,writein,,5
Clackamas,153,United States President and Vice President - Vote for one,ballots_cast,,444
Clackamas,153,United States President and Vice President - Vote for one,registered,,505
Clackamas,154,United States President and Vice President - Vote for one,candidate,Robert F Kennedy Jr / Nicole Shanahan,1
Clackamas,154,United States President and Vice President - Vote for one,candidate,Cornel West,0
Clackamas,154,United States President and Vice President - Vote for one,candidate,Chase Oliver / Mike ter Maat,0
Clackamas,154,United States President and Vice President - Vote for one,candidate,Randall Terry,0
Clackamas,154,United States President and Vice President - Vote for one,candidate,Donald J Trump / JD Vance,27
Clackamas,154,United States President and Vice President - Vote for one,candidate,Jill Stein / Rudolph Ware,0
Clackamas,154,United States President and Vice President - Vote for one,candidate,Kamala D Harris / Tim Walz,64
Clackamas,154,United States President and Vice President - Vote for one,undervotes,,2
Clackamas,154,United States President and Vice President - Vote for one,overvotes,,0
Clackamas,154,United States President and Vice President - Vote for one,writein,,0
Clackamas,154,United States President and Vice President - Vote for one,ballots_cast,,94
Clackamas,154,United States President and Vice President - Vote for one,registered,,115
Clackamas,155,United States President and Vice President - Vote for one,candidate,Robert F Kennedy Jr / Nicole Shanahan,33
Clackamas,155,United States President and Vice President - Vote for one,candidate,Cornel West,2
Clackamas,155,United States President and Vice President - Vote for one,candidate,Chase Oliver / Mike ter Maat,12
Clackamas,155,United States President and Vice President - Vote for one,candidate,Randall Terry,3
Clackamas,155,United States President and Vice President - Vote for one,candidate,Donald J Trump / JD Vance,640
Clackamas,155,United States President and Vice President - Vote for one,candidate,Jill Stein / Rudolph Ware,14
Clackamas,155,United States President and Vice President - Vote for one,candidate,Kamala D Harris / Tim Walz,1928
Clackamas,155,United States President and Vice President - Vote for one,undervotes,,38
Clackamas,155,United States President and Vice President - Vote for one,overvotes,,0
Clackamas,155,United States President and Vice President - Vote for one,writein,,25
Clackamas,155,United States President and Vice President - Vote for one,ballots_cast,,2695
Clackamas,155,United States President and Vice President - Vote for one,registered,,3207
Clackamas,156,United States President and Vice President - Vote for one,candidate,Robert F Kennedy Jr / Nicole Shanahan,47
Clackamas,156,United States President and Vice President - Vote for one,candidate,Cornel West,4
Clackamas,156,United States President and Vice President - Vote for one,candidate,Chase Oliver / Mike ter Maat,17
Clackamas,156,United States President and Vice President - Vote for one,candidate,Randall Terry,4
Clackamas,156,United States President and Vice President - Vote for one,candidate,Donald J Trump / JD Vance,1026
Clackamas,156,United States President and Vice President - Vote for one,candidate,Jill Stein / Rudolph Ware,26
Clackamas,156,United States President and Vice President - Vote for one,candidate,Kamala D Harris / Tim Walz,3226
Clackamas,156,United States President and Vice President - Vote for one,undervotes,,44
Clackamas,156,United States President and Vice President - Vote for one,overvotes,,1
Clackamas,156,United States President and Vice President - Vote for one,writein,,50
Clackamas,156,United States President and Vice President - Vote for one,ballots_cast,,4445
Clackamas,156,United States President and Vice President - Vote for one,registered,,5088
Clackamas,157,United States President and Vice President - Vote for one,candidate,Robert F Kennedy Jr / Nicole Shanahan,2
Clackamas,157,United States President and Vice President - Vote for one,candidate,Cornel West,0
Clackamas,157,United States President and Vice President - Vote for one,candidate,Chase Oliver / Mike ter Maat,0
Clackamas,157,United States President and Vice President - Vote for one,candidate,Randall Terry,0
Clackamas,157,United States President and Vice President - Vote for one,candidate,Donald J Trump / JD Vance,32
Clackamas,157,United States President and Vice President - Vote for one,candidate,Jill Stein / Rudolph Ware,1
Clackamas,157,United States President and Vice President - Vote for one,candidate,Kamala D Harris / Tim Walz,57
Clackamas,157,United States President and Vice President - Vote for one,undervotes,,0
Clackamas,157,United States President and Vice President - Vote for one,overvotes,,0
Clackamas,157,United States President and Vice President - Vote for one,writein,,2
Clackamas,157,United States President and Vice President - Vote for one,ballots_cast,,94
Clackamas,157,United States President and Vice President - Vote for one,registered,,106
Clackamas,158,United States President and Vice President - Vote for one,candidate,Robert F Kennedy Jr / Nicole Shanahan,43
Clackamas,158,United States President and Vice President - Vote for one,candidate,Cornel West,5
Clackamas,158,United States President and Vice President - Vote for one,candidate,Chase Oliver / Mike ter Maat,13
Clackamas,158,United States President and Vice President - Vote for one,candidate,Randall Terry,1
Clackamas,158,United States President and Vice President - Vote for one,candidate,Donald J Trump / JD Vance,923
Clackamas,158,United States President and Vice President - Vote for one,candidate,Jill Stein / Rudolph Ware,23
Clackamas,158,United States President and Vice President - Vote for one,candidate,Kamala D Harris / Tim Walz,3017
Clackamas,158,United States President and Vice President - Vote for one,undervotes,,49
Clackamas,158,United States President and Vice President - Vote for one,overvotes,,0
Clackamas,158,United States President and Vice President - Vote for one,writein,,42
Clackamas,158,United States President and Vice President - Vote for one,ballots_cast,,4116
Clackamas,158,United States President and Vice President - Vote for one,registered,,4960
Clackamas,159,United States President and Vice President - Vote for one,candidate,Robert F Kennedy Jr / Nicole Shanahan,43
Clackamas,159,United States President and Vice President - Vote for one,candidate,Cornel West,3
Clackamas,159,United States President and Vice President - Vote for one,candidate,Chase Oliver / Mike ter Maat,13
Clackamas,159,United States President and Vice President - Vote for one,candidate,Randall Terry,2
Clackamas,159,United States President and Vice President - Vote for one,candidate,Donald J Trump / JD Vance,667
Clackamas,159,United States President and Vice President - Vote for one,candidate,Jill Stein / Rudolph Ware,17
Clackamas,159,United States President and Vice President - Vote for one,candidate,Kamala D Harris / Tim Walz,1861
Clackamas,159,United States President and Vice President - Vote for one,undervotes,,33
Clackamas,159,United States President and Vice President - Vote for one,overvotes,,1
Clackamas,159,United States President and Vice President - Vote for one,writein,,36
Clackamas,159,United States President and Vice President - Vote for one,ballots_cast,,2676
Clackamas,159,United States President and Vice President - Vote for one,registered,,3123
Clackamas,160,United States President and Vice President - Vote for one,candidate,Robert F Kennedy Jr / Nicole Shanahan,21
Clackamas,160,United States President and Vice President - Vote for one,candidate,Cornel West,1
Clackamas,160,United States President and Vice President - Vote for one,candidate,Chase Oliver / Mike ter Maat,4
Clackamas,160,United States President and Vice President - Vote for one,candidate,Randall Terry,1
Clackamas,160,United States President and Vice President - Vote for one,candidate,Donald J Trump / JD Vance,419
Clackamas,160,United States President and Vice President - Vote for one,candidate,Jill Stein / Rudolph Ware,11
Clackamas,160,United States President and Vice President - Vote for one,candidate,Kamala D Harris / Tim Walz,1201
Clackamas,160,United States President and Vice President - Vote for one,undervotes,,19
Clackamas,160,United States President and Vice President - Vote for one,overvotes,,0
Clackamas,160,United States President and Vice President - Vote for one,writein,,13
Clackamas,160,United States President and Vice President - Vote for one,ballots_cast,,1690
Clackamas,160,United States President and Vice President - Vote for one,registered,,1968
Clackamas,161,United States President and Vice President - Vote for one,candidate,Robert F Kennedy Jr / Nicole Shanahan,3
Clackamas,161,United States President and Vice President - Vote for one,candidate,Cornel West,1
Clackamas,161,United States President and Vice President - Vote for one,candidate,Chase Oliver / Mike ter Maat,3
Clackamas,161,United States President and Vice President - Vote for one,candidate,Randall Terry,0
Clackamas,161,United States President and Vice President - Vote for one,candidate,Donald J Trump / JD Vance,125
Clackamas,161,United States President and Vice President - Vote for one,candidate,Jill Stein / Rudolph Ware,2
Clackamas,161,United States President and Vice President - Vote for one,candidate,Kamala D Harris / Tim Walz,389
Clackamas,161,United States President and Vice President - Vote for one,undervotes,,5
Clackamas,161,United States President and Vice President - Vote for one,overvotes,,1
Clackamas,161,United States President and Vice President - Vote for one,writein,,8
Clackamas,161,United States President and Vice President - Vote for one,ballots_cast,,537
Clackamas,161,United States President and Vice President - Vote for one,registered,,646
Clackamas,162,United States President and Vice President - Vote for one,candidate,Robert F Kennedy Jr / Nicole Shanahan,12
Clackamas,162,United States President and Vice President - Vote for one,candidate,Cornel West,2
Clackamas,162,United States President and Vice President - Vote for one,candidate,Chase Oliver / Mike ter Maat,3
Clackamas,162,United States President and Vice President - Vote for one,candidate,Randall Terry,0
Clackamas,162,United States President and Vice President - Vote for one,candidate,Donald J Trump / JD Vance,194
Clackamas,162,United States President and Vice President - Vote for one,candidate,Jill Stein / Rudolph Ware,1
Clackamas,162,United States President and Vice President - Vote for one,candidate,Kamala D Harris / Tim Walz,412
Clackamas,162,United States President and Vice President - Vote for one,undervotes,,8
Clackamas,162,United States President and Vice President - Vote for one,overvotes,,0
Clackamas,162,United States President and Vice President - Vote for one,writein,,12
Clackamas,162,United States President and Vice President - Vote for one,ballots_cast,,644
Clackamas,162,United States President and Vice President - Vote for one,registered,,800
Clackamas,201,United States President and Vice President - Vote for one,candidate,Robert F Kennedy Jr / Nicole Shanahan,72
Clackamas,201,United States President and Vice President - Vote for one,candidate,Cornel West,6
Clackamas,201,United States President and Vice President - Vote for one,candidate,Chase Oliver / Mike ter Maat,21
Clackamas,201,United States President and Vice President - Vote for one,candidate,Randall Terry,1
Clackamas,201,United States President and Vice President - Vote for one,candidate,Donald J Trump / JD Vance,1396
Clackamas,201,United States President and Vice President - Vote for one,candidate,Jill Stein / Rudolph Ware,44
Clackamas,201,United States President and Vice President - Vote for one,candidate,Kamala D Harris / Tim Walz,2491
Clackamas,201,United States President and Vice President - Vote for one,undervotes,,43
Clackamas,201,United States President and Vice President - Vote for one,overvotes,,0
Clackamas,201,United States President and Vice President - Vote for one,writein,,34
Clackamas,201,United States President and Vice President - Vote for one,ballots_cast,,4108
Clackamas,201,United States President and Vice President - Vote for one,registered,,5102
Clackamas,202,United States President and Vice President - Vote for one,candidate,Robert F Kennedy Jr / Nicole Shanahan,74
Clackamas,202,United States President and Vice President - Vote for one,candidate,Cornel West,6
Clackamas,202,United States President and Vice President - Vote for one,candidate,Chase Oliver / Mike ter Maat,28
Clackamas,202,United States President and Vice President - Vote for one,candidate,Randall Terry,4
Clackamas,202,United States President and Vice President - Vote for one,candidate,Donald J Trump / JD Vance,1672
Clackamas,202,United States President and Vice President - Vote for one,candidate,Jill Stein / Rudolph Ware,35
Clackamas,202,United States President and Vice President - Vote for one,candidate,Kamala D Harris / Tim Walz,2851
Clackamas,202,United States President and Vice President - Vote for one,undervotes,,48
Clackamas,202,United States President and Vice President - Vote for one,overvotes,,1
Clackamas,202,United States President and Vice President - Vote for one,writein,,32
Clackamas,202,United States President and Vice President - Vote for one,ballots_cast,,4751
Clackamas,202,United States President and Vice President - Vote for one,registered,,6343
Clackamas,203,United States President and Vice President - Vote for one,candidate,Robert F Kennedy Jr / Nicole Shanahan,23
Clackamas,203,United States President and Vice President - Vote for one,candidate,Cornel West,2
Clackamas,203,United States President and Vice President - Vote for one,candidate,Chase Oliver / Mike ter Maat,2
Clackamas,203,United States President and Vice President - Vote for one,candidate,Randall Terry,0
Clackamas,203,United States President and Vice President - Vote for one,candidate,Donald J Trump / JD Vance,883
Clackamas,203,United States President and Vice President - Vote for one,candidate,Jill Stein / Rudolph Ware,10
Clackamas,203,United States President and Vice President - Vote for one,candidate,Kamala D Harris / Tim Walz,1233
Clackamas,203,United States President and Vice President - Vote for one,undervotes,,32
Clackamas,203,United States President and Vice President - Vote for one,overvotes,,0
Clackamas,203,United States President and Vice President - Vote for one,writein,,20
Clackamas,203,United States President and Vice President - Vote for one,ballots_cast,,2205
Clackamas,203,United States President and Vice President - Vote for one,registered,,2460
Clackamas,204,United States President and Vice President - Vote for one,candidate,Robert F Kennedy Jr / Nicole Shanahan,53
Clackamas,204,United States President and Vice President - Vote for one,candidate,Cornel West,3
Clackamas,204,United States President and Vice President - Vote for one,candidate,Chase Oliver / Mike ter Maat,9
Clackamas,204,United States President and Vice President - Vote for one,candidate,Randall Terry,1
Clackamas,204,United States President and Vice President - Vote for one,candidate,Donald J Trump / JD Vance,975
Clackamas,204,United States President and Vice President - Vote for one,candidate,Jill Stein / Rudolph Ware,13
Clackamas,204,United States President and Vice President - Vote for one,candidate,Kamala D Harris / Tim Walz,1401
Clackamas,204,United States President and Vice President - Vote for one,undervotes,,34
Clackamas,204,United States President and Vice President - Vote for one,overvotes,,1
Clackamas,204,United States President and Vice President - Vote for one,writein,,24
Clackamas,204,United States President and Vice President - Vote for one,ballots_cast,,2514
Clackamas,204,United States President and Vice President - Vote for one,registered,,3270
Clackamas,251,United States President and Vice President - Vote for one,candidate,Robert F Kennedy Jr / Nicole Shanahan,40
Clackamas,251,United States President and Vice President - Vote for one,candidate,Cornel West,2
Clackamas,251,United States President and Vice President - Vote for one,candidate,Chase Oliver / Mike ter Maat,15
Clackamas,251,United States President and Vice President - Vote for one,candidate,Randall Terry,4
Clackamas,251,United States President and Vice President - Vote for one,candidate,Donald J Trump / JD Vance,641
Clackamas,251,United States President and Vice President - Vote for one,candidate,Jill Stein / Rudolph Ware,12
Clackamas,251,United States President and Vice President - Vote for one,candidate,Kamala D Harris / Tim Walz,1235
Clackamas,251,United States President and Vice President - Vote for one,undervotes,,25
Clackamas,251,United States President and Vice President - Vote for one,overvotes,,0
Clackamas,251,United States President and Vice President - Vote for one,writein,,18
Clackamas,251,United States President and Vice President - Vote for one,ballots_cast,,1992
Clackamas,251,United States President and Vice President - Vote for one,registered,,2302
Clackamas,279,United States President and Vice President - Vote for one,candidate,Robert F Kennedy Jr / Nicole Shanahan,1
Clackamas,279,United States President and Vice President - Vote for one,candidate,Cornel West,0
Clackamas,279,United States President and Vice President - Vote for one,candidate,Chase Oliver / Mike ter Maat,0
Clackamas,279,United States President and Vice President - Vote for one,candidate,Randall Terry,0
Clackamas,279,United States President and Vice President - Vote for one,candidate,Donald J Trump / JD Vance,32
Clackamas,279,United States President and Vice President - Vote for one,candidate,Jill Stein / Rudolph Ware,0
Clackamas,279,United States President and Vice President - Vote for one,candidate,Kamala D Harris / Tim Walz,69
Clackamas,279,United States President and Vice President - Vote for one,undervotes,,2
Clackamas,279,United States President and Vice President - Vote for one,overvotes,,0
Clackamas,279,United States President and Vice President - Vote for one,writein,,1
Clackamas,279,United States President and Vice President - Vote for one,ballots_cast,,105
Clackamas,279,United States President and Vice President - Vote for one,registered,,131
Clackamas,280,United States President and Vice President - Vote for one,candidate,Robert F Kennedy Jr / Nicole Shanahan,5
Clackamas,280,United States President and Vice President - Vote for one,candidate,Cornel West,3
Clackamas,280,United States President and Vice President - Vote for one,candidate,Chase Oliver / Mike ter Maat,0
Clackamas,280,United States President and Vice President - Vote for one,candidate,Randall Terry,0
Clackamas,280,United States President and Vice President - Vote for one,candidate,Donald J Trump / JD Vance,91
Clackamas,280,United States President and Vice President - Vote for one,candidate,Jill Stein / Rudolph Ware,4
Clackamas,280,United States President and Vice President - Vote for one,candidate,Kamala D Harris / Tim Walz,289
Clackamas,280,United States President and Vice President - Vote for one,undervotes,,5
Clackamas,280,United States President and Vice President - Vote for one,overvotes,,0
Clackamas,280,United States President and Vice President - Vote for one,writein,,1
Clackamas,280,United States President and Vice President - Vote for one,ballots_cast,,398
Clackamas,280,United States President and Vice President - Vote for one,registered,,509
Clackamas,281,United States President and Vice President - Vote for one,candidate,Robert F Kennedy Jr / Nicole Shanahan,18
Clackamas,281,United States President and Vice President - Vote for one,candidate,Cornel West,2
Clackamas,281,United States President and Vice President - Vote for one,candidate,Chase Oliver / Mike ter Maat,4
Clackamas,281,United States President and Vice President - Vote for one,candidate,Randall Terry,0
Clackamas,281,United States President and Vice President - Vote for one,candidate,Donald J Trump / JD Vance,290
Clackamas,281,United States President and Vice President - Vote for one,candidate,Jill Stein / Rudolph Ware,6
Clackamas,281,United States President and Vice President - Vote for one,candidate,Kamala D Harris / Tim Walz,790
Clackamas,281,United States President and Vice President - Vote for one,undervotes,,10
Clackamas,281,United States President and Vice President - Vote for one,overvotes,,0
Clackamas,281,United States President and Vice President - Vote for one,writein,,13
Clackamas,281,United States President and Vice President - Vote for one,ballots_cast,,1133
Clackamas,281,United States President and Vice President - Vote for one,registered,,1341
Clackamas,282,United States President and Vice President - Vote for one,candidate,Robert F Kennedy Jr / Nicole Shanahan,8
Clackamas,282,United States President and Vice President - Vote for one,candidate,Cornel West,2
Clackamas,282,United States President and Vice President - Vote for one,candidate,Chase Oliver / Mike ter Maat,2
Clackamas,282,United States President and Vice President - Vote for one,candidate,Randall Terry,0
Clackamas,282,United States President and Vice President - Vote for one,candidate,Donald J Trump / JD Vance,104
Clackamas,282,United States President and Vice President - Vote for one,candidate,Jill Stein / Rudolph Ware,5
Clackamas,282,United States President and Vice President - Vote for one,candidate,Kamala D Harris / Tim Walz,278
Clackamas,282,United States President and Vice President - Vote for one,undervotes,,3
Clackamas,282,United States President and Vice President - Vote for one,overvotes,,0
Clackamas,282,United States President and Vice President - Vote for one,writein,,2
Clackamas,282,United States President and Vice President - Vote for one,ballots_cast,,404
Clackamas,282,United States President and Vice President - Vote for one,registered,,495
Clackamas,283,United States President and Vice President - Vote for one,candidate,Robert F Kennedy Jr / Nicole Shanahan,9
Clackamas,283,United States President and Vice President - Vote for one,candidate,Cornel West,0
Clackamas,283,United States President and Vice President - Vote for one,candidate,Chase Oliver / Mike ter Maat,3
Clackamas,283,United States President and Vice President - Vote for one,candidate,Randall Terry,0
Clackamas,283,United States President and Vice President - Vote for one,candidate,Donald J Trump / JD Vance,123
Clackamas,283,United States President and Vice President - Vote for one,candidate,Jill Stein / Rudolph Ware,4
Clackamas,283,United States President and Vice President - Vote for one,candidate,Kamala D Harris / Tim Walz,270
Clackamas,283,United States President and Vice President - Vote for one,undervotes,,12
Clackamas,283,United States President and Vice President - Vote for one,overvotes,,0
Clackamas,283,United States President and Vice President - Vote for one,writein,,2
Clackamas,283,United States President and Vice President - Vote for one,ballots_cast,,423
Clackamas,283,United States President and Vice President - Vote for one,registered,,473
Clackamas,284,United States President and Vice President - Vote for one,candidate,Robert F Kennedy Jr / Nicole Shanahan,2
Clackamas,284,United States President and Vice President - Vote for one,candidate,Cornel West,0
Clackamas,284,United States President and Vice President - Vote for one,candidate,Chase Oliver / Mike ter Maat,2
Clackamas,284,United States President and Vice President - Vote for one,candidate,Randall Terry,0
Clackamas,284,United States President and Vice President - Vote for one,candidate,Donald J Trump / JD Vance,63
Clackamas,284,United States President and Vice President - Vote for one,candidate,Jill Stein / Rudolph Ware,0
Clackamas,284,United States President and Vice President - Vote for one,candidate,Kamala D Harris / Tim Walz,212
Clackamas,284,United States President and Vice President - Vote for one,undervotes,,1
Clackamas,284,United States President and Vice President - Vote for one,overvotes,,0
Clackamas,284,United States President and Vice President - Vote for one,writein,,6
Clackamas,284,United States President and Vice President - Vote for one,ballots_cast,,286
Clackamas,284,United States President and Vice President - Vote for one,registered,,344
Clackamas,285,United States President and Vice President - Vote for one,candidate,Robert F Kennedy Jr / Nicole Shanahan,0
Clackamas,285,United States President and Vice President - Vote for one,candidate,Cornel West,0
Clackamas,285,United States President and Vice President - Vote for one,candidate,Chase Oliver / Mike ter Maat,1
Clackamas,285,United States President and Vice President - Vote for one,candidate,Randall Terry,0
Clackamas,285,United States President and Vice President - Vote for one,candidate,Donald J Trump / JD Vance,7
Clackamas,285,United States President and Vice President - Vote for one,candidate,Jill Stein / Rudolph Ware,0
Clackamas,285,United States President and Vice President - Vote for one,candidate,Kamala D Harris / Tim Walz,8
Clackamas,285,United States President and Vice President - Vote for one,undervotes,,0
Clackamas,285,United States President and Vice President - Vote for one,overvotes,,0
Clackamas,285,United States President and Vice President - Vote for one,writein,,0
Clackamas,285,United States President and Vice President - Vote for one,ballots_cast,,16
Clackamas,285,United States President and Vice President - Vote for one,registered,,18
Clackamas,286,United States President and Vice President - Vote for one,candidate,Robert F Kennedy Jr / Nicole Shanahan,5
Clackamas,286,United States President and Vice President - Vote for one,candidate,Cornel West,0
Clackamas,286,United States President and Vice President - Vote for one,candidate,Chase Oliver / Mike ter Maat,0
Clackamas,286,United States President and Vice President - Vote for one,candidate,Randall Terry,0
Clackamas,286,United States President and Vice President - Vote for one,candidate,Donald J Trump / JD Vance,45
Clackamas,286,United States President and Vice President - Vote for one,candidate,Jill Stein / Rudolph Ware,1
Clackamas,286,United States President and Vice President - Vote for one,candidate,Kamala D Harris / Tim Walz,120
Clackamas,286,United States President and Vice President - Vote for one,undervotes,,3
Clackamas,286,United States President and Vice President - Vote for one,overvotes,,0
Clackamas,286,United States President and Vice President - Vote for one,writein,,1
Clackamas,286,United States President and Vice President - Vote for one,ballots_cast,,175
Clackamas,286,United States President and Vice President - Vote for one,registered,,230
Clackamas,320,United States President and Vice President - Vote for one,candidate,Robert F Kennedy Jr / Nicole Shanahan,4
Clackamas,320,United States President and Vice President - Vote for one,candidate,Cornel West,0
Clackamas,320,United States President and Vice President - Vote for one,candidate,Chase Oliver / Mike ter Maat,0
Clackamas,320,United States President and Vice President - Vote for one,candidate,Randall Terry,0
Clackamas,320,United States President and Vice President - Vote for one,candidate,Donald J Trump / JD Vance,24
Clackamas,320,United States President and Vice President - Vote for one,candidate,Jill Stein / Rudolph Ware,0
Clackamas,320,United States President and Vice President - Vote for one,candidate,Kamala D Harris / Tim Walz,65
Clackamas,320,United States President and Vice President - Vote for one,undervotes,,1
Clackamas,320,United States President and Vice President - Vote for one,overvotes,,0
Clackamas,320,United States President and Vice President - Vote for one,writein,,2
Clackamas,320,United States President and Vice President - Vote for one,ballots_cast,,96
Clackamas,320,United States President and Vice President - Vote for one,registered,,124
Clackamas,321,United States President and Vice President - Vote for one,candidate,Robert F Kennedy Jr / Nicole Shanahan,48
Clackamas,321,United States President and Vice President - Vote for one,candidate,Cornel West,0
Clackamas,321,United States President and Vice President - Vote for one,candidate,Chase Oliver / Mike ter Maat,23
Clackamas,321,United States President and Vice President - Vote for one,candidate,Randall Terry,2
Clackamas,321,United States President and Vice President - Vote for one,candidate,Donald J Trump / JD Vance,1198
Clackamas,321,United States President and Vice President - Vote for one,candidate,Jill Stein / Rudolph Ware,8
Clackamas,321,United States President and Vice President - Vote for one,candidate,Kamala D Harris / Tim Walz,1417
Clackamas,321,United States President and Vice President - Vote for one,undervotes,,42
Clackamas,321,United States President and Vice President - Vote for one,overvotes,,0
Clackamas,321,United States President and Vice President - Vote for one,writein,,31
Clackamas,321,United States President and Vice President - Vote for one,ballots_cast,,2769
Clackamas,321,United States President and Vice President - Vote for one,registered,,3320
Clackamas,322,United States President and Vice President - Vote for one,candidate,Robert F Kennedy Jr / Nicole Shanahan,15
Clackamas,322,United States President and Vice President - Vote for one,candidate,Cornel West,0
Clackamas,322,United States President and Vice President - Vote for one,candidate,Chase Oliver / Mike ter Maat,8
Clackamas,322,United States President and Vice President - Vote for one,candidate,Randall Terry,0
Clackamas,322,United States President and Vice President - Vote for one,candidate,Donald J Trump / JD Vance,611
Clackamas,322,United States President and Vice President - Vote for one,candidate,Jill Stein / Rudolph Ware,7
Clackamas,322,United States President and Vice President - Vote for one,candidate,Kamala D Harris / Tim Walz,510
Clackamas,322,United States President and Vice President - Vote for one,undervotes,,15
Clackamas,322,United States President and Vice President - Vote for one,overvotes,,0
Clackamas,322,United States President and Vice President - Vote for one,writein,,10
Clackamas,322,United States President and Vice President - Vote for one,ballots_cast,,1176
Clackamas,322,United States President and Vice President - Vote for one,registered,,1411
Clackamas,323,United States President and Vice President - Vote for one,candidate,Robert F Kennedy Jr / Nicole Shanahan,22
Clackamas,323,United States President and Vice President - Vote for one,candidate,Cornel West,0
Clackamas,323,United States President and Vice President - Vote for one,candidate,Chase Oliver / Mike ter Maat,9
Clackamas,323,United States President and Vice President - Vote for one,candidate,Randall Terry,3
Clackamas,323,United States President and Vice President - Vote for one,candidate,Donald J Trump / JD Vance,711
Clackamas,323,United States President and Vice President - Vote for one,candidate,Jill Stein / Rudolph Ware,8
Clackamas,323,United States President and Vice President - Vote for one,candidate,Kamala D Harris / Tim Walz,732
Clackamas,323,United States President and Vice President - Vote for one,undervotes,,25
Clackamas,323,United States President and Vice President - Vote for one,overvotes,,0
Clackamas,323,United States President and Vice President - Vote for one,writein,,11
Clackamas,323,United States President and Vice President - Vote for one,ballots_cast,,1521
Clackamas,323,United States President and Vice President - Vote for one,registered,,1847
Clackamas,324,United States President and Vice President - Vote for one,candidate,Robert F Kennedy Jr / Nicole Shanahan,1
Clackamas,324,United States President and Vice President - Vote for one,candidate,Cornel West,0
Clackamas,324,United States President and Vice President - Vote for one,candidate,Chase Oliver / Mike ter Maat,0
Clackamas,324,United States President and Vice President - Vote for one,candidate,Randall Terry,0
Clackamas,324,United States President and Vice President - Vote for one,candidate,Donald J Trump / JD Vance,23
Clackamas,324,United States President and Vice President - Vote for one,candidate,Jill Stein / Rudolph Ware,0
Clackamas,324,United States President and Vice President - Vote for one,candidate,Kamala D Harris / Tim Walz,27
Clackamas,324,United States President and Vice President - Vote for one,undervotes,,2
Clackamas,324,United States President and Vice President - Vote for one,overvotes,,0
Clackamas,324,United States President and Vice President - Vote for one,writein,,0
Clackamas,324,United States President and Vice President - Vote for one,ballots_cast,,53
Clackamas,324,United States President and Vice President - Vote for one,registered,,60
Clackamas,330,United States President and Vice President - Vote for one,candidate,Robert F Kennedy Jr / Nicole Shanahan,67
Clackamas,330,United States President and Vice President - Vote for one,candidate,Cornel West,2
Clackamas,330,United States President and Vice President - Vote for one,candidate,Chase Oliver / Mike ter Maat,11
Clackamas,330,United States President and Vice President - Vote for one,candidate,Randall Terry,6
Clackamas,330,United States President and Vice President - Vote for one,candidate,Donald J Trump / JD Vance,2702
Clackamas,330,United States President and Vice President - Vote for one,candidate,Jill Stein / Rudolph Ware,14
Clackamas,330,United States President and Vice President - Vote for one,candidate,Kamala D Harris / Tim Walz,1020
Clackamas,330,United States President and Vice President - Vote for one,undervotes,,40
Clackamas,330,United States President and Vice President - Vote for one,overvotes,,0
Clackamas,330,United States President and Vice President - Vote for one,writein,,23
Clackamas,330,United States President and Vice President - Vote for one,ballots_cast,,3885
Clackamas,330,United States President and Vice President - Vote for one,registered,,5052
Clackamas,331,United States President and Vice President - Vote for one,candidate,Robert F Kennedy Jr / Nicole Shanahan,28
Clackamas,331,United States President and Vice President - Vote for one,candidate,Cornel West,1
Clackamas,331,United States President and Vice President - Vote for one,candidate,Chase Oliver / Mike ter Maat,12
Clackamas,331,United States President and Vice President - Vote for one,candidate,Randall Terry,2
Clackamas,331,United States President and Vice President - Vote for one,candidate,Donald J Trump / JD Vance,1167
Clackamas,331,United States President and Vice President - Vote for one,candidate,Jill Stein / Rudolph Ware,6
Clackamas,331,United States President and Vice President - Vote for one,candidate,Kamala D Harris / Tim Walz,552
Clackamas,331,United States President and Vice President - Vote for one,undervotes,,21
Clackamas,331,United States President and Vice President - Vote for one,overvotes,,1
Clackamas,331,United States President and Vice President - Vote for one,writein,,15
Clackamas,331,United States President and Vice President - Vote for one,ballots_cast,,1805
Clackamas,331,United States President and Vice President - Vote for one,registered,,2217
Clackamas,332,United States President and Vice President - Vote for one,candidate,Robert F Kennedy Jr / Nicole Shanahan,8
Clackamas,332,United States President and Vice President - Vote for one,candidate,Cornel West,0
Clackamas,332,United States President and Vice President - Vote for one,candidate,Chase Oliver / Mike ter Maat,2
Clackamas,332,United States President and Vice President - Vote for one,candidate,Randall Terry,0
Clackamas,332,United States President and Vice President - Vote for one,candidate,Donald J Trump / JD Vance,313
Clackamas,332,United States President and Vice President - Vote for one,candidate,Jill Stein / Rudolph Ware,2
Clackamas,332,United States President and Vice President - Vote for one,candidate,Kamala D Harris / Tim Walz,251
Clackamas,332,United States President and Vice President - Vote for one,undervotes,,4
Clackamas,332,United States President and Vice President - Vote for one,overvotes,,0
Clackamas,332,United States President and Vice President - Vote for one,writein,,7
Clackamas,332,United States President and Vice President - Vote for one,ballots_cast,,587
Clackamas,332,United States President and Vice President - Vote for one,registered,,695
Clackamas,350,United States President and Vice President - Vote for one,candidate,Robert F Kennedy Jr / Nicole Shanahan,57
Clackamas,350,United States President and Vice President - Vote for one,candidate,Cornel West,1
Clackamas,350,United States President and Vice President - Vote for one,candidate,Chase Oliver / Mike ter Maat,15
Clackamas,350,United States President and Vice President - Vote for one,candidate,Randall Terry,7
Clackamas,350,United States President and Vice President - Vote for one,candidate,Donald J Trump / JD Vance,2266
Clackamas,350,United States President and Vice President - Vote for one,candidate,Jill Stein / Rudolph Ware,12
Clackamas,350,United States President and Vice President - Vote for one,candidate,Kamala D Harris / Tim Walz,799
Clackamas,350,United States President and Vice President - Vote for one,undervotes,,23
Clackamas,350,United States President and Vice President - Vote for one,overvotes,,0
Clackamas,350,United States President and Vice President - Vote for one,writein,,13
Clackamas,350,United States President and Vice President - Vote for one,ballots_cast,,3193
Clackamas,350,United States President and Vice President - Vote for one,registered,,4157
Clackamas,355,United States President and Vice President - Vote for one,candidate,Robert F Kennedy Jr / Nicole Shanahan,0
Clackamas,355,United States President and Vice President - Vote for one,candidate,Cornel West,0
Clackamas,355,United States President and Vice President - Vote for one,candidate,Chase Oliver / Mike ter Maat,0
Clackamas,355,United States President and Vice President - Vote for one,candidate,Randall Terry,0
Clackamas,355,United States President and Vice President - Vote for one,candidate,Donald J Trump / JD Vance,0
Clackamas,355,United States President and Vice President - Vote for one,candidate,Jill Stein / Rudolph Ware,0
Clackamas,355,United States President and Vice President - Vote for one,candidate,Kamala D Harris / Tim Walz,0
Clackamas,355,United States President and Vice President - Vote for one,undervotes,,0
Clackamas,355,United States President and Vice President - Vote for one,overvotes,,0
Clackamas,355,United States President and Vice President - Vote for one,writein,,0
Clackamas,355,United States President and Vice President - Vote for one,ballots_cast,,0
Clackamas,355,United States President and Vice President - Vote for one,registered,,0
Clackamas,357,United States President and Vice President - Vote for one,candidate,Robert F Kennedy Jr / Nicole Shanahan,1
Clackamas,357,United States President and Vice President - Vote for one,candidate,Cornel West,0
Clackamas,357,United States President and Vice President - Vote for one,candidate,Chase Oliver / Mike ter Maat,0
Clackamas,357,United States President and Vice President - Vote for one,candidate,Randall Terry,0
Clackamas,357,United States President and Vice President - Vote for one,candidate,Donald J Trump / JD Vance,87
Clackamas,357,United States President and Vice President - Vote for one,candidate,Jill Stein / Rudolph Ware,0
Clackamas,357,United States President and Vice President - Vote for one,candidate,Kamala D Harris / Tim Walz,55
Clackamas,357,United States President and Vice President - Vote for one,undervotes,,1
Clackamas,357,United States President and Vice President - Vote for one,overvotes,,0
Clackamas,357,United States President and Vice President - Vote for one,writein,,3
Clackamas,357,United States President and Vice President - Vote for one,ballots_cast,,147
Clackamas,357,United States President and Vice President - Vote for one,registered,,201
Clackamas,358,United States President and Vice President - Vote for one,candidate,Robert F Kennedy Jr / Nicole Shanahan,3
Clackamas,358,United States President and Vice President - Vote for one,candidate,Cornel West,0
Clackamas,358,United States President and Vice President - Vote for one,candidate,Chase Oliver / Mike ter Maat,2
Clackamas,358,United States President and Vice President - Vote for one,candidate,Randall Terry,0
Clackamas,358,United States President and Vice President - Vote for one,candidate,Donald J Trump / JD Vance,257
Clackamas,358,United States President and Vice President - Vote for one,candidate,Jill Stein / Rudolph Ware,0
Clackamas,358,United States President and Vice President - Vote for one,candidate,Kamala D Harris / Tim Walz,119
Clackamas,358,United States President and Vice President - Vote for one,undervotes,,0
Clackamas,358,United States President and Vice President - Vote for one,overvotes,,0
Clackamas,358,United States President and Vice President - Vote for one,writein,,4
Clackamas,358,United States President and Vice President - Vote for one,ballots_cast,,385
Clackamas,358,United States President and Vice President - Vote for one,registered,,487
Clackamas,359,United States President and Vice President - Vote for one,candidate,Robert F Kennedy Jr / Nicole Shanahan,45
Clackamas,359,United States President and Vice President - Vote for one,candidate,Cornel West,0
Clackamas,359,United States President and Vice President - Vote for one,candidate,Chase Oliver / Mike ter Maat,6
Clackamas,359,United States President and Vice President - Vote for one,candidate,Randall Terry,0
Clackamas,359,United States President and Vice President - Vote for one,candidate,Donald J Trump / JD Vance,1902
Clackamas,359,United States President and Vice President - Vote for one,candidate,Jill Stein / Rudolph Ware,16
Clackamas,359,United States President and Vice President - Vote for one,candidate,Kamala D Harris / Tim Walz,1030
Clackamas,359,United States President and Vice President - Vote for one,undervotes,,23
Clackamas,359,United States President and Vice President - Vote for one,overvotes,,0
Clackamas,359,United States President and Vice President - Vote for one,writein,,14
Clackamas,359,United States President and Vice President - Vote for one,ballots_cast,,3036
Clackamas,359,United States President and Vice President - Vote for one,registered,,4037
Clackamas,360,United States President and Vice President - Vote for one,candidate,Robert F Kennedy Jr / Nicole Shanahan,20
Clackamas,360,United States President and Vice President - Vote for one,candidate,Cornel West,0
Clackamas,360,United States President and Vice President - Vote for one,candidate,Chase Oliver / Mike ter Maat,5
Clackamas,360,United States President and Vice President - Vote for one,candidate,Randall Terry,0
Clackamas,360,United States President and Vice President - Vote for one,candidate,Donald J Trump / JD Vance,741
Clackamas,360,United States President and Vice President - Vote for one,candidate,Jill Stein / Rudolph Ware,0
Clackamas,360,United States President and Vice President - Vote for one,candidate,Kamala D Harris / Tim Walz,406
Clackamas,360,United States President and Vice President - Vote for one,undervotes,,9
Clackamas,360,United States President and Vice President - Vote for one,overvotes,,1
Clackamas,360,United States President and Vice President - Vote for one,writein,,5
Clackamas,360,United States President and Vice President - Vote for one,ballots_cast,,1187
Clackamas,360,United States President and Vice President - Vote for one,registered,,1494
Clackamas,361,United States President and Vice President - Vote for one,candidate,Robert F Kennedy Jr / Nicole Shanahan,1
Clackamas,361,United States President and Vice President - Vote for one,candidate,Cornel West,0
Clackamas,361,United States President and Vice President - Vote for one,candidate,Chase Oliver / Mike ter Maat,0
Clackamas,361,United States President and Vice President - Vote for one,candidate,Randall Terry,0
Clackamas,361,United States President and Vice President - Vote for one,candidate,Donald J Trump / JD Vance,9
Clackamas,361,United States President and Vice President - Vote for one,candidate,Jill Stein / Rudolph Ware,0
Clackamas,361,United States President and Vice President - Vote for one,candidate,Kamala D Harris / Tim Walz,2
Clackamas,361,United States President and Vice President - Vote for one,undervotes,,0
Clackamas,361,United States President and Vice President - Vote for one,overvotes,,0
Clackamas,361,United States President and Vice President - Vote for one,writein,,0
Clackamas,361,United States President and Vice President - Vote for one,ballots_cast,,12
Clackamas,361,United States President and Vice President - Vote for one,registered,,27
Clackamas,362,United States President and Vice President - Vote for one,candidate,Robert F Kennedy Jr / Nicole Shanahan,19
Clackamas,362,United States President and Vice President - Vote for one,candidate,Cornel West,2
Clackamas,362,United States President and Vice President - Vote for one,candidate,Chase Oliver / Mike ter Maat,1
Clackamas,362,United States President and Vice President - Vote for one,candidate,Randall Terry,1
Clackamas,362,United States President and Vice President - Vote for one,candidate,Donald J Trump / JD Vance,540
Clackamas,362,United States President and Vice President - Vote for one,candidate,Jill Stein / Rudolph Ware,0
Clackamas,362,United States President and Vice President - Vote for one,candidate,Kamala D Harris / Tim Walz,226
Clackamas,362,United States President and Vice President - Vote for one,undervotes,,6
Clackamas,362,United States President and Vice President - Vote for one,overvotes,,0
Clackamas,362,United States President and Vice President - Vote for one,writein,,3
Clackamas,362,United States President and Vice President - Vote for one,ballots_cast,,798
Clackamas,362,United States President and Vice President - Vote for one,registered,,1062
Clackamas,363,United States President and Vice President - Vote for one,candidate,Robert F Kennedy Jr / Nicole Shanahan,26
Clackamas,363,United States President and Vice President - Vote for one,candidate,Cornel West,0
Clackamas,363,United States President and Vice President - Vote for one,candidate,Chase Oliver / Mike ter Maat,5
Clackamas,363,United States President and Vice President - Vote for one,candidate,Randall Terry,0
Clackamas,363,United States President and Vice President - Vote for one,candidate,Donald J Trump / JD Vance,1408
Clackamas,363,United States President and Vice President - Vote for one,candidate,Jill Stein / Rudolph Ware,6
Clackamas,363,United States President and Vice President - Vote for one,candidate,Kamala D Harris / Tim Walz,732
Clackamas,363,United States President and Vice President - Vote for one,undervotes,,26
Clackamas,363,United States President and Vice President - Vote for one,overvotes,,0
Clackamas,363,United States President and Vice President - Vote for one,writein,,9
Clackamas,363,United States President and Vice President - Vote for one,ballots_cast,,2212
Clackamas,363,United States President and Vice President - Vote for one,registered,,2822
Clackamas,364,United States President and Vice President - Vote for one,candidate,Robert F Kennedy Jr / Nicole Shanahan,1
Clackamas,364,United States President and Vice President - Vote for one,candidate,Cornel West,2
Clackamas,364,United States President and Vice President - Vote for one,candidate,Chase Oliver / Mike ter Maat,3
Clackamas,364,United States President and Vice President - Vote for one,candidate,Randall Terry,0
Clackamas,364,United States President and Vice President - Vote for one,candidate,Donald J Trump / JD Vance,171
Clackamas,364,United States President and Vice President - Vote for one,candidate,Jill Stein / Rudolph Ware,4
Clackamas,364,United States President and Vice President - Vote for one,candidate,Kamala D Harris / Tim Walz,92
Clackamas,364,United States President and Vice President - Vote for one,undervotes,,3
Clackamas,364,United States President and Vice President - Vote for one,overvotes,,0
Clackamas,364,United States President and Vice President - Vote for one,writein,,3
Clackamas,364,United States President and Vice President - Vote for one,ballots_cast,,279
Clackamas,364,United States President and Vice President - Vote for one,registered,,380
Clackamas,371,United States President and Vice President - Vote for one,candidate,Robert F Kennedy Jr / Nicole Shanahan,9
Clackamas,371,United States President and Vice President - Vote for one,candidate,Cornel West,0
Clackamas,371,United States President and Vice President - Vote for one,candidate,Chase Oliver / Mike ter Maat,0
Clackamas,371,United States President and Vice President - Vote for one,candidate,Randall Terry,0
Clackamas,371,United States President and Vice President - Vote for one,candidate,Donald J Trump / JD Vance,149
Clackamas,371,United States President and Vice President - Vote for one,candidate,Jill Stein / Rudolph Ware,1
Clackamas,371,United States President and Vice President - Vote for one,candidate,Kamala D Harris / Tim Walz,92
Clackamas,371,United States President and Vice President - Vote for one,undervotes,,2
Clackamas,371,United States President and Vice President - Vote for one,overvotes,,0
Clackamas,371,United States President and Vice President - Vote for one,writein,,2
Clackamas,371,United States President and Vice President - Vote for one,ballots_cast,,255
Clackamas,371,United States President and Vice President - Vote for one,registered,,326
Clackamas,372,United States President and Vice President - Vote for one,candidate,Robert F Kennedy Jr / Nicole Shanahan,1
Clackamas,372,United States President and Vice President - Vote for one,candidate,Cornel West,0
Clackamas,372,United States President and Vice President - Vote for one,candidate,Chase Oliver / Mike ter Maat,0
Clackamas,372,United States President and Vice President - Vote for one,candidate,Randall Terry,0
Clackamas,372,United States President and Vice President - Vote for one,candidate,Donald J Trump / JD Vance,32
Clackamas,372,United States President and Vice President - Vote for one,candidate,Jill Stein / Rudolph Ware,0
Clackamas,372,United States President and Vice President - Vote for one,candidate,Kamala D Harris / Tim Walz,12
Clackamas,372,United States President and Vice President - Vote for one,undervotes,,1
Clackamas,372,United States President and Vice President - Vote for one,overvotes,,0
Clackamas,372,United States President and Vice President - Vote for one,writein,,1
Clackamas,372,United States President and Vice President - Vote for one,ballots_cast,,47
Clackamas,372,United States President and Vice President - Vote for one,registered,,57
Clackamas,373,United States President and Vice President - Vote for one,candidate,Robert F Kennedy Jr / Nicole Shanahan,58
Clackamas,373,United States President and Vice President - Vote for one,candidate,Cornel West,7
Clackamas,373,United States President and Vice President - Vote for one,candidate,Chase Oliver / Mike ter Maat,19
Clackamas,373,United States President and Vice President - Vote for one,candidate,Randall Terry,0
Clackamas,373,United States President and Vice President - Vote for one,candidate,Donald J Trump / JD Vance,1785
Clackamas,373,United States President and Vice President - Vote for one,candidate,Jill Stein / Rudolph Ware,34
Clackamas,373,United States President and Vice President - Vote for one,candidate,Kamala D Harris / Tim Walz,1940
Clackamas,373,United States President and Vice President - Vote for one,undervotes,,26
Clackamas,373,United States President and Vice President - Vote for one,overvotes,,1
Clackamas,373,United States President and Vice President - Vote for one,writein,,28
Clackamas,373,United States President and Vice President - Vote for one,ballots_cast,,3898
Clackamas,373,United States President and Vice President - Vote for one,registered,,5215
Clackamas,374,United States President and Vice President - Vote for one,candidate,Robert F Kennedy Jr / Nicole Shanahan,0
Clackamas,374,United States President and Vice President - Vote for one,candidate,Cornel West,0
Clackamas,374,United States President and Vice President - Vote for one,candidate,Chase Oliver / Mike ter Maat,0
Clackamas,374,United States President and Vice President - Vote for one,candidate,Randall Terry,0
Clackamas,374,United States President and Vice President - Vote for one,candidate,Donald J Trump / JD Vance,0
Clackamas,374,United States President and Vice President - Vote for one,candidate,Jill Stein / Rudolph Ware,0
Clackamas,374,United States President and Vice President - Vote for one,candidate,Kamala D Harris / Tim Walz,0
Clackamas,374,United States President and Vice President - Vote for one,undervotes,,0
Clackamas,374,United States President and Vice President - Vote for one,overvotes,,0
Clackamas,374,United States President and Vice President - Vote for one,writein,,0
Clackamas,374,United States President and Vice President - Vote for one,ballots_cast,,0
Clackamas,374,United States President and Vice President - Vote for one,registered,,0
Clackamas,400,United States President and Vice President - Vote for one,candidate,Robert F Kennedy Jr / Nicole Shanahan,71
Clackamas,400,United States President and Vice President - Vote for one,candidate,Cornel West,1
Clackamas,400,United States President and Vice President - Vote for one,candidate,Chase Oliver / Mike ter Maat,19
Clackamas,400,United States President and Vice President - Vote for one,candidate,Randall Terry,2
Clackamas,400,United States President and Vice President - Vote for one,candidate,Donald J Trump / JD Vance,2464
Clackamas,400,United States President and Vice President - Vote for one,candidate,Jill Stein / Rudolph Ware,27
Clackamas,400,United States President and Vice President - Vote for one,candidate,Kamala D Harris / Tim Walz,1628
Clackamas,400,United States President and Vice President - Vote for one,undervotes,,43
Clackamas,400,United States President and Vice President - Vote for one,overvotes,,0
Clackamas,400,United States President and Vice President - Vote for one,writein,,31
Clackamas,400,United States President and Vice President - Vote for one,ballots_cast,,4286
Clackamas,400,United States President and Vice President - Vote for one,registered,,5342
Clackamas,403,United States President and Vice President - Vote for one,candidate,Robert F Kennedy Jr / Nicole Shanahan,22
Clackamas,403,United States President and Vice President - Vote for one,candidate,Cornel West,0
Clackamas,403,United States President and Vice President - Vote for one,candidate,Chase Oliver / Mike ter Maat,8
Clackamas,403,United States President and Vice President - Vote for one,candidate,Randall Terry,1
Clackamas,403,United States President and Vice President - Vote for one,candidate,Donald J Trump / JD Vance,796
Clackamas,403,United States President and Vice President - Vote for one,candidate,Jill Stein / Rudolph Ware,7
Clackamas,403,United States President and Vice President - Vote for one,candidate,Kamala D Harris / Tim Walz,580
Clackamas,403,United States President and Vice President - Vote for one,undervotes,,15
Clackamas,403,United States President and Vice President - Vote for one,overvotes,,0
Clackamas,403,United States President and Vice President - Vote for one,writein,,6
Clackamas,403,United States President and Vice President - Vote for one,ballots_cast,,1435
Clackamas,403,United States President and Vice President - Vote for one,registered,,1919
Clackamas,404,United States President and Vice President - Vote for one,candidate,Robert F Kennedy Jr / Nicole Shanahan,49
Clackamas,404,United States President and Vice President - Vote for one,candidate,Cornel West,1
Clackamas,404,United States President and Vice President - Vote for one,candidate,Chase Oliver / Mike ter Maat,13
Clackamas,404,United States President and Vice President - Vote for one,candidate,Randall Terry,4
Clackamas,404,United States President and Vice President - Vote for one,candidate,Donald J Trump / JD Vance,2483
Clackamas,404,United States President and Vice President - Vote for one,candidate,Jill Stein / Rudolph Ware,24
Clackamas,404,United States President and Vice President - Vote for one,candidate,Kamala D Harris / Tim Walz,1250
Clackamas,404,United States President and Vice President - Vote for one,undervotes,,46
Clackamas,404,United States President and Vice President - Vote for one,overvotes,,3
Clackamas,404,United States President and Vice President - Vote for one,writein,,38
Clackamas,404,United States President and Vice President - Vote for one,ballots_cast,,3911
Clackamas,404,United States President and Vice President - Vote for one,registered,,5069
Clackamas,405,United States President and Vice President - Vote for one,candidate,Robert F Kennedy Jr / Nicole Shanahan,44
Clackamas,405,United States President and Vice President - Vote for one,candidate,Cornel West,1
Clackamas,405,United States President and Vice President - Vote for one,candidate,Chase Oliver / Mike ter Maat,7
Clackamas,405,United States President and Vice President - Vote for one,candidate,Randall Terry,4
Clackamas,405,United States President and Vice President - Vote for one,candidate,Donald J Trump / JD Vance,1367
Clackamas,405,United States President and Vice President - Vote for one,candidate,Jill Stein / Rudolph Ware,13
Clackamas,405,United States President and Vice President - Vote for one,candidate,Kamala D Harris / Tim Walz,833
Clackamas,405,United States President and Vice President - Vote for one,undervotes,,22
Clackamas,405,United States President and Vice President - Vote for one,overvotes,,3
Clackamas,405,United States President and Vice President - Vote for one,writein,,24
Clackamas,405,United States President and Vice President - Vote for one,ballots_cast,,2318
Clackamas,405,United States President and Vice President - Vote for one,registered,,2969
Clackamas,406,United States President and Vice President - Vote for one,candidate,Robert F Kennedy Jr / Nicole Shanahan,18
Clackamas,406,United States President and Vice President - Vote for one,candidate,Cornel West,0
Clackamas,406,United States President and Vice President - Vote for one,candidate,Chase Oliver / Mike ter Maat,4
Clackamas,406,United States President and Vice President - Vote for one,candidate,Randall Terry,0
Clackamas,406,United States President and Vice President - Vote for one,candidate,Donald J Trump / JD Vance,674
Clackamas,406,United States President and Vice President - Vote for one,candidate,Jill Stein / Rudolph Ware,3
Clackamas,406,United States President and Vice President - Vote for one,candidate,Kamala D Harris / Tim Walz,264
Clackamas,406,United States President and Vice President - Vote for one,undervotes,,5
Clackamas,406,United States President and Vice President - Vote for one,overvotes,,0
Clackamas,406,United States President and Vice President - Vote for one,writein,,7
Clackamas,406,United States President and Vice President - Vote for one,ballots_cast,,975
Clackamas,406,United States President and Vice President - Vote for one,registered,,1257
Clackamas,410,United States President and Vice President - Vote for one,candidate,Robert F Kennedy Jr / Nicole Shanahan,64
Clackamas,410,United States President and Vice President - Vote for one,candidate,Cornel West,4
Clackamas,410,United States President and Vice President - Vote for one,candidate,Chase Oliver / Mike ter Maat,16
Clackamas,410,United States President and Vice President - Vote for one,candidate,Randall Terry,4
Clackamas,410,United States President and Vice President - Vote for one,candidate,Donald J Trump / JD Vance,1385
Clackamas,410,United States President and Vice President - Vote for one,candidate,Jill Stein / Rudolph Ware,20
Clackamas,410,United States President and Vice President - Vote for one,candidate,Kamala D Harris / Tim Walz,1930
Clackamas,410,United States President and Vice President - Vote for one,undervotes,,20
Clackamas,410,United States President and Vice President - Vote for one,overvotes,,0
Clackamas,410,United States President and Vice President - Vote for one,writein,,32
Clackamas,410,United States President and Vice President - Vote for one,ballots_cast,,3475
Clackamas,410,United States President and Vice President - Vote for one,registered,,5052
Clackamas,411,United States President and Vice President - Vote for one,candidate,Robert F Kennedy Jr / Nicole Shanahan,75
Clackamas,411,United States President and Vice President - Vote for one,candidate,Cornel West,7
Clackamas,411,United States President and Vice President - Vote for one,candidate,Chase Oliver / Mike ter Maat,11
Clackamas,411,United States President and Vice President - Vote for one,candidate,Randall Terry,3
Clackamas,411,United States President and Vice President - Vote for one,candidate,Donald J Trump / JD Vance,1800
Clackamas,411,United States President and Vice President - Vote for one,candidate,Jill Stein / Rudolph Ware,28
Clackamas,411,United States President and Vice President - Vote for one,candidate,Kamala D Harris / Tim Walz,2294
Clackamas,411,United States President and Vice President - Vote for one,undervotes,,44
Clackamas,411,United States President and Vice President - Vote for one,overvotes,,0
Clackamas,411,United States President and Vice President - Vote for one,writein,,19
Clackamas,411,United States President and Vice President - Vote for one,ballots_cast,,4281
Clackamas,411,United States President and Vice President - Vote for one,registered,,5678
Clackamas,412,United States President and Vice President - Vote for one,candidate,Robert F Kennedy Jr / Nicole Shanahan,30
Clackamas,412,United States President and Vice President - Vote for one,candidate,Cornel West,2
Clackamas,412,United States President and Vice President - Vote for one,candidate,Chase Oliver / Mike ter Maat,6
Clackamas,412,United States President and Vice President - Vote for one,candidate,Randall Terry,1
Clackamas,412,United States President and Vice President - Vote for one,candidate,Donald J Trump / JD Vance,1109
Clackamas,412,United States President and Vice President - Vote for one,candidate,Jill Stein / Rudolph Ware,7
Clackamas,412,United States President and Vice President - Vote for one,candidate,Kamala D Harris / Tim Walz,912
Clackamas,412,United States President and Vice President - Vote for one,undervotes,,15
Clackamas,412,United States President and Vice President - Vote for one,overvotes,,0
Clackamas,412,United States President and Vice President - Vote for one,writein,,19
Clackamas,412,United States President and Vice President - Vote for one,ballots_cast,,2101
Clackamas,412,United States President and Vice President - Vote for one,registered,,2684
Clackamas,413,United States President and Vice President - Vote for one,candidate,Robert F Kennedy Jr / Nicole Shanahan,3
Clackamas,413,United States President and Vice President - Vote for one,candidate,Cornel West,0
Clackamas,413,United States President and Vice President - Vote for one,candidate,Chase Oliver / Mike ter Maat,1
Clackamas,413,United States President and Vice President - Vote for one,candidate,Randall Terry,0
Clackamas,413,United States President and Vice President - Vote for one,candidate,Donald J Trump / JD Vance,91
Clackamas,413,United States President and Vice President - Vote for one,candidate,Jill Stein / Rudolph Ware,1
Clackamas,413,United States President and Vice President - Vote for one,candidate,Kamala D Harris / Tim Walz,115
Clackamas,413,United States President and Vice President - Vote for one,undervotes,,1
Clackamas,413,United States President and Vice President - Vote for one,overvotes,,0
Clackamas,413,United States President and Vice President - Vote for one,writein,,1
Clackamas,413,United States President and Vice President - Vote for one,ballots_cast,,213
Clackamas,413,United States President and Vice President - Vote for one,registered,,347
Clackamas,414,United States President and Vice President - Vote for one,candidate,Robert F Kennedy Jr / Nicole Shanahan,14
Clackamas,414,United States President and Vice President - Vote for one,candidate,Cornel West,1
Clackamas,414,United States President and Vice President - Vote for one,candidate,Chase Oliver / Mike ter Maat,3
Clackamas,414,United States President and Vice President - Vote for one,candidate,Randall Terry,1
Clackamas,414,United States President and Vice President - Vote for one,candidate,Donald J Trump / JD Vance,353
Clackamas,414,United States President and Vice President - Vote for one,candidate,Jill Stein / Rudolph Ware,3
Clackamas,414,United States President and Vice President - Vote for one,candidate,Kamala D Harris / Tim Walz,369
Clackamas,414,United States President and Vice President - Vote for one,undervotes,,7
Clackamas,414,United States President and Vice President - Vote for one,overvotes,,0
Clackamas,414,United States President and Vice President - Vote for one,writein,,7
Clackamas,414,United States President and Vice President - Vote for one,ballots_cast,,758
Clackamas,414,United States President and Vice President - Vote for one,registered,,1032
Clackamas,415,United States President and Vice President - Vote for one,candidate,Robert F Kennedy Jr / Nicole Shanahan,10
Clackamas,415,United States President and Vice President - Vote for one,candidate,Cornel West,2
Clackamas,415,United States President and Vice President - Vote for one,candidate,Chase Oliver / Mike ter Maat,4
Clackamas,415,United States President and Vice President - Vote for one,candidate,Randall Terry,0
Clackamas,415,United States President and Vice President - Vote for one,candidate,Donald J Trump / JD Vance,212
Clackamas,415,United States President and Vice President - Vote for one,candidate,Jill Stein / Rudolph Ware,2
Clackamas,415,United States President and Vice President - Vote for one,candidate,Kamala D Harris / Tim Walz,219
Clackamas,415,United States President and Vice President - Vote for one,undervotes,,6
Clackamas,415,United States President and Vice President - Vote for one,overvotes,,0
Clackamas,415,United States President and Vice President - Vote for one,writein,,4
Clackamas,415,United States President and Vice President - Vote for one,ballots_cast,,459
Clackamas,415,United States President and Vice President - Vote for one,registered,,544
Clackamas,416,United States President and Vice President - Vote for one,candidate,Robert F Kennedy Jr / Nicole Shanahan,35
Clackamas,416,United States President and Vice President - Vote for one,candidate,Cornel West,3
Clackamas,416,United States President and Vice President - Vote for one,candidate,Chase Oliver / Mike ter Maat,9
Clackamas,416,United States President and Vice President - Vote for one,candidate,Randall Terry,4
Clackamas,416,United States President and Vice President - Vote for one,candidate,Donald J Trump / JD Vance,1056
Clackamas,416,United States President and Vice President - Vote for one,candidate,Jill Stein / Rudolph Ware,9
Clackamas,416,United States President and Vice President - Vote for one,candidate,Kamala D Harris / Tim Walz,1439
Clackamas,416,United States President and Vice President - Vote for one,undervotes,,15
Clackamas,416,United States President and Vice President - Vote for one,overvotes,,2
Clackamas,416,United States President and Vice President - Vote for one,writein,,14
Clackamas,416,United States President and Vice President - Vote for one,ballots_cast,,2586
Clackamas,416,United States President and Vice President - Vote for one,registered,,3560
Clackamas,417,United States President and Vice President - Vote for one,candidate,Robert F Kennedy Jr / Nicole Shanahan,28
Clackamas,417,United States President and Vice President - Vote for one,candidate,Cornel West,0
Clackamas,417,United States President and Vice President - Vote for one,candidate,Chase Oliver / Mike ter Maat,4
Clackamas,417,United States President and Vice President - Vote for one,candidate,Randall Terry,1
Clackamas,417,United States President and Vice President - Vote for one,candidate,Donald J Trump / JD Vance,625
Clackamas,417,United States President and Vice President - Vote for one,candidate,Jill Stein / Rudolph Ware,9
Clackamas,417,United States President and Vice President - Vote for one,candidate,Kamala D Harris / Tim Walz,560
Clackamas,417,United States President and Vice President - Vote for one,undervotes,,8
Clackamas,417,United States President and Vice President - Vote for one,overvotes,,2
Clackamas,417,United States President and Vice President - Vote for one,writein,,12
Clackamas,417,United States President and Vice President - Vote for one,ballots_cast,,1249
Clackamas,417,United States President and Vice President - Vote for one,registered,,1727
Clackamas,418,United States President and Vice President - Vote for one,candidate,Robert F Kennedy Jr / Nicole Shanahan,15
Clackamas,418,United States President and Vice President - Vote for one,candidate,Cornel West,1
Clackamas,418,United States President and Vice President - Vote for one,candidate,Chase Oliver / Mike ter Maat,6
Clackamas,418,United States President and Vice President - Vote for one,candidate,Randall Terry,0
Clackamas,418,United States President and Vice President - Vote for one,candidate,Donald J Trump / JD Vance,623
Clackamas,418,United States President and Vice President - Vote for one,candidate,Jill Stein / Rudolph Ware,11
Clackamas,418,United States President and Vice President - Vote for one,candidate,Kamala D Harris / Tim Walz,449
Clackamas,418,United States President and Vice President - Vote for one,undervotes,,12
Clackamas,418,United States President and Vice President - Vote for one,overvotes,,0
Clackamas,418,United States President and Vice President - Vote for one,writein,,11
Clackamas,418,United States President and Vice President - Vote for one,ballots_cast,,1128
Clackamas,418,United States President and Vice President - Vote for one,registered,,1379
Clackamas,419,United States President and Vice President - Vote for one,candidate,Robert F Kennedy Jr / Nicole Shanahan,39
Clackamas,419,United States President and Vice President - Vote for one,candidate,Cornel West,2
Clackamas,419,United States President and Vice President - Vote for one,candidate,Chase Oliver / Mike ter Maat,9
Clackamas,419,United States President and Vice President - Vote for one,candidate,Randall Terry,1
Clackamas,419,United States President and Vice President - Vote for one,candidate,Donald J Trump / JD Vance,827
Clackamas,419,United States President and Vice President - Vote for one,candidate,Jill Stein / Rudolph Ware,7
Clackamas,419,United States President and Vice President - Vote for one,candidate,Kamala D Harris / Tim Walz,1189
Clackamas,419,United States President and Vice President - Vote for one,undervotes,,25
Clackamas,419,United States President and Vice President - Vote for one,overvotes,,0
Clackamas,419,United States President and Vice President - Vote for one,writein,,9
Clackamas,419,United States President and Vice President - Vote for one,ballots_cast,,2108
Clackamas,419,United States President and Vice President - Vote for one,registered,,2876
Clackamas,420,United States President and Vice President - Vote for one,candidate,Robert F Kennedy Jr / Nicole Shanahan,26
Clackamas,420,United States President and Vice President - Vote for one,candidate,Cornel West,3
Clackamas,420,United States President and Vice President - Vote for one,candidate,Chase Oliver / Mike ter Maat,15
Clackamas,420,United States President and Vice President - Vote for one,candidate,Randall Terry,0
Clackamas,420,United States President and Vice President - Vote for one,candidate,Donald J Trump / JD Vance,528
Clackamas,420,United States President and Vice President - Vote for one,candidate,Jill Stein / Rudolph Ware,19
Clackamas,420,United States President and Vice President - Vote for one,candidate,Kamala D Harris / Tim Walz,1088
Clackamas,420,United States President and Vice President - Vote for one,undervotes,,17
Clackamas,420,United States President and Vice President - Vote for one,overvotes,,0
Clackamas,420,United States President and Vice President - Vote for one,writein,,10
Clackamas,420,United States President and Vice President - Vote for one,ballots_cast,,1706
Clackamas,420,United States President and Vice President - Vote for one,registered,,2126
Clackamas,421,United States President and Vice President - Vote for one,candidate,Robert F Kennedy Jr / Nicole Shanahan,44
Clackamas,421,United States President and Vice President - Vote for one,candidate,Cornel West,7
Clackamas,421,United States President and Vice President - Vote for one,candidate,Chase Oliver / Mike ter Maat,8
Clackamas,421,United States President and Vice President - Vote for one,candidate,Randall Terry,2
Clackamas,421,United States President and Vice President - Vote for one,candidate,Donald J Trump / JD Vance,860
Clackamas,421,United States President and Vice President - Vote for one,candidate,Jill Stein / Rudolph Ware,15
Clackamas,421,United States President and Vice President - Vote for one,candidate,Kamala D Harris / Tim Walz,1467
Clackamas,421,United States President and Vice President - Vote for one,undervotes,,19
Clackamas,421,United States President and Vice President - Vote for one,overvotes,,2
Clackamas,421,United States President and Vice President - Vote for one,writein,,20
Clackamas,421,United States President and Vice President - Vote for one,ballots_cast,,2444
Clackamas,421,United States President and Vice President - Vote for one,registered,,4005
Clackamas,422,United States President and Vice President - Vote for one,candidate,Robert F Kennedy Jr / Nicole Shanahan,99
Clackamas,422,United States President and Vice President - Vote for one,candidate,Cornel West,23
Clackamas,422,United States President and Vice President - Vote for one,candidate,Chase Oliver / Mike ter Maat,15
Clackamas,422,United States President and Vice President - Vote for one,candidate,Randall Terry,6
Clackamas,422,United States President and Vice President - Vote for one,candidate,Donald J Trump / JD Vance,1453
Clackamas,422,United States President and Vice President - Vote for one,candidate,Jill Stein / Rudolph Ware,48
Clackamas,422,United States President and Vice President - Vote for one,candidate,Kamala D Harris / Tim Walz,2602
Clackamas,422,United States President and Vice President - Vote for one,undervotes,,25
Clackamas,422,United States President and Vice President - Vote for one,overvotes,,0
Clackamas,422,United States President and Vice President - Vote for one,writein,,37
Clackamas,422,United States President and Vice President - Vote for one,ballots_cast,,4308
Clackamas,422,United States President and Vice President - Vote for one,registered,,6703
Clackamas,500,United States President and Vice President - Vote for one,candidate,Robert F Kennedy Jr / Nicole Shanahan,31
Clackamas,500,United States President and Vice President - Vote for one,candidate,Cornel West,7
Clackamas,500,United States President and Vice President - Vote for one,candidate,Chase Oliver / Mike ter Maat,5
Clackamas,500,United States President and Vice President - Vote for one,candidate,Randall Terry,0
Clackamas,500,United States President and Vice President - Vote for one,candidate,Donald J Trump / JD Vance,381
Clackamas,500,United States President and Vice President - Vote for one,candidate,Jill Stein / Rudolph Ware,10
Clackamas,500,United States President and Vice President - Vote for one,candidate,Kamala D Harris / Tim Walz,815
Clackamas,500,United States President and Vice President - Vote for one,undervotes,,6
Clackamas,500,United States President and Vice President - Vote for one,overvotes,,1
Clackamas,500,United States President and Vice President - Vote for one,writein,,9
Clackamas,500,United States President and Vice President - Vote for one,ballots_cast,,1265
Clackamas,500,United States President and Vice President - Vote for one,registered,,1733
Clackamas,501,United States President and Vice President - Vote for one,candidate,Robert F Kennedy Jr / Nicole Shanahan,63
Clackamas,501,United States President and Vice President - Vote for one,candidate,Cornel West,12
Clackamas,501,United States President and Vice President - Vote for one,candidate,Chase Oliver / Mike ter Maat,13
Clackamas,501,United States President and Vice President - Vote for one,candidate,Randall Terry,3
Clackamas,501,United States President and Vice President - Vote for one,candidate,Donald J Trump / JD Vance,921
Clackamas,501,United States President and Vice President - Vote for one,candidate,Jill Stein / Rudolph Ware,37
Clackamas,501,United States President and Vice President - Vote for one,candidate,Kamala D Harris / Tim Walz,2847
Clackamas,501,United States President and Vice President - Vote for one,undervotes,,28
Clackamas,501,United States President and Vice President - Vote for one,overvotes,,1
Clackamas,501,United States President and Vice President - Vote for one,writein,,24
Clackamas,501,United States President and Vice President - Vote for one,ballots_cast,,3949
Clackamas,501,United States President and Vice President - Vote for one,registered,,4940
Clackamas,502,United States President and Vice President - Vote for one,candidate,Robert F Kennedy Jr / Nicole Shanahan,75
Clackamas,502,United States President and Vice President - Vote for one,candidate,Cornel West,11
Clackamas,502,United States President and Vice President - Vote for one,candidate,Chase Oliver / Mike ter Maat,12
Clackamas,502,United States President and Vice President - Vote for one,candidate,Randall Terry,2
Clackamas,502,United States President and Vice President - Vote for one,candidate,Donald J Trump / JD Vance,1275
Clackamas,502,United States President and Vice President - Vote for one,candidate,Jill Stein / Rudolph Ware,36
Clackamas,502,United States President and Vice President - Vote for one,candidate,Kamala D Harris / Tim Walz,2862
Clackamas,502,United States President and Vice President - Vote for one,undervotes,,28
Clackamas,502,United States President and Vice President - Vote for one,overvotes,,2
Clackamas,502,United States President and Vice President - Vote for one,writein,,33
Clackamas,502,United States President and Vice President - Vote for one,ballots_cast,,4336
Clackamas,502,United States President and Vice President - Vote for one,registered,,5612
Clackamas,503,United States President and Vice President - Vote for one,candidate,Robert F Kennedy Jr / Nicole Shanahan,62
Clackamas,503,United States President and Vice President - Vote for one,candidate,Cornel West,8
Clackamas,503,United States President and Vice President - Vote for one,candidate,Chase Oliver / Mike ter Maat,14
Clackamas,503,United States President and Vice President - Vote for one,candidate,Randall Terry,1
Clackamas,503,United States President and Vice President - Vote for one,candidate,Donald J Trump / JD Vance,1246
Clackamas,503,United States President and Vice President - Vote for one,candidate,Jill Stein / Rudolph Ware,42
Clackamas,503,United States President and Vice President - Vote for one,candidate,Kamala D Harris / Tim Walz,2248
Clackamas,503,United States President and Vice President - Vote for one,undervotes,,35
Clackamas,503,United States President and Vice President - Vote for one,overvotes,,1
Clackamas,503,United States President and Vice President - Vote for one,writein,,21
Clackamas,503,United States President and Vice President - Vote for one,ballots_cast,,3678
Clackamas,503,United States President and Vice President - Vote for one,registered,,4518
Clackamas,504,United States President and Vice President - Vote for one,candidate,Robert F Kennedy Jr / Nicole Shanahan,91
Clackamas,504,United States President and Vice President - Vote for one,candidate,Cornel West,14
Clackamas,504,United States President and Vice President - Vote for one,candidate,Chase Oliver / Mike ter Maat,23
Clackamas,504,United States President and Vice President - Vote for one,candidate,Randall Terry,3
Clackamas,504,United States President and Vice President - Vote for one,candidate,Donald J Trump / JD Vance,1742
Clackamas,504,United States President and Vice President - Vote for one,candidate,Jill Stein / Rudolph Ware,43
Clackamas,504,United States President and Vice President - Vote for one,candidate,Kamala D Harris / Tim Walz,2814
Clackamas,504,United States President and Vice President - Vote for one,undervotes,,47
Clackamas,504,United States President and Vice President - Vote for one,overvotes,,4
Clackamas,504,United States President and Vice President - Vote for one,writein,,24
Clackamas,504,United States President and Vice President - Vote for one,ballots_cast,,4805
Clackamas,504,United States President and Vice President - Vote for one,registered,,6478
Clackamas,506,United States President and Vice President - Vote for one,candidate,Robert F Kennedy Jr / Nicole Shanahan,43
Clackamas,506,United States President and Vice President - Vote for one,candidate,Cornel West,4
Clackamas,506,United States President and Vice President - Vote for one,candidate,Chase Oliver / Mike ter Maat,23
Clackamas,506,United States President and Vice President - Vote for one,candidate,Randall Terry,4
Clackamas,506,United States President and Vice President - Vote for one,candidate,Donald J Trump / JD Vance,1268
Clackamas,506,United States President and Vice President - Vote for one,candidate,Jill Stein / Rudolph Ware,26
Clackamas,506,United States President and Vice President - Vote for one,candidate,Kamala D Harris / Tim Walz,1513
Clackamas,506,United States President and Vice President - Vote for one,undervotes,,30
Clackamas,506,United States President and Vice President - Vote for one,overvotes,,3
Clackamas,506,United States President and Vice President - Vote for one,writein,,17
Clackamas,506,United States President and Vice President - Vote for one,ballots_cast,,2931
Clackamas,506,United States President and Vice President - Vote for one,registered,,3878
Clackamas,510,United States President and Vice President - Vote for one,candidate,Robert F Kennedy Jr / Nicole Shanahan,12
Clackamas,510,United States President and Vice President - Vote for one,candidate,Cornel West,1
Clackamas,510,United States President and Vice President - Vote for one,candidate,Chase Oliver / Mike ter Maat,2
Clackamas,510,United States President and Vice President - Vote for one,candidate,Randall Terry,0
Clackamas,510,United States President and Vice President - Vote for one,candidate,Donald J Trump / JD Vance,487
Clackamas,510,United States President and Vice President - Vote for one,candidate,Jill Stein / Rudolph Ware,5
Clackamas,510,United States President and Vice President - Vote for one,candidate,Kamala D Harris / Tim Walz,430
Clackamas,510,United States President and Vice President - Vote for one,undervotes,,15
Clackamas,510,United States President and Vice President - Vote for one,overvotes,,0
Clackamas,510,United States President and Vice President - Vote for one,writein,,16
Clackamas,510,United States President and Vice President - Vote for one,ballots_cast,,968
Clackamas,510,United States President and Vice President - Vote for one,registered,,1240
Clackamas,511,United States President and Vice President - Vote for one,candidate,Robert F Kennedy Jr / Nicole Shanahan,35
Clackamas,511,United States President and Vice President - Vote for one,candidate,Cornel West,1
Clackamas,511,United States President and Vice President - Vote for one,candidate,Chase Oliver / Mike ter Maat,11
Clackamas,511,United States President and Vice President - Vote for one,candidate,Randall Terry,3
Clackamas,511,United States President and Vice President - Vote for one,candidate,Donald J Trump / JD Vance,1344
Clackamas,511,United States President and Vice President - Vote for one,candidate,Jill Stein / Rudolph Ware,6
Clackamas,511,United States President and Vice President - Vote for one,candidate,Kamala D Harris / Tim Walz,830
Clackamas,511,United States President and Vice President - Vote for one,undervotes,,26
Clackamas,511,United States President and Vice President - Vote for one,overvotes,,0
Clackamas,511,United States President and Vice President - Vote for one,writein,,14
Clackamas,511,United States President and Vice President - Vote for one,ballots_cast,,2270
Clackamas,511,United States President and Vice President - Vote for one,registered,,2837
Clackamas,512,United States President and Vice President - Vote for one,candidate,Robert F Kennedy Jr / Nicole Shanahan,32
Clackamas,512,United States President and Vice President - Vote for one,candidate,Cornel West,3
Clackamas,512,United States President and Vice President - Vote for one,candidate,Chase Oliver / Mike ter Maat,11
Clackamas,512,United States President and Vice President - Vote for one,candidate,Randall Terry,5
Clackamas,512,United States President and Vice President - Vote for one,candidate,Donald J Trump / JD Vance,1091
Clackamas,512,United States President and Vice President - Vote for one,candidate,Jill Stein / Rudolph Ware,16
Clackamas,512,United States President and Vice President - Vote for one,candidate,Kamala D Harris / Tim Walz,903
Clackamas,512,United States President and Vice President - Vote for one,undervotes,,23
Clackamas,512,United States President and Vice President - Vote for one,overvotes,,2
Clackamas,512,United States President and Vice President - Vote for one,writein,,9
Clackamas,512,United States President and Vice President - Vote for one,ballots_cast,,2095
Clackamas,512,United States President and Vice President - Vote for one,registered,,2717
Clackamas,513,United States President and Vice President - Vote for one,candidate,Robert F Kennedy Jr / Nicole Shanahan,2
Clackamas,513,United States President and Vice President - Vote for one,candidate,Cornel West,0
Clackamas,513,United States President and Vice President - Vote for one,candidate,Chase Oliver / Mike ter Maat,1
Clackamas,513,United States President and Vice President - Vote for one,candidate,Randall Terry,0
Clackamas,513,United States President and Vice President - Vote for one,candidate,Donald J Trump / JD Vance,71
Clackamas,513,United States President and Vice President - Vote for one,candidate,Jill Stein / Rudolph Ware,1
Clackamas,513,United States President and Vice President - Vote for one,candidate,Kamala D Harris / Tim Walz,75
Clackamas,513,United States President and Vice President - Vote for one,undervotes,,3
Clackamas,513,United States President and Vice President - Vote for one,overvotes,,0
Clackamas,513,United States President and Vice President - Vote for one,writein,,4
Clackamas,513,United States President and Vice President - Vote for one,ballots_cast,,157
Clackamas,513,United States President and Vice President - Vote for one,registered,,186
Clackamas,514,United States President and Vice President - Vote for one,candidate,Robert F Kennedy Jr / Nicole Shanahan,101
Clackamas,514,United States President and Vice President - Vote for one,candidate,Cornel West,5
Clackamas,514,United States President and Vice President - Vote for one,candidate,Chase Oliver / Mike ter Maat,16
Clackamas,514,United States President and Vice President - Vote for one,candidate,Randall Terry,5
Clackamas,514,United States President and Vice President - Vote for one,candidate,Donald J Trump / JD Vance,3185
Clackamas,514,United States President and Vice President - Vote for one,candidate,Jill Stein / Rudolph Ware,19
Clackamas,514,United States President and Vice President - Vote for one,candidate,Kamala D Harris / Tim Walz,2152
Clackamas,514,United States President and Vice President - Vote for one,undervotes,,46
Clackamas,514,United States President and Vice President - Vote for one,overvotes,,0
Clackamas,514,United States President and Vice President - Vote for one,writein,,52
Clackamas,514,United States President and Vice President - Vote for one,ballots_cast,,5581
Clackamas,514,United States President and Vice President - Vote for one,registered,,6827
Clackamas,515,United States President and Vice President - Vote for one,candidate,Robert F Kennedy Jr / Nicole Shanahan,30
Clackamas,515,United States President and Vice President - Vote for one,candidate,Cornel West,1
Clackamas,515,United States President and Vice President - Vote for one,candidate,Chase Oliver / Mike ter Maat,5
Clackamas,515,United States President and Vice President - Vote for one,candidate,Randall Terry,3
Clackamas,515,United States President and Vice President - Vote for one,candidate,Donald J Trump / JD Vance,945
Clackamas,515,United States President and Vice President - Vote for one,candidate,Jill Stein / Rudolph Ware,1
Clackamas,515,United States President and Vice President - Vote for one,candidate,Kamala D Harris / Tim Walz,481
Clackamas,515,United States President and Vice President - Vote for one,undervotes,,16
Clackamas,515,United States President and Vice President - Vote for one,overvotes,,0
Clackamas,515,United States President and Vice President - Vote for one,writein,,7
Clackamas,515,United States President and Vice President - Vote for one,ballots_cast,,1489
Clackamas,515,United States President and Vice President - Vote for one,registered,,1907
Clackamas,516,United States President and Vice President - Vote for one,candidate,Robert F Kennedy Jr / Nicole Shanahan,40
Clackamas,516,United States President and Vice President - Vote for one,candidate,Cornel West,3
Clackamas,516,United States President and Vice President - Vote for one,candidate,Chase Oliver / Mike ter Maat,13
Clackamas,516,United States President and Vice President - Vote for one,candidate,Randall Terry,3
Clackamas,516,United States President and Vice President - Vote for one,candidate,Donald J Trump / JD Vance,1188
Clackamas,516,United States President and Vice President - Vote for one,candidate,Jill Stein / Rudolph Ware,6
Clackamas,516,United States President and Vice President - Vote for one,candidate,Kamala D Harris / Tim Walz,848
Clackamas,516,United States President and Vice President - Vote for one,undervotes,,30
Clackamas,516,United States President and Vice President - Vote for one,overvotes,,1
Clackamas,516,United States President and Vice President - Vote for one,writein,,21
Clackamas,516,United States President and Vice President - Vote for one,ballots_cast,,2153
Clackamas,516,United States President and Vice President - Vote for one,registered,,2667
Clackamas,517,United States President and Vice President - Vote for one,candidate,Robert F Kennedy Jr / Nicole Shanahan,27
Clackamas,517,United States President and Vice President - Vote for one,candidate,Cornel West,1
Clackamas,517,United States President and Vice President - Vote for one,candidate,Chase Oliver / Mike ter Maat,10
Clackamas,517,United States President and Vice President - Vote for one,candidate,Randall Terry,2
Clackamas,517,United States President and Vice President - Vote for one,candidate,Donald J Trump / JD Vance,1453
Clackamas,517,United States President and Vice President - Vote for one,candidate,Jill Stein / Rudolph Ware,8
Clackamas,517,United States President and Vice President - Vote for one,candidate,Kamala D Harris / Tim Walz,572
Clackamas,517,United States President and Vice President - Vote for one,undervotes,,21
Clackamas,517,United States President and Vice President - Vote for one,overvotes,,1
Clackamas,517,United States President and Vice President - Vote for one,writein,,5
Clackamas,517,United States President and Vice President - Vote for one,ballots_cast,,2100
Clackamas,517,United States President and Vice President - Vote for one,registered,,2732
Clackamas,518,United States President and Vice President - Vote for one,candidate,Robert F Kennedy Jr / Nicole Shanahan,42
Clackamas,518,United States President and Vice President - Vote for one,candidate,Cornel West,1
Clackamas,518,United States President and Vice President - Vote for one,candidate,Chase Oliver / Mike ter Maat,8
Clackamas,518,United States President and Vice President - Vote for one,candidate,Randall Terry,1
Clackamas,518,United States President and Vice President - Vote for one,candidate,Donald J Trump / JD Vance,1483
Clackamas,518,United States President and Vice President - Vote for one,candidate,Jill Stein / Rudolph Ware,16
Clackamas,518,United States President and Vice President - Vote for one,candidate,Kamala D Harris / Tim Walz,719
Clackamas,518,United States President and Vice President - Vote for one,undervotes,,23
Clackamas,518,United States President and Vice President - Vote for one,overvotes,,1
Clackamas,518,United States President and Vice President - Vote for one,writein,,10
Clackamas,518,United States President and Vice President - Vote for one,ballots_cast,,2304
Clackamas,518,United States President and Vice President - Vote for one,registered,,2769
Clackamas,600,United States President and Vice President - Vote for one,candidate,Robert F Kennedy Jr / Nicole Shanahan,94
Clackamas,600,United States President and Vice President - Vote for one,candidate,Cornel West,11
Clackamas,600,United States President and Vice President - Vote for one,candidate,Chase Oliver / Mike ter Maat,16
Clackamas,600,United States President and Vice President - Vote for one,candidate,Randall Terry,6
Clackamas,600,United States President and Vice President - Vote for one,candidate,Donald J Trump / JD Vance,1958
Clackamas,600,United States President and Vice President - Vote for one,candidate,Jill Stein / Rudolph Ware,47
Clackamas,600,United States President and Vice President - Vote for one,candidate,Kamala D Harris / Tim Walz,2758
Clackamas,600,United States President and Vice President - Vote for one,undervotes,,46
Clackamas,600,United States President and Vice President - Vote for one,overvotes,,2
Clackamas,600,United States President and Vice President - Vote for one,writein,,37
Clackamas,600,United States President and Vice President - Vote for one,ballots_cast,,4975
Clackamas,600,United States President and Vice President - Vote for one,registered,,6804
Clackamas,602,United States President and Vice President - Vote for one,candidate,Robert F Kennedy Jr / Nicole Shanahan,82
Clackamas,602,United States President and Vice President - Vote for one,candidate,Cornel West,11
Clackamas,602,United States President and Vice President - Vote for one,candidate,Chase Oliver / Mike ter Maat,29
Clackamas,602,United States President and Vice President - Vote for one,candidate,Randall Terry,2
Clackamas,602,United States President and Vice President - Vote for one,candidate,Donald J Trump / JD Vance,1740
Clackamas,602,United States President and Vice President - Vote for one,candidate,Jill Stein / Rudolph Ware,26
Clackamas,602,United States President and Vice President - Vote for one,candidate,Kamala D Harris / Tim Walz,1972
Clackamas,602,United States President and Vice President - Vote for one,undervotes,,47
Clackamas,602,United States President and Vice President - Vote for one,overvotes,,2
Clackamas,602,United States President and Vice President - Vote for one,writein,,26
Clackamas,602,United States President and Vice President - Vote for one,ballots_cast,,3937
Clackamas,602,United States President and Vice President - Vote for one,registered,,4856
Clackamas,604,United States President and Vice President - Vote for one,candidate,Robert F Kennedy Jr / Nicole Shanahan,110
Clackamas,604,United States President and Vice President - Vote for one,candidate,Cornel West,8
Clackamas,604,United States President and Vice President - Vote for one,candidate,Chase Oliver / Mike ter Maat,37
Clackamas,604,United States President and Vice President - Vote for one,candidate,Randall Terry,5
Clackamas,604,United States President and Vice President - Vote for one,candidate,Donald J Trump / JD Vance,3099
Clackamas,604,United States President and Vice President - Vote for one,candidate,Jill Stein / Rudolph Ware,25
Clackamas,604,United States President and Vice President - Vote for one,candidate,Kamala D Harris / Tim Walz,3242
Clackamas,604,United States President and Vice President - Vote for one,undervotes,,88
Clackamas,604,United States President and Vice President - Vote for one,overvotes,,2
Clackamas,604,United States President and Vice President - Vote for one,writein,,33
Clackamas,604,United States President and Vice President - Vote for one,ballots_cast,,6649
Clackamas,604,United States President and Vice President - Vote for one,registered,,8333
Clackamas,606,United States President and Vice President - Vote for one,candidate,Robert F Kennedy Jr / Nicole Shanahan,62
Clackamas,606,United States President and Vice President - Vote for one,candidate,Cornel West,3
Clackamas,606,United States President and Vice President - Vote for one,candidate,Chase Oliver / Mike ter Maat,14
Clackamas,606,United States President and Vice President - Vote for one,candidate,Randall Terry,1
Clackamas,606,United States President and Vice President - Vote for one,candidate,Donald J Trump / JD Vance,1004
Clackamas,606,United States President and Vice President - Vote for one,candidate,Jill Stein / Rudolph Ware,16
Clackamas,606,United States President and Vice President - Vote for one,candidate,Kamala D Harris / Tim Walz,1168
Clackamas,606,United States President and Vice President - Vote for one,undervotes,,18
Clackamas,606,United States President and Vice President - Vote for one,overvotes,,3
Clackamas,606,United States President and Vice President - Vote for one,writein,,19
Clackamas,606,United States President and Vice President - Vote for one,ballots_cast,,2308
Clackamas,606,United States President and Vice President - Vote for one,registered,,3527
Clackamas,608,United States President and Vice President - Vote for one,candidate,Robert F Kennedy Jr / Nicole Shanahan,37
Clackamas,608,United States President and Vice President - Vote for one,candidate,Cornel West,3
Clackamas,608,United States President and Vice President - Vote for one,candidate,Chase Oliver / Mike ter Maat,12
Clackamas,608,United States President and Vice President - Vote for one,candidate,Randall Terry,4
Clackamas,608,United States President and Vice President - Vote for one,candidate,Donald J Trump / JD Vance,1319
Clackamas,608,United States President and Vice President - Vote for one,candidate,Jill Stein / Rudolph Ware,11
Clackamas,608,United States President and Vice President - Vote for one,candidate,Kamala D Harris / Tim Walz,1437
Clackamas,608,United States President and Vice President - Vote for one,undervotes,,25
Clackamas,608,United States President and Vice President - Vote for one,overvotes,,1
Clackamas,608,United States President and Vice President - Vote for one,writein,,18
Clackamas,608,United States President and Vice President - Vote for one,ballots_cast,,2867
Clackamas,608,United States President and Vice President - Vote for one,registered,,3849
Clackamas,614,United States President and Vice President - Vote for one,candidate,Robert F Kennedy Jr / Nicole Shanahan,44
Clackamas,614,United States President and Vice President - Vote for one,candidate,Cornel West,9
Clackamas,614,United States President and Vice President - Vote for one,candidate,Chase Oliver / Mike ter Maat,14
Clackamas,614,United States President and Vice President - Vote for one,candidate,Randall Terry,2
Clackamas,614,United States President and Vice President - Vote for one,candidate,Donald J Trump / JD Vance,945
Clackamas,614,United States President and Vice President - Vote for one,candidate,Jill Stein / Rudolph Ware,12
Clackamas,614,United States President and Vice President - Vote for one,candidate,Kamala D Harris / Tim Walz,1274
Clackamas,614,United States President and Vice President - Vote for one,undervotes,,26
Clackamas,614,United States President and Vice President - Vote for one,overvotes,,1
Clackamas,614,United States President and Vice President - Vote for one,writein,,14
Clackamas,614,United States President and Vice President - Vote for one,ballots_cast,,2341
Clackamas,614,United States President and Vice President - Vote for one,registered,,3291
Clackamas,616,United States President and Vice President - Vote for one,candidate,Robert F Kennedy Jr / Nicole Shanahan,62
Clackamas,616,United States President and Vice President - Vote for one,candidate,Cornel West,7
Clackamas,616,United States President and Vice President - Vote for one,candidate,Chase Oliver / Mike ter Maat,17
Clackamas,616,United States President and Vice President - Vote for one,candidate,Randall Terry,6
Clackamas,616,United States President and Vice President - Vote for one,candidate,Donald J Trump / JD Vance,1470
Clackamas,616,United States President and Vice President - Vote for one,candidate,Jill Stein / Rudolph Ware,32
Clackamas,616,United States President and Vice President - Vote for one,candidate,Kamala D Harris / Tim Walz,2092
Clackamas,616,United States President and Vice President - Vote for one,undervotes,,45
Clackamas,616,United States President and Vice President - Vote for one,overvotes,,2
Clackamas,616,United States President and Vice President - Vote for one,writein,,30
Clackamas,616,United States President and Vice President - Vote for one,ballots_cast,,3763
Clackamas,616,United States President and Vice President - Vote for one,registered,,4945
Clackamas,618,United States President and Vice President - Vote for one,candidate,Robert F Kennedy Jr / Nicole Shanahan,13
Clackamas,618,United States President and Vice President - Vote for one,candidate,Cornel West,2
Clackamas,618,United States President and Vice President - Vote for one,candidate,Chase Oliver / Mike ter Maat,7
Clackamas,618,United States President and Vice President - Vote for one,candidate,Randall Terry,0
Clackamas,618,United States President and Vice President - Vote for one,candidate,Donald J Trump / JD Vance,196
Clackamas,618,United States President and Vice President - Vote for one,candidate,Jill Stein / Rudolph Ware,3
Clackamas,618,United States President and Vice President - Vote for one,candidate,Kamala D Harris / Tim Walz,347
Clackamas,618,United States President and Vice President - Vote for one,undervotes,,11
Clackamas,618,United States President and Vice President - Vote for one,overvotes,,1
Clackamas,618,United States President and Vice President - Vote for one,writein,,4
Clackamas,618,United States President and Vice President - Vote for one,ballots_cast,,584
Clackamas,618,United States President and Vice President - Vote for one,registered,,728
Clackamas,620,United States President and Vice President - Vote for one,candidate,Robert F Kennedy Jr / Nicole Shanahan,5
Clackamas,620,United States President and Vice President - Vote for one,candidate,Cornel West,0
Clackamas,620,United States President and Vice President - Vote for one,candidate,Chase Oliver / Mike ter Maat,1
Clackamas,620,United States President and Vice President - Vote for one,candidate,Randall Terry,0
Clackamas,620,United States President and Vice President - Vote for one,candidate,Donald J Trump / JD Vance,106
Clackamas,620,United States President and Vice President - Vote for one,candidate,Jill Stein / Rudolph Ware,1
Clackamas,620,United States President and Vice President - Vote for one,candidate,Kamala D Harris / Tim Walz,150
Clackamas,620,United States President and Vice President - Vote for one,undervotes,,3
Clackamas,620,United States President and Vice President - Vote for one,overvotes,,0
Clackamas,620,United States President and Vice President - Vote for one,writein,,1
Clackamas,620,United States President and Vice President - Vote for one,ballots_cast,,267
Clackamas,620,United States President and Vice President - Vote for one,registered,,369
Clackamas,622,United States President and Vice President - Vote for one,candidate,Robert F Kennedy Jr / Nicole Shanahan,46
Clackamas,622,United States President and Vice President - Vote for one,candidate,Cornel West,4
Clackamas,622,United States President and Vice President - Vote for one,candidate,Chase Oliver / Mike ter Maat,10
Clackamas,622,United States President and Vice President - Vote for one,candidate,Randall Terry,1
Clackamas,622,United States President and Vice President - Vote for one,candidate,Donald J Trump / JD Vance,634
Clackamas,622,United States President and Vice President - Vote for one,candidate,Jill Stein / Rudolph Ware,24
Clackamas,622,United States President and Vice President - Vote for one,candidate,Kamala D Harris / Tim Walz,1632
Clackamas,622,United States President and Vice President - Vote for one,undervotes,,23
Clackamas,622,United States President and Vice President - Vote for one,overvotes,,0
Clackamas,622,United States President and Vice President - Vote for one,writein,,22
Clackamas,622,United States President and Vice President - Vote for one,ballots_cast,,2396
Clackamas,622,United States President and Vice President - Vote for one,registered,,3001
Clackamas,626,United States President and Vice President - Vote for one,candidate,Robert F Kennedy Jr / Nicole Shanahan,55
Clackamas,626,United States President and Vice President - Vote for one,candidate,Cornel West,16
Clackamas,626,United States President and Vice President - Vote for one,candidate,Chase Oliver / Mike ter Maat,14
Clackamas,626,United States President and Vice President - Vote for one,candidate,Randall Terry,1
Clackamas,626,United States President and Vice President - Vote for one,candidate,Donald J Trump / JD Vance,935
Clackamas,626,United States President and Vice President - Vote for one,candidate,Jill Stein / Rudolph Ware,55
Clackamas,626,United States President and Vice President - Vote for one,candidate,Kamala D Harris / Tim Walz,3062
Clackamas,626,United States President and Vice President - Vote for one,undervotes,,37
Clackamas,626,United States President and Vice President - Vote for one,overvotes,,2
Clackamas,626,United States President and Vice President - Vote for one,writein,,42
Clackamas,626,United States President and Vice President - Vote for one,ballots_cast,,4219
Clackamas,626,United States President and Vice President - Vote for one,registered,,5409
Clackamas,628,United States President and Vice President - Vote for one,candidate,Robert F Kennedy Jr / Nicole Shanahan,19
Clackamas,628,United States President and Vice President - Vote for one,candidate,Cornel West,4
Clackamas,628,United States President and Vice President - Vote for one,candidate,Chase Oliver / Mike ter Maat,5
Clackamas,628,United States President and Vice President - Vote for one,candidate,Randall Terry,0
Clackamas,628,United States President and Vice President - Vote for one,candidate,Donald J Trump / JD Vance,325
Clackamas,628,United States President and Vice President - Vote for one,candidate,Jill Stein / Rudolph Ware,8
Clackamas,628,United States President and Vice President - Vote for one,candidate,Kamala D Harris / Tim Walz,546
Clackamas,628,United States President and Vice President - Vote for one,undervotes,,8
Clackamas,628,United States President and Vice President - Vote for one,overvotes,,1
Clackamas,628,United States President and Vice President - Vote for one,writein,,7
Clackamas,628,United States President and Vice President - Vote for one,ballots_cast,,923
Clackamas,628,United States President and Vice President - Vote for one,registered,,1231
Clackamas,630,United States President and Vice President - Vote for one,candidate,Robert F Kennedy Jr / Nicole Shanahan,79
Clackamas,630,United States President and Vice President - Vote for one,candidate,Cornel West,15
Clackamas,630,United States President and Vice President - Vote for one,candidate,Chase Oliver / Mike ter Maat,21
Clackamas,630,United States President and Vice President - Vote for one,candidate,Randall Terry,5
Clackamas,630,United States President and Vice President - Vote for one,candidate,Donald J Trump / JD Vance,1439
Clackamas,630,United States President and Vice President - Vote for one,candidate,Jill Stein / Rudolph Ware,54
Clackamas,630,United States President and Vice President - Vote for one,candidate,Kamala D Harris / Tim Walz,3690
Clackamas,630,United States President and Vice President - Vote for one,undervotes,,51
Clackamas,630,United States President and Vice President - Vote for one,overvotes,,3
Clackamas,630,United States President and Vice President - Vote for one,writein,,37
Clackamas,630,United States President and Vice President - Vote for one,ballots_cast,,5394
Clackamas,630,United States President and Vice President - Vote for one,registered,,6768
Clackamas,111,"State Senator, 9th District - Vote for one",candidate,Fred Frank Girod,3140
Clackamas,111,"State Senator, 9th District - Vote for one",candidate,Mike Ashland,1258
Clackamas,111,"State Senator, 9th District - Vote for one",undervotes,,464
Clackamas,111,"State Senator, 9th District - Vote for one",overvotes,,0
Clackamas,111,"State Senator, 9th District - Vote for one",writein,,14
Clackamas,111,"State Senator, 9th District - Vote for one",ballots_cast,,4876
Clackamas,111,"State Senator, 9th District - Vote for one",registered,,7007
Clackamas,127,"State Senator, 9th District - Vote for one",candidate,Fred Frank Girod,51
Clackamas,127,"State Senator, 9th District - Vote for one",candidate,Mike Ashland,21
Clackamas,127,"State Senator, 9th District - Vote for one",undervotes,,4
Clackamas,127,"State Senator, 9th District - Vote for one",overvotes,,0
Clackamas,127,"State Senator, 9th District - Vote for one",writein,,0
Clackamas,127,"State Senator, 9th District - Vote for one",ballots_cast,,76
Clackamas,127,"State Senator, 9th District - Vote for one",registered,,93
Clackamas,330,"State Senator, 9th District - Vote for one",candidate,Fred Frank Girod,2719
Clackamas,330,"State Senator, 9th District - Vote for one",candidate,Mike Ashland,858
Clackamas,330,"State Senator, 9th District - Vote for one",undervotes,,295
Clackamas,330,"State Senator, 9th District - Vote for one",overvotes,,0
Clackamas,330,"State Senator, 9th District - Vote for one",writein,,8
Clackamas,330,"State Senator, 9th District - Vote for one",ballots_cast,,3880
Clackamas,330,"State Senator, 9th District - Vote for one",registered,,5043
Clackamas,331,"State Senator, 9th District - Vote for one",candidate,Fred Frank Girod,1220
Clackamas,331,"State Senator, 9th District - Vote for one",candidate,Mike Ashland,438
Clackamas,331,"State Senator, 9th District - Vote for one",undervotes,,141
Clackamas,331,"State Senator, 9th District - Vote for one",overvotes,,0
Clackamas,331,"State Senator, 9th District - Vote for one",writein,,5
Clackamas,331,"State Senator, 9th District - Vote for one",ballots_cast,,1804
Clackamas,331,"State Senator, 9th District - Vote for one",registered,,2215
Clackamas,350,"State Senator, 9th District - Vote for one",candidate,Fred Frank Girod,2223
Clackamas,350,"State Senator, 9th District - Vote for one",candidate,Mike Ashland,701
Clackamas,350,"State Senator, 9th District - Vote for one",undervotes,,257
Clackamas,350,"State Senator, 9th District - Vote for one",overvotes,,0
Clackamas,350,"State Senator, 9th District - Vote for one",writein,,10
Clackamas,350,"State Senator, 9th District - Vote for one",ballots_cast,,3191
Clackamas,350,"State Senator, 9th District - Vote for one",registered,,4153
Clackamas,357,"State Senator, 9th District - Vote for one",candidate,Fred Frank Girod,97
Clackamas,357,"State Senator, 9th District - Vote for one",candidate,Mike Ashland,43
Clackamas,357,"State Senator, 9th District - Vote for one",undervotes,,7
Clackamas,357,"State Senator, 9th District - Vote for one",overvotes,,0
Clackamas,357,"State Senator, 9th District - Vote for one",writein,,0
Clackamas,357,"State Senator, 9th District - Vote for one",ballots_cast,,147
Clackamas,357,"State Senator, 9th District - Vote for one",registered,,201
Clackamas,358,"State Senator, 9th District - Vote for one",candidate,Fred Frank Girod,245
Clackamas,358,"State Senator, 9th District - Vote for one",candidate,Mike Ashland,93
Clackamas,358,"State Senator, 9th District - Vote for one",undervotes,,44
Clackamas,358,"State Senator, 9th District - Vote for one",overvotes,,0
Clackamas,358,"State Senator, 9th District - Vote for one",writein,,1
Clackamas,358,"State Senator, 9th District - Vote for one",ballots_cast,,383
Clackamas,358,"State Senator, 9th District - Vote for one",registered,,485
Clackamas,361,"State Senator, 9th District - Vote for one",candidate,Fred Frank Girod,7
Clackamas,361,"State Senator, 9th District - Vote for one",candidate,Mike Ashland,4
Clackamas,361,"State Senator, 9th District - Vote for one",undervotes,,1
Clackamas,361,"State Senator, 9th District - Vote for one",overvotes,,0
Clackamas,361,"State Senator, 9th District - Vote for one",writein,,0
Clackamas,361,"State Senator, 9th District - Vote for one",ballots_cast,,12
Clackamas,361,"State Senator, 9th District - Vote for one",registered,,27
Clackamas,362,"State Senator, 9th District - Vote for one",candidate,Fred Frank Girod,516
Clackamas,362,"State Senator, 9th District - Vote for one",candidate,Mike Ashland,219
Clackamas,362,"State Senator, 9th District - Vote for one",undervotes,,60
Clackamas,362,"State Senator, 9th District - Vote for one",overvotes,,0
Clackamas,362,"State Senator, 9th District - Vote for one",writein,,1
Clackamas,362,"State Senator, 9th District - Vote for one",ballots_cast,,796
Clackamas,362,"State Senator, 9th District - Vote for one",registered,,1059
Clackamas,515,"State Senator, 9th District - Vote for one",candidate,Fred Frank Girod,975
Clackamas,515,"State Senator, 9th District - Vote for one",candidate,Mike Ashland,389
Clackamas,515,"State Senator, 9th District - Vote for one",undervotes,,120
Clackamas,515,"State Senator, 9th District - Vote for one",overvotes,,0
Clackamas,515,"State Senator, 9th District - Vote for one",writein,,3
Clackamas,515,"State Senator, 9th District - Vote for one",ballots_cast,,1487
Clackamas,515,"State Senator, 9th District - Vote for one",registered,,1905
Clackamas,517,"State Senator, 9th District - Vote for one",candidate,Fred Frank Girod,1428
Clackamas,517,"State Senator, 9th District - Vote for one",candidate,Mike Ashland,499
Clackamas,517,"State Senator, 9th District - Vote for one",undervotes,,168
Clackamas,517,"State Senator, 9th District - Vote for one",overvotes,,1
Clackamas,517,"State Senator, 9th District - Vote for one",writein,,1
Clackamas,517,"State Senator, 9th District - Vote for one",ballots_cast,,2097
Clackamas,517,"State Senator, 9th District - Vote for one",registered,,2729
Clackamas,115/116,"State Senator, 21st District - Vote for one",candidate,Kathleen Taylor,172
Clackamas,115/116,"State Senator, 21st District - Vote for one",undervotes,,83
Clackamas,115/116,"State Senator, 21st District - Vote for one",overvotes,,0
Clackamas,115/116,"State Senator, 21st District - Vote for one",writein,,3
Clackamas,115/116,"State Senator, 21st District - Vote for one",ballots_cast,,258
Clackamas,115/116,"State Senator, 21st District - Vote for one",registered,,299
Clackamas,420,"State Senator, 21st District - Vote for one",candidate,Kathleen Taylor,928
Clackamas,420,"State Senator, 21st District - Vote for one",undervotes,,730
Clackamas,420,"State Senator, 21st District - Vote for one",overvotes,,0
Clackamas,420,"State Senator, 21st District - Vote for one",writein,,41
Clackamas,420,"State Senator, 21st District - Vote for one",ballots_cast,,1699
Clackamas,420,"State Senator, 21st District - Vote for one",registered,,2117
Clackamas,500,"State Senator, 21st District - Vote for one",candidate,Kathleen Taylor,756
Clackamas,500,"State Senator, 21st District - Vote for one",undervotes,,475
Clackamas,500,"State Senator, 21st District - Vote for one",overvotes,,0
Clackamas,500,"State Senator, 21st District - Vote for one",writein,,30
Clackamas,500,"State Senator, 21st District - Vote for one",ballots_cast,,1261
Clackamas,500,"State Senator, 21st District - Vote for one",registered,,1729
Clackamas,501,"State Senator, 21st District - Vote for one",candidate,Kathleen Taylor,2600
Clackamas,501,"State Senator, 21st District - Vote for one",undervotes,,1263
Clackamas,501,"State Senator, 21st District - Vote for one",overvotes,,0
Clackamas,501,"State Senator, 21st District - Vote for one",writein,,69
Clackamas,501,"State Senator, 21st District - Vote for one",ballots_cast,,3932
Clackamas,501,"State Senator, 21st District - Vote for one",registered,,4919
Clackamas,502,"State Senator, 21st District - Vote for one",candidate,Kathleen Taylor,2614
Clackamas,502,"State Senator, 21st District - Vote for one",undervotes,,1614
Clackamas,502,"State Senator, 21st District - Vote for one",overvotes,,0
Clackamas,502,"State Senator, 21st District - Vote for one",writein,,93
Clackamas,502,"State Senator, 21st District - Vote for one",ballots_cast,,4321
Clackamas,502,"State Senator, 21st District - Vote for one",registered,,5593
Clackamas,622,"State Senator, 21st District - Vote for one",candidate,Kathleen Taylor,1461
Clackamas,622,"State Senator, 21st District - Vote for one",undervotes,,885
Clackamas,622,"State Senator, 21st District - Vote for one",overvotes,,0
Clackamas,622,"State Senator, 21st District - Vote for one",writein,,44
Clackamas,622,"State Senator, 21st District - Vote for one",ballots_cast,,2390
Clackamas,622,"State Senator, 21st District - Vote for one",registered,,2992
Clackamas,626,"State Senator, 21st District - Vote for one",candidate,Kathleen Taylor,2679
Clackamas,626,"State Senator, 21st District - Vote for one",undervotes,,1452
Clackamas,626,"State Senator, 21st District - Vote for one",overvotes,,0
Clackamas,626,"State Senator, 21st District - Vote for one",writein,,73
Clackamas,626,"State Senator, 21st District - Vote for one",ballots_cast,,4204
Clackamas,626,"State Senator, 21st District - Vote for one",registered,,5386
Clackamas,630,"State Senator, 21st District - Vote for one",candidate,Kathleen Taylor,3222
Clackamas,630,"State Senator, 21st District - Vote for one",undervotes,,2020
Clackamas,630,"State Senator, 21st District - Vote for one",overvotes,,0
Clackamas,630,"State Senator, 21st District - Vote for one",writein,,136
Clackamas,630,"State Senator, 21st District - Vote for one",ballots_cast,,5378
Clackamas,630,"State Senator, 21st District - Vote for one",registered,,6750
Clackamas,355,"State Senator, 29th District - Vote for one",candidate,Tania Wildbill,0
Clackamas,355,"State Senator, 29th District - Vote for one",candidate,Todd Nash,0
Clackamas,355,"State Senator, 29th District - Vote for one",undervotes,,0
Clackamas,355,"State Senator, 29th District - Vote for one",overvotes,,0
Clackamas,355,"State Senator, 29th District - Vote for one",writein,,0
Clackamas,355,"State Senator, 29th District - Vote for one",ballots_cast,,0
Clackamas,355,"State Senator, 29th District - Vote for one",registered,,0
Clackamas,111,"State Representative, 18th District - Vote for one",candidate,Rick Lewis,3200
Clackamas,111,"State Representative, 18th District - Vote for one",candidate,Karyssa Dow,1194
Clackamas,111,"State Representative, 18th District - Vote for one",undervotes,,477
Clackamas,111,"State Representative, 18th District - Vote for one",overvotes,,0
Clackamas,111,"State Representative, 18th District - Vote for one",writein,,5
Clackamas,111,"State Representative, 18th District - Vote for one",ballots_cast,,4876
Clackamas,111,"State Representative, 18th District - Vote for one",registered,,7007
Clackamas,127,"State Representative, 18th District - Vote for one",candidate,Rick Lewis,50
Clackamas,127,"State Representative, 18th District - Vote for one",candidate,Karyssa Dow,19
Clackamas,127,"State Representative, 18th District - Vote for one",undervotes,,7
Clackamas,127,"State Representative, 18th District - Vote for one",overvotes,,0
Clackamas,127,"State Representative, 18th District - Vote for one",writein,,0
Clackamas,127,"State Representative, 18th District - Vote for one",ballots_cast,,76
Clackamas,127,"State Representative, 18th District - Vote for one",registered,,93
Clackamas,330,"State Representative, 18th District - Vote for one",candidate,Rick Lewis,2737
Clackamas,330,"State Representative, 18th District - Vote for one",candidate,Karyssa Dow,827
Clackamas,330,"State Representative, 18th District - Vote for one",undervotes,,309
Clackamas,330,"State Representative, 18th District - Vote for one",overvotes,,0
Clackamas,330,"State Representative, 18th District - Vote for one",writein,,7
Clackamas,330,"State Representative, 18th District - Vote for one",ballots_cast,,3880
Clackamas,330,"State Representative, 18th District - Vote for one",registered,,5043
Clackamas,331,"State Representative, 18th District - Vote for one",candidate,Rick Lewis,1216
Clackamas,331,"State Representative, 18th District - Vote for one",candidate,Karyssa Dow,437
Clackamas,331,"State Representative, 18th District - Vote for one",undervotes,,146
Clackamas,331,"State Representative, 18th District - Vote for one",overvotes,,0
Clackamas,331,"State Representative, 18th District - Vote for one",writein,,5
Clackamas,331,"State Representative, 18th District - Vote for one",ballots_cast,,1804
Clackamas,331,"State Representative, 18th District - Vote for one",registered,,2215
Clackamas,350,"State Representative, 18th District - Vote for one",candidate,Rick Lewis,2246
Clackamas,350,"State Representative, 18th District - Vote for one",candidate,Karyssa Dow,666
Clackamas,350,"State Representative, 18th District - Vote for one",undervotes,,273
Clackamas,350,"State Representative, 18th District - Vote for one",overvotes,,0
Clackamas,350,"State Representative, 18th District - Vote for one",writein,,6
Clackamas,350,"State Representative, 18th District - Vote for one",ballots_cast,,3191
Clackamas,350,"State Representative, 18th District - Vote for one",registered,,4153
Clackamas,357,"State Representative, 18th District - Vote for one",candidate,Rick Lewis,101
Clackamas,357,"State Representative, 18th District - Vote for one",candidate,Karyssa Dow,39
Clackamas,357,"State Representative, 18th District - Vote for one",undervotes,,7
Clackamas,357,"State Representative, 18th District - Vote for one",overvotes,,0
Clackamas,357,"State Representative, 18th District - Vote for one",writein,,0
Clackamas,357,"State Representative, 18th District - Vote for one",ballots_cast,,147
Clackamas,357,"State Representative, 18th District - Vote for one",registered,,201
Clackamas,358,"State Representative, 18th District - Vote for one",candidate,Rick Lewis,246
Clackamas,358,"State Representative, 18th District - Vote for one",candidate,Karyssa Dow,97
Clackamas,358,"State Representative, 18th District - Vote for one",undervotes,,39
Clackamas,358,"State Representative, 18th District - Vote for one",overvotes,,0
Clackamas,358,"State Representative, 18th District - Vote for one",writein,,1
Clackamas,358,"State Representative, 18th District - Vote for one",ballots_cast,,383
Clackamas,358,"State Representative, 18th District - Vote for one",registered,,485
Clackamas,361,"State Representative, 18th District - Vote for one",candidate,Rick Lewis,7
Clackamas,361,"State Representative, 18th District - Vote for one",candidate,Karyssa Dow,4
Clackamas,361,"State Representative, 18th District - Vote for one",undervotes,,1
Clackamas,361,"State Representative, 18th District - Vote for one",overvotes,,0
Clackamas,361,"State Representative, 18th District - Vote for one",writein,,0
Clackamas,361,"State Representative, 18th District - Vote for one",ballots_cast,,12
Clackamas,361,"State Representative, 18th District - Vote for one",registered,,27
Clackamas,362,"State Representative, 18th District - Vote for one",candidate,Rick Lewis,521
Clackamas,362,"State Representative, 18th District - Vote for one",candidate,Karyssa Dow,211
Clackamas,362,"State Representative, 18th District - Vote for one",undervotes,,63
Clackamas,362,"State Representative, 18th District - Vote for one",overvotes,,0
Clackamas,362,"State Representative, 18th District - Vote for one",writein,,1
Clackamas,362,"State Representative, 18th District - Vote for one",ballots_cast,,796
Clackamas,362,"State Representative, 18th District - Vote for one",registered,,1059
Clackamas,515,"State Representative, 18th District - Vote for one",candidate,Rick Lewis,994
Clackamas,515,"State Representative, 18th District - Vote for one",candidate,Karyssa Dow,363
Clackamas,515,"State Representative, 18th District - Vote for one",undervotes,,127
Clackamas,515,"State Representative, 18th District - Vote for one",overvotes,,0
Clackamas,515,"State Representative, 18th District - Vote for one",writein,,3
Clackamas,515,"State Representative, 18th District - Vote for one",ballots_cast,,1487
Clackamas,515,"State Representative, 18th District - Vote for one",registered,,1905
Clackamas,517,"State Representative, 18th District - Vote for one",candidate,Rick Lewis,1436
Clackamas,517,"State Representative, 18th District - Vote for one",candidate,Karyssa Dow,480
Clackamas,517,"State Representative, 18th District - Vote for one",undervotes,,179
Clackamas,517,"State Representative, 18th District - Vote for one",overvotes,,1
Clackamas,517,"State Representative, 18th District - Vote for one",writein,,1
Clackamas,517,"State Representative, 18th District - Vote for one",ballots_cast,,2097
Clackamas,517,"State Representative, 18th District - Vote for one",registered,,2729
Clackamas,201,"State Representative, 26th District - Vote for one",candidate,Courtney Neron,2262
Clackamas,201,"State Representative, 26th District - Vote for one",candidate,Jason E Fields,1594
Clackamas,201,"State Representative, 26th District - Vote for one",undervotes,,237
Clackamas,201,"State Representative, 26th District - Vote for one",overvotes,,0
Clackamas,201,"State Representative, 26th District - Vote for one",writein,,2
Clackamas,201,"State Representative, 26th District - Vote for one",ballots_cast,,4095
Clackamas,201,"State Representative, 26th District - Vote for one",registered,,5085
Clackamas,202,"State Representative, 26th District - Vote for one",candidate,Courtney Neron,2617
Clackamas,202,"State Representative, 26th District - Vote for one",candidate,Jason E Fields,1784
Clackamas,202,"State Representative, 26th District - Vote for one",undervotes,,326
Clackamas,202,"State Representative, 26th District - Vote for one",overvotes,,2
Clackamas,202,"State Representative, 26th District - Vote for one",writein,,4
Clackamas,202,"State Representative, 26th District - Vote for one",ballots_cast,,4733
Clackamas,202,"State Representative, 26th District - Vote for one",registered,,6324
Clackamas,203,"State Representative, 26th District - Vote for one",candidate,Courtney Neron,1098
Clackamas,203,"State Representative, 26th District - Vote for one",candidate,Jason E Fields,986
Clackamas,203,"State Representative, 26th District - Vote for one",undervotes,,112
Clackamas,203,"State Representative, 26th District - Vote for one",overvotes,,0
Clackamas,203,"State Representative, 26th District - Vote for one",writein,,0
Clackamas,203,"State Representative, 26th District - Vote for one",ballots_cast,,2196
Clackamas,203,"State Representative, 26th District - Vote for one",registered,,2450
Clackamas,204,"State Representative, 26th District - Vote for one",candidate,Courtney Neron,1266
Clackamas,204,"State Representative, 26th District - Vote for one",candidate,Jason E Fields,1073
Clackamas,204,"State Representative, 26th District - Vote for one",undervotes,,165
Clackamas,204,"State Representative, 26th District - Vote for one",overvotes,,0
Clackamas,204,"State Representative, 26th District - Vote for one",writein,,3
Clackamas,204,"State Representative, 26th District - Vote for one",ballots_cast,,2507
Clackamas,204,"State Representative, 26th District - Vote for one",registered,,3262
Clackamas,323,"State Representative, 26th District - Vote for one",candidate,Courtney Neron,629
Clackamas,323,"State Representative, 26th District - Vote for one",candidate,Jason E Fields,806
Clackamas,323,"State Representative, 26th District - Vote for one",undervotes,,78
Clackamas,323,"State Representative, 26th District - Vote for one",overvotes,,0
Clackamas,323,"State Representative, 26th District - Vote for one",writein,,1
Clackamas,323,"State Representative, 26th District - Vote for one",ballots_cast,,1514
Clackamas,323,"State Representative, 26th District - Vote for one",registered,,1837
Clackamas,332,"State Representative, 26th District - Vote for one",candidate,Courtney Neron,233
Clackamas,332,"State Representative, 26th District - Vote for one",candidate,Jason E Fields,332
Clackamas,332,"State Representative, 26th District - Vote for one",undervotes,,22
Clackamas,332,"State Representative, 26th District - Vote for one",overvotes,,0
Clackamas,332,"State Representative, 26th District - Vote for one",writein,,0
Clackamas,332,"State Representative, 26th District - Vote for one",ballots_cast,,587
Clackamas,332,"State Representative, 26th District - Vote for one",registered,,693
Clackamas,131,"State Representative, 37th District - Vote for one",candidate,Jules Walters,3429
Clackamas,131,"State Representative, 37th District - Vote for one",candidate,Ben Edtl,2131
Clackamas,131,"State Representative, 37th District - Vote for one",undervotes,,442
Clackamas,131,"State Representative, 37th District - Vote for one",overvotes,,0
Clackamas,131,"State Representative, 37th District - Vote for one",writein,,7
Clackamas,131,"State Representative, 37th District - Vote for one",ballots_cast,,6009
Clackamas,131,"State Representative, 37th District - Vote for one",registered,,7246
Clackamas,132,"State Representative, 37th District - Vote for one",candidate,Jules Walters,2555
Clackamas,132,"State Representative, 37th District - Vote for one",candidate,Ben Edtl,1524
Clackamas,132,"State Representative, 37th District - Vote for one",undervotes,,302
Clackamas,132,"State Representative, 37th District - Vote for one",overvotes,,0
Clackamas,132,"State Representative, 37th District - Vote for one",writein,,11
Clackamas,132,"State Representative, 37th District - Vote for one",ballots_cast,,4392
Clackamas,132,"State Representative, 37th District - Vote for one",registered,,5188
Clackamas,133,"State Representative, 37th District - Vote for one",candidate,Jules Walters,1203
Clackamas,133,"State Representative, 37th District - Vote for one",candidate,Ben Edtl,540
Clackamas,133,"State Representative, 37th District - Vote for one",undervotes,,105
Clackamas,133,"State Representative, 37th District - Vote for one",overvotes,,0
Clackamas,133,"State Representative, 37th District - Vote for one",writein,,4
Clackamas,133,"State Representative, 37th District - Vote for one",ballots_cast,,1852
Clackamas,133,"State Representative, 37th District - Vote for one",registered,,2187
Clackamas,135,"State Representative, 37th District - Vote for one",candidate,Jules Walters,3154
Clackamas,135,"State Representative, 37th District - Vote for one",candidate,Ben Edtl,1617
Clackamas,135,"State Representative, 37th District - Vote for one",undervotes,,304
Clackamas,135,"State Representative, 37th District - Vote for one",overvotes,,0
Clackamas,135,"State Representative, 37th District - Vote for one",writein,,15
Clackamas,135,"State Representative, 37th District - Vote for one",ballots_cast,,5090
Clackamas,135,"State Representative, 37th District - Vote for one",registered,,5896
Clackamas,153,"State Representative, 37th District - Vote for one",candidate,Jules Walters,254
Clackamas,153,"State Representative, 37th District - Vote for one",candidate,Ben Edtl,151
Clackamas,153,"State Representative, 37th District - Vote for one",undervotes,,38
Clackamas,153,"State Representative, 37th District - Vote for one",overvotes,,0
Clackamas,153,"State Representative, 37th District - Vote for one",writein,,0
Clackamas,153,"State Representative, 37th District - Vote for one",ballots_cast,,443
Clackamas,153,"State Representative, 37th District - Vote for one",registered,,504
Clackamas,154,"State Representative, 37th District - Vote for one",candidate,Jules Walters,55
Clackamas,154,"State Representative, 37th District - Vote for one",candidate,Ben Edtl,25
Clackamas,154,"State Representative, 37th District - Vote for one",undervotes,,14
Clackamas,154,"State Representative, 37th District - Vote for one",overvotes,,0
Clackamas,154,"State Representative, 37th District - Vote for one",writein,,0
Clackamas,154,"State Representative, 37th District - Vote for one",ballots_cast,,94
Clackamas,154,"State Representative, 37th District - Vote for one",registered,,115
Clackamas,157,"State Representative, 37th District - Vote for one",candidate,Jules Walters,53
Clackamas,157,"State Representative, 37th District - Vote for one",candidate,Ben Edtl,34
Clackamas,157,"State Representative, 37th District - Vote for one",undervotes,,7
Clackamas,157,"State Representative, 37th District - Vote for one",overvotes,,0
Clackamas,157,"State Representative, 37th District - Vote for one",writein,,0
Clackamas,157,"State Representative, 37th District - Vote for one",ballots_cast,,94
Clackamas,157,"State Representative, 37th District - Vote for one",registered,,106
Clackamas,160,"State Representative, 37th District - Vote for one",candidate,Jules Walters,1047
Clackamas,160,"State Representative, 37th District - Vote for one",candidate,Ben Edtl,466
Clackamas,160,"State Representative, 37th District - Vote for one",undervotes,,160
Clackamas,160,"State Representative, 37th District - Vote for one",overvotes,,0
Clackamas,160,"State Representative, 37th District - Vote for one",writein,,1
Clackamas,160,"State Representative, 37th District - Vote for one",ballots_cast,,1674
Clackamas,160,"State Representative, 37th District - Vote for one",registered,,1953
Clackamas,251,"State Representative, 37th District - Vote for one",candidate,Jules Walters,1076
Clackamas,251,"State Representative, 37th District - Vote for one",candidate,Ben Edtl,759
Clackamas,251,"State Representative, 37th District - Vote for one",undervotes,,150
Clackamas,251,"State Representative, 37th District - Vote for one",overvotes,,0
Clackamas,251,"State Representative, 37th District - Vote for one",writein,,1
Clackamas,251,"State Representative, 37th District - Vote for one",ballots_cast,,1986
Clackamas,251,"State Representative, 37th District - Vote for one",registered,,2294
Clackamas,279,"State Representative, 37th District - Vote for one",candidate,Jules Walters,62
Clackamas,279,"State Representative, 37th District - Vote for one",candidate,Ben Edtl,38
Clackamas,279,"State Representative, 37th District - Vote for one",undervotes,,5
Clackamas,279,"State Representative, 37th District - Vote for one",overvotes,,0
Clackamas,279,"State Representative, 37th District - Vote for one",writein,,0
Clackamas,279,"State Representative, 37th District - Vote for one",ballots_cast,,105
Clackamas,279,"State Representative, 37th District - Vote for one",registered,,131
Clackamas,281,"State Representative, 37th District - Vote for one",candidate,Jules Walters,705
Clackamas,281,"State Representative, 37th District - Vote for one",candidate,Ben Edtl,335
Clackamas,281,"State Representative, 37th District - Vote for one",undervotes,,81
Clackamas,281,"State Representative, 37th District - Vote for one",overvotes,,0
Clackamas,281,"State Representative, 37th District - Vote for one",writein,,1
Clackamas,281,"State Representative, 37th District - Vote for one",ballots_cast,,1122
Clackamas,281,"State Representative, 37th District - Vote for one",registered,,1329
Clackamas,284,"State Representative, 37th District - Vote for one",candidate,Jules Walters,191
Clackamas,284,"State Representative, 37th District - Vote for one",candidate,Ben Edtl,72
Clackamas,284,"State Representative, 37th District - Vote for one",undervotes,,21
Clackamas,284,"State Representative, 37th District - Vote for one",overvotes,,0
Clackamas,284,"State Representative, 37th District - Vote for one",writein,,2
Clackamas,284,"State Representative, 37th District - Vote for one",ballots_cast,,286
Clackamas,284,"State Representative, 37th District - Vote for one",registered,,343
Clackamas,285,"State Representative, 37th District - Vote for one",candidate,Jules Walters,8
Clackamas,285,"State Representative, 37th District - Vote for one",candidate,Ben Edtl,8
Clackamas,285,"State Representative, 37th District - Vote for one",undervotes,,0
Clackamas,285,"State Representative, 37th District - Vote for one",overvotes,,0
Clackamas,285,"State Representative, 37th District - Vote for one",writein,,0
Clackamas,285,"State Representative, 37th District - Vote for one",ballots_cast,,16
Clackamas,285,"State Representative, 37th District - Vote for one",registered,,17
Clackamas,321,"State Representative, 37th District - Vote for one",candidate,Jules Walters,1205
Clackamas,321,"State Representative, 37th District - Vote for one",candidate,Ben Edtl,1306
Clackamas,321,"State Representative, 37th District - Vote for one",undervotes,,241
Clackamas,321,"State Representative, 37th District - Vote for one",overvotes,,0
Clackamas,321,"State Representative, 37th District - Vote for one",writein,,2
Clackamas,321,"State Representative, 37th District - Vote for one",ballots_cast,,2754
Clackamas,321,"State Representative, 37th District - Vote for one",registered,,3300
Clackamas,322,"State Representative, 37th District - Vote for one",candidate,Jules Walters,459
Clackamas,322,"State Representative, 37th District - Vote for one",candidate,Ben Edtl,636
Clackamas,322,"State Representative, 37th District - Vote for one",undervotes,,74
Clackamas,322,"State Representative, 37th District - Vote for one",overvotes,,0
Clackamas,322,"State Representative, 37th District - Vote for one",writein,,1
Clackamas,322,"State Representative, 37th District - Vote for one",ballots_cast,,1170
Clackamas,322,"State Representative, 37th District - Vote for one",registered,,1404
Clackamas,324,"State Representative, 37th District - Vote for one",candidate,Jules Walters,24
Clackamas,324,"State Representative, 37th District - Vote for one",candidate,Ben Edtl,25
Clackamas,324,"State Representative, 37th District - Vote for one",undervotes,,4
Clackamas,324,"State Representative, 37th District - Vote for one",overvotes,,0
Clackamas,324,"State Representative, 37th District - Vote for one",writein,,0
Clackamas,324,"State Representative, 37th District - Vote for one",ballots_cast,,53
Clackamas,324,"State Representative, 37th District - Vote for one",registered,,60
Clackamas,115/116,"State Representative, 38th District - Vote for one",candidate,Daniel Nguyen,3
Clackamas,115/116,"State Representative, 38th District - Vote for one",undervotes,,1
Clackamas,115/116,"State Representative, 38th District - Vote for one",overvotes,,0
Clackamas,115/116,"State Representative, 38th District - Vote for one",writein,,0
Clackamas,115/116,"State Representative, 38th District - Vote for one",ballots_cast,,4
Clackamas,115/116,"State Representative, 38th District - Vote for one",registered,,4
Clackamas,134,"State Representative, 38th District - Vote for one",candidate,Daniel Nguyen,5
Clackamas,134,"State Representative, 38th District - Vote for one",undervotes,,4
Clackamas,134,"State Representative, 38th District - Vote for one",overvotes,,0
Clackamas,134,"State Representative, 38th District - Vote for one",writein,,0
Clackamas,134,"State Representative, 38th District - Vote for one",ballots_cast,,9
Clackamas,134,"State Representative, 38th District - Vote for one",registered,,10
Clackamas,151,"State Representative, 38th District - Vote for one",candidate,Daniel Nguyen,1609
Clackamas,151,"State Representative, 38th District - Vote for one",undervotes,,797
Clackamas,151,"State Representative, 38th District - Vote for one",overvotes,,0
Clackamas,151,"State Representative, 38th District - Vote for one",writein,,57
Clackamas,151,"State Representative, 38th District - Vote for one",ballots_cast,,2463
Clackamas,151,"State Representative, 38th District - Vote for one",registered,,2887
Clackamas,152,"State Representative, 38th District - Vote for one",candidate,Daniel Nguyen,3399
Clackamas,152,"State Representative, 38th District - Vote for one",undervotes,,1764
Clackamas,152,"State Representative, 38th District - Vote for one",overvotes,,0
Clackamas,152,"State Representative, 38th District - Vote for one",writein,,89
Clackamas,152,"State Representative, 38th District - Vote for one",ballots_cast,,5252
Clackamas,152,"State Representative, 38th District - Vote for one",registered,,6023
Clackamas,155,"State Representative, 38th District - Vote for one",candidate,Daniel Nguyen,1757
Clackamas,155,"State Representative, 38th District - Vote for one",undervotes,,871
Clackamas,155,"State Representative, 38th District - Vote for one",overvotes,,0
Clackamas,155,"State Representative, 38th District - Vote for one",writein,,51
Clackamas,155,"State Representative, 38th District - Vote for one",ballots_cast,,2679
Clackamas,155,"State Representative, 38th District - Vote for one",registered,,3184
Clackamas,156,"State Representative, 38th District - Vote for one",candidate,Daniel Nguyen,3010
Clackamas,156,"State Representative, 38th District - Vote for one",undervotes,,1346
Clackamas,156,"State Representative, 38th District - Vote for one",overvotes,,0
Clackamas,156,"State Representative, 38th District - Vote for one",writein,,56
Clackamas,156,"State Representative, 38th District - Vote for one",ballots_cast,,4412
Clackamas,156,"State Representative, 38th District - Vote for one",registered,,5046
Clackamas,158,"State Representative, 38th District - Vote for one",candidate,Daniel Nguyen,2786
Clackamas,158,"State Representative, 38th District - Vote for one",undervotes,,1239
Clackamas,158,"State Representative, 38th District - Vote for one",overvotes,,1
Clackamas,158,"State Representative, 38th District - Vote for one",writein,,59
Clackamas,158,"State Representative, 38th District - Vote for one",ballots_cast,,4085
Clackamas,158,"State Representative, 38th District - Vote for one",registered,,4921
Clackamas,159,"State Representative, 38th District - Vote for one",candidate,Daniel Nguyen,1746
Clackamas,159,"State Representative, 38th District - Vote for one",undervotes,,860
Clackamas,159,"State Representative, 38th District - Vote for one",overvotes,,0
Clackamas,159,"State Representative, 38th District - Vote for one",writein,,50
Clackamas,159,"State Representative, 38th District - Vote for one",ballots_cast,,2656
Clackamas,159,"State Representative, 38th District - Vote for one",registered,,3101
Clackamas,161,"State Representative, 38th District - Vote for one",candidate,Daniel Nguyen,357
Clackamas,161,"State Representative, 38th District - Vote for one",undervotes,,162
Clackamas,161,"State Representative, 38th District - Vote for one",overvotes,,0
Clackamas,161,"State Representative, 38th District - Vote for one",writein,,18
Clackamas,161,"State Representative, 38th District - Vote for one",ballots_cast,,537
Clackamas,161,"State Representative, 38th District - Vote for one",registered,,644
Clackamas,162,"State Representative, 38th District - Vote for one",candidate,Daniel Nguyen,390
Clackamas,162,"State Representative, 38th District - Vote for one",undervotes,,234
Clackamas,162,"State Representative, 38th District - Vote for one",overvotes,,0
Clackamas,162,"State Representative, 38th District - Vote for one",writein,,17
Clackamas,162,"State Representative, 38th District - Vote for one",ballots_cast,,641
Clackamas,162,"State Representative, 38th District - Vote for one",registered,,796
Clackamas,280,"State Representative, 38th District - Vote for one",candidate,Daniel Nguyen,248
Clackamas,280,"State Representative, 38th District - Vote for one",undervotes,,140
Clackamas,280,"State Representative, 38th District - Vote for one",overvotes,,0
Clackamas,280,"State Representative, 38th District - Vote for one",writein,,10
Clackamas,280,"State Representative, 38th District - Vote for one",ballots_cast,,398
Clackamas,280,"State Representative, 38th District - Vote for one",registered,,509
Clackamas,282,"State Representative, 38th District - Vote for one",candidate,Daniel Nguyen,257
Clackamas,282,"State Representative, 38th District - Vote for one",undervotes,,136
Clackamas,282,"State Representative, 38th District - Vote for one",overvotes,,0
Clackamas,282,"State Representative, 38th District - Vote for one",writein,,10
Clackamas,282,"State Representative, 38th District - Vote for one",ballots_cast,,403
Clackamas,282,"State Representative, 38th District - Vote for one",registered,,494
Clackamas,283,"State Representative, 38th District - Vote for one",candidate,Daniel Nguyen,235
Clackamas,283,"State Representative, 38th District - Vote for one",undervotes,,169
Clackamas,283,"State Representative, 38th District - Vote for one",overvotes,,0
Clackamas,283,"State Representative, 38th District - Vote for one",writein,,10
Clackamas,283,"State Representative, 38th District - Vote for one",ballots_cast,,414
Clackamas,283,"State Representative, 38th District - Vote for one",registered,,463
Clackamas,286,"State Representative, 38th District - Vote for one",candidate,Daniel Nguyen,114
Clackamas,286,"State Representative, 38th District - Vote for one",undervotes,,55
Clackamas,286,"State Representative, 38th District - Vote for one",overvotes,,0
Clackamas,286,"State Representative, 38th District - Vote for one",writein,,6
Clackamas,286,"State Representative, 38th District - Vote for one",ballots_cast,,175
Clackamas,286,"State Representative, 38th District - Vote for one",registered,,230
Clackamas,320,"State Representative, 38th District - Vote for one",candidate,Daniel Nguyen,64
Clackamas,320,"State Representative, 38th District - Vote for one",undervotes,,30
Clackamas,320,"State Representative, 38th District - Vote for one",overvotes,,0
Clackamas,320,"State Representative, 38th District - Vote for one",writein,,2
Clackamas,320,"State Representative, 38th District - Vote for one",ballots_cast,,96
Clackamas,320,"State Representative, 38th District - Vote for one",registered,,124
Clackamas,100,"State Representative, 39th District - Vote for one",candidate,Aimee L Reiner,27
Clackamas,100,"State Representative, 39th District - Vote for one",candidate,April Dobson,46
Clackamas,100,"State Representative, 39th District - Vote for one",undervotes,,14
Clackamas,100,"State Representative, 39th District - Vote for one",overvotes,,0
Clackamas,100,"State Representative, 39th District - Vote for one",writein,,0
Clackamas,100,"State Representative, 39th District - Vote for one",ballots_cast,,87
Clackamas,100,"State Representative, 39th District - Vote for one",registered,,127
Clackamas,101,"State Representative, 39th District - Vote for one",candidate,Aimee L Reiner,2550
Clackamas,101,"State Representative, 39th District - Vote for one",candidate,April Dobson,2871
Clackamas,101,"State Representative, 39th District - Vote for one",undervotes,,549
Clackamas,101,"State Representative, 39th District - Vote for one",overvotes,,0
Clackamas,101,"State Representative, 39th District - Vote for one",writein,,16
Clackamas,101,"State Representative, 39th District - Vote for one",ballots_cast,,5986
Clackamas,101,"State Representative, 39th District - Vote for one",registered,,8204
Clackamas,103,"State Representative, 39th District - Vote for one",candidate,Aimee L Reiner,1289
Clackamas,103,"State Representative, 39th District - Vote for one",candidate,April Dobson,1311
Clackamas,103,"State Representative, 39th District - Vote for one",undervotes,,235
Clackamas,103,"State Representative, 39th District - Vote for one",overvotes,,0
Clackamas,103,"State Representative, 39th District - Vote for one",writein,,3
Clackamas,103,"State Representative, 39th District - Vote for one",ballots_cast,,2838
Clackamas,103,"State Representative, 39th District - Vote for one",registered,,3683
Clackamas,105,"State Representative, 39th District - Vote for one",candidate,Aimee L Reiner,1929
Clackamas,105,"State Representative, 39th District - Vote for one",candidate,April Dobson,1900
Clackamas,105,"State Representative, 39th District - Vote for one",undervotes,,337
Clackamas,105,"State Representative, 39th District - Vote for one",overvotes,,3
Clackamas,105,"State Representative, 39th District - Vote for one",writein,,3
Clackamas,105,"State Representative, 39th District - Vote for one",ballots_cast,,4172
Clackamas,105,"State Representative, 39th District - Vote for one",registered,,5297
Clackamas,113,"State Representative, 39th District - Vote for one",candidate,Aimee L Reiner,24
Clackamas,113,"State Representative, 39th District - Vote for one",candidate,April Dobson,26
Clackamas,113,"State Representative, 39th District - Vote for one",undervotes,,10
Clackamas,113,"State Representative, 39th District - Vote for one",overvotes,,0
Clackamas,113,"State Representative, 39th District - Vote for one",writein,,0
Clackamas,113,"State Representative, 39th District - Vote for one",ballots_cast,,60
Clackamas,113,"State Representative, 39th District - Vote for one",registered,,77
Clackamas,114,"State Representative, 39th District - Vote for one",candidate,Aimee L Reiner,61
Clackamas,114,"State Representative, 39th District - Vote for one",candidate,April Dobson,93
Clackamas,114,"State Representative, 39th District - Vote for one",undervotes,,16
Clackamas,114,"State Representative, 39th District - Vote for one",overvotes,,0
Clackamas,114,"State Representative, 39th District - Vote for one",writein,,0
Clackamas,114,"State Representative, 39th District - Vote for one",ballots_cast,,170
Clackamas,114,"State Representative, 39th District - Vote for one",registered,,242
Clackamas,410,"State Representative, 39th District - Vote for one",candidate,Aimee L Reiner,1404
Clackamas,410,"State Representative, 39th District - Vote for one",candidate,April Dobson,1753
Clackamas,410,"State Representative, 39th District - Vote for one",undervotes,,301
Clackamas,410,"State Representative, 39th District - Vote for one",overvotes,,0
Clackamas,410,"State Representative, 39th District - Vote for one",writein,,8
Clackamas,410,"State Representative, 39th District - Vote for one",ballots_cast,,3466
Clackamas,410,"State Representative, 39th District - Vote for one",registered,,5040
Clackamas,411,"State Representative, 39th District - Vote for one",candidate,Aimee L Reiner,1866
Clackamas,411,"State Representative, 39th District - Vote for one",candidate,April Dobson,2024
Clackamas,411,"State Representative, 39th District - Vote for one",undervotes,,374
Clackamas,411,"State Representative, 39th District - Vote for one",overvotes,,1
Clackamas,411,"State Representative, 39th District - Vote for one",writein,,6
Clackamas,411,"State Representative, 39th District - Vote for one",ballots_cast,,4271
Clackamas,411,"State Representative, 39th District - Vote for one",registered,,5668
Clackamas,413,"State Representative, 39th District - Vote for one",candidate,Aimee L Reiner,89
Clackamas,413,"State Representative, 39th District - Vote for one",candidate,April Dobson,106
Clackamas,413,"State Representative, 39th District - Vote for one",undervotes,,18
Clackamas,413,"State Representative, 39th District - Vote for one",overvotes,,0
Clackamas,413,"State Representative, 39th District - Vote for one",writein,,0
Clackamas,413,"State Representative, 39th District - Vote for one",ballots_cast,,213
Clackamas,413,"State Representative, 39th District - Vote for one",registered,,347
Clackamas,414,"State Representative, 39th District - Vote for one",candidate,Aimee L Reiner,347
Clackamas,414,"State Representative, 39th District - Vote for one",candidate,April Dobson,344
Clackamas,414,"State Representative, 39th District - Vote for one",undervotes,,61
Clackamas,414,"State Representative, 39th District - Vote for one",overvotes,,0
Clackamas,414,"State Representative, 39th District - Vote for one",writein,,3
Clackamas,414,"State Representative, 39th District - Vote for one",ballots_cast,,755
Clackamas,414,"State Representative, 39th District - Vote for one",registered,,1028
Clackamas,416,"State Representative, 39th District - Vote for one",candidate,Aimee L Reiner,1080
Clackamas,416,"State Representative, 39th District - Vote for one",candidate,April Dobson,1265
Clackamas,416,"State Representative, 39th District - Vote for one",undervotes,,227
Clackamas,416,"State Representative, 39th District - Vote for one",overvotes,,2
Clackamas,416,"State Representative, 39th District - Vote for one",writein,,6
Clackamas,416,"State Representative, 39th District - Vote for one",ballots_cast,,2580
Clackamas,416,"State Representative, 39th District - Vote for one",registered,,3554
Clackamas,417,"State Representative, 39th District - Vote for one",candidate,Aimee L Reiner,630
Clackamas,417,"State Representative, 39th District - Vote for one",candidate,April Dobson,513
Clackamas,417,"State Representative, 39th District - Vote for one",undervotes,,98
Clackamas,417,"State Representative, 39th District - Vote for one",overvotes,,1
Clackamas,417,"State Representative, 39th District - Vote for one",writein,,2
Clackamas,417,"State Representative, 39th District - Vote for one",ballots_cast,,1244
Clackamas,417,"State Representative, 39th District - Vote for one",registered,,1722
Clackamas,419,"State Representative, 39th District - Vote for one",candidate,Aimee L Reiner,878
Clackamas,419,"State Representative, 39th District - Vote for one",candidate,April Dobson,1068
Clackamas,419,"State Representative, 39th District - Vote for one",undervotes,,156
Clackamas,419,"State Representative, 39th District - Vote for one",overvotes,,0
Clackamas,419,"State Representative, 39th District - Vote for one",writein,,2
Clackamas,419,"State Representative, 39th District - Vote for one",ballots_cast,,2104
Clackamas,419,"State Representative, 39th District - Vote for one",registered,,2869
Clackamas,421,"State Representative, 39th District - Vote for one",candidate,Aimee L Reiner,823
Clackamas,421,"State Representative, 39th District - Vote for one",candidate,April Dobson,1367
Clackamas,421,"State Representative, 39th District - Vote for one",undervotes,,241
Clackamas,421,"State Representative, 39th District - Vote for one",overvotes,,0
Clackamas,421,"State Representative, 39th District - Vote for one",writein,,5
Clackamas,421,"State Representative, 39th District - Vote for one",ballots_cast,,2436
Clackamas,421,"State Representative, 39th District - Vote for one",registered,,3997
Clackamas,422,"State Representative, 39th District - Vote for one",candidate,Aimee L Reiner,1426
Clackamas,422,"State Representative, 39th District - Vote for one",candidate,April Dobson,2500
Clackamas,422,"State Representative, 39th District - Vote for one",undervotes,,353
Clackamas,422,"State Representative, 39th District - Vote for one",overvotes,,0
Clackamas,422,"State Representative, 39th District - Vote for one",writein,,20
Clackamas,422,"State Representative, 39th District - Vote for one",ballots_cast,,4299
Clackamas,422,"State Representative, 39th District - Vote for one",registered,,6688
Clackamas,628,"State Representative, 39th District - Vote for one",candidate,Aimee L Reiner,330
Clackamas,628,"State Representative, 39th District - Vote for one",candidate,April Dobson,525
Clackamas,628,"State Representative, 39th District - Vote for one",undervotes,,64
Clackamas,628,"State Representative, 39th District - Vote for one",overvotes,,0
Clackamas,628,"State Representative, 39th District - Vote for one",writein,,1
Clackamas,628,"State Representative, 39th District - Vote for one",ballots_cast,,920
Clackamas,628,"State Representative, 39th District - Vote for one",registered,,1227
Clackamas,503,"State Representative, 40th District - Vote for one",candidate,Michael Steven Newgard,1309
Clackamas,503,"State Representative, 40th District - Vote for one",candidate,Annessa Hartman,2156
Clackamas,503,"State Representative, 40th District - Vote for one",undervotes,,195
Clackamas,503,"State Representative, 40th District - Vote for one",overvotes,,0
Clackamas,503,"State Representative, 40th District - Vote for one",writein,,5
Clackamas,503,"State Representative, 40th District - Vote for one",ballots_cast,,3665
Clackamas,503,"State Representative, 40th District - Vote for one",registered,,4502
Clackamas,504,"State Representative, 40th District - Vote for one",candidate,Michael Steven Newgard,1710
Clackamas,504,"State Representative, 40th District - Vote for one",candidate,Annessa Hartman,2696
Clackamas,504,"State Representative, 40th District - Vote for one",undervotes,,380
Clackamas,504,"State Representative, 40th District - Vote for one",overvotes,,0
Clackamas,504,"State Representative, 40th District - Vote for one",writein,,7
Clackamas,504,"State Representative, 40th District - Vote for one",ballots_cast,,4793
Clackamas,504,"State Representative, 40th District - Vote for one",registered,,6460
Clackamas,506,"State Representative, 40th District - Vote for one",candidate,Michael Steven Newgard,1230
Clackamas,506,"State Representative, 40th District - Vote for one",candidate,Annessa Hartman,1452
Clackamas,506,"State Representative, 40th District - Vote for one",undervotes,,240
Clackamas,506,"State Representative, 40th District - Vote for one",overvotes,,2
Clackamas,506,"State Representative, 40th District - Vote for one",writein,,2
Clackamas,506,"State Representative, 40th District - Vote for one",ballots_cast,,2926
Clackamas,506,"State Representative, 40th District - Vote for one",registered,,3871
Clackamas,510,"State Representative, 40th District - Vote for one",candidate,Michael Steven Newgard,488
Clackamas,510,"State Representative, 40th District - Vote for one",candidate,Annessa Hartman,402
Clackamas,510,"State Representative, 40th District - Vote for one",undervotes,,71
Clackamas,510,"State Representative, 40th District - Vote for one",overvotes,,0
Clackamas,510,"State Representative, 40th District - Vote for one",writein,,1
Clackamas,510,"State Representative, 40th District - Vote for one",ballots_cast,,962
Clackamas,510,"State Representative, 40th District - Vote for one",registered,,1233
Clackamas,513,"State Representative, 40th District - Vote for one",candidate,Michael Steven Newgard,77
Clackamas,513,"State Representative, 40th District - Vote for one",candidate,Annessa Hartman,69
Clackamas,513,"State Representative, 40th District - Vote for one",undervotes,,11
Clackamas,513,"State Representative, 40th District - Vote for one",overvotes,,0
Clackamas,513,"State Representative, 40th District - Vote for one",writein,,0
Clackamas,513,"State Representative, 40th District - Vote for one",ballots_cast,,157
Clackamas,513,"State Representative, 40th District - Vote for one",registered,,186
Clackamas,600,"State Representative, 40th District - Vote for one",candidate,Michael Steven Newgard,1880
Clackamas,600,"State Representative, 40th District - Vote for one",candidate,Annessa Hartman,2673
Clackamas,600,"State Representative, 40th District - Vote for one",undervotes,,408
Clackamas,600,"State Representative, 40th District - Vote for one",overvotes,,1
Clackamas,600,"State Representative, 40th District - Vote for one",writein,,6
Clackamas,600,"State Representative, 40th District - Vote for one",ballots_cast,,4968
Clackamas,600,"State Representative, 40th District - Vote for one",registered,,6797
Clackamas,602,"State Representative, 40th District - Vote for one",candidate,Michael Steven Newgard,1683
Clackamas,602,"State Representative, 40th District - Vote for one",candidate,Annessa Hartman,1909
Clackamas,602,"State Representative, 40th District - Vote for one",undervotes,,329
Clackamas,602,"State Representative, 40th District - Vote for one",overvotes,,0
Clackamas,602,"State Representative, 40th District - Vote for one",writein,,4
Clackamas,602,"State Representative, 40th District - Vote for one",ballots_cast,,3925
Clackamas,602,"State Representative, 40th District - Vote for one",registered,,4842
Clackamas,604,"State Representative, 40th District - Vote for one",candidate,Michael Steven Newgard,3069
Clackamas,604,"State Representative, 40th District - Vote for one",candidate,Annessa Hartman,3038
Clackamas,604,"State Representative, 40th District - Vote for one",undervotes,,523
Clackamas,604,"State Representative, 40th District - Vote for one",overvotes,,0
Clackamas,604,"State Representative, 40th District - Vote for one",writein,,9
Clackamas,604,"State Representative, 40th District - Vote for one",ballots_cast,,6639
Clackamas,604,"State Representative, 40th District - Vote for one",registered,,8322
Clackamas,606,"State Representative, 40th District - Vote for one",candidate,Michael Steven Newgard,954
Clackamas,606,"State Representative, 40th District - Vote for one",candidate,Annessa Hartman,1167
Clackamas,606,"State Representative, 40th District - Vote for one",undervotes,,178
Clackamas,606,"State Representative, 40th District - Vote for one",overvotes,,1
Clackamas,606,"State Representative, 40th District - Vote for one",writein,,7
Clackamas,606,"State Representative, 40th District - Vote for one",ballots_cast,,2307
Clackamas,606,"State Representative, 40th District - Vote for one",registered,,3525
Clackamas,608,"State Representative, 40th District - Vote for one",candidate,Michael Steven Newgard,1277
Clackamas,608,"State Representative, 40th District - Vote for one",candidate,Annessa Hartman,1337
Clackamas,608,"State Representative, 40th District - Vote for one",undervotes,,245
Clackamas,608,"State Representative, 40th District - Vote for one",overvotes,,0
Clackamas,608,"State Representative, 40th District - Vote for one",writein,,6
Clackamas,608,"State Representative, 40th District - Vote for one",ballots_cast,,2865
Clackamas,608,"State Representative, 40th District - Vote for one",registered,,3844
Clackamas,614,"State Representative, 40th District - Vote for one",candidate,Michael Steven Newgard,893
Clackamas,614,"State Representative, 40th District - Vote for one",candidate,Annessa Hartman,1247
Clackamas,614,"State Representative, 40th District - Vote for one",undervotes,,189
Clackamas,614,"State Representative, 40th District - Vote for one",overvotes,,2
Clackamas,614,"State Representative, 40th District - Vote for one",writein,,6
Clackamas,614,"State Representative, 40th District - Vote for one",ballots_cast,,2337
Clackamas,614,"State Representative, 40th District - Vote for one",registered,,3288
Clackamas,616,"State Representative, 40th District - Vote for one",candidate,Michael Steven Newgard,1383
Clackamas,616,"State Representative, 40th District - Vote for one",candidate,Annessa Hartman,2049
Clackamas,616,"State Representative, 40th District - Vote for one",undervotes,,314
Clackamas,616,"State Representative, 40th District - Vote for one",overvotes,,0
Clackamas,616,"State Representative, 40th District - Vote for one",writein,,7
Clackamas,616,"State Representative, 40th District - Vote for one",ballots_cast,,3753
Clackamas,616,"State Representative, 40th District - Vote for one",registered,,4933
Clackamas,618,"State Representative, 40th District - Vote for one",candidate,Michael Steven Newgard,207
Clackamas,618,"State Representative, 40th District - Vote for one",candidate,Annessa Hartman,326
Clackamas,618,"State Representative, 40th District - Vote for one",undervotes,,48
Clackamas,618,"State Representative, 40th District - Vote for one",overvotes,,0
Clackamas,618,"State Representative, 40th District - Vote for one",writein,,0
Clackamas,618,"State Representative, 40th District - Vote for one",ballots_cast,,581
Clackamas,618,"State Representative, 40th District - Vote for one",registered,,725
Clackamas,620,"State Representative, 40th District - Vote for one",candidate,Michael Steven Newgard,111
Clackamas,620,"State Representative, 40th District - Vote for one",candidate,Annessa Hartman,137
Clackamas,620,"State Representative, 40th District - Vote for one",undervotes,,19
Clackamas,620,"State Representative, 40th District - Vote for one",overvotes,,0
Clackamas,620,"State Representative, 40th District - Vote for one",writein,,0
Clackamas,620,"State Representative, 40th District - Vote for one",ballots_cast,,267
Clackamas,620,"State Representative, 40th District - Vote for one",registered,,369
Clackamas,115/116,"State Representative, 41st District - Vote for one",candidate,Mark F Gamba,163
Clackamas,115/116,"State Representative, 41st District - Vote for one",candidate,Elvis Clark,73
Clackamas,115/116,"State Representative, 41st District - Vote for one",undervotes,,22
Clackamas,115/116,"State Representative, 41st District - Vote for one",overvotes,,0
Clackamas,115/116,"State Representative, 41st District - Vote for one",writein,,0
Clackamas,115/116,"State Representative, 41st District - Vote for one",ballots_cast,,258
Clackamas,115/116,"State Representative, 41st District - Vote for one",registered,,299
Clackamas,420,"State Representative, 41st District - Vote for one",candidate,Mark F Gamba,1019
Clackamas,420,"State Representative, 41st District - Vote for one",candidate,Elvis Clark,499
Clackamas,420,"State Representative, 41st District - Vote for one",undervotes,,171
Clackamas,420,"State Representative, 41st District - Vote for one",overvotes,,0
Clackamas,420,"State Representative, 41st District - Vote for one",writein,,10
Clackamas,420,"State Representative, 41st District - Vote for one",ballots_cast,,1699
Clackamas,420,"State Representative, 41st District - Vote for one",registered,,2117
Clackamas,500,"State Representative, 41st District - Vote for one",candidate,Mark F Gamba,774
Clackamas,500,"State Representative, 41st District - Vote for one",candidate,Elvis Clark,351
Clackamas,500,"State Representative, 41st District - Vote for one",undervotes,,133
Clackamas,500,"State Representative, 41st District - Vote for one",overvotes,,1
Clackamas,500,"State Representative, 41st District - Vote for one",writein,,2
Clackamas,500,"State Representative, 41st District - Vote for one",ballots_cast,,1261
Clackamas,500,"State Representative, 41st District - Vote for one",registered,,1729
Clackamas,501,"State Representative, 41st District - Vote for one",candidate,Mark F Gamba,2708
Clackamas,501,"State Representative, 41st District - Vote for one",candidate,Elvis Clark,879
Clackamas,501,"State Representative, 41st District - Vote for one",undervotes,,340
Clackamas,501,"State Representative, 41st District - Vote for one",overvotes,,0
Clackamas,501,"State Representative, 41st District - Vote for one",writein,,5
Clackamas,501,"State Representative, 41st District - Vote for one",ballots_cast,,3932
Clackamas,501,"State Representative, 41st District - Vote for one",registered,,4919
Clackamas,502,"State Representative, 41st District - Vote for one",candidate,Mark F Gamba,2639
Clackamas,502,"State Representative, 41st District - Vote for one",candidate,Elvis Clark,1237
Clackamas,502,"State Representative, 41st District - Vote for one",undervotes,,439
Clackamas,502,"State Representative, 41st District - Vote for one",overvotes,,0
Clackamas,502,"State Representative, 41st District - Vote for one",writein,,6
Clackamas,502,"State Representative, 41st District - Vote for one",ballots_cast,,4321
Clackamas,502,"State Representative, 41st District - Vote for one",registered,,5593
Clackamas,622,"State Representative, 41st District - Vote for one",candidate,Mark F Gamba,1541
Clackamas,622,"State Representative, 41st District - Vote for one",candidate,Elvis Clark,620
Clackamas,622,"State Representative, 41st District - Vote for one",undervotes,,225
Clackamas,622,"State Representative, 41st District - Vote for one",overvotes,,0
Clackamas,622,"State Representative, 41st District - Vote for one",writein,,4
Clackamas,622,"State Representative, 41st District - Vote for one",ballots_cast,,2390
Clackamas,622,"State Representative, 41st District - Vote for one",registered,,2992
Clackamas,626,"State Representative, 41st District - Vote for one",candidate,Mark F Gamba,2937
Clackamas,626,"State Representative, 41st District - Vote for one",candidate,Elvis Clark,914
Clackamas,626,"State Representative, 41st District - Vote for one",undervotes,,347
Clackamas,626,"State Representative, 41st District - Vote for one",overvotes,,0
Clackamas,626,"State Representative, 41st District - Vote for one",writein,,6
Clackamas,626,"State Representative, 41st District - Vote for one",ballots_cast,,4204
Clackamas,626,"State Representative, 41st District - Vote for one",registered,,5386
Clackamas,630,"State Representative, 41st District - Vote for one",candidate,Mark F Gamba,3481
Clackamas,630,"State Representative, 41st District - Vote for one",candidate,Elvis Clark,1423
Clackamas,630,"State Representative, 41st District - Vote for one",undervotes,,463
Clackamas,630,"State Representative, 41st District - Vote for one",overvotes,,1
Clackamas,630,"State Representative, 41st District - Vote for one",writein,,10
Clackamas,630,"State Representative, 41st District - Vote for one",ballots_cast,,5378
Clackamas,630,"State Representative, 41st District - Vote for one",registered,,6750
Clackamas,102,"State Representative, 48th District - Vote for one",candidate,Hoa H Nguyen,537
Clackamas,102,"State Representative, 48th District - Vote for one",candidate,John Masterman,654
Clackamas,102,"State Representative, 48th District - Vote for one",undervotes,,140
Clackamas,102,"State Representative, 48th District - Vote for one",overvotes,,0
Clackamas,102,"State Representative, 48th District - Vote for one",writein,,1
Clackamas,102,"State Representative, 48th District - Vote for one",ballots_cast,,1332
Clackamas,102,"State Representative, 48th District - Vote for one",registered,,1781
Clackamas,104,"State Representative, 48th District - Vote for one",candidate,Hoa H Nguyen,10
Clackamas,104,"State Representative, 48th District - Vote for one",candidate,John Masterman,12
Clackamas,104,"State Representative, 48th District - Vote for one",undervotes,,1
Clackamas,104,"State Representative, 48th District - Vote for one",overvotes,,0
Clackamas,104,"State Representative, 48th District - Vote for one",writein,,0
Clackamas,104,"State Representative, 48th District - Vote for one",ballots_cast,,23
Clackamas,104,"State Representative, 48th District - Vote for one",registered,,27
Clackamas,112,"State Representative, 48th District - Vote for one",candidate,Hoa H Nguyen,0
Clackamas,112,"State Representative, 48th District - Vote for one",candidate,John Masterman,0
Clackamas,112,"State Representative, 48th District - Vote for one",undervotes,,0
Clackamas,112,"State Representative, 48th District - Vote for one",overvotes,,0
Clackamas,112,"State Representative, 48th District - Vote for one",writein,,0
Clackamas,112,"State Representative, 48th District - Vote for one",ballots_cast,,0
Clackamas,112,"State Representative, 48th District - Vote for one",registered,,0
Clackamas,400,"State Representative, 48th District - Vote for one",candidate,Hoa H Nguyen,1441
Clackamas,400,"State Representative, 48th District - Vote for one",candidate,John Masterman,2566
Clackamas,400,"State Representative, 48th District - Vote for one",undervotes,,266
Clackamas,400,"State Representative, 48th District - Vote for one",overvotes,,0
Clackamas,400,"State Representative, 48th District - Vote for one",writein,,3
Clackamas,400,"State Representative, 48th District - Vote for one",ballots_cast,,4276
Clackamas,400,"State Representative, 48th District - Vote for one",registered,,5327
Clackamas,405,"State Representative, 48th District - Vote for one",candidate,Hoa H Nguyen,733
Clackamas,405,"State Representative, 48th District - Vote for one",candidate,John Masterman,1422
Clackamas,405,"State Representative, 48th District - Vote for one",undervotes,,154
Clackamas,405,"State Representative, 48th District - Vote for one",overvotes,,1
Clackamas,405,"State Representative, 48th District - Vote for one",writein,,5
Clackamas,405,"State Representative, 48th District - Vote for one",ballots_cast,,2315
Clackamas,405,"State Representative, 48th District - Vote for one",registered,,2964
Clackamas,412,"State Representative, 48th District - Vote for one",candidate,Hoa H Nguyen,832
Clackamas,412,"State Representative, 48th District - Vote for one",candidate,John Masterman,1137
Clackamas,412,"State Representative, 48th District - Vote for one",undervotes,,125
Clackamas,412,"State Representative, 48th District - Vote for one",overvotes,,0
Clackamas,412,"State Representative, 48th District - Vote for one",writein,,3
Clackamas,412,"State Representative, 48th District - Vote for one",ballots_cast,,2097
Clackamas,412,"State Representative, 48th District - Vote for one",registered,,2680
Clackamas,106,"State Representative, 51st District - Vote for one",candidate,Christine Drazan,2028
Clackamas,106,"State Representative, 51st District - Vote for one",undervotes,,927
Clackamas,106,"State Representative, 51st District - Vote for one",overvotes,,0
Clackamas,106,"State Representative, 51st District - Vote for one",writein,,95
Clackamas,106,"State Representative, 51st District - Vote for one",ballots_cast,,3050
Clackamas,106,"State Representative, 51st District - Vote for one",registered,,4139
Clackamas,107,"State Representative, 51st District - Vote for one",candidate,Christine Drazan,1198
Clackamas,107,"State Representative, 51st District - Vote for one",undervotes,,638
Clackamas,107,"State Representative, 51st District - Vote for one",overvotes,,0
Clackamas,107,"State Representative, 51st District - Vote for one",writein,,76
Clackamas,107,"State Representative, 51st District - Vote for one",ballots_cast,,1912
Clackamas,107,"State Representative, 51st District - Vote for one",registered,,2531
Clackamas,108,"State Representative, 51st District - Vote for one",candidate,Christine Drazan,2857
Clackamas,108,"State Representative, 51st District - Vote for one",undervotes,,1534
Clackamas,108,"State Representative, 51st District - Vote for one",overvotes,,0
Clackamas,108,"State Representative, 51st District - Vote for one",writein,,193
Clackamas,108,"State Representative, 51st District - Vote for one",ballots_cast,,4584
Clackamas,108,"State Representative, 51st District - Vote for one",registered,,6345
Clackamas,122,"State Representative, 51st District - Vote for one",candidate,Christine Drazan,2155
Clackamas,122,"State Representative, 51st District - Vote for one",undervotes,,1161
Clackamas,122,"State Representative, 51st District - Vote for one",overvotes,,0
Clackamas,122,"State Representative, 51st District - Vote for one",writein,,144
Clackamas,122,"State Representative, 51st District - Vote for one",ballots_cast,,3460
Clackamas,122,"State Representative, 51st District - Vote for one",registered,,4649
Clackamas,123,"State Representative, 51st District - Vote for one",candidate,Christine Drazan,1431
Clackamas,123,"State Representative, 51st District - Vote for one",undervotes,,625
Clackamas,123,"State Representative, 51st District - Vote for one",overvotes,,0
Clackamas,123,"State Representative, 51st District - Vote for one",writein,,86
Clackamas,123,"State Representative, 51st District - Vote for one",ballots_cast,,2142
Clackamas,123,"State Representative, 51st District - Vote for one",registered,,2779
Clackamas,124,"State Representative, 51st District - Vote for one",candidate,Christine Drazan,2285
Clackamas,124,"State Representative, 51st District - Vote for one",undervotes,,1138
Clackamas,124,"State Representative, 51st District - Vote for one",overvotes,,0
Clackamas,124,"State Representative, 51st District - Vote for one",writein,,176
Clackamas,124,"State Representative, 51st District - Vote for one",ballots_cast,,3599
Clackamas,124,"State Representative, 51st District - Vote for one",registered,,4315
Clackamas,125,"State Representative, 51st District - Vote for one",candidate,Christine Drazan,779
Clackamas,125,"State Representative, 51st District - Vote for one",undervotes,,456
Clackamas,125,"State Representative, 51st District - Vote for one",overvotes,,0
Clackamas,125,"State Representative, 51st District - Vote for one",writein,,65
Clackamas,125,"State Representative, 51st District - Vote for one",ballots_cast,,1300
Clackamas,125,"State Representative, 51st District - Vote for one",registered,,1622
Clackamas,359,"State Representative, 51st District - Vote for one",candidate,Christine Drazan,1981
Clackamas,359,"State Representative, 51st District - Vote for one",undervotes,,949
Clackamas,359,"State Representative, 51st District - Vote for one",overvotes,,0
Clackamas,359,"State Representative, 51st District - Vote for one",writein,,98
Clackamas,359,"State Representative, 51st District - Vote for one",ballots_cast,,3028
Clackamas,359,"State Representative, 51st District - Vote for one",registered,,4029
Clackamas,360,"State Representative, 51st District - Vote for one",candidate,Christine Drazan,768
Clackamas,360,"State Representative, 51st District - Vote for one",undervotes,,378
Clackamas,360,"State Representative, 51st District - Vote for one",overvotes,,0
Clackamas,360,"State Representative, 51st District - Vote for one",writein,,40
Clackamas,360,"State Representative, 51st District - Vote for one",ballots_cast,,1186
Clackamas,360,"State Representative, 51st District - Vote for one",registered,,1492
Clackamas,363,"State Representative, 51st District - Vote for one",candidate,Christine Drazan,1410
Clackamas,363,"State Representative, 51st District - Vote for one",undervotes,,719
Clackamas,363,"State Representative, 51st District - Vote for one",overvotes,,0
Clackamas,363,"State Representative, 51st District - Vote for one",writein,,82
Clackamas,363,"State Representative, 51st District - Vote for one",ballots_cast,,2211
Clackamas,363,"State Representative, 51st District - Vote for one",registered,,2820
Clackamas,372,"State Representative, 51st District - Vote for one",candidate,Christine Drazan,37
Clackamas,372,"State Representative, 51st District - Vote for one",undervotes,,10
Clackamas,372,"State Representative, 51st District - Vote for one",overvotes,,0
Clackamas,372,"State Representative, 51st District - Vote for one",writein,,0
Clackamas,372,"State Representative, 51st District - Vote for one",ballots_cast,,47
Clackamas,372,"State Representative, 51st District - Vote for one",registered,,57
Clackamas,403,"State Representative, 51st District - Vote for one",candidate,Christine Drazan,873
Clackamas,403,"State Representative, 51st District - Vote for one",undervotes,,486
Clackamas,403,"State Representative, 51st District - Vote for one",overvotes,,0
Clackamas,403,"State Representative, 51st District - Vote for one",writein,,69
Clackamas,403,"State Representative, 51st District - Vote for one",ballots_cast,,1428
Clackamas,403,"State Representative, 51st District - Vote for one",registered,,1912
Clackamas,415,"State Representative, 51st District - Vote for one",candidate,Christine Drazan,260
Clackamas,415,"State Representative, 51st District - Vote for one",undervotes,,182
Clackamas,415,"State Representative, 51st District - Vote for one",overvotes,,0
Clackamas,415,"State Representative, 51st District - Vote for one",writein,,17
Clackamas,415,"State Representative, 51st District - Vote for one",ballots_cast,,459
Clackamas,415,"State Representative, 51st District - Vote for one",registered,,544
Clackamas,418,"State Representative, 51st District - Vote for one",candidate,Christine Drazan,691
Clackamas,418,"State Representative, 51st District - Vote for one",undervotes,,402
Clackamas,418,"State Representative, 51st District - Vote for one",overvotes,,0
Clackamas,418,"State Representative, 51st District - Vote for one",writein,,33
Clackamas,418,"State Representative, 51st District - Vote for one",ballots_cast,,1126
Clackamas,418,"State Representative, 51st District - Vote for one",registered,,1376
Clackamas,511,"State Representative, 51st District - Vote for one",candidate,Christine Drazan,1466
Clackamas,511,"State Representative, 51st District - Vote for one",undervotes,,713
Clackamas,511,"State Representative, 51st District - Vote for one",overvotes,,0
Clackamas,511,"State Representative, 51st District - Vote for one",writein,,85
Clackamas,511,"State Representative, 51st District - Vote for one",ballots_cast,,2264
Clackamas,511,"State Representative, 51st District - Vote for one",registered,,2831
Clackamas,512,"State Representative, 51st District - Vote for one",candidate,Christine Drazan,1239
Clackamas,512,"State Representative, 51st District - Vote for one",undervotes,,780
Clackamas,512,"State Representative, 51st District - Vote for one",overvotes,,1
Clackamas,512,"State Representative, 51st District - Vote for one",writein,,69
Clackamas,512,"State Representative, 51st District - Vote for one",ballots_cast,,2089
Clackamas,512,"State Representative, 51st District - Vote for one",registered,,2710
Clackamas,514,"State Representative, 51st District - Vote for one",candidate,Christine Drazan,3518
Clackamas,514,"State Representative, 51st District - Vote for one",undervotes,,1831
Clackamas,514,"State Representative, 51st District - Vote for one",overvotes,,0
Clackamas,514,"State Representative, 51st District - Vote for one",writein,,220
Clackamas,514,"State Representative, 51st District - Vote for one",ballots_cast,,5569
Clackamas,514,"State Representative, 51st District - Vote for one",registered,,6811
Clackamas,516,"State Representative, 51st District - Vote for one",candidate,Christine Drazan,1396
Clackamas,516,"State Representative, 51st District - Vote for one",undervotes,,650
Clackamas,516,"State Representative, 51st District - Vote for one",overvotes,,1
Clackamas,516,"State Representative, 51st District - Vote for one",writein,,97
Clackamas,516,"State Representative, 51st District - Vote for one",ballots_cast,,2144
Clackamas,516,"State Representative, 51st District - Vote for one",registered,,2658
Clackamas,518,"State Representative, 51st District - Vote for one",candidate,Christine Drazan,1500
Clackamas,518,"State Representative, 51st District - Vote for one",undervotes,,704
Clackamas,518,"State Representative, 51st District - Vote for one",overvotes,,0
Clackamas,518,"State Representative, 51st District - Vote for one",writein,,92
Clackamas,518,"State Representative, 51st District - Vote for one",ballots_cast,,2296
Clackamas,518,"State Representative, 51st District - Vote for one",registered,,2760
Clackamas,109,"State Representative, 52nd District - Vote for one",candidate,Nick Walden Poublon,0
Clackamas,109,"State Representative, 52nd District - Vote for one",candidate,Jeff Helfrich,0
Clackamas,109,"State Representative, 52nd District - Vote for one",undervotes,,0
Clackamas,109,"State Representative, 52nd District - Vote for one",overvotes,,0
Clackamas,109,"State Representative, 52nd District - Vote for one",writein,,0
Clackamas,109,"State Representative, 52nd District - Vote for one",ballots_cast,,0
Clackamas,109,"State Representative, 52nd District - Vote for one",registered,,0
Clackamas,364,"State Representative, 52nd District - Vote for one",candidate,Nick Walden Poublon,80
Clackamas,364,"State Representative, 52nd District - Vote for one",candidate,Jeff Helfrich,174
Clackamas,364,"State Representative, 52nd District - Vote for one",undervotes,,22
Clackamas,364,"State Representative, 52nd District - Vote for one",overvotes,,0
Clackamas,364,"State Representative, 52nd District - Vote for one",writein,,3
Clackamas,364,"State Representative, 52nd District - Vote for one",ballots_cast,,279
Clackamas,364,"State Representative, 52nd District - Vote for one",registered,,379
Clackamas,371,"State Representative, 52nd District - Vote for one",candidate,Nick Walden Poublon,77
Clackamas,371,"State Representative, 52nd District - Vote for one",candidate,Jeff Helfrich,164
Clackamas,371,"State Representative, 52nd District - Vote for one",undervotes,,14
Clackamas,371,"State Representative, 52nd District - Vote for one",overvotes,,0
Clackamas,371,"State Representative, 52nd District - Vote for one",writein,,0
Clackamas,371,"State Representative, 52nd District - Vote for one",ballots_cast,,255
Clackamas,371,"State Representative, 52nd District - Vote for one",registered,,326
Clackamas,373,"State Representative, 52nd District - Vote for one",candidate,Nick Walden Poublon,1742
Clackamas,373,"State Representative, 52nd District - Vote for one",candidate,Jeff Helfrich,1872
Clackamas,373,"State Representative, 52nd District - Vote for one",undervotes,,276
Clackamas,373,"State Representative, 52nd District - Vote for one",overvotes,,0
Clackamas,373,"State Representative, 52nd District - Vote for one",writein,,2
Clackamas,373,"State Representative, 52nd District - Vote for one",ballots_cast,,3892
Clackamas,373,"State Representative, 52nd District - Vote for one",registered,,5207
Clackamas,374,"State Representative, 52nd District - Vote for one",candidate,Nick Walden Poublon,0
Clackamas,374,"State Representative, 52nd District - Vote for one",candidate,Jeff Helfrich,0
Clackamas,374,"State Representative, 52nd District - Vote for one",undervotes,,0
Clackamas,374,"State Representative, 52nd District - Vote for one",overvotes,,0
Clackamas,374,"State Representative, 52nd District - Vote for one",writein,,0
Clackamas,374,"State Representative, 52nd District - Vote for one",ballots_cast,,0
Clackamas,374,"State Representative, 52nd District - Vote for one",registered,,0
Clackamas,404,"State Representative, 52nd District - Vote for one",candidate,Nick Walden Poublon,1046
Clackamas,404,"State Representative, 52nd District - Vote for one",candidate,Jeff Helfrich,2539
Clackamas,404,"State Representative, 52nd District - Vote for one",undervotes,,311
Clackamas,404,"State Representative, 52nd District - Vote for one",overvotes,,1
Clackamas,404,"State Representative, 52nd District - Vote for one",writein,,9
Clackamas,404,"State Representative, 52nd District - Vote for one",ballots_cast,,3906
Clackamas,404,"State Representative, 52nd District - Vote for one",registered,,5059
Clackamas,406,"State Representative, 52nd District - Vote for one",candidate,Nick Walden Poublon,214
Clackamas,406,"State Representative, 52nd District - Vote for one",candidate,Jeff Helfrich,688
Clackamas,406,"State Representative, 52nd District - Vote for one",undervotes,,71
Clackamas,406,"State Representative, 52nd District - Vote for one",overvotes,,0
Clackamas,406,"State Representative, 52nd District - Vote for one",writein,,0
Clackamas,406,"State Representative, 52nd District - Vote for one",ballots_cast,,973
Clackamas,406,"State Representative, 52nd District - Vote for one",registered,,1255
Clackamas,355,"State Representative, 57th District - Vote for one",candidate,Greg Smith,0
Clackamas,355,"State Representative, 57th District - Vote for one",undervotes,,0
Clackamas,355,"State Representative, 57th District - Vote for one",overvotes,,0
Clackamas,355,"State Representative, 57th District - Vote for one",writein,,0
Clackamas,355,"State Representative, 57th District - Vote for one",ballots_cast,,0
Clackamas,355,"State Representative, 57th District - Vote for one",registered,,0
