county,precinct_label,contest,type,choice,votes
Deschutes,14,United States President and Vice President,candidate,Robert F Kennedy Jr / Nicole Shanahan,18
Deschutes,14,United States President and Vice President,candidate,Cornel West,0
Deschutes,14,United States President and Vice President,candidate,Chase Oliver / Mike ter Maat,8
Deschutes,14,United States President and Vice President,candidate,Randall Terry,0
Deschutes,14,United States President and Vice President,candidate,Donald J Trump / JD Vance,804
Deschutes,14,United States President and Vice President,candidate,Jill Stein / Rudolph Ware,2
Deschutes,14,United States President and Vice President,candidate,Kamala D Harris / Tim Walz,716
Deschutes,14,United States President and Vice President,writein,,14
Deschutes,14,United States President and Vice President,total_votes,,1562
Deschutes,14,United States President and Vice President,overvotes,,0
Deschutes,14,United States President and Vice President,undervotes,,23
Deschutes,14,United States President and Vice President,ballots_cast,,1585
Deschutes,14,United States President and Vice President,registered,,1911
Deschutes,15,United States President and Vice President,candidate,Robert F Kennedy Jr / Nicole Shanahan,35
Deschutes,15,United States President and Vice President,candidate,Cornel West,2
Deschutes,15,United States President and Vice President,candidate,Chase Oliver / Mike ter Maat,8
Deschutes,15,United States President and Vice President,candidate,Randall Terry,0
Deschutes,15,United States President and Vice President,candidate,Donald J Trump / JD Vance,1079
Deschutes,15,United States President and Vice President,candidate,Jill Stein / Rudolph Ware,9
Deschutes,15,United States President and Vice President,candidate,Kamala D Harris / Tim Walz,1190
Deschutes,15,United States President and Vice President,writein,,29
Deschutes,15,United States President and Vice President,total_votes,,2352
Deschutes,15,United States President and Vice President,overvotes,,0
Deschutes,15,United States President and Vice President,undervotes,,16
Deschutes,15,United States President and Vice President,ballots_cast,,2368
Deschutes,15,United States President and Vice President,registered,,2697
Deschutes,18,United States President and Vice President,candidate,Robert F Kennedy Jr / Nicole Shanahan,53
Deschutes,18,United States President and Vice President,candidate,Cornel West,0
Deschutes,18,United States President and Vice President,candidate,Chase Oliver / Mike ter Maat,6
Deschutes,18,United States President and Vice President,candidate,Randall Terry,0
Deschutes,18,United States President and Vice President,candidate,Donald J Trump / JD Vance,2224
Deschutes,18,United States President and Vice President,candidate,Jill Stein / Rudolph Ware,9
Deschutes,18,United States President and Vice President,candidate,Kamala D Harris / Tim Walz,947
Deschutes,18,United States President and Vice President,writein,,10
Deschutes,18,United States President and Vice President,total_votes,,3249
Deschutes,18,United States President and Vice President,overvotes,,0
Deschutes,18,United States President and Vice President,undervotes,,33
Deschutes,18,United States President and Vice President,ballots_cast,,3282
Deschutes,18,United States President and Vice President,registered,,4075
Deschutes,08,United States President and Vice President,candidate,Robert F Kennedy Jr / Nicole Shanahan,8
Deschutes,08,United States President and Vice President,candidate,Cornel West,0
Deschutes,08,United States President and Vice President,candidate,Chase Oliver / Mike ter Maat,5
Deschutes,08,United States President and Vice President,candidate,Randall Terry,1
Deschutes,08,United States President and Vice President,candidate,Donald J Trump / JD Vance,256
Deschutes,08,United States President and Vice President,candidate,Jill Stein / Rudolph Ware,3
Deschutes,08,United States President and Vice President,candidate,Kamala D Harris / Tim Walz,534
Deschutes,08,United States President and Vice President,writein,,12
Deschutes,08,United States President and Vice President,total_votes,,819
Deschutes,08,United States President and Vice President,overvotes,,0
Deschutes,08,United States President and Vice President,undervotes,,16
Deschutes,08,United States President and Vice President,ballots_cast,,835
Deschutes,08,United States President and Vice President,registered,,954
Deschutes,09,United States President and Vice President,candidate,Robert F Kennedy Jr / Nicole Shanahan,28
Deschutes,09,United States President and Vice President,candidate,Cornel West,2
Deschutes,09,United States President and Vice President,candidate,Chase Oliver / Mike ter Maat,14
Deschutes,09,United States President and Vice President,candidate,Randall Terry,1
Deschutes,09,United States President and Vice President,candidate,Donald J Trump / JD Vance,665
Deschutes,09,United States President and Vice President,candidate,Jill Stein / Rudolph Ware,20
Deschutes,09,United States President and Vice President,candidate,Kamala D Harris / Tim Walz,1180
Deschutes,09,United States President and Vice President,writein,,13
Deschutes,09,United States President and Vice President,total_votes,,1923
Deschutes,09,United States President and Vice President,overvotes,,1
Deschutes,09,United States President and Vice President,undervotes,,17
Deschutes,09,United States President and Vice President,ballots_cast,,1941
Deschutes,09,United States President and Vice President,registered,,2780
Deschutes,39,United States President and Vice President,candidate,Robert F Kennedy Jr / Nicole Shanahan,111
Deschutes,39,United States President and Vice President,candidate,Cornel West,2
Deschutes,39,United States President and Vice President,candidate,Chase Oliver / Mike ter Maat,13
Deschutes,39,United States President and Vice President,candidate,Randall Terry,1
Deschutes,39,United States President and Vice President,candidate,Donald J Trump / JD Vance,3042
Deschutes,39,United States President and Vice President,candidate,Jill Stein / Rudolph Ware,18
Deschutes,39,United States President and Vice President,candidate,Kamala D Harris / Tim Walz,2155
Deschutes,39,United States President and Vice President,writein,,21
Deschutes,39,United States President and Vice President,total_votes,,5363
Deschutes,39,United States President and Vice President,overvotes,,2
Deschutes,39,United States President and Vice President,undervotes,,50
Deschutes,39,United States President and Vice President,ballots_cast,,5415
Deschutes,39,United States President and Vice President,registered,,7172
Deschutes,12,United States President and Vice President,candidate,Robert F Kennedy Jr / Nicole Shanahan,11
Deschutes,12,United States President and Vice President,candidate,Cornel West,1
Deschutes,12,United States President and Vice President,candidate,Chase Oliver / Mike ter Maat,2
Deschutes,12,United States President and Vice President,candidate,Randall Terry,0
Deschutes,12,United States President and Vice President,candidate,Donald J Trump / JD Vance,393
Deschutes,12,United States President and Vice President,candidate,Jill Stein / Rudolph Ware,3
Deschutes,12,United States President and Vice President,candidate,Kamala D Harris / Tim Walz,329
Deschutes,12,United States President and Vice President,writein,,4
Deschutes,12,United States President and Vice President,total_votes,,743
Deschutes,12,United States President and Vice President,overvotes,,0
Deschutes,12,United States President and Vice President,undervotes,,7
Deschutes,12,United States President and Vice President,ballots_cast,,750
Deschutes,12,United States President and Vice President,registered,,884
Deschutes,43,United States President and Vice President,candidate,Robert F Kennedy Jr / Nicole Shanahan,38
Deschutes,43,United States President and Vice President,candidate,Cornel West,3
Deschutes,43,United States President and Vice President,candidate,Chase Oliver / Mike ter Maat,14
Deschutes,43,United States President and Vice President,candidate,Randall Terry,1
Deschutes,43,United States President and Vice President,candidate,Donald J Trump / JD Vance,1531
Deschutes,43,United States President and Vice President,candidate,Jill Stein / Rudolph Ware,12
Deschutes,43,United States President and Vice President,candidate,Kamala D Harris / Tim Walz,1093
Deschutes,43,United States President and Vice President,writein,,17
Deschutes,43,United States President and Vice President,total_votes,,2709
Deschutes,43,United States President and Vice President,overvotes,,0
Deschutes,43,United States President and Vice President,undervotes,,23
Deschutes,43,United States President and Vice President,ballots_cast,,2732
Deschutes,43,United States President and Vice President,registered,,3311
Deschutes,49,United States President and Vice President,candidate,Robert F Kennedy Jr / Nicole Shanahan,10
Deschutes,49,United States President and Vice President,candidate,Cornel West,0
Deschutes,49,United States President and Vice President,candidate,Chase Oliver / Mike ter Maat,1
Deschutes,49,United States President and Vice President,candidate,Randall Terry,0
Deschutes,49,United States President and Vice President,candidate,Donald J Trump / JD Vance,189
Deschutes,49,United States President and Vice President,candidate,Jill Stein / Rudolph Ware,1
Deschutes,49,United States President and Vice President,candidate,Kamala D Harris / Tim Walz,313
Deschutes,49,United States President and Vice President,writein,,3
Deschutes,49,United States President and Vice President,total_votes,,517
Deschutes,49,United States President and Vice President,overvotes,,0
Deschutes,49,United States President and Vice President,undervotes,,5
Deschutes,49,United States President and Vice President,ballots_cast,,522
Deschutes,49,United States President and Vice President,registered,,594
Deschutes,06,United States President and Vice President,candidate,Robert F Kennedy Jr / Nicole Shanahan,51
Deschutes,06,United States President and Vice President,candidate,Cornel West,3
Deschutes,06,United States President and Vice President,candidate,Chase Oliver / Mike ter Maat,9
Deschutes,06,United States President and Vice President,candidate,Randall Terry,2
Deschutes,06,United States President and Vice President,candidate,Donald J Trump / JD Vance,848
Deschutes,06,United States President and Vice President,candidate,Jill Stein / Rudolph Ware,29
Deschutes,06,United States President and Vice President,candidate,Kamala D Harris / Tim Walz,1802
Deschutes,06,United States President and Vice President,writein,,10
Deschutes,06,United States President and Vice President,total_votes,,2754
Deschutes,06,United States President and Vice President,overvotes,,1
Deschutes,06,United States President and Vice President,undervotes,,27
Deschutes,06,United States President and Vice President,ballots_cast,,2782
Deschutes,06,United States President and Vice President,registered,,3846
Deschutes,21,United States President and Vice President,candidate,Robert F Kennedy Jr / Nicole Shanahan,44
Deschutes,21,United States President and Vice President,candidate,Cornel West,4
Deschutes,21,United States President and Vice President,candidate,Chase Oliver / Mike ter Maat,11
Deschutes,21,United States President and Vice President,candidate,Randall Terry,1
Deschutes,21,United States President and Vice President,candidate,Donald J Trump / JD Vance,1653
Deschutes,21,United States President and Vice President,candidate,Jill Stein / Rudolph Ware,20
Deschutes,21,United States President and Vice President,candidate,Kamala D Harris / Tim Walz,1155
Deschutes,21,United States President and Vice President,writein,,31
Deschutes,21,United States President and Vice President,total_votes,,2919
Deschutes,21,United States President and Vice President,overvotes,,0
Deschutes,21,United States President and Vice President,undervotes,,35
Deschutes,21,United States President and Vice President,ballots_cast,,2954
Deschutes,21,United States President and Vice President,registered,,3582
Deschutes,27,United States President and Vice President,candidate,Robert F Kennedy Jr / Nicole Shanahan,36
Deschutes,27,United States President and Vice President,candidate,Cornel West,3
Deschutes,27,United States President and Vice President,candidate,Chase Oliver / Mike ter Maat,17
Deschutes,27,United States President and Vice President,candidate,Randall Terry,0
Deschutes,27,United States President and Vice President,candidate,Donald J Trump / JD Vance,408
Deschutes,27,United States President and Vice President,candidate,Jill Stein / Rudolph Ware,23
Deschutes,27,United States President and Vice President,candidate,Kamala D Harris / Tim Walz,1872
Deschutes,27,United States President and Vice President,writein,,10
Deschutes,27,United States President and Vice President,total_votes,,2369
Deschutes,27,United States President and Vice President,overvotes,,0
Deschutes,27,United States President and Vice President,undervotes,,16
Deschutes,27,United States President and Vice President,ballots_cast,,2385
Deschutes,27,United States President and Vice President,registered,,2860
Deschutes,03,United States President and Vice President,candidate,Robert F Kennedy Jr / Nicole Shanahan,56
Deschutes,03,United States President and Vice President,candidate,Cornel West,4
Deschutes,03,United States President and Vice President,candidate,Chase Oliver / Mike ter Maat,18
Deschutes,03,United States President and Vice President,candidate,Randall Terry,1
Deschutes,03,United States President and Vice President,candidate,Donald J Trump / JD Vance,675
Deschutes,03,United States President and Vice President,candidate,Jill Stein / Rudolph Ware,37
Deschutes,03,United States President and Vice President,candidate,Kamala D Harris / Tim Walz,3191
Deschutes,03,United States President and Vice President,writein,,31
Deschutes,03,United States President and Vice President,total_votes,,4013
Deschutes,03,United States President and Vice President,overvotes,,3
Deschutes,03,United States President and Vice President,undervotes,,25
Deschutes,03,United States President and Vice President,ballots_cast,,4041
Deschutes,03,United States President and Vice President,registered,,4658
Deschutes,33,United States President and Vice President,candidate,Robert F Kennedy Jr / Nicole Shanahan,53
Deschutes,33,United States President and Vice President,candidate,Cornel West,5
Deschutes,33,United States President and Vice President,candidate,Chase Oliver / Mike ter Maat,20
Deschutes,33,United States President and Vice President,candidate,Randall Terry,1
Deschutes,33,United States President and Vice President,candidate,Donald J Trump / JD Vance,1439
Deschutes,33,United States President and Vice President,candidate,Jill Stein / Rudolph Ware,13
Deschutes,33,United States President and Vice President,candidate,Kamala D Harris / Tim Walz,2003
Deschutes,33,United States President and Vice President,writein,,14
Deschutes,33,United States President and Vice President,total_votes,,3548
Deschutes,33,United States President and Vice President,overvotes,,3
Deschutes,33,United States President and Vice President,undervotes,,30
Deschutes,33,United States President and Vice President,ballots_cast,,3581
Deschutes,33,United States President and Vice President,registered,,4228
Deschutes,35,United States President and Vice President,candidate,Robert F Kennedy Jr / Nicole Shanahan,48
Deschutes,35,United States President and Vice President,candidate,Cornel West,2
Deschutes,35,United States President and Vice President,candidate,Chase Oliver / Mike ter Maat,15
Deschutes,35,United States President and Vice President,candidate,Randall Terry,1
Deschutes,35,United States President and Vice President,candidate,Donald J Trump / JD Vance,1103
Deschutes,35,United States President and Vice President,candidate,Jill Stein / Rudolph Ware,8
Deschutes,35,United States President and Vice President,candidate,Kamala D Harris / Tim Walz,3178
Deschutes,35,United States President and Vice President,writein,,46
Deschutes,35,United States President and Vice President,total_votes,,4401
Deschutes,35,United States President and Vice President,overvotes,,1
Deschutes,35,United States President and Vice President,undervotes,,59
Deschutes,35,United States President and Vice President,ballots_cast,,4461
Deschutes,35,United States President and Vice President,registered,,4982
Deschutes,38,United States President and Vice President,candidate,Robert F Kennedy Jr / Nicole Shanahan,29
Deschutes,38,United States President and Vice President,candidate,Cornel West,0
Deschutes,38,United States President and Vice President,candidate,Chase Oliver / Mike ter Maat,8
Deschutes,38,United States President and Vice President,candidate,Randall Terry,1
Deschutes,38,United States President and Vice President,candidate,Donald J Trump / JD Vance,623
Deschutes,38,United States President and Vice President,candidate,Jill Stein / Rudolph Ware,7
Deschutes,38,United States President and Vice President,candidate,Kamala D Harris / Tim Walz,760
Deschutes,38,United States President and Vice President,writein,,13
Deschutes,38,United States President and Vice President,total_votes,,1441
Deschutes,38,United States President and Vice President,overvotes,,0
Deschutes,38,United States President and Vice President,undervotes,,13
Deschutes,38,United States President and Vice President,ballots_cast,,1454
Deschutes,38,United States President and Vice President,registered,,1808
Deschutes,41,United States President and Vice President,candidate,Robert F Kennedy Jr / Nicole Shanahan,11
Deschutes,41,United States President and Vice President,candidate,Cornel West,1
Deschutes,41,United States President and Vice President,candidate,Chase Oliver / Mike ter Maat,3
Deschutes,41,United States President and Vice President,candidate,Randall Terry,0
Deschutes,41,United States President and Vice President,candidate,Donald J Trump / JD Vance,322
Deschutes,41,United States President and Vice President,candidate,Jill Stein / Rudolph Ware,3
Deschutes,41,United States President and Vice President,candidate,Kamala D Harris / Tim Walz,316
Deschutes,41,United States President and Vice President,writein,,4
Deschutes,41,United States President and Vice President,total_votes,,660
Deschutes,41,United States President and Vice President,overvotes,,0
Deschutes,41,United States President and Vice President,undervotes,,6
Deschutes,41,United States President and Vice President,ballots_cast,,666
Deschutes,41,United States President and Vice President,registered,,772
Deschutes,17,United States President and Vice President,candidate,Robert F Kennedy Jr / Nicole Shanahan,137
Deschutes,17,United States President and Vice President,candidate,Cornel West,8
Deschutes,17,United States President and Vice President,candidate,Chase Oliver / Mike ter Maat,32
Deschutes,17,United States President and Vice President,candidate,Randall Terry,3
Deschutes,17,United States President and Vice President,candidate,Donald J Trump / JD Vance,3187
Deschutes,17,United States President and Vice President,candidate,Jill Stein / Rudolph Ware,17
Deschutes,17,United States President and Vice President,candidate,Kamala D Harris / Tim Walz,2507
Deschutes,17,United States President and Vice President,writein,,51
Deschutes,17,United States President and Vice President,total_votes,,5942
Deschutes,17,United States President and Vice President,overvotes,,2
Deschutes,17,United States President and Vice President,undervotes,,47
Deschutes,17,United States President and Vice President,ballots_cast,,5991
Deschutes,17,United States President and Vice President,registered,,8479
Deschutes,36,United States President and Vice President,candidate,Robert F Kennedy Jr / Nicole Shanahan,114
Deschutes,36,United States President and Vice President,candidate,Cornel West,9
Deschutes,36,United States President and Vice President,candidate,Chase Oliver / Mike ter Maat,24
Deschutes,36,United States President and Vice President,candidate,Randall Terry,2
Deschutes,36,United States President and Vice President,candidate,Donald J Trump / JD Vance,2982
Deschutes,36,United States President and Vice President,candidate,Jill Stein / Rudolph Ware,31
Deschutes,36,United States President and Vice President,candidate,Kamala D Harris / Tim Walz,2243
Deschutes,36,United States President and Vice President,writein,,37
Deschutes,36,United States President and Vice President,total_votes,,5442
Deschutes,36,United States President and Vice President,overvotes,,0
Deschutes,36,United States President and Vice President,undervotes,,46
Deschutes,36,United States President and Vice President,ballots_cast,,5488
Deschutes,36,United States President and Vice President,registered,,7490
Deschutes,24,United States President and Vice President,candidate,Robert F Kennedy Jr / Nicole Shanahan,10
Deschutes,24,United States President and Vice President,candidate,Cornel West,3
Deschutes,24,United States President and Vice President,candidate,Chase Oliver / Mike ter Maat,2
Deschutes,24,United States President and Vice President,candidate,Randall Terry,0
Deschutes,24,United States President and Vice President,candidate,Donald J Trump / JD Vance,649
Deschutes,24,United States President and Vice President,candidate,Jill Stein / Rudolph Ware,4
Deschutes,24,United States President and Vice President,candidate,Kamala D Harris / Tim Walz,253
Deschutes,24,United States President and Vice President,writein,,4
Deschutes,24,United States President and Vice President,total_votes,,925
Deschutes,24,United States President and Vice President,overvotes,,0
Deschutes,24,United States President and Vice President,undervotes,,6
Deschutes,24,United States President and Vice President,ballots_cast,,931
Deschutes,24,United States President and Vice President,registered,,1318
Deschutes,40,United States President and Vice President,candidate,Robert F Kennedy Jr / Nicole Shanahan,16
Deschutes,40,United States President and Vice President,candidate,Cornel West,2
Deschutes,40,United States President and Vice President,candidate,Chase Oliver / Mike ter Maat,2
Deschutes,40,United States President and Vice President,candidate,Randall Terry,0
Deschutes,40,United States President and Vice President,candidate,Donald J Trump / JD Vance,772
Deschutes,40,United States President and Vice President,candidate,Jill Stein / Rudolph Ware,2
Deschutes,40,United States President and Vice President,candidate,Kamala D Harris / Tim Walz,377
Deschutes,40,United States President and Vice President,writein,,3
Deschutes,40,United States President and Vice President,total_votes,,1174
Deschutes,40,United States President and Vice President,overvotes,,0
Deschutes,40,United States President and Vice President,undervotes,,5
Deschutes,40,United States President and Vice President,ballots_cast,,1179
Deschutes,40,United States President and Vice President,registered,,1639
Deschutes,50,United States President and Vice President,candidate,Robert F Kennedy Jr / Nicole Shanahan,28
Deschutes,50,United States President and Vice President,candidate,Cornel West,0
Deschutes,50,United States President and Vice President,candidate,Chase Oliver / Mike ter Maat,1
Deschutes,50,United States President and Vice President,candidate,Randall Terry,1
Deschutes,50,United States President and Vice President,candidate,Donald J Trump / JD Vance,992
Deschutes,50,United States President and Vice President,candidate,Jill Stein / Rudolph Ware,5
Deschutes,50,United States President and Vice President,candidate,Kamala D Harris / Tim Walz,410
Deschutes,50,United States President and Vice President,writein,,4
Deschutes,50,United States President and Vice President,total_votes,,1441
Deschutes,50,United States President and Vice President,overvotes,,0
Deschutes,50,United States President and Vice President,undervotes,,12
Deschutes,50,United States President and Vice President,ballots_cast,,1453
Deschutes,50,United States President and Vice President,registered,,2046
Deschutes,34,United States President and Vice President,candidate,Robert F Kennedy Jr / Nicole Shanahan,59
Deschutes,34,United States President and Vice President,candidate,Cornel West,3
Deschutes,34,United States President and Vice President,candidate,Chase Oliver / Mike ter Maat,17
Deschutes,34,United States President and Vice President,candidate,Randall Terry,2
Deschutes,34,United States President and Vice President,candidate,Donald J Trump / JD Vance,1255
Deschutes,34,United States President and Vice President,candidate,Jill Stein / Rudolph Ware,23
Deschutes,34,United States President and Vice President,candidate,Kamala D Harris / Tim Walz,1813
Deschutes,34,United States President and Vice President,writein,,16
Deschutes,34,United States President and Vice President,total_votes,,3188
Deschutes,34,United States President and Vice President,overvotes,,1
Deschutes,34,United States President and Vice President,undervotes,,32
Deschutes,34,United States President and Vice President,ballots_cast,,3221
Deschutes,34,United States President and Vice President,registered,,4520
Deschutes,13,United States President and Vice President,candidate,Robert F Kennedy Jr / Nicole Shanahan,51
Deschutes,13,United States President and Vice President,candidate,Cornel West,4
Deschutes,13,United States President and Vice President,candidate,Chase Oliver / Mike ter Maat,12
Deschutes,13,United States President and Vice President,candidate,Randall Terry,0
Deschutes,13,United States President and Vice President,candidate,Donald J Trump / JD Vance,1543
Deschutes,13,United States President and Vice President,candidate,Jill Stein / Rudolph Ware,23
Deschutes,13,United States President and Vice President,candidate,Kamala D Harris / Tim Walz,1388
Deschutes,13,United States President and Vice President,writein,,14
Deschutes,13,United States President and Vice President,total_votes,,3035
Deschutes,13,United States President and Vice President,overvotes,,2
Deschutes,13,United States President and Vice President,undervotes,,23
Deschutes,13,United States President and Vice President,ballots_cast,,3060
Deschutes,13,United States President and Vice President,registered,,3748
Deschutes,02,United States President and Vice President,candidate,Robert F Kennedy Jr / Nicole Shanahan,61
Deschutes,02,United States President and Vice President,candidate,Cornel West,8
Deschutes,02,United States President and Vice President,candidate,Chase Oliver / Mike ter Maat,13
Deschutes,02,United States President and Vice President,candidate,Randall Terry,1
Deschutes,02,United States President and Vice President,candidate,Donald J Trump / JD Vance,1234
Deschutes,02,United States President and Vice President,candidate,Jill Stein / Rudolph Ware,12
Deschutes,02,United States President and Vice President,candidate,Kamala D Harris / Tim Walz,1824
Deschutes,02,United States President and Vice President,writein,,23
Deschutes,02,United States President and Vice President,total_votes,,3176
Deschutes,02,United States President and Vice President,overvotes,,0
Deschutes,02,United States President and Vice President,undervotes,,36
Deschutes,02,United States President and Vice President,ballots_cast,,3212
Deschutes,02,United States President and Vice President,registered,,3952
Deschutes,37,United States President and Vice President,candidate,Robert F Kennedy Jr / Nicole Shanahan,24
Deschutes,37,United States President and Vice President,candidate,Cornel West,0
Deschutes,37,United States President and Vice President,candidate,Chase Oliver / Mike ter Maat,5
Deschutes,37,United States President and Vice President,candidate,Randall Terry,3
Deschutes,37,United States President and Vice President,candidate,Donald J Trump / JD Vance,516
Deschutes,37,United States President and Vice President,candidate,Jill Stein / Rudolph Ware,2
Deschutes,37,United States President and Vice President,candidate,Kamala D Harris / Tim Walz,600
Deschutes,37,United States President and Vice President,writein,,10
Deschutes,37,United States President and Vice President,total_votes,,1160
Deschutes,37,United States President and Vice President,overvotes,,0
Deschutes,37,United States President and Vice President,undervotes,,4
Deschutes,37,United States President and Vice President,ballots_cast,,1164
Deschutes,37,United States President and Vice President,registered,,1384
Deschutes,28,United States President and Vice President,candidate,Robert F Kennedy Jr / Nicole Shanahan,49
Deschutes,28,United States President and Vice President,candidate,Cornel West,5
Deschutes,28,United States President and Vice President,candidate,Chase Oliver / Mike ter Maat,12
Deschutes,28,United States President and Vice President,candidate,Randall Terry,0
Deschutes,28,United States President and Vice President,candidate,Donald J Trump / JD Vance,1690
Deschutes,28,United States President and Vice President,candidate,Jill Stein / Rudolph Ware,23
Deschutes,28,United States President and Vice President,candidate,Kamala D Harris / Tim Walz,1253
Deschutes,28,United States President and Vice President,writein,,24
Deschutes,28,United States President and Vice President,total_votes,,3056
Deschutes,28,United States President and Vice President,overvotes,,2
Deschutes,28,United States President and Vice President,undervotes,,40
Deschutes,28,United States President and Vice President,ballots_cast,,3098
Deschutes,28,United States President and Vice President,registered,,4182
Deschutes,29,United States President and Vice President,candidate,Robert F Kennedy Jr / Nicole Shanahan,84
Deschutes,29,United States President and Vice President,candidate,Cornel West,3
Deschutes,29,United States President and Vice President,candidate,Chase Oliver / Mike ter Maat,23
Deschutes,29,United States President and Vice President,candidate,Randall Terry,3
Deschutes,29,United States President and Vice President,candidate,Donald J Trump / JD Vance,2754
Deschutes,29,United States President and Vice President,candidate,Jill Stein / Rudolph Ware,14
Deschutes,29,United States President and Vice President,candidate,Kamala D Harris / Tim Walz,1806
Deschutes,29,United States President and Vice President,writein,,30
Deschutes,29,United States President and Vice President,total_votes,,4717
Deschutes,29,United States President and Vice President,overvotes,,3
Deschutes,29,United States President and Vice President,undervotes,,50
Deschutes,29,United States President and Vice President,ballots_cast,,4770
Deschutes,29,United States President and Vice President,registered,,6422
Deschutes,31,United States President and Vice President,candidate,Robert F Kennedy Jr / Nicole Shanahan,33
Deschutes,31,United States President and Vice President,candidate,Cornel West,1
Deschutes,31,United States President and Vice President,candidate,Chase Oliver / Mike ter Maat,5
Deschutes,31,United States President and Vice President,candidate,Randall Terry,2
Deschutes,31,United States President and Vice President,candidate,Donald J Trump / JD Vance,1574
Deschutes,31,United States President and Vice President,candidate,Jill Stein / Rudolph Ware,4
Deschutes,31,United States President and Vice President,candidate,Kamala D Harris / Tim Walz,1347
Deschutes,31,United States President and Vice President,writein,,31
Deschutes,31,United States President and Vice President,total_votes,,2997
Deschutes,31,United States President and Vice President,overvotes,,3
Deschutes,31,United States President and Vice President,undervotes,,29
Deschutes,31,United States President and Vice President,ballots_cast,,3029
Deschutes,31,United States President and Vice President,registered,,3373
Deschutes,48,United States President and Vice President,candidate,Robert F Kennedy Jr / Nicole Shanahan,33
Deschutes,48,United States President and Vice President,candidate,Cornel West,1
Deschutes,48,United States President and Vice President,candidate,Chase Oliver / Mike ter Maat,6
Deschutes,48,United States President and Vice President,candidate,Randall Terry,6
Deschutes,48,United States President and Vice President,candidate,Donald J Trump / JD Vance,1672
Deschutes,48,United States President and Vice President,candidate,Jill Stein / Rudolph Ware,6
Deschutes,48,United States President and Vice President,candidate,Kamala D Harris / Tim Walz,658
Deschutes,48,United States President and Vice President,writein,,14
Deschutes,48,United States President and Vice President,total_votes,,2396
Deschutes,48,United States President and Vice President,overvotes,,0
Deschutes,48,United States President and Vice President,undervotes,,23
Deschutes,48,United States President and Vice President,ballots_cast,,2419
Deschutes,48,United States President and Vice President,registered,,3083
Deschutes,01,United States President and Vice President,candidate,Robert F Kennedy Jr / Nicole Shanahan,40
Deschutes,01,United States President and Vice President,candidate,Cornel West,3
Deschutes,01,United States President and Vice President,candidate,Chase Oliver / Mike ter Maat,9
Deschutes,01,United States President and Vice President,candidate,Randall Terry,3
Deschutes,01,United States President and Vice President,candidate,Donald J Trump / JD Vance,429
Deschutes,01,United States President and Vice President,candidate,Jill Stein / Rudolph Ware,17
Deschutes,01,United States President and Vice President,candidate,Kamala D Harris / Tim Walz,1910
Deschutes,01,United States President and Vice President,writein,,16
Deschutes,01,United States President and Vice President,total_votes,,2427
Deschutes,01,United States President and Vice President,overvotes,,1
Deschutes,01,United States President and Vice President,undervotes,,25
Deschutes,01,United States President and Vice President,ballots_cast,,2453
Deschutes,01,United States President and Vice President,registered,,2890
Deschutes,20,United States President and Vice President,candidate,Robert F Kennedy Jr / Nicole Shanahan,92
Deschutes,20,United States President and Vice President,candidate,Cornel West,3
Deschutes,20,United States President and Vice President,candidate,Chase Oliver / Mike ter Maat,21
Deschutes,20,United States President and Vice President,candidate,Randall Terry,2
Deschutes,20,United States President and Vice President,candidate,Donald J Trump / JD Vance,1891
Deschutes,20,United States President and Vice President,candidate,Jill Stein / Rudolph Ware,26
Deschutes,20,United States President and Vice President,candidate,Kamala D Harris / Tim Walz,2643
Deschutes,20,United States President and Vice President,writein,,37
Deschutes,20,United States President and Vice President,total_votes,,4715
Deschutes,20,United States President and Vice President,overvotes,,1
Deschutes,20,United States President and Vice President,undervotes,,43
Deschutes,20,United States President and Vice President,ballots_cast,,4759
Deschutes,20,United States President and Vice President,registered,,5906
Deschutes,45,United States President and Vice President,candidate,Robert F Kennedy Jr / Nicole Shanahan,18
Deschutes,45,United States President and Vice President,candidate,Cornel West,1
Deschutes,45,United States President and Vice President,candidate,Chase Oliver / Mike ter Maat,1
Deschutes,45,United States President and Vice President,candidate,Randall Terry,0
Deschutes,45,United States President and Vice President,candidate,Donald J Trump / JD Vance,361
Deschutes,45,United States President and Vice President,candidate,Jill Stein / Rudolph Ware,1
Deschutes,45,United States President and Vice President,candidate,Kamala D Harris / Tim Walz,523
Deschutes,45,United States President and Vice President,writein,,7
Deschutes,45,United States President and Vice President,total_votes,,912
Deschutes,45,United States President and Vice President,overvotes,,1
Deschutes,45,United States President and Vice President,undervotes,,12
Deschutes,45,United States President and Vice President,ballots_cast,,925
Deschutes,45,United States President and Vice President,registered,,1085
Deschutes,47,United States President and Vice President,candidate,Robert F Kennedy Jr / Nicole Shanahan,30
Deschutes,47,United States President and Vice President,candidate,Cornel West,2
Deschutes,47,United States President and Vice President,candidate,Chase Oliver / Mike ter Maat,14
Deschutes,47,United States President and Vice President,candidate,Randall Terry,1
Deschutes,47,United States President and Vice President,candidate,Donald J Trump / JD Vance,732
Deschutes,47,United States President and Vice President,candidate,Jill Stein / Rudolph Ware,9
Deschutes,47,United States President and Vice President,candidate,Kamala D Harris / Tim Walz,1981
Deschutes,47,United States President and Vice President,writein,,21
Deschutes,47,United States President and Vice President,total_votes,,2790
Deschutes,47,United States President and Vice President,overvotes,,1
Deschutes,47,United States President and Vice President,undervotes,,38
Deschutes,47,United States President and Vice President,ballots_cast,,2829
Deschutes,47,United States President and Vice President,registered,,3218
Deschutes,26,United States President and Vice President,candidate,Robert F Kennedy Jr / Nicole Shanahan,46
Deschutes,26,United States President and Vice President,candidate,Cornel West,4
Deschutes,26,United States President and Vice President,candidate,Chase Oliver / Mike ter Maat,12
Deschutes,26,United States President and Vice President,candidate,Randall Terry,0
Deschutes,26,United States President and Vice President,candidate,Donald J Trump / JD Vance,970
Deschutes,26,United States President and Vice President,candidate,Jill Stein / Rudolph Ware,7
Deschutes,26,United States President and Vice President,candidate,Kamala D Harris / Tim Walz,1478
Deschutes,26,United States President and Vice President,writein,,16
Deschutes,26,United States President and Vice President,total_votes,,2533
Deschutes,26,United States President and Vice President,overvotes,,1
Deschutes,26,United States President and Vice President,undervotes,,26
Deschutes,26,United States President and Vice President,ballots_cast,,2560
Deschutes,26,United States President and Vice President,registered,,3114
Deschutes,23,United States President and Vice President,candidate,Robert F Kennedy Jr / Nicole Shanahan,30
Deschutes,23,United States President and Vice President,candidate,Cornel West,0
Deschutes,23,United States President and Vice President,candidate,Chase Oliver / Mike ter Maat,5
Deschutes,23,United States President and Vice President,candidate,Randall Terry,1
Deschutes,23,United States President and Vice President,candidate,Donald J Trump / JD Vance,903
Deschutes,23,United States President and Vice President,candidate,Jill Stein / Rudolph Ware,6
Deschutes,23,United States President and Vice President,candidate,Kamala D Harris / Tim Walz,468
Deschutes,23,United States President and Vice President,writein,,9
Deschutes,23,United States President and Vice President,total_votes,,1422
Deschutes,23,United States President and Vice President,overvotes,,0
Deschutes,23,United States President and Vice President,undervotes,,6
Deschutes,23,United States President and Vice President,ballots_cast,,1428
Deschutes,23,United States President and Vice President,registered,,2215
Deschutes,42,United States President and Vice President,candidate,Robert F Kennedy Jr / Nicole Shanahan,66
Deschutes,42,United States President and Vice President,candidate,Cornel West,5
Deschutes,42,United States President and Vice President,candidate,Chase Oliver / Mike ter Maat,11
Deschutes,42,United States President and Vice President,candidate,Randall Terry,0
Deschutes,42,United States President and Vice President,candidate,Donald J Trump / JD Vance,1771
Deschutes,42,United States President and Vice President,candidate,Jill Stein / Rudolph Ware,21
Deschutes,42,United States President and Vice President,candidate,Kamala D Harris / Tim Walz,1480
Deschutes,42,United States President and Vice President,writein,,10
Deschutes,42,United States President and Vice President,total_votes,,3364
Deschutes,42,United States President and Vice President,overvotes,,2
Deschutes,42,United States President and Vice President,undervotes,,30
Deschutes,42,United States President and Vice President,ballots_cast,,3396
Deschutes,42,United States President and Vice President,registered,,4512
Deschutes,46,United States President and Vice President,candidate,Robert F Kennedy Jr / Nicole Shanahan,60
Deschutes,46,United States President and Vice President,candidate,Cornel West,6
Deschutes,46,United States President and Vice President,candidate,Chase Oliver / Mike ter Maat,14
Deschutes,46,United States President and Vice President,candidate,Randall Terry,6
Deschutes,46,United States President and Vice President,candidate,Donald J Trump / JD Vance,1116
Deschutes,46,United States President and Vice President,candidate,Jill Stein / Rudolph Ware,38
Deschutes,46,United States President and Vice President,candidate,Kamala D Harris / Tim Walz,2352
Deschutes,46,United States President and Vice President,writein,,24
Deschutes,46,United States President and Vice President,total_votes,,3616
Deschutes,46,United States President and Vice President,overvotes,,0
Deschutes,46,United States President and Vice President,undervotes,,30
Deschutes,46,United States President and Vice President,ballots_cast,,3646
Deschutes,46,United States President and Vice President,registered,,4604
Deschutes,16,United States President and Vice President,candidate,Robert F Kennedy Jr / Nicole Shanahan,8
Deschutes,16,United States President and Vice President,candidate,Cornel West,0
Deschutes,16,United States President and Vice President,candidate,Chase Oliver / Mike ter Maat,8
Deschutes,16,United States President and Vice President,candidate,Randall Terry,0
Deschutes,16,United States President and Vice President,candidate,Donald J Trump / JD Vance,472
Deschutes,16,United States President and Vice President,candidate,Jill Stein / Rudolph Ware,3
Deschutes,16,United States President and Vice President,candidate,Kamala D Harris / Tim Walz,836
Deschutes,16,United States President and Vice President,writein,,12
Deschutes,16,United States President and Vice President,total_votes,,1339
Deschutes,16,United States President and Vice President,overvotes,,1
Deschutes,16,United States President and Vice President,undervotes,,14
Deschutes,16,United States President and Vice President,ballots_cast,,1354
Deschutes,16,United States President and Vice President,registered,,1555
Deschutes,04,United States President and Vice President,candidate,Robert F Kennedy Jr / Nicole Shanahan,48
Deschutes,04,United States President and Vice President,candidate,Cornel West,7
Deschutes,04,United States President and Vice President,candidate,Chase Oliver / Mike ter Maat,14
Deschutes,04,United States President and Vice President,candidate,Randall Terry,3
Deschutes,04,United States President and Vice President,candidate,Donald J Trump / JD Vance,770
Deschutes,04,United States President and Vice President,candidate,Jill Stein / Rudolph Ware,22
Deschutes,04,United States President and Vice President,candidate,Kamala D Harris / Tim Walz,2303
Deschutes,04,United States President and Vice President,writein,,13
Deschutes,04,United States President and Vice President,total_votes,,3180
Deschutes,04,United States President and Vice President,overvotes,,0
Deschutes,04,United States President and Vice President,undervotes,,18
Deschutes,04,United States President and Vice President,ballots_cast,,3198
Deschutes,04,United States President and Vice President,registered,,3959
Deschutes,19,United States President and Vice President,candidate,Robert F Kennedy Jr / Nicole Shanahan,15
Deschutes,19,United States President and Vice President,candidate,Cornel West,0
Deschutes,19,United States President and Vice President,candidate,Chase Oliver / Mike ter Maat,4
Deschutes,19,United States President and Vice President,candidate,Randall Terry,3
Deschutes,19,United States President and Vice President,candidate,Donald J Trump / JD Vance,705
Deschutes,19,United States President and Vice President,candidate,Jill Stein / Rudolph Ware,6
Deschutes,19,United States President and Vice President,candidate,Kamala D Harris / Tim Walz,362
Deschutes,19,United States President and Vice President,writein,,2
Deschutes,19,United States President and Vice President,total_votes,,1097
Deschutes,19,United States President and Vice President,overvotes,,1
Deschutes,19,United States President and Vice President,undervotes,,6
Deschutes,19,United States President and Vice President,ballots_cast,,1104
Deschutes,19,United States President and Vice President,registered,,1487
Deschutes,07,United States President and Vice President,candidate,Robert F Kennedy Jr / Nicole Shanahan,15
Deschutes,07,United States President and Vice President,candidate,Cornel West,1
Deschutes,07,United States President and Vice President,candidate,Chase Oliver / Mike ter Maat,6
Deschutes,07,United States President and Vice President,candidate,Randall Terry,1
Deschutes,07,United States President and Vice President,candidate,Donald J Trump / JD Vance,287
Deschutes,07,United States President and Vice President,candidate,Jill Stein / Rudolph Ware,6
Deschutes,07,United States President and Vice President,candidate,Kamala D Harris / Tim Walz,1139
Deschutes,07,United States President and Vice President,writein,,6
Deschutes,07,United States President and Vice President,total_votes,,1461
Deschutes,07,United States President and Vice President,overvotes,,0
Deschutes,07,United States President and Vice President,undervotes,,16
Deschutes,07,United States President and Vice President,ballots_cast,,1477
Deschutes,07,United States President and Vice President,registered,,1677
Deschutes,11,United States President and Vice President,candidate,Robert F Kennedy Jr / Nicole Shanahan,26
Deschutes,11,United States President and Vice President,candidate,Cornel West,1
Deschutes,11,United States President and Vice President,candidate,Chase Oliver / Mike ter Maat,7
Deschutes,11,United States President and Vice President,candidate,Randall Terry,1
Deschutes,11,United States President and Vice President,candidate,Donald J Trump / JD Vance,395
Deschutes,11,United States President and Vice President,candidate,Jill Stein / Rudolph Ware,12
Deschutes,11,United States President and Vice President,candidate,Kamala D Harris / Tim Walz,988
Deschutes,11,United States President and Vice President,writein,,9
Deschutes,11,United States President and Vice President,total_votes,,1439
Deschutes,11,United States President and Vice President,overvotes,,1
Deschutes,11,United States President and Vice President,undervotes,,16
Deschutes,11,United States President and Vice President,ballots_cast,,1456
Deschutes,11,United States President and Vice President,registered,,1762
Deschutes,25,United States President and Vice President,candidate,Robert F Kennedy Jr / Nicole Shanahan,85
Deschutes,25,United States President and Vice President,candidate,Cornel West,9
Deschutes,25,United States President and Vice President,candidate,Chase Oliver / Mike ter Maat,18
Deschutes,25,United States President and Vice President,candidate,Randall Terry,5
Deschutes,25,United States President and Vice President,candidate,Donald J Trump / JD Vance,1426
Deschutes,25,United States President and Vice President,candidate,Jill Stein / Rudolph Ware,41
Deschutes,25,United States President and Vice President,candidate,Kamala D Harris / Tim Walz,2597
Deschutes,25,United States President and Vice President,writein,,26
Deschutes,25,United States President and Vice President,total_votes,,4207
Deschutes,25,United States President and Vice President,overvotes,,0
Deschutes,25,United States President and Vice President,undervotes,,31
Deschutes,25,United States President and Vice President,ballots_cast,,4238
Deschutes,25,United States President and Vice President,registered,,5593
Deschutes,10,United States President and Vice President,candidate,Robert F Kennedy Jr / Nicole Shanahan,0
Deschutes,10,United States President and Vice President,candidate,Cornel West,0
Deschutes,10,United States President and Vice President,candidate,Chase Oliver / Mike ter Maat,0
Deschutes,10,United States President and Vice President,candidate,Randall Terry,0
Deschutes,10,United States President and Vice President,candidate,Donald J Trump / JD Vance,31
Deschutes,10,United States President and Vice President,candidate,Jill Stein / Rudolph Ware,0
Deschutes,10,United States President and Vice President,candidate,Kamala D Harris / Tim Walz,5
Deschutes,10,United States President and Vice President,writein,,0
Deschutes,10,United States President and Vice President,total_votes,,36
Deschutes,10,United States President and Vice President,overvotes,,0
Deschutes,10,United States President and Vice President,undervotes,,0
Deschutes,10,United States President and Vice President,ballots_cast,,36
Deschutes,10,United States President and Vice President,registered,,61
Deschutes,22,United States President and Vice President,candidate,Robert F Kennedy Jr / Nicole Shanahan,9
Deschutes,22,United States President and Vice President,candidate,Cornel West,0
Deschutes,22,United States President and Vice President,candidate,Chase Oliver / Mike ter Maat,1
Deschutes,22,United States President and Vice President,candidate,Randall Terry,0
Deschutes,22,United States President and Vice President,candidate,Donald J Trump / JD Vance,110
Deschutes,22,United States President and Vice President,candidate,Jill Stein / Rudolph Ware,0
Deschutes,22,United States President and Vice President,candidate,Kamala D Harris / Tim Walz,192
Deschutes,22,United States President and Vice President,writein,,2
Deschutes,22,United States President and Vice President,total_votes,,314
Deschutes,22,United States President and Vice President,overvotes,,0
Deschutes,22,United States President and Vice President,undervotes,,4
Deschutes,22,United States President and Vice President,ballots_cast,,318
Deschutes,22,United States President and Vice President,registered,,367
Deschutes,30,United States President and Vice President,candidate,Robert F Kennedy Jr / Nicole Shanahan,49
Deschutes,30,United States President and Vice President,candidate,Cornel West,5
Deschutes,30,United States President and Vice President,candidate,Chase Oliver / Mike ter Maat,7
Deschutes,30,United States President and Vice President,candidate,Randall Terry,2
Deschutes,30,United States President and Vice President,candidate,Donald J Trump / JD Vance,1014
Deschutes,30,United States President and Vice President,candidate,Jill Stein / Rudolph Ware,17
Deschutes,30,United States President and Vice President,candidate,Kamala D Harris / Tim Walz,1502
Deschutes,30,United States President and Vice President,writein,,27
Deschutes,30,United States President and Vice President,total_votes,,2623
Deschutes,30,United States President and Vice President,overvotes,,1
Deschutes,30,United States President and Vice President,undervotes,,28
Deschutes,30,United States President and Vice President,ballots_cast,,2652
Deschutes,30,United States President and Vice President,registered,,3174
Deschutes,44,United States President and Vice President,candidate,Robert F Kennedy Jr / Nicole Shanahan,68
Deschutes,44,United States President and Vice President,candidate,Cornel West,1
Deschutes,44,United States President and Vice President,candidate,Chase Oliver / Mike ter Maat,12
Deschutes,44,United States President and Vice President,candidate,Randall Terry,1
Deschutes,44,United States President and Vice President,candidate,Donald J Trump / JD Vance,1184
Deschutes,44,United States President and Vice President,candidate,Jill Stein / Rudolph Ware,12
Deschutes,44,United States President and Vice President,candidate,Kamala D Harris / Tim Walz,1818
Deschutes,44,United States President and Vice President,writein,,25
Deschutes,44,United States President and Vice President,total_votes,,3121
Deschutes,44,United States President and Vice President,overvotes,,1
Deschutes,44,United States President and Vice President,undervotes,,26
Deschutes,44,United States President and Vice President,ballots_cast,,3148
Deschutes,44,United States President and Vice President,registered,,3971
Deschutes,05,United States President and Vice President,candidate,Robert F Kennedy Jr / Nicole Shanahan,83
Deschutes,05,United States President and Vice President,candidate,Cornel West,4
Deschutes,05,United States President and Vice President,candidate,Chase Oliver / Mike ter Maat,26
Deschutes,05,United States President and Vice President,candidate,Randall Terry,3
Deschutes,05,United States President and Vice President,candidate,Donald J Trump / JD Vance,1483
Deschutes,05,United States President and Vice President,candidate,Jill Stein / Rudolph Ware,27
Deschutes,05,United States President and Vice President,candidate,Kamala D Harris / Tim Walz,2731
Deschutes,05,United States President and Vice President,writein,,34
Deschutes,05,United States President and Vice President,total_votes,,4391
Deschutes,05,United States President and Vice President,overvotes,,1
Deschutes,05,United States President and Vice President,undervotes,,42
Deschutes,05,United States President and Vice President,ballots_cast,,4434
Deschutes,05,United States President and Vice President,registered,,5466
Deschutes,32,United States President and Vice President,candidate,Robert F Kennedy Jr / Nicole Shanahan,35
Deschutes,32,United States President and Vice President,candidate,Cornel West,7
Deschutes,32,United States President and Vice President,candidate,Chase Oliver / Mike ter Maat,10
Deschutes,32,United States President and Vice President,candidate,Randall Terry,3
Deschutes,32,United States President and Vice President,candidate,Donald J Trump / JD Vance,726
Deschutes,32,United States President and Vice President,candidate,Jill Stein / Rudolph Ware,24
Deschutes,32,United States President and Vice President,candidate,Kamala D Harris / Tim Walz,1587
Deschutes,32,United States President and Vice President,writein,,5
Deschutes,32,United States President and Vice President,total_votes,,2397
Deschutes,32,United States President and Vice President,overvotes,,0
Deschutes,32,United States President and Vice President,undervotes,,9
Deschutes,32,United States President and Vice President,ballots_cast,,2406
Deschutes,32,United States President and Vice President,registered,,3352
Deschutes,14,"State Senator, 27th District",candidate,Anthony Broadman (Ind/Dem),691
Deschutes,14,"State Senator, 27th District",candidate,Michael Summers (Rep),844
Deschutes,14,"State Senator, 27th District",writein,,1
Deschutes,14,"State Senator, 27th District",total_votes,,1536
Deschutes,14,"State Senator, 27th District",overvotes,,0
Deschutes,14,"State Senator, 27th District",undervotes,,47
Deschutes,14,"State Senator, 27th District",ballots_cast,,1583
Deschutes,14,"State Senator, 27th District",registered,,1911
Deschutes,08,"State Senator, 27th District",candidate,Anthony Broadman (Ind/Dem),486
Deschutes,08,"State Senator, 27th District",candidate,Michael Summers (Rep),308
Deschutes,08,"State Senator, 27th District",writein,,0
Deschutes,08,"State Senator, 27th District",total_votes,,794
Deschutes,08,"State Senator, 27th District",overvotes,,0
Deschutes,08,"State Senator, 27th District",undervotes,,40
Deschutes,08,"State Senator, 27th District",ballots_cast,,834
Deschutes,08,"State Senator, 27th District",registered,,954
Deschutes,09,"State Senator, 27th District",candidate,Anthony Broadman (Ind/Dem),1147
Deschutes,09,"State Senator, 27th District",candidate,Michael Summers (Rep),669
Deschutes,09,"State Senator, 27th District",writein,,0
Deschutes,09,"State Senator, 27th District",total_votes,,1816
Deschutes,09,"State Senator, 27th District",overvotes,,0
Deschutes,09,"State Senator, 27th District",undervotes,,123
Deschutes,09,"State Senator, 27th District",ballots_cast,,1939
Deschutes,09,"State Senator, 27th District",registered,,2780
Deschutes,12,"State Senator, 27th District",candidate,Anthony Broadman (Ind/Dem),299
Deschutes,12,"State Senator, 27th District",candidate,Michael Summers (Rep),423
Deschutes,12,"State Senator, 27th District",writein,,0
Deschutes,12,"State Senator, 27th District",total_votes,,722
Deschutes,12,"State Senator, 27th District",overvotes,,0
Deschutes,12,"State Senator, 27th District",undervotes,,25
Deschutes,12,"State Senator, 27th District",ballots_cast,,747
Deschutes,12,"State Senator, 27th District",registered,,884
Deschutes,49,"State Senator, 27th District",candidate,Anthony Broadman (Ind/Dem),290
Deschutes,49,"State Senator, 27th District",candidate,Michael Summers (Rep),212
Deschutes,49,"State Senator, 27th District",writein,,0
Deschutes,49,"State Senator, 27th District",total_votes,,502
Deschutes,49,"State Senator, 27th District",overvotes,,0
Deschutes,49,"State Senator, 27th District",undervotes,,17
Deschutes,49,"State Senator, 27th District",ballots_cast,,519
Deschutes,49,"State Senator, 27th District",registered,,594
Deschutes,06,"State Senator, 27th District",candidate,Anthony Broadman (Ind/Dem),1751
Deschutes,06,"State Senator, 27th District",candidate,Michael Summers (Rep),873
Deschutes,06,"State Senator, 27th District",writein,,3
Deschutes,06,"State Senator, 27th District",total_votes,,2627
Deschutes,06,"State Senator, 27th District",overvotes,,0
Deschutes,06,"State Senator, 27th District",undervotes,,148
Deschutes,06,"State Senator, 27th District",ballots_cast,,2775
Deschutes,06,"State Senator, 27th District",registered,,3846
Deschutes,27,"State Senator, 27th District",candidate,Anthony Broadman (Ind/Dem),1785
Deschutes,27,"State Senator, 27th District",candidate,Michael Summers (Rep),487
Deschutes,27,"State Senator, 27th District",writein,,0
Deschutes,27,"State Senator, 27th District",total_votes,,2272
Deschutes,27,"State Senator, 27th District",overvotes,,0
Deschutes,27,"State Senator, 27th District",undervotes,,106
Deschutes,27,"State Senator, 27th District",ballots_cast,,2378
Deschutes,27,"State Senator, 27th District",registered,,2860
Deschutes,03,"State Senator, 27th District",candidate,Anthony Broadman (Ind/Dem),3015
Deschutes,03,"State Senator, 27th District",candidate,Michael Summers (Rep),803
Deschutes,03,"State Senator, 27th District",writein,,2
Deschutes,03,"State Senator, 27th District",total_votes,,3820
Deschutes,03,"State Senator, 27th District",overvotes,,0
Deschutes,03,"State Senator, 27th District",undervotes,,175
Deschutes,03,"State Senator, 27th District",ballots_cast,,3995
Deschutes,03,"State Senator, 27th District",registered,,4658
Deschutes,33,"State Senator, 27th District",candidate,Anthony Broadman (Ind/Dem),1913
Deschutes,33,"State Senator, 27th District",candidate,Michael Summers (Rep),1526
Deschutes,33,"State Senator, 27th District",writein,,0
Deschutes,33,"State Senator, 27th District",total_votes,,3439
Deschutes,33,"State Senator, 27th District",overvotes,,0
Deschutes,33,"State Senator, 27th District",undervotes,,133
Deschutes,33,"State Senator, 27th District",ballots_cast,,3572
Deschutes,33,"State Senator, 27th District",registered,,4228
Deschutes,35,"State Senator, 27th District",candidate,Anthony Broadman (Ind/Dem),2926
Deschutes,35,"State Senator, 27th District",candidate,Michael Summers (Rep),1344
Deschutes,35,"State Senator, 27th District",writein,,2
Deschutes,35,"State Senator, 27th District",total_votes,,4272
Deschutes,35,"State Senator, 27th District",overvotes,,0
Deschutes,35,"State Senator, 27th District",undervotes,,161
Deschutes,35,"State Senator, 27th District",ballots_cast,,4433
Deschutes,35,"State Senator, 27th District",registered,,4982
Deschutes,17,"State Senator, 27th District",candidate,Anthony Broadman (Ind/Dem),2434
Deschutes,17,"State Senator, 27th District",candidate,Michael Summers (Rep),3201
Deschutes,17,"State Senator, 27th District",writein,,5
Deschutes,17,"State Senator, 27th District",total_votes,,5640
Deschutes,17,"State Senator, 27th District",overvotes,,0
Deschutes,17,"State Senator, 27th District",undervotes,,343
Deschutes,17,"State Senator, 27th District",ballots_cast,,5983
Deschutes,17,"State Senator, 27th District",registered,,8479
Deschutes,36,"State Senator, 27th District",candidate,Anthony Broadman (Ind/Dem),2202
Deschutes,36,"State Senator, 27th District",candidate,Michael Summers (Rep),3006
Deschutes,36,"State Senator, 27th District",writein,,6
Deschutes,36,"State Senator, 27th District",total_votes,,5214
Deschutes,36,"State Senator, 27th District",overvotes,,0
Deschutes,36,"State Senator, 27th District",undervotes,,267
Deschutes,36,"State Senator, 27th District",ballots_cast,,5481
Deschutes,36,"State Senator, 27th District",registered,,7490
Deschutes,34,"State Senator, 27th District",candidate,Anthony Broadman (Ind/Dem),1733
Deschutes,34,"State Senator, 27th District",candidate,Michael Summers (Rep),1271
Deschutes,34,"State Senator, 27th District",writein,,0
Deschutes,34,"State Senator, 27th District",total_votes,,3004
Deschutes,34,"State Senator, 27th District",overvotes,,0
Deschutes,34,"State Senator, 27th District",undervotes,,207
Deschutes,34,"State Senator, 27th District",ballots_cast,,3211
Deschutes,34,"State Senator, 27th District",registered,,4520
Deschutes,13,"State Senator, 27th District",candidate,Anthony Broadman (Ind/Dem),1324
Deschutes,13,"State Senator, 27th District",candidate,Michael Summers (Rep),1599
Deschutes,13,"State Senator, 27th District",writein,,3
Deschutes,13,"State Senator, 27th District",total_votes,,2926
Deschutes,13,"State Senator, 27th District",overvotes,,1
Deschutes,13,"State Senator, 27th District",undervotes,,126
Deschutes,13,"State Senator, 27th District",ballots_cast,,3053
Deschutes,13,"State Senator, 27th District",registered,,3748
Deschutes,02,"State Senator, 27th District",candidate,Anthony Broadman (Ind/Dem),1729
Deschutes,02,"State Senator, 27th District",candidate,Michael Summers (Rep),1319
Deschutes,02,"State Senator, 27th District",writein,,2
Deschutes,02,"State Senator, 27th District",total_votes,,3050
Deschutes,02,"State Senator, 27th District",overvotes,,0
Deschutes,02,"State Senator, 27th District",undervotes,,155
Deschutes,02,"State Senator, 27th District",ballots_cast,,3205
Deschutes,02,"State Senator, 27th District",registered,,3952
Deschutes,37,"State Senator, 27th District",candidate,Anthony Broadman (Ind/Dem),564
Deschutes,37,"State Senator, 27th District",candidate,Michael Summers (Rep),559
Deschutes,37,"State Senator, 27th District",writein,,0
Deschutes,37,"State Senator, 27th District",total_votes,,1123
Deschutes,37,"State Senator, 27th District",overvotes,,0
Deschutes,37,"State Senator, 27th District",undervotes,,40
Deschutes,37,"State Senator, 27th District",ballots_cast,,1163
Deschutes,37,"State Senator, 27th District",registered,,1384
Deschutes,31,"State Senator, 27th District",candidate,Anthony Broadman (Ind/Dem),1242
Deschutes,31,"State Senator, 27th District",candidate,Michael Summers (Rep),1661
Deschutes,31,"State Senator, 27th District",writein,,1
Deschutes,31,"State Senator, 27th District",total_votes,,2904
Deschutes,31,"State Senator, 27th District",overvotes,,0
Deschutes,31,"State Senator, 27th District",undervotes,,115
Deschutes,31,"State Senator, 27th District",ballots_cast,,3019
Deschutes,31,"State Senator, 27th District",registered,,3373
Deschutes,01,"State Senator, 27th District",candidate,Anthony Broadman (Ind/Dem),1834
Deschutes,01,"State Senator, 27th District",candidate,Michael Summers (Rep),507
Deschutes,01,"State Senator, 27th District",writein,,1
Deschutes,01,"State Senator, 27th District",total_votes,,2342
Deschutes,01,"State Senator, 27th District",overvotes,,1
Deschutes,01,"State Senator, 27th District",undervotes,,97
Deschutes,01,"State Senator, 27th District",ballots_cast,,2440
Deschutes,01,"State Senator, 27th District",registered,,2890
Deschutes,20,"State Senator, 27th District",candidate,Anthony Broadman (Ind/Dem),2541
Deschutes,20,"State Senator, 27th District",candidate,Michael Summers (Rep),1957
Deschutes,20,"State Senator, 27th District",writein,,1
Deschutes,20,"State Senator, 27th District",total_votes,,4499
Deschutes,20,"State Senator, 27th District",overvotes,,1
Deschutes,20,"State Senator, 27th District",undervotes,,246
Deschutes,20,"State Senator, 27th District",ballots_cast,,4746
Deschutes,20,"State Senator, 27th District",registered,,5906
Deschutes,45,"State Senator, 27th District",candidate,Anthony Broadman (Ind/Dem),494
Deschutes,45,"State Senator, 27th District",candidate,Michael Summers (Rep),385
Deschutes,45,"State Senator, 27th District",writein,,1
Deschutes,45,"State Senator, 27th District",total_votes,,880
Deschutes,45,"State Senator, 27th District",overvotes,,0
Deschutes,45,"State Senator, 27th District",undervotes,,43
Deschutes,45,"State Senator, 27th District",ballots_cast,,923
Deschutes,45,"State Senator, 27th District",registered,,1085
Deschutes,47,"State Senator, 27th District",candidate,Anthony Broadman (Ind/Dem),1810
Deschutes,47,"State Senator, 27th District",candidate,Michael Summers (Rep),886
Deschutes,47,"State Senator, 27th District",writein,,1
Deschutes,47,"State Senator, 27th District",total_votes,,2697
Deschutes,47,"State Senator, 27th District",overvotes,,0
Deschutes,47,"State Senator, 27th District",undervotes,,120
Deschutes,47,"State Senator, 27th District",ballots_cast,,2817
Deschutes,47,"State Senator, 27th District",registered,,3218
Deschutes,26,"State Senator, 27th District",candidate,Anthony Broadman (Ind/Dem),1386
Deschutes,26,"State Senator, 27th District",candidate,Michael Summers (Rep),1023
Deschutes,26,"State Senator, 27th District",writein,,3
Deschutes,26,"State Senator, 27th District",total_votes,,2412
Deschutes,26,"State Senator, 27th District",overvotes,,0
Deschutes,26,"State Senator, 27th District",undervotes,,139
Deschutes,26,"State Senator, 27th District",ballots_cast,,2551
Deschutes,26,"State Senator, 27th District",registered,,3114
Deschutes,46,"State Senator, 27th District",candidate,Anthony Broadman (Ind/Dem),2262
Deschutes,46,"State Senator, 27th District",candidate,Michael Summers (Rep),1195
Deschutes,46,"State Senator, 27th District",writein,,4
Deschutes,46,"State Senator, 27th District",total_votes,,3461
Deschutes,46,"State Senator, 27th District",overvotes,,0
Deschutes,46,"State Senator, 27th District",undervotes,,170
Deschutes,46,"State Senator, 27th District",ballots_cast,,3631
Deschutes,46,"State Senator, 27th District",registered,,4604
Deschutes,04,"State Senator, 27th District",candidate,Anthony Broadman (Ind/Dem),2175
Deschutes,04,"State Senator, 27th District",candidate,Michael Summers (Rep),827
Deschutes,04,"State Senator, 27th District",writein,,2
Deschutes,04,"State Senator, 27th District",total_votes,,3004
Deschutes,04,"State Senator, 27th District",overvotes,,1
Deschutes,04,"State Senator, 27th District",undervotes,,162
Deschutes,04,"State Senator, 27th District",ballots_cast,,3167
Deschutes,04,"State Senator, 27th District",registered,,3959
Deschutes,19,"State Senator, 27th District",candidate,Anthony Broadman (Ind/Dem),344
Deschutes,19,"State Senator, 27th District",candidate,Michael Summers (Rep),691
Deschutes,19,"State Senator, 27th District",writein,,2
Deschutes,19,"State Senator, 27th District",total_votes,,1037
Deschutes,19,"State Senator, 27th District",overvotes,,0
Deschutes,19,"State Senator, 27th District",undervotes,,64
Deschutes,19,"State Senator, 27th District",ballots_cast,,1101
Deschutes,19,"State Senator, 27th District",registered,,1487
Deschutes,07,"State Senator, 27th District",candidate,Anthony Broadman (Ind/Dem),1096
Deschutes,07,"State Senator, 27th District",candidate,Michael Summers (Rep),316
Deschutes,07,"State Senator, 27th District",writein,,0
Deschutes,07,"State Senator, 27th District",total_votes,,1412
Deschutes,07,"State Senator, 27th District",overvotes,,0
Deschutes,07,"State Senator, 27th District",undervotes,,60
Deschutes,07,"State Senator, 27th District",ballots_cast,,1472
Deschutes,07,"State Senator, 27th District",registered,,1677
Deschutes,11,"State Senator, 27th District",candidate,Anthony Broadman (Ind/Dem),947
Deschutes,11,"State Senator, 27th District",candidate,Michael Summers (Rep),451
Deschutes,11,"State Senator, 27th District",writein,,0
Deschutes,11,"State Senator, 27th District",total_votes,,1398
Deschutes,11,"State Senator, 27th District",overvotes,,0
Deschutes,11,"State Senator, 27th District",undervotes,,56
Deschutes,11,"State Senator, 27th District",ballots_cast,,1454
Deschutes,11,"State Senator, 27th District",registered,,1762
Deschutes,25,"State Senator, 27th District",candidate,Anthony Broadman (Ind/Dem),2508
Deschutes,25,"State Senator, 27th District",candidate,Michael Summers (Rep),1483
Deschutes,25,"State Senator, 27th District",writein,,1
Deschutes,25,"State Senator, 27th District",total_votes,,3992
Deschutes,25,"State Senator, 27th District",overvotes,,0
Deschutes,25,"State Senator, 27th District",undervotes,,236
Deschutes,25,"State Senator, 27th District",ballots_cast,,4228
Deschutes,25,"State Senator, 27th District",registered,,5593
Deschutes,22,"State Senator, 27th District",candidate,Anthony Broadman (Ind/Dem),171
Deschutes,22,"State Senator, 27th District",candidate,Michael Summers (Rep),132
Deschutes,22,"State Senator, 27th District",writein,,0
Deschutes,22,"State Senator, 27th District",total_votes,,303
Deschutes,22,"State Senator, 27th District",overvotes,,0
Deschutes,22,"State Senator, 27th District",undervotes,,14
Deschutes,22,"State Senator, 27th District",ballots_cast,,317
Deschutes,22,"State Senator, 27th District",registered,,367
Deschutes,30,"State Senator, 27th District",candidate,Anthony Broadman (Ind/Dem),1433
Deschutes,30,"State Senator, 27th District",candidate,Michael Summers (Rep),1087
Deschutes,30,"State Senator, 27th District",writein,,1
Deschutes,30,"State Senator, 27th District",total_votes,,2521
Deschutes,30,"State Senator, 27th District",overvotes,,1
Deschutes,30,"State Senator, 27th District",undervotes,,121
Deschutes,30,"State Senator, 27th District",ballots_cast,,2643
Deschutes,30,"State Senator, 27th District",registered,,3174
Deschutes,44,"State Senator, 27th District",candidate,Anthony Broadman (Ind/Dem),1732
Deschutes,44,"State Senator, 27th District",candidate,Michael Summers (Rep),1247
Deschutes,44,"State Senator, 27th District",writein,,2
Deschutes,44,"State Senator, 27th District",total_votes,,2981
Deschutes,44,"State Senator, 27th District",overvotes,,0
Deschutes,44,"State Senator, 27th District",undervotes,,154
Deschutes,44,"State Senator, 27th District",ballots_cast,,3135
Deschutes,44,"State Senator, 27th District",registered,,3971
Deschutes,05,"State Senator, 27th District",candidate,Anthony Broadman (Ind/Dem),2605
Deschutes,05,"State Senator, 27th District",candidate,Michael Summers (Rep),1596
Deschutes,05,"State Senator, 27th District",writein,,1
Deschutes,05,"State Senator, 27th District",total_votes,,4202
Deschutes,05,"State Senator, 27th District",overvotes,,2
Deschutes,05,"State Senator, 27th District",undervotes,,216
Deschutes,05,"State Senator, 27th District",ballots_cast,,4420
Deschutes,05,"State Senator, 27th District",registered,,5466
Deschutes,32,"State Senator, 27th District",candidate,Anthony Broadman (Ind/Dem),1533
Deschutes,32,"State Senator, 27th District",candidate,Michael Summers (Rep),729
Deschutes,32,"State Senator, 27th District",writein,,2
Deschutes,32,"State Senator, 27th District",total_votes,,2264
Deschutes,32,"State Senator, 27th District",overvotes,,0
Deschutes,32,"State Senator, 27th District",undervotes,,139
Deschutes,32,"State Senator, 27th District",ballots_cast,,2403
Deschutes,32,"State Senator, 27th District",registered,,3352
Deschutes,39,"State Senator, 28th District",candidate,Dylan Gutridge (Dem),1995
Deschutes,39,"State Senator, 28th District",candidate,Diane Linthicum (Rep),3074
Deschutes,39,"State Senator, 28th District",writein,,6
Deschutes,39,"State Senator, 28th District",total_votes,,5075
Deschutes,39,"State Senator, 28th District",overvotes,,0
Deschutes,39,"State Senator, 28th District",undervotes,,334
Deschutes,39,"State Senator, 28th District",ballots_cast,,5409
Deschutes,39,"State Senator, 28th District",registered,,7172
Deschutes,43,"State Senator, 28th District",candidate,Dylan Gutridge (Dem),985
Deschutes,43,"State Senator, 28th District",candidate,Diane Linthicum (Rep),1602
Deschutes,43,"State Senator, 28th District",writein,,3
Deschutes,43,"State Senator, 28th District",total_votes,,2590
Deschutes,43,"State Senator, 28th District",overvotes,,0
Deschutes,43,"State Senator, 28th District",undervotes,,137
Deschutes,43,"State Senator, 28th District",ballots_cast,,2727
Deschutes,43,"State Senator, 28th District",registered,,3311
Deschutes,21,"State Senator, 28th District",candidate,Dylan Gutridge (Dem),1033
Deschutes,21,"State Senator, 28th District",candidate,Diane Linthicum (Rep),1754
Deschutes,21,"State Senator, 28th District",writein,,2
Deschutes,21,"State Senator, 28th District",total_votes,,2789
Deschutes,21,"State Senator, 28th District",overvotes,,0
Deschutes,21,"State Senator, 28th District",undervotes,,151
Deschutes,21,"State Senator, 28th District",ballots_cast,,2940
Deschutes,21,"State Senator, 28th District",registered,,3582
Deschutes,38,"State Senator, 28th District",candidate,Dylan Gutridge (Dem),689
Deschutes,38,"State Senator, 28th District",candidate,Diane Linthicum (Rep),675
Deschutes,38,"State Senator, 28th District",writein,,0
Deschutes,38,"State Senator, 28th District",total_votes,,1364
Deschutes,38,"State Senator, 28th District",overvotes,,0
Deschutes,38,"State Senator, 28th District",undervotes,,84
Deschutes,38,"State Senator, 28th District",ballots_cast,,1448
Deschutes,38,"State Senator, 28th District",registered,,1808
Deschutes,24,"State Senator, 28th District",candidate,Dylan Gutridge (Dem),234
Deschutes,24,"State Senator, 28th District",candidate,Diane Linthicum (Rep),634
Deschutes,24,"State Senator, 28th District",writein,,0
Deschutes,24,"State Senator, 28th District",total_votes,,868
Deschutes,24,"State Senator, 28th District",overvotes,,0
Deschutes,24,"State Senator, 28th District",undervotes,,60
Deschutes,24,"State Senator, 28th District",ballots_cast,,928
Deschutes,24,"State Senator, 28th District",registered,,1318
Deschutes,40,"State Senator, 28th District",candidate,Dylan Gutridge (Dem),342
Deschutes,40,"State Senator, 28th District",candidate,Diane Linthicum (Rep),752
Deschutes,40,"State Senator, 28th District",writein,,0
Deschutes,40,"State Senator, 28th District",total_votes,,1094
Deschutes,40,"State Senator, 28th District",overvotes,,0
Deschutes,40,"State Senator, 28th District",undervotes,,83
Deschutes,40,"State Senator, 28th District",ballots_cast,,1177
Deschutes,40,"State Senator, 28th District",registered,,1639
Deschutes,50,"State Senator, 28th District",candidate,Dylan Gutridge (Dem),392
Deschutes,50,"State Senator, 28th District",candidate,Diane Linthicum (Rep),959
Deschutes,50,"State Senator, 28th District",writein,,4
Deschutes,50,"State Senator, 28th District",total_votes,,1355
Deschutes,50,"State Senator, 28th District",overvotes,,0
Deschutes,50,"State Senator, 28th District",undervotes,,96
Deschutes,50,"State Senator, 28th District",ballots_cast,,1451
Deschutes,50,"State Senator, 28th District",registered,,2046
Deschutes,23,"State Senator, 28th District",candidate,Dylan Gutridge (Dem),454
Deschutes,23,"State Senator, 28th District",candidate,Diane Linthicum (Rep),886
Deschutes,23,"State Senator, 28th District",writein,,0
Deschutes,23,"State Senator, 28th District",total_votes,,1340
Deschutes,23,"State Senator, 28th District",overvotes,,0
Deschutes,23,"State Senator, 28th District",undervotes,,88
Deschutes,23,"State Senator, 28th District",ballots_cast,,1428
Deschutes,23,"State Senator, 28th District",registered,,2215
Deschutes,42,"State Senator, 28th District",candidate,Dylan Gutridge (Dem),1396
Deschutes,42,"State Senator, 28th District",candidate,Diane Linthicum (Rep),1800
Deschutes,42,"State Senator, 28th District",writein,,5
Deschutes,42,"State Senator, 28th District",total_votes,,3201
Deschutes,42,"State Senator, 28th District",overvotes,,0
Deschutes,42,"State Senator, 28th District",undervotes,,190
Deschutes,42,"State Senator, 28th District",ballots_cast,,3391
Deschutes,42,"State Senator, 28th District",registered,,4512
Deschutes,16,"State Senator, 28th District",candidate,Dylan Gutridge (Dem),751
Deschutes,16,"State Senator, 28th District",candidate,Diane Linthicum (Rep),528
Deschutes,16,"State Senator, 28th District",writein,,2
Deschutes,16,"State Senator, 28th District",total_votes,,1281
Deschutes,16,"State Senator, 28th District",overvotes,,0
Deschutes,16,"State Senator, 28th District",undervotes,,67
Deschutes,16,"State Senator, 28th District",ballots_cast,,1348
Deschutes,16,"State Senator, 28th District",registered,,1555
Deschutes,15,"State Senator, 30th District",candidate,Mike McLane (Dem/Rep),1457
Deschutes,15,"State Senator, 30th District",writein,,39
Deschutes,15,"State Senator, 30th District",total_votes,,1496
Deschutes,15,"State Senator, 30th District",overvotes,,0
Deschutes,15,"State Senator, 30th District",undervotes,,861
Deschutes,15,"State Senator, 30th District",ballots_cast,,2357
Deschutes,15,"State Senator, 30th District",registered,,2697
Deschutes,18,"State Senator, 30th District",candidate,Mike McLane (Dem/Rep),2299
Deschutes,18,"State Senator, 30th District",writein,,28
Deschutes,18,"State Senator, 30th District",total_votes,,2327
Deschutes,18,"State Senator, 30th District",overvotes,,0
Deschutes,18,"State Senator, 30th District",undervotes,,951
Deschutes,18,"State Senator, 30th District",ballots_cast,,3278
Deschutes,18,"State Senator, 30th District",registered,,4075
Deschutes,41,"State Senator, 30th District",candidate,Mike McLane (Dem/Rep),420
Deschutes,41,"State Senator, 30th District",writein,,14
Deschutes,41,"State Senator, 30th District",total_votes,,434
Deschutes,41,"State Senator, 30th District",overvotes,,0
Deschutes,41,"State Senator, 30th District",undervotes,,232
Deschutes,41,"State Senator, 30th District",ballots_cast,,666
Deschutes,41,"State Senator, 30th District",registered,,772
Deschutes,28,"State Senator, 30th District",candidate,Mike McLane (Dem/Rep),2053
Deschutes,28,"State Senator, 30th District",writein,,59
Deschutes,28,"State Senator, 30th District",total_votes,,2112
Deschutes,28,"State Senator, 30th District",overvotes,,0
Deschutes,28,"State Senator, 30th District",undervotes,,981
Deschutes,28,"State Senator, 30th District",ballots_cast,,3093
Deschutes,28,"State Senator, 30th District",registered,,4182
Deschutes,29,"State Senator, 30th District",candidate,Mike McLane (Dem/Rep),3333
Deschutes,29,"State Senator, 30th District",writein,,74
Deschutes,29,"State Senator, 30th District",total_votes,,3407
Deschutes,29,"State Senator, 30th District",overvotes,,0
Deschutes,29,"State Senator, 30th District",undervotes,,1358
Deschutes,29,"State Senator, 30th District",ballots_cast,,4765
Deschutes,29,"State Senator, 30th District",registered,,6422
Deschutes,48,"State Senator, 30th District",candidate,Mike McLane (Dem/Rep),1680
Deschutes,48,"State Senator, 30th District",writein,,26
Deschutes,48,"State Senator, 30th District",total_votes,,1706
Deschutes,48,"State Senator, 30th District",overvotes,,0
Deschutes,48,"State Senator, 30th District",undervotes,,708
Deschutes,48,"State Senator, 30th District",ballots_cast,,2414
Deschutes,48,"State Senator, 30th District",registered,,3083
Deschutes,10,"State Senator, 30th District",candidate,Mike McLane (Dem/Rep),26
Deschutes,10,"State Senator, 30th District",writein,,0
Deschutes,10,"State Senator, 30th District",total_votes,,26
Deschutes,10,"State Senator, 30th District",overvotes,,0
Deschutes,10,"State Senator, 30th District",undervotes,,10
Deschutes,10,"State Senator, 30th District",ballots_cast,,36
Deschutes,10,"State Senator, 30th District",registered,,61
Deschutes,14,"State Representative, 53rd District",candidate,Keri Lopez (Rep),847
Deschutes,14,"State Representative, 53rd District",candidate,Emerson Levy (Ind/Dem),677
Deschutes,14,"State Representative, 53rd District",writein,,0
Deschutes,14,"State Representative, 53rd District",total_votes,,1524
Deschutes,14,"State Representative, 53rd District",overvotes,,0
Deschutes,14,"State Representative, 53rd District",undervotes,,59
Deschutes,14,"State Representative, 53rd District",ballots_cast,,1583
Deschutes,14,"State Representative, 53rd District",registered,,1911
Deschutes,12,"State Representative, 53rd District",candidate,Keri Lopez (Rep),420
Deschutes,12,"State Representative, 53rd District",candidate,Emerson Levy (Ind/Dem),294
Deschutes,12,"State Representative, 53rd District",writein,,0
Deschutes,12,"State Representative, 53rd District",total_votes,,714
Deschutes,12,"State Representative, 53rd District",overvotes,,0
Deschutes,12,"State Representative, 53rd District",undervotes,,33
Deschutes,12,"State Representative, 53rd District",ballots_cast,,747
Deschutes,12,"State Representative, 53rd District",registered,,884
Deschutes,49,"State Representative, 53rd District",candidate,Keri Lopez (Rep),207
Deschutes,49,"State Representative, 53rd District",candidate,Emerson Levy (Ind/Dem),289
Deschutes,49,"State Representative, 53rd District",writein,,0
Deschutes,49,"State Representative, 53rd District",total_votes,,496
Deschutes,49,"State Representative, 53rd District",overvotes,,0
Deschutes,49,"State Representative, 53rd District",undervotes,,23
Deschutes,49,"State Representative, 53rd District",ballots_cast,,519
Deschutes,49,"State Representative, 53rd District",registered,,594
Deschutes,06,"State Representative, 53rd District",candidate,Keri Lopez (Rep),846
Deschutes,06,"State Representative, 53rd District",candidate,Emerson Levy (Ind/Dem),1750
Deschutes,06,"State Representative, 53rd District",writein,,3
Deschutes,06,"State Representative, 53rd District",total_votes,,2599
Deschutes,06,"State Representative, 53rd District",overvotes,,0
Deschutes,06,"State Representative, 53rd District",undervotes,,176
Deschutes,06,"State Representative, 53rd District",ballots_cast,,2775
Deschutes,06,"State Representative, 53rd District",registered,,3846
Deschutes,35,"State Representative, 53rd District",candidate,Keri Lopez (Rep),1338
Deschutes,35,"State Representative, 53rd District",candidate,Emerson Levy (Ind/Dem),2905
Deschutes,35,"State Representative, 53rd District",writein,,3
Deschutes,35,"State Representative, 53rd District",total_votes,,4246
Deschutes,35,"State Representative, 53rd District",overvotes,,0
Deschutes,35,"State Representative, 53rd District",undervotes,,187
Deschutes,35,"State Representative, 53rd District",ballots_cast,,4433
Deschutes,35,"State Representative, 53rd District",registered,,4982
Deschutes,17,"State Representative, 53rd District",candidate,Keri Lopez (Rep),3163
Deschutes,17,"State Representative, 53rd District",candidate,Emerson Levy (Ind/Dem),2459
Deschutes,17,"State Representative, 53rd District",writein,,15
Deschutes,17,"State Representative, 53rd District",total_votes,,5637
Deschutes,17,"State Representative, 53rd District",overvotes,,0
Deschutes,17,"State Representative, 53rd District",undervotes,,346
Deschutes,17,"State Representative, 53rd District",ballots_cast,,5983
Deschutes,17,"State Representative, 53rd District",registered,,8479
Deschutes,36,"State Representative, 53rd District",candidate,Keri Lopez (Rep),2978
Deschutes,36,"State Representative, 53rd District",candidate,Emerson Levy (Ind/Dem),2206
Deschutes,36,"State Representative, 53rd District",writein,,7
Deschutes,36,"State Representative, 53rd District",total_votes,,5191
Deschutes,36,"State Representative, 53rd District",overvotes,,1
Deschutes,36,"State Representative, 53rd District",undervotes,,289
Deschutes,36,"State Representative, 53rd District",ballots_cast,,5481
Deschutes,36,"State Representative, 53rd District",registered,,7490
Deschutes,13,"State Representative, 53rd District",candidate,Keri Lopez (Rep),1587
Deschutes,13,"State Representative, 53rd District",candidate,Emerson Levy (Ind/Dem),1312
Deschutes,13,"State Representative, 53rd District",writein,,1
Deschutes,13,"State Representative, 53rd District",total_votes,,2900
Deschutes,13,"State Representative, 53rd District",overvotes,,1
Deschutes,13,"State Representative, 53rd District",undervotes,,152
Deschutes,13,"State Representative, 53rd District",ballots_cast,,3053
Deschutes,13,"State Representative, 53rd District",registered,,3748
Deschutes,37,"State Representative, 53rd District",candidate,Keri Lopez (Rep),563
Deschutes,37,"State Representative, 53rd District",candidate,Emerson Levy (Ind/Dem),549
Deschutes,37,"State Representative, 53rd District",writein,,0
Deschutes,37,"State Representative, 53rd District",total_votes,,1112
Deschutes,37,"State Representative, 53rd District",overvotes,,0
Deschutes,37,"State Representative, 53rd District",undervotes,,51
Deschutes,37,"State Representative, 53rd District",ballots_cast,,1163
Deschutes,37,"State Representative, 53rd District",registered,,1384
Deschutes,31,"State Representative, 53rd District",candidate,Keri Lopez (Rep),1640
Deschutes,31,"State Representative, 53rd District",candidate,Emerson Levy (Ind/Dem),1249
Deschutes,31,"State Representative, 53rd District",writein,,1
Deschutes,31,"State Representative, 53rd District",total_votes,,2890
Deschutes,31,"State Representative, 53rd District",overvotes,,0
Deschutes,31,"State Representative, 53rd District",undervotes,,129
Deschutes,31,"State Representative, 53rd District",ballots_cast,,3019
Deschutes,31,"State Representative, 53rd District",registered,,3373
Deschutes,01,"State Representative, 53rd District",candidate,Keri Lopez (Rep),522
Deschutes,01,"State Representative, 53rd District",candidate,Emerson Levy (Ind/Dem),1808
Deschutes,01,"State Representative, 53rd District",writein,,2
Deschutes,01,"State Representative, 53rd District",total_votes,,2332
Deschutes,01,"State Representative, 53rd District",overvotes,,1
Deschutes,01,"State Representative, 53rd District",undervotes,,107
Deschutes,01,"State Representative, 53rd District",ballots_cast,,2440
Deschutes,01,"State Representative, 53rd District",registered,,2890
Deschutes,20,"State Representative, 53rd District",candidate,Keri Lopez (Rep),1922
Deschutes,20,"State Representative, 53rd District",candidate,Emerson Levy (Ind/Dem),2537
Deschutes,20,"State Representative, 53rd District",writein,,5
Deschutes,20,"State Representative, 53rd District",total_votes,,4464
Deschutes,20,"State Representative, 53rd District",overvotes,,0
Deschutes,20,"State Representative, 53rd District",undervotes,,282
Deschutes,20,"State Representative, 53rd District",ballots_cast,,4746
Deschutes,20,"State Representative, 53rd District",registered,,5906
Deschutes,45,"State Representative, 53rd District",candidate,Keri Lopez (Rep),385
Deschutes,45,"State Representative, 53rd District",candidate,Emerson Levy (Ind/Dem),488
Deschutes,45,"State Representative, 53rd District",writein,,0
Deschutes,45,"State Representative, 53rd District",total_votes,,873
Deschutes,45,"State Representative, 53rd District",overvotes,,0
Deschutes,45,"State Representative, 53rd District",undervotes,,50
Deschutes,45,"State Representative, 53rd District",ballots_cast,,923
Deschutes,45,"State Representative, 53rd District",registered,,1085
Deschutes,26,"State Representative, 53rd District",candidate,Keri Lopez (Rep),1006
Deschutes,26,"State Representative, 53rd District",candidate,Emerson Levy (Ind/Dem),1394
Deschutes,26,"State Representative, 53rd District",writein,,3
Deschutes,26,"State Representative, 53rd District",total_votes,,2403
Deschutes,26,"State Representative, 53rd District",overvotes,,0
Deschutes,26,"State Representative, 53rd District",undervotes,,148
Deschutes,26,"State Representative, 53rd District",ballots_cast,,2551
Deschutes,26,"State Representative, 53rd District",registered,,3114
Deschutes,19,"State Representative, 53rd District",candidate,Keri Lopez (Rep),702
Deschutes,19,"State Representative, 53rd District",candidate,Emerson Levy (Ind/Dem),328
Deschutes,19,"State Representative, 53rd District",writein,,3
Deschutes,19,"State Representative, 53rd District",total_votes,,1033
Deschutes,19,"State Representative, 53rd District",overvotes,,0
Deschutes,19,"State Representative, 53rd District",undervotes,,68
Deschutes,19,"State Representative, 53rd District",ballots_cast,,1101
Deschutes,19,"State Representative, 53rd District",registered,,1487
Deschutes,07,"State Representative, 53rd District",candidate,Keri Lopez (Rep),304
Deschutes,07,"State Representative, 53rd District",candidate,Emerson Levy (Ind/Dem),1090
Deschutes,07,"State Representative, 53rd District",writein,,1
Deschutes,07,"State Representative, 53rd District",total_votes,,1395
Deschutes,07,"State Representative, 53rd District",overvotes,,0
Deschutes,07,"State Representative, 53rd District",undervotes,,77
Deschutes,07,"State Representative, 53rd District",ballots_cast,,1472
Deschutes,07,"State Representative, 53rd District",registered,,1677
Deschutes,11,"State Representative, 53rd District",candidate,Keri Lopez (Rep),444
Deschutes,11,"State Representative, 53rd District",candidate,Emerson Levy (Ind/Dem),931
Deschutes,11,"State Representative, 53rd District",writein,,2
Deschutes,11,"State Representative, 53rd District",total_votes,,1377
Deschutes,11,"State Representative, 53rd District",overvotes,,0
Deschutes,11,"State Representative, 53rd District",undervotes,,77
Deschutes,11,"State Representative, 53rd District",ballots_cast,,1454
Deschutes,11,"State Representative, 53rd District",registered,,1762
Deschutes,22,"State Representative, 53rd District",candidate,Keri Lopez (Rep),132
Deschutes,22,"State Representative, 53rd District",candidate,Emerson Levy (Ind/Dem),171
Deschutes,22,"State Representative, 53rd District",writein,,0
Deschutes,22,"State Representative, 53rd District",total_votes,,303
Deschutes,22,"State Representative, 53rd District",overvotes,,0
Deschutes,22,"State Representative, 53rd District",undervotes,,14
Deschutes,22,"State Representative, 53rd District",ballots_cast,,317
Deschutes,22,"State Representative, 53rd District",registered,,367
Deschutes,30,"State Representative, 53rd District",candidate,Keri Lopez (Rep),1076
Deschutes,30,"State Representative, 53rd District",candidate,Emerson Levy (Ind/Dem),1429
Deschutes,30,"State Representative, 53rd District",writein,,0
Deschutes,30,"State Representative, 53rd District",total_votes,,2505
Deschutes,30,"State Representative, 53rd District",overvotes,,1
Deschutes,30,"State Representative, 53rd District",undervotes,,137
Deschutes,30,"State Representative, 53rd District",ballots_cast,,2643
Deschutes,30,"State Representative, 53rd District",registered,,3174
Deschutes,08,"State Representative, 54th District",candidate,Jason Kropf (Ind/Dem/WF),529
Deschutes,08,"State Representative, 54th District",writein,,17
Deschutes,08,"State Representative, 54th District",total_votes,,546
Deschutes,08,"State Representative, 54th District",overvotes,,0
Deschutes,08,"State Representative, 54th District",undervotes,,288
Deschutes,08,"State Representative, 54th District",ballots_cast,,834
Deschutes,08,"State Representative, 54th District",registered,,954
Deschutes,09,"State Representative, 54th District",candidate,Jason Kropf (Ind/Dem/WF),1278
Deschutes,09,"State Representative, 54th District",writein,,50
Deschutes,09,"State Representative, 54th District",total_votes,,1328
Deschutes,09,"State Representative, 54th District",overvotes,,1
Deschutes,09,"State Representative, 54th District",undervotes,,610
Deschutes,09,"State Representative, 54th District",ballots_cast,,1939
Deschutes,09,"State Representative, 54th District",registered,,2780
Deschutes,27,"State Representative, 54th District",candidate,Jason Kropf (Ind/Dem/WF),1807
Deschutes,27,"State Representative, 54th District",writein,,31
Deschutes,27,"State Representative, 54th District",total_votes,,1838
Deschutes,27,"State Representative, 54th District",overvotes,,0
Deschutes,27,"State Representative, 54th District",undervotes,,540
Deschutes,27,"State Representative, 54th District",ballots_cast,,2378
Deschutes,27,"State Representative, 54th District",registered,,2860
Deschutes,03,"State Representative, 54th District",candidate,Jason Kropf (Ind/Dem/WF),3004
Deschutes,03,"State Representative, 54th District",writein,,59
Deschutes,03,"State Representative, 54th District",total_votes,,3063
Deschutes,03,"State Representative, 54th District",overvotes,,0
Deschutes,03,"State Representative, 54th District",undervotes,,932
Deschutes,03,"State Representative, 54th District",ballots_cast,,3995
Deschutes,03,"State Representative, 54th District",registered,,4658
Deschutes,33,"State Representative, 54th District",candidate,Jason Kropf (Ind/Dem/WF),2162
Deschutes,33,"State Representative, 54th District",writein,,109
Deschutes,33,"State Representative, 54th District",total_votes,,2271
Deschutes,33,"State Representative, 54th District",overvotes,,0
Deschutes,33,"State Representative, 54th District",undervotes,,1301
Deschutes,33,"State Representative, 54th District",ballots_cast,,3572
Deschutes,33,"State Representative, 54th District",registered,,4228
Deschutes,34,"State Representative, 54th District",candidate,Jason Kropf (Ind/Dem/WF),1967
Deschutes,34,"State Representative, 54th District",writein,,99
Deschutes,34,"State Representative, 54th District",total_votes,,2066
Deschutes,34,"State Representative, 54th District",overvotes,,0
Deschutes,34,"State Representative, 54th District",undervotes,,1145
Deschutes,34,"State Representative, 54th District",ballots_cast,,3211
Deschutes,34,"State Representative, 54th District",registered,,4520
Deschutes,02,"State Representative, 54th District",candidate,Jason Kropf (Ind/Dem/WF),1988
Deschutes,02,"State Representative, 54th District",writein,,100
Deschutes,02,"State Representative, 54th District",total_votes,,2088
Deschutes,02,"State Representative, 54th District",overvotes,,0
Deschutes,02,"State Representative, 54th District",undervotes,,1117
Deschutes,02,"State Representative, 54th District",ballots_cast,,3205
Deschutes,02,"State Representative, 54th District",registered,,3952
Deschutes,47,"State Representative, 54th District",candidate,Jason Kropf (Ind/Dem/WF),1930
Deschutes,47,"State Representative, 54th District",writein,,45
Deschutes,47,"State Representative, 54th District",total_votes,,1975
Deschutes,47,"State Representative, 54th District",overvotes,,0
Deschutes,47,"State Representative, 54th District",undervotes,,842
Deschutes,47,"State Representative, 54th District",ballots_cast,,2817
Deschutes,47,"State Representative, 54th District",registered,,3218
Deschutes,46,"State Representative, 54th District",candidate,Jason Kropf (Ind/Dem/WF),2429
Deschutes,46,"State Representative, 54th District",writein,,91
Deschutes,46,"State Representative, 54th District",total_votes,,2520
Deschutes,46,"State Representative, 54th District",overvotes,,0
Deschutes,46,"State Representative, 54th District",undervotes,,1111
Deschutes,46,"State Representative, 54th District",ballots_cast,,3631
Deschutes,46,"State Representative, 54th District",registered,,4604
Deschutes,04,"State Representative, 54th District",candidate,Jason Kropf (Ind/Dem/WF),2225
Deschutes,04,"State Representative, 54th District",writein,,66
Deschutes,04,"State Representative, 54th District",total_votes,,2291
Deschutes,04,"State Representative, 54th District",overvotes,,0
Deschutes,04,"State Representative, 54th District",undervotes,,876
Deschutes,04,"State Representative, 54th District",ballots_cast,,3167
Deschutes,04,"State Representative, 54th District",registered,,3959
Deschutes,25,"State Representative, 54th District",candidate,Jason Kropf (Ind/Dem/WF),2698
Deschutes,25,"State Representative, 54th District",writein,,92
Deschutes,25,"State Representative, 54th District",total_votes,,2790
Deschutes,25,"State Representative, 54th District",overvotes,,0
Deschutes,25,"State Representative, 54th District",undervotes,,1438
Deschutes,25,"State Representative, 54th District",ballots_cast,,4228
Deschutes,25,"State Representative, 54th District",registered,,5593
Deschutes,44,"State Representative, 54th District",candidate,Jason Kropf (Ind/Dem/WF),1915
Deschutes,44,"State Representative, 54th District",writein,,105
Deschutes,44,"State Representative, 54th District",total_votes,,2020
Deschutes,44,"State Representative, 54th District",overvotes,,0
Deschutes,44,"State Representative, 54th District",undervotes,,1115
Deschutes,44,"State Representative, 54th District",ballots_cast,,3135
Deschutes,44,"State Representative, 54th District",registered,,3971
Deschutes,05,"State Representative, 54th District",candidate,Jason Kropf (Ind/Dem/WF),2870
Deschutes,05,"State Representative, 54th District",writein,,120
Deschutes,05,"State Representative, 54th District",total_votes,,2990
Deschutes,05,"State Representative, 54th District",overvotes,,0
Deschutes,05,"State Representative, 54th District",undervotes,,1430
Deschutes,05,"State Representative, 54th District",ballots_cast,,4420
Deschutes,05,"State Representative, 54th District",registered,,5466
Deschutes,32,"State Representative, 54th District",candidate,Jason Kropf (Ind/Dem/WF),1593
Deschutes,32,"State Representative, 54th District",writein,,56
Deschutes,32,"State Representative, 54th District",total_votes,,1649
Deschutes,32,"State Representative, 54th District",overvotes,,0
Deschutes,32,"State Representative, 54th District",undervotes,,754
Deschutes,32,"State Representative, 54th District",ballots_cast,,2403
Deschutes,32,"State Representative, 54th District",registered,,3352
Deschutes,39,"State Representative, 55th District",candidate,James Williamson (Dem),1908
Deschutes,39,"State Representative, 55th District",candidate,E Werner Reschke (Rep),3075
Deschutes,39,"State Representative, 55th District",writein,,4
Deschutes,39,"State Representative, 55th District",total_votes,,4987
Deschutes,39,"State Representative, 55th District",overvotes,,0
Deschutes,39,"State Representative, 55th District",undervotes,,422
Deschutes,39,"State Representative, 55th District",ballots_cast,,5409
Deschutes,39,"State Representative, 55th District",registered,,7172
Deschutes,43,"State Representative, 55th District",candidate,James Williamson (Dem),912
Deschutes,43,"State Representative, 55th District",candidate,E Werner Reschke (Rep),1608
Deschutes,43,"State Representative, 55th District",writein,,6
Deschutes,43,"State Representative, 55th District",total_votes,,2526
Deschutes,43,"State Representative, 55th District",overvotes,,0
Deschutes,43,"State Representative, 55th District",undervotes,,201
Deschutes,43,"State Representative, 55th District",ballots_cast,,2727
Deschutes,43,"State Representative, 55th District",registered,,3311
Deschutes,21,"State Representative, 55th District",candidate,James Williamson (Dem),974
Deschutes,21,"State Representative, 55th District",candidate,E Werner Reschke (Rep),1731
Deschutes,21,"State Representative, 55th District",writein,,6
Deschutes,21,"State Representative, 55th District",total_votes,,2711
Deschutes,21,"State Representative, 55th District",overvotes,,0
Deschutes,21,"State Representative, 55th District",undervotes,,229
Deschutes,21,"State Representative, 55th District",ballots_cast,,2940
Deschutes,21,"State Representative, 55th District",registered,,3582
Deschutes,38,"State Representative, 55th District",candidate,James Williamson (Dem),661
Deschutes,38,"State Representative, 55th District",candidate,E Werner Reschke (Rep),663
Deschutes,38,"State Representative, 55th District",writein,,3
Deschutes,38,"State Representative, 55th District",total_votes,,1327
Deschutes,38,"State Representative, 55th District",overvotes,,0
Deschutes,38,"State Representative, 55th District",undervotes,,121
Deschutes,38,"State Representative, 55th District",ballots_cast,,1448
Deschutes,38,"State Representative, 55th District",registered,,1808
Deschutes,24,"State Representative, 55th District",candidate,James Williamson (Dem),218
Deschutes,24,"State Representative, 55th District",candidate,E Werner Reschke (Rep),639
Deschutes,24,"State Representative, 55th District",writein,,0
Deschutes,24,"State Representative, 55th District",total_votes,,857
Deschutes,24,"State Representative, 55th District",overvotes,,0
Deschutes,24,"State Representative, 55th District",undervotes,,71
Deschutes,24,"State Representative, 55th District",ballots_cast,,928
Deschutes,24,"State Representative, 55th District",registered,,1318
Deschutes,40,"State Representative, 55th District",candidate,James Williamson (Dem),323
Deschutes,40,"State Representative, 55th District",candidate,E Werner Reschke (Rep),745
Deschutes,40,"State Representative, 55th District",writein,,0
Deschutes,40,"State Representative, 55th District",total_votes,,1068
Deschutes,40,"State Representative, 55th District",overvotes,,0
Deschutes,40,"State Representative, 55th District",undervotes,,109
Deschutes,40,"State Representative, 55th District",ballots_cast,,1177
Deschutes,40,"State Representative, 55th District",registered,,1639
Deschutes,50,"State Representative, 55th District",candidate,James Williamson (Dem),371
Deschutes,50,"State Representative, 55th District",candidate,E Werner Reschke (Rep),950
Deschutes,50,"State Representative, 55th District",writein,,2
Deschutes,50,"State Representative, 55th District",total_votes,,1323
Deschutes,50,"State Representative, 55th District",overvotes,,0
Deschutes,50,"State Representative, 55th District",undervotes,,128
Deschutes,50,"State Representative, 55th District",ballots_cast,,1451
Deschutes,50,"State Representative, 55th District",registered,,2046
Deschutes,23,"State Representative, 55th District",candidate,James Williamson (Dem),427
Deschutes,23,"State Representative, 55th District",candidate,E Werner Reschke (Rep),888
Deschutes,23,"State Representative, 55th District",writein,,0
Deschutes,23,"State Representative, 55th District",total_votes,,1315
Deschutes,23,"State Representative, 55th District",overvotes,,0
Deschutes,23,"State Representative, 55th District",undervotes,,113
Deschutes,23,"State Representative, 55th District",ballots_cast,,1428
Deschutes,23,"State Representative, 55th District",registered,,2215
Deschutes,42,"State Representative, 55th District",candidate,James Williamson (Dem),1316
Deschutes,42,"State Representative, 55th District",candidate,E Werner Reschke (Rep),1807
Deschutes,42,"State Representative, 55th District",writein,,6
Deschutes,42,"State Representative, 55th District",total_votes,,3129
Deschutes,42,"State Representative, 55th District",overvotes,,0
Deschutes,42,"State Representative, 55th District",undervotes,,262
Deschutes,42,"State Representative, 55th District",ballots_cast,,3391
Deschutes,42,"State Representative, 55th District",registered,,4512
Deschutes,16,"State Representative, 55th District",candidate,James Williamson (Dem),683
Deschutes,16,"State Representative, 55th District",candidate,E Werner Reschke (Rep),557
Deschutes,16,"State Representative, 55th District",writein,,1
Deschutes,16,"State Representative, 55th District",total_votes,,1241
Deschutes,16,"State Representative, 55th District",overvotes,,0
Deschutes,16,"State Representative, 55th District",undervotes,,107
Deschutes,16,"State Representative, 55th District",ballots_cast,,1348
Deschutes,16,"State Representative, 55th District",registered,,1555
Deschutes,15,"State Representative, 59th District",candidate,Vikki Breese-Iverson (Rep),1251
Deschutes,15,"State Representative, 59th District",candidate,Brian K Samp (Dem),949
Deschutes,15,"State Representative, 59th District",writein,,1
Deschutes,15,"State Representative, 59th District",total_votes,,2201
Deschutes,15,"State Representative, 59th District",overvotes,,0
Deschutes,15,"State Representative, 59th District",undervotes,,156
Deschutes,15,"State Representative, 59th District",ballots_cast,,2357
Deschutes,15,"State Representative, 59th District",registered,,2697
Deschutes,18,"State Representative, 59th District",candidate,Vikki Breese-Iverson (Rep),2248
Deschutes,18,"State Representative, 59th District",candidate,Brian K Samp (Dem),799
Deschutes,18,"State Representative, 59th District",writein,,3
Deschutes,18,"State Representative, 59th District",total_votes,,3050
Deschutes,18,"State Representative, 59th District",overvotes,,2
Deschutes,18,"State Representative, 59th District",undervotes,,226
Deschutes,18,"State Representative, 59th District",ballots_cast,,3278
Deschutes,18,"State Representative, 59th District",registered,,4075
Deschutes,41,"State Representative, 59th District",candidate,Vikki Breese-Iverson (Rep),363
Deschutes,41,"State Representative, 59th District",candidate,Brian K Samp (Dem),260
Deschutes,41,"State Representative, 59th District",writein,,0
Deschutes,41,"State Representative, 59th District",total_votes,,623
Deschutes,41,"State Representative, 59th District",overvotes,,0
Deschutes,41,"State Representative, 59th District",undervotes,,43
Deschutes,41,"State Representative, 59th District",ballots_cast,,666
Deschutes,41,"State Representative, 59th District",registered,,772
Deschutes,28,"State Representative, 59th District",candidate,Vikki Breese-Iverson (Rep),1743
Deschutes,28,"State Representative, 59th District",candidate,Brian K Samp (Dem),1106
Deschutes,28,"State Representative, 59th District",writein,,5
Deschutes,28,"State Representative, 59th District",total_votes,,2854
Deschutes,28,"State Representative, 59th District",overvotes,,0
Deschutes,28,"State Representative, 59th District",undervotes,,239
Deschutes,28,"State Representative, 59th District",ballots_cast,,3093
Deschutes,28,"State Representative, 59th District",registered,,4182
Deschutes,29,"State Representative, 59th District",candidate,Vikki Breese-Iverson (Rep),2803
Deschutes,29,"State Representative, 59th District",candidate,Brian K Samp (Dem),1584
Deschutes,29,"State Representative, 59th District",writein,,10
Deschutes,29,"State Representative, 59th District",total_votes,,4397
Deschutes,29,"State Representative, 59th District",overvotes,,0
Deschutes,29,"State Representative, 59th District",undervotes,,368
Deschutes,29,"State Representative, 59th District",ballots_cast,,4765
Deschutes,29,"State Representative, 59th District",registered,,6422
Deschutes,48,"State Representative, 59th District",candidate,Vikki Breese-Iverson (Rep),1710
Deschutes,48,"State Representative, 59th District",candidate,Brian K Samp (Dem),542
Deschutes,48,"State Representative, 59th District",writein,,5
Deschutes,48,"State Representative, 59th District",total_votes,,2257
Deschutes,48,"State Representative, 59th District",overvotes,,0
Deschutes,48,"State Representative, 59th District",undervotes,,157
Deschutes,48,"State Representative, 59th District",ballots_cast,,2414
Deschutes,48,"State Representative, 59th District",registered,,3083
Deschutes,10,"State Representative, 60th District",candidate,Mark Owens (Dem/Rep),25
Deschutes,10,"State Representative, 60th District",writein,,0
Deschutes,10,"State Representative, 60th District",total_votes,,25
Deschutes,10,"State Representative, 60th District",overvotes,,0
Deschutes,10,"State Representative, 60th District",undervotes,,11
Deschutes,10,"State Representative, 60th District",ballots_cast,,36
Deschutes,10,"State Representative, 60th District",registered,,61
