county,precinct_label,contest,type,choice,votes
Lane,1120,United States President and Vice President (Vote for 1),total_votes,,2007
Lane,1120,United States President and Vice President (Vote for 1),candidate,Robert F Kennedy Jr / Nicole Shanahan,27
Lane,1120,United States President and Vice President (Vote for 1),candidate,Cornel West,16
Lane,1120,United States President and Vice President (Vote for 1),candidate,Chase Oliver / Mike ter Maat,15
Lane,1120,United States President and Vice President (Vote for 1),candidate,Randall Terry,<10
Lane,1120,United States President and Vice President (Vote for 1),candidate,Donald J Trump / JD Vance,325
Lane,1120,United States President and Vice President (Vote for 1),candidate,Jill Stein / Rudolph Ware,32
Lane,1120,United States President and Vice President (Vote for 1),candidate,Kamala D Harris / Tim Walz,1577
Lane,1120,United States President and Vice President (Vote for 1),writein,,14
Lane,1122,United States President and Vice President (Vote for 1),total_votes,,4137
Lane,1122,United States President and Vice President (Vote for 1),candidate,Robert F Kennedy Jr / Nicole Shanahan,32
Lane,1122,United States President and Vice President (Vote for 1),candidate,Cornel West,44
Lane,1122,United States President and Vice President (Vote for 1),candidate,Chase Oliver / Mike ter Maat,12
Lane,1122,United States President and Vice President (Vote for 1),candidate,Randall Terry,<10
Lane,1122,United States President and Vice President (Vote for 1),candidate,Donald J Trump / JD Vance,436
Lane,1122,United States President and Vice President (Vote for 1),candidate,Jill Stein / Rudolph Ware,104
Lane,1122,United States President and Vice President (Vote for 1),candidate,Kamala D Harris / Tim Walz,3478
Lane,1122,United States President and Vice President (Vote for 1),writein,,30
Lane,1124,United States President and Vice President (Vote for 1),total_votes,,1225
Lane,1124,United States President and Vice President (Vote for 1),candidate,Robert F Kennedy Jr / Nicole Shanahan,13
Lane,1124,United States President and Vice President (Vote for 1),candidate,Cornel West,<10
Lane,1124,United States President and Vice President (Vote for 1),candidate,Chase Oliver / Mike ter Maat,<10
Lane,1124,United States President and Vice President (Vote for 1),candidate,Randall Terry,0
Lane,1124,United States President and Vice President (Vote for 1),candidate,Donald J Trump / JD Vance,171
Lane,1124,United States President and Vice President (Vote for 1),candidate,Jill Stein / Rudolph Ware,18
Lane,1124,United States President and Vice President (Vote for 1),candidate,Kamala D Harris / Tim Walz,1010
Lane,1124,United States President and Vice President (Vote for 1),writein,,<10
Lane,1126,United States President and Vice President (Vote for 1),total_votes,,4682
Lane,1126,United States President and Vice President (Vote for 1),candidate,Robert F Kennedy Jr / Nicole Shanahan,46
Lane,1126,United States President and Vice President (Vote for 1),candidate,Cornel West,29
Lane,1126,United States President and Vice President (Vote for 1),candidate,Chase Oliver / Mike ter Maat,11
Lane,1126,United States President and Vice President (Vote for 1),candidate,Randall Terry,<10
Lane,1126,United States President and Vice President (Vote for 1),candidate,Donald J Trump / JD Vance,363
Lane,1126,United States President and Vice President (Vote for 1),candidate,Jill Stein / Rudolph Ware,73
Lane,1126,United States President and Vice President (Vote for 1),candidate,Kamala D Harris / Tim Walz,4134
Lane,1126,United States President and Vice President (Vote for 1),writein,,24
Lane,1230,United States President and Vice President (Vote for 1),total_votes,,5397
Lane,1230,United States President and Vice President (Vote for 1),candidate,Robert F Kennedy Jr / Nicole Shanahan,54
Lane,1230,United States President and Vice President (Vote for 1),candidate,Cornel West,32
Lane,1230,United States President and Vice President (Vote for 1),candidate,Chase Oliver / Mike ter Maat,20
Lane,1230,United States President and Vice President (Vote for 1),candidate,Randall Terry,<10
Lane,1230,United States President and Vice President (Vote for 1),candidate,Donald J Trump / JD Vance,480
Lane,1230,United States President and Vice President (Vote for 1),candidate,Jill Stein / Rudolph Ware,92
Lane,1230,United States President and Vice President (Vote for 1),candidate,Kamala D Harris / Tim Walz,4670
Lane,1230,United States President and Vice President (Vote for 1),writein,,44
Lane,1232,United States President and Vice President (Vote for 1),total_votes,,5680
Lane,1232,United States President and Vice President (Vote for 1),candidate,Robert F Kennedy Jr / Nicole Shanahan,55
Lane,1232,United States President and Vice President (Vote for 1),candidate,Cornel West,22
Lane,1232,United States President and Vice President (Vote for 1),candidate,Chase Oliver / Mike ter Maat,24
Lane,1232,United States President and Vice President (Vote for 1),candidate,Randall Terry,<10
Lane,1232,United States President and Vice President (Vote for 1),candidate,Donald J Trump / JD Vance,645
Lane,1232,United States President and Vice President (Vote for 1),candidate,Jill Stein / Rudolph Ware,63
Lane,1232,United States President and Vice President (Vote for 1),candidate,Kamala D Harris / Tim Walz,4840
Lane,1232,United States President and Vice President (Vote for 1),writein,,29
Lane,1234,United States President and Vice President (Vote for 1),total_votes,,3363
Lane,1234,United States President and Vice President (Vote for 1),candidate,Robert F Kennedy Jr / Nicole Shanahan,39
Lane,1234,United States President and Vice President (Vote for 1),candidate,Cornel West,20
Lane,1234,United States President and Vice President (Vote for 1),candidate,Chase Oliver / Mike ter Maat,10
Lane,1234,United States President and Vice President (Vote for 1),candidate,Randall Terry,0
Lane,1234,United States President and Vice President (Vote for 1),candidate,Donald J Trump / JD Vance,414
Lane,1234,United States President and Vice President (Vote for 1),candidate,Jill Stein / Rudolph Ware,44
Lane,1234,United States President and Vice President (Vote for 1),candidate,Kamala D Harris / Tim Walz,2803
Lane,1234,United States President and Vice President (Vote for 1),writein,,33
Lane,1340,United States President and Vice President (Vote for 1),total_votes,,5299
Lane,1340,United States President and Vice President (Vote for 1),candidate,Robert F Kennedy Jr / Nicole Shanahan,39
Lane,1340,United States President and Vice President (Vote for 1),candidate,Cornel West,26
Lane,1340,United States President and Vice President (Vote for 1),candidate,Chase Oliver / Mike ter Maat,11
Lane,1340,United States President and Vice President (Vote for 1),candidate,Randall Terry,0
Lane,1340,United States President and Vice President (Vote for 1),candidate,Donald J Trump / JD Vance,444
Lane,1340,United States President and Vice President (Vote for 1),candidate,Jill Stein / Rudolph Ware,100
Lane,1340,United States President and Vice President (Vote for 1),candidate,Kamala D Harris / Tim Walz,4626
Lane,1340,United States President and Vice President (Vote for 1),writein,,53
Lane,1342,United States President and Vice President (Vote for 1),total_votes,,1230
Lane,1342,United States President and Vice President (Vote for 1),candidate,Robert F Kennedy Jr / Nicole Shanahan,17
Lane,1342,United States President and Vice President (Vote for 1),candidate,Cornel West,<10
Lane,1342,United States President and Vice President (Vote for 1),candidate,Chase Oliver / Mike ter Maat,10
Lane,1342,United States President and Vice President (Vote for 1),candidate,Randall Terry,0
Lane,1342,United States President and Vice President (Vote for 1),candidate,Donald J Trump / JD Vance,193
Lane,1342,United States President and Vice President (Vote for 1),candidate,Jill Stein / Rudolph Ware,13
Lane,1342,United States President and Vice President (Vote for 1),candidate,Kamala D Harris / Tim Walz,981
Lane,1342,United States President and Vice President (Vote for 1),writein,,<10
Lane,1450,United States President and Vice President (Vote for 1),total_votes,,5861
Lane,1450,United States President and Vice President (Vote for 1),candidate,Robert F Kennedy Jr / Nicole Shanahan,74
Lane,1450,United States President and Vice President (Vote for 1),candidate,Cornel West,15
Lane,1450,United States President and Vice President (Vote for 1),candidate,Chase Oliver / Mike ter Maat,27
Lane,1450,United States President and Vice President (Vote for 1),candidate,Randall Terry,<10
Lane,1450,United States President and Vice President (Vote for 1),candidate,Donald J Trump / JD Vance,1686
Lane,1450,United States President and Vice President (Vote for 1),candidate,Jill Stein / Rudolph Ware,34
Lane,1450,United States President and Vice President (Vote for 1),candidate,Kamala D Harris / Tim Walz,3975
Lane,1450,United States President and Vice President (Vote for 1),writein,,49
Lane,1452,United States President and Vice President (Vote for 1),total_votes,,4405
Lane,1452,United States President and Vice President (Vote for 1),candidate,Robert F Kennedy Jr / Nicole Shanahan,54
Lane,1452,United States President and Vice President (Vote for 1),candidate,Cornel West,10
Lane,1452,United States President and Vice President (Vote for 1),candidate,Chase Oliver / Mike ter Maat,20
Lane,1452,United States President and Vice President (Vote for 1),candidate,Randall Terry,<10
Lane,1452,United States President and Vice President (Vote for 1),candidate,Donald J Trump / JD Vance,1199
Lane,1452,United States President and Vice President (Vote for 1),candidate,Jill Stein / Rudolph Ware,35
Lane,1452,United States President and Vice President (Vote for 1),candidate,Kamala D Harris / Tim Walz,3045
Lane,1452,United States President and Vice President (Vote for 1),writein,,40
Lane,1454,United States President and Vice President (Vote for 1),total_votes,,1779
Lane,1454,United States President and Vice President (Vote for 1),candidate,Robert F Kennedy Jr / Nicole Shanahan,18
Lane,1454,United States President and Vice President (Vote for 1),candidate,Cornel West,10
Lane,1454,United States President and Vice President (Vote for 1),candidate,Chase Oliver / Mike ter Maat,<10
Lane,1454,United States President and Vice President (Vote for 1),candidate,Randall Terry,0
Lane,1454,United States President and Vice President (Vote for 1),candidate,Donald J Trump / JD Vance,359
Lane,1454,United States President and Vice President (Vote for 1),candidate,Jill Stein / Rudolph Ware,17
Lane,1454,United States President and Vice President (Vote for 1),candidate,Kamala D Harris / Tim Walz,1364
Lane,1454,United States President and Vice President (Vote for 1),writein,,<10
Lane,1560,United States President and Vice President (Vote for 1),total_votes,,2034
Lane,1560,United States President and Vice President (Vote for 1),candidate,Robert F Kennedy Jr / Nicole Shanahan,30
Lane,1560,United States President and Vice President (Vote for 1),candidate,Cornel West,<10
Lane,1560,United States President and Vice President (Vote for 1),candidate,Chase Oliver / Mike ter Maat,<10
Lane,1560,United States President and Vice President (Vote for 1),candidate,Randall Terry,<10
Lane,1560,United States President and Vice President (Vote for 1),candidate,Donald J Trump / JD Vance,750
Lane,1560,United States President and Vice President (Vote for 1),candidate,Jill Stein / Rudolph Ware,20
Lane,1560,United States President and Vice President (Vote for 1),candidate,Kamala D Harris / Tim Walz,1209
Lane,1560,United States President and Vice President (Vote for 1),writein,,15
Lane,1562,United States President and Vice President (Vote for 1),total_votes,,5901
Lane,1562,United States President and Vice President (Vote for 1),candidate,Robert F Kennedy Jr / Nicole Shanahan,57
Lane,1562,United States President and Vice President (Vote for 1),candidate,Cornel West,14
Lane,1562,United States President and Vice President (Vote for 1),candidate,Chase Oliver / Mike ter Maat,30
Lane,1562,United States President and Vice President (Vote for 1),candidate,Randall Terry,<10
Lane,1562,United States President and Vice President (Vote for 1),candidate,Donald J Trump / JD Vance,1930
Lane,1562,United States President and Vice President (Vote for 1),candidate,Jill Stein / Rudolph Ware,42
Lane,1562,United States President and Vice President (Vote for 1),candidate,Kamala D Harris / Tim Walz,3773
Lane,1562,United States President and Vice President (Vote for 1),writein,,50
Lane,1564,United States President and Vice President (Vote for 1),total_votes,,6484
Lane,1564,United States President and Vice President (Vote for 1),candidate,Robert F Kennedy Jr / Nicole Shanahan,72
Lane,1564,United States President and Vice President (Vote for 1),candidate,Cornel West,14
Lane,1564,United States President and Vice President (Vote for 1),candidate,Chase Oliver / Mike ter Maat,30
Lane,1564,United States President and Vice President (Vote for 1),candidate,Randall Terry,<10
Lane,1564,United States President and Vice President (Vote for 1),candidate,Donald J Trump / JD Vance,1622
Lane,1564,United States President and Vice President (Vote for 1),candidate,Jill Stein / Rudolph Ware,54
Lane,1564,United States President and Vice President (Vote for 1),candidate,Kamala D Harris / Tim Walz,4639
Lane,1564,United States President and Vice President (Vote for 1),writein,,48
Lane,1670,United States President and Vice President (Vote for 1),total_votes,,6505
Lane,1670,United States President and Vice President (Vote for 1),candidate,Robert F Kennedy Jr / Nicole Shanahan,122
Lane,1670,United States President and Vice President (Vote for 1),candidate,Cornel West,13
Lane,1670,United States President and Vice President (Vote for 1),candidate,Chase Oliver / Mike ter Maat,29
Lane,1670,United States President and Vice President (Vote for 1),candidate,Randall Terry,<10
Lane,1670,United States President and Vice President (Vote for 1),candidate,Donald J Trump / JD Vance,2630
Lane,1670,United States President and Vice President (Vote for 1),candidate,Jill Stein / Rudolph Ware,31
Lane,1670,United States President and Vice President (Vote for 1),candidate,Kamala D Harris / Tim Walz,3630
Lane,1670,United States President and Vice President (Vote for 1),writein,,42
Lane,1672,United States President and Vice President (Vote for 1),total_votes,,4809
Lane,1672,United States President and Vice President (Vote for 1),candidate,Robert F Kennedy Jr / Nicole Shanahan,80
Lane,1672,United States President and Vice President (Vote for 1),candidate,Cornel West,11
Lane,1672,United States President and Vice President (Vote for 1),candidate,Chase Oliver / Mike ter Maat,22
Lane,1672,United States President and Vice President (Vote for 1),candidate,Randall Terry,<10
Lane,1672,United States President and Vice President (Vote for 1),candidate,Donald J Trump / JD Vance,1790
Lane,1672,United States President and Vice President (Vote for 1),candidate,Jill Stein / Rudolph Ware,26
Lane,1672,United States President and Vice President (Vote for 1),candidate,Kamala D Harris / Tim Walz,2844
Lane,1672,United States President and Vice President (Vote for 1),writein,,31
Lane,1780,United States President and Vice President (Vote for 1),total_votes,,1578
Lane,1780,United States President and Vice President (Vote for 1),candidate,Robert F Kennedy Jr / Nicole Shanahan,26
Lane,1780,United States President and Vice President (Vote for 1),candidate,Cornel West,12
Lane,1780,United States President and Vice President (Vote for 1),candidate,Chase Oliver / Mike ter Maat,14
Lane,1780,United States President and Vice President (Vote for 1),candidate,Randall Terry,0
Lane,1780,United States President and Vice President (Vote for 1),candidate,Donald J Trump / JD Vance,435
Lane,1780,United States President and Vice President (Vote for 1),candidate,Jill Stein / Rudolph Ware,23
Lane,1780,United States President and Vice President (Vote for 1),candidate,Kamala D Harris / Tim Walz,1057
Lane,1780,United States President and Vice President (Vote for 1),writein,,11
Lane,1782,United States President and Vice President (Vote for 1),total_votes,,1881
Lane,1782,United States President and Vice President (Vote for 1),candidate,Robert F Kennedy Jr / Nicole Shanahan,24
Lane,1782,United States President and Vice President (Vote for 1),candidate,Cornel West,25
Lane,1782,United States President and Vice President (Vote for 1),candidate,Chase Oliver / Mike ter Maat,<10
Lane,1782,United States President and Vice President (Vote for 1),candidate,Randall Terry,<10
Lane,1782,United States President and Vice President (Vote for 1),candidate,Donald J Trump / JD Vance,217
Lane,1782,United States President and Vice President (Vote for 1),candidate,Jill Stein / Rudolph Ware,38
Lane,1782,United States President and Vice President (Vote for 1),candidate,Kamala D Harris / Tim Walz,1546
Lane,1782,United States President and Vice President (Vote for 1),writein,,22
Lane,1784,United States President and Vice President (Vote for 1),total_votes,,4073
Lane,1784,United States President and Vice President (Vote for 1),candidate,Robert F Kennedy Jr / Nicole Shanahan,62
Lane,1784,United States President and Vice President (Vote for 1),candidate,Cornel West,<10
Lane,1784,United States President and Vice President (Vote for 1),candidate,Chase Oliver / Mike ter Maat,19
Lane,1784,United States President and Vice President (Vote for 1),candidate,Randall Terry,<10
Lane,1784,United States President and Vice President (Vote for 1),candidate,Donald J Trump / JD Vance,1235
Lane,1784,United States President and Vice President (Vote for 1),candidate,Jill Stein / Rudolph Ware,33
Lane,1784,United States President and Vice President (Vote for 1),candidate,Kamala D Harris / Tim Walz,2692
Lane,1784,United States President and Vice President (Vote for 1),writein,,20
Lane,1786,United States President and Vice President (Vote for 1),total_votes,,2524
Lane,1786,United States President and Vice President (Vote for 1),candidate,Robert F Kennedy Jr / Nicole Shanahan,43
Lane,1786,United States President and Vice President (Vote for 1),candidate,Cornel West,<10
Lane,1786,United States President and Vice President (Vote for 1),candidate,Chase Oliver / Mike ter Maat,<10
Lane,1786,United States President and Vice President (Vote for 1),candidate,Randall Terry,<10
Lane,1786,United States President and Vice President (Vote for 1),candidate,Donald J Trump / JD Vance,1037
Lane,1786,United States President and Vice President (Vote for 1),candidate,Jill Stein / Rudolph Ware,<10
Lane,1786,United States President and Vice President (Vote for 1),candidate,Kamala D Harris / Tim Walz,1398
Lane,1786,United States President and Vice President (Vote for 1),writein,,24
Lane,1890,United States President and Vice President (Vote for 1),total_votes,,2990
Lane,1890,United States President and Vice President (Vote for 1),candidate,Robert F Kennedy Jr / Nicole Shanahan,71
Lane,1890,United States President and Vice President (Vote for 1),candidate,Cornel West,<10
Lane,1890,United States President and Vice President (Vote for 1),candidate,Chase Oliver / Mike ter Maat,15
Lane,1890,United States President and Vice President (Vote for 1),candidate,Randall Terry,<10
Lane,1890,United States President and Vice President (Vote for 1),candidate,Donald J Trump / JD Vance,1162
Lane,1890,United States President and Vice President (Vote for 1),candidate,Jill Stein / Rudolph Ware,25
Lane,1890,United States President and Vice President (Vote for 1),candidate,Kamala D Harris / Tim Walz,1683
Lane,1890,United States President and Vice President (Vote for 1),writein,,22
Lane,1892,United States President and Vice President (Vote for 1),total_votes,,5086
Lane,1892,United States President and Vice President (Vote for 1),candidate,Robert F Kennedy Jr / Nicole Shanahan,69
Lane,1892,United States President and Vice President (Vote for 1),candidate,Cornel West,25
Lane,1892,United States President and Vice President (Vote for 1),candidate,Chase Oliver / Mike ter Maat,16
Lane,1892,United States President and Vice President (Vote for 1),candidate,Randall Terry,<10
Lane,1892,United States President and Vice President (Vote for 1),candidate,Donald J Trump / JD Vance,1101
Lane,1892,United States President and Vice President (Vote for 1),candidate,Jill Stein / Rudolph Ware,73
Lane,1892,United States President and Vice President (Vote for 1),candidate,Kamala D Harris / Tim Walz,3768
Lane,1892,United States President and Vice President (Vote for 1),writein,,32
Lane,1894,United States President and Vice President (Vote for 1),total_votes,,3768
Lane,1894,United States President and Vice President (Vote for 1),candidate,Robert F Kennedy Jr / Nicole Shanahan,36
Lane,1894,United States President and Vice President (Vote for 1),candidate,Cornel West,<10
Lane,1894,United States President and Vice President (Vote for 1),candidate,Chase Oliver / Mike ter Maat,11
Lane,1894,United States President and Vice President (Vote for 1),candidate,Randall Terry,<10
Lane,1894,United States President and Vice President (Vote for 1),candidate,Donald J Trump / JD Vance,826
Lane,1894,United States President and Vice President (Vote for 1),candidate,Jill Stein / Rudolph Ware,30
Lane,1894,United States President and Vice President (Vote for 1),candidate,Kamala D Harris / Tim Walz,2827
Lane,1894,United States President and Vice President (Vote for 1),writein,,29
Lane,2122,United States President and Vice President (Vote for 1),total_votes,,4314
Lane,2122,United States President and Vice President (Vote for 1),candidate,Robert F Kennedy Jr / Nicole Shanahan,81
Lane,2122,United States President and Vice President (Vote for 1),candidate,Cornel West,<10
Lane,2122,United States President and Vice President (Vote for 1),candidate,Chase Oliver / Mike ter Maat,21
Lane,2122,United States President and Vice President (Vote for 1),candidate,Randall Terry,<10
Lane,2122,United States President and Vice President (Vote for 1),candidate,Donald J Trump / JD Vance,1670
Lane,2122,United States President and Vice President (Vote for 1),candidate,Jill Stein / Rudolph Ware,40
Lane,2122,United States President and Vice President (Vote for 1),candidate,Kamala D Harris / Tim Walz,2456
Lane,2122,United States President and Vice President (Vote for 1),writein,,35
Lane,2238,United States President and Vice President (Vote for 1),total_votes,,4625
Lane,2238,United States President and Vice President (Vote for 1),candidate,Robert F Kennedy Jr / Nicole Shanahan,77
Lane,2238,United States President and Vice President (Vote for 1),candidate,Cornel West,22
Lane,2238,United States President and Vice President (Vote for 1),candidate,Chase Oliver / Mike ter Maat,16
Lane,2238,United States President and Vice President (Vote for 1),candidate,Randall Terry,<10
Lane,2238,United States President and Vice President (Vote for 1),candidate,Donald J Trump / JD Vance,1303
Lane,2238,United States President and Vice President (Vote for 1),candidate,Jill Stein / Rudolph Ware,70
Lane,2238,United States President and Vice President (Vote for 1),candidate,Kamala D Harris / Tim Walz,3098
Lane,2238,United States President and Vice President (Vote for 1),writein,,33
Lane,2340,United States President and Vice President (Vote for 1),total_votes,,5196
Lane,2340,United States President and Vice President (Vote for 1),candidate,Robert F Kennedy Jr / Nicole Shanahan,106
Lane,2340,United States President and Vice President (Vote for 1),candidate,Cornel West,17
Lane,2340,United States President and Vice President (Vote for 1),candidate,Chase Oliver / Mike ter Maat,30
Lane,2340,United States President and Vice President (Vote for 1),candidate,Randall Terry,<10
Lane,2340,United States President and Vice President (Vote for 1),candidate,Donald J Trump / JD Vance,1989
Lane,2340,United States President and Vice President (Vote for 1),candidate,Jill Stein / Rudolph Ware,40
Lane,2340,United States President and Vice President (Vote for 1),candidate,Kamala D Harris / Tim Walz,2967
Lane,2340,United States President and Vice President (Vote for 1),writein,,41
Lane,2456,United States President and Vice President (Vote for 1),total_votes,,4578
Lane,2456,United States President and Vice President (Vote for 1),candidate,Robert F Kennedy Jr / Nicole Shanahan,73
Lane,2456,United States President and Vice President (Vote for 1),candidate,Cornel West,10
Lane,2456,United States President and Vice President (Vote for 1),candidate,Chase Oliver / Mike ter Maat,18
Lane,2456,United States President and Vice President (Vote for 1),candidate,Randall Terry,0
Lane,2456,United States President and Vice President (Vote for 1),candidate,Donald J Trump / JD Vance,2027
Lane,2456,United States President and Vice President (Vote for 1),candidate,Jill Stein / Rudolph Ware,32
Lane,2456,United States President and Vice President (Vote for 1),candidate,Kamala D Harris / Tim Walz,2387
Lane,2456,United States President and Vice President (Vote for 1),writein,,31
Lane,2562,United States President and Vice President (Vote for 1),total_votes,,5468
Lane,2562,United States President and Vice President (Vote for 1),candidate,Robert F Kennedy Jr / Nicole Shanahan,94
Lane,2562,United States President and Vice President (Vote for 1),candidate,Cornel West,<10
Lane,2562,United States President and Vice President (Vote for 1),candidate,Chase Oliver / Mike ter Maat,24
Lane,2562,United States President and Vice President (Vote for 1),candidate,Randall Terry,<10
Lane,2562,United States President and Vice President (Vote for 1),candidate,Donald J Trump / JD Vance,2510
Lane,2562,United States President and Vice President (Vote for 1),candidate,Jill Stein / Rudolph Ware,37
Lane,2562,United States President and Vice President (Vote for 1),candidate,Kamala D Harris / Tim Walz,2758
Lane,2562,United States President and Vice President (Vote for 1),writein,,32
Lane,2676,United States President and Vice President (Vote for 1),total_votes,,6014
Lane,2676,United States President and Vice President (Vote for 1),candidate,Robert F Kennedy Jr / Nicole Shanahan,102
Lane,2676,United States President and Vice President (Vote for 1),candidate,Cornel West,11
Lane,2676,United States President and Vice President (Vote for 1),candidate,Chase Oliver / Mike ter Maat,30
Lane,2676,United States President and Vice President (Vote for 1),candidate,Randall Terry,<10
Lane,2676,United States President and Vice President (Vote for 1),candidate,Donald J Trump / JD Vance,3011
Lane,2676,United States President and Vice President (Vote for 1),candidate,Jill Stein / Rudolph Ware,29
Lane,2676,United States President and Vice President (Vote for 1),candidate,Kamala D Harris / Tim Walz,2780
Lane,2676,United States President and Vice President (Vote for 1),writein,,48
Lane,4200,United States President and Vice President (Vote for 1),total_votes,,955
Lane,4200,United States President and Vice President (Vote for 1),candidate,Robert F Kennedy Jr / Nicole Shanahan,19
Lane,4200,United States President and Vice President (Vote for 1),candidate,Cornel West,0
Lane,4200,United States President and Vice President (Vote for 1),candidate,Chase Oliver / Mike ter Maat,<10
Lane,4200,United States President and Vice President (Vote for 1),candidate,Randall Terry,0
Lane,4200,United States President and Vice President (Vote for 1),candidate,Donald J Trump / JD Vance,420
Lane,4200,United States President and Vice President (Vote for 1),candidate,Jill Stein / Rudolph Ware,<10
Lane,4200,United States President and Vice President (Vote for 1),candidate,Kamala D Harris / Tim Walz,495
Lane,4200,United States President and Vice President (Vote for 1),writein,,10
Lane,4300,United States President and Vice President (Vote for 1),total_votes,,5221
Lane,4300,United States President and Vice President (Vote for 1),candidate,Robert F Kennedy Jr / Nicole Shanahan,99
Lane,4300,United States President and Vice President (Vote for 1),candidate,Cornel West,11
Lane,4300,United States President and Vice President (Vote for 1),candidate,Chase Oliver / Mike ter Maat,28
Lane,4300,United States President and Vice President (Vote for 1),candidate,Randall Terry,<10
Lane,4300,United States President and Vice President (Vote for 1),candidate,Donald J Trump / JD Vance,2665
Lane,4300,United States President and Vice President (Vote for 1),candidate,Jill Stein / Rudolph Ware,29
Lane,4300,United States President and Vice President (Vote for 1),candidate,Kamala D Harris / Tim Walz,2352
Lane,4300,United States President and Vice President (Vote for 1),writein,,34
Lane,4400,United States President and Vice President (Vote for 1),total_votes,,3029
Lane,4400,United States President and Vice President (Vote for 1),candidate,Robert F Kennedy Jr / Nicole Shanahan,54
Lane,4400,United States President and Vice President (Vote for 1),candidate,Cornel West,<10
Lane,4400,United States President and Vice President (Vote for 1),candidate,Chase Oliver / Mike ter Maat,16
Lane,4400,United States President and Vice President (Vote for 1),candidate,Randall Terry,<10
Lane,4400,United States President and Vice President (Vote for 1),candidate,Donald J Trump / JD Vance,1692
Lane,4400,United States President and Vice President (Vote for 1),candidate,Jill Stein / Rudolph Ware,16
Lane,4400,United States President and Vice President (Vote for 1),candidate,Kamala D Harris / Tim Walz,1237
Lane,4400,United States President and Vice President (Vote for 1),writein,,11
Lane,4500,United States President and Vice President (Vote for 1),total_votes,,1107
Lane,4500,United States President and Vice President (Vote for 1),candidate,Robert F Kennedy Jr / Nicole Shanahan,15
Lane,4500,United States President and Vice President (Vote for 1),candidate,Cornel West,<10
Lane,4500,United States President and Vice President (Vote for 1),candidate,Chase Oliver / Mike ter Maat,<10
Lane,4500,United States President and Vice President (Vote for 1),candidate,Randall Terry,0
Lane,4500,United States President and Vice President (Vote for 1),candidate,Donald J Trump / JD Vance,552
Lane,4500,United States President and Vice President (Vote for 1),candidate,Jill Stein / Rudolph Ware,<10
Lane,4500,United States President and Vice President (Vote for 1),candidate,Kamala D Harris / Tim Walz,522
Lane,4500,United States President and Vice President (Vote for 1),writein,,<10
Lane,4600,United States President and Vice President (Vote for 1),total_votes,,5970
Lane,4600,United States President and Vice President (Vote for 1),candidate,Robert F Kennedy Jr / Nicole Shanahan,90
Lane,4600,United States President and Vice President (Vote for 1),candidate,Cornel West,<10
Lane,4600,United States President and Vice President (Vote for 1),candidate,Chase Oliver / Mike ter Maat,14
Lane,4600,United States President and Vice President (Vote for 1),candidate,Randall Terry,<10
Lane,4600,United States President and Vice President (Vote for 1),candidate,Donald J Trump / JD Vance,2493
Lane,4600,United States President and Vice President (Vote for 1),candidate,Jill Stein / Rudolph Ware,33
Lane,4600,United States President and Vice President (Vote for 1),candidate,Kamala D Harris / Tim Walz,3284
Lane,4600,United States President and Vice President (Vote for 1),writein,,40
Lane,4700,United States President and Vice President (Vote for 1),total_votes,,3885
Lane,4700,United States President and Vice President (Vote for 1),candidate,Robert F Kennedy Jr / Nicole Shanahan,61
Lane,4700,United States President and Vice President (Vote for 1),candidate,Cornel West,<10
Lane,4700,United States President and Vice President (Vote for 1),candidate,Chase Oliver / Mike ter Maat,20
Lane,4700,United States President and Vice President (Vote for 1),candidate,Randall Terry,<10
Lane,4700,United States President and Vice President (Vote for 1),candidate,Donald J Trump / JD Vance,2234
Lane,4700,United States President and Vice President (Vote for 1),candidate,Jill Stein / Rudolph Ware,25
Lane,4700,United States President and Vice President (Vote for 1),candidate,Kamala D Harris / Tim Walz,1502
Lane,4700,United States President and Vice President (Vote for 1),writein,,30
Lane,4800,United States President and Vice President (Vote for 1),total_votes,,1548
Lane,4800,United States President and Vice President (Vote for 1),candidate,Robert F Kennedy Jr / Nicole Shanahan,37
Lane,4800,United States President and Vice President (Vote for 1),candidate,Cornel West,<10
Lane,4800,United States President and Vice President (Vote for 1),candidate,Chase Oliver / Mike ter Maat,<10
Lane,4800,United States President and Vice President (Vote for 1),candidate,Randall Terry,0
Lane,4800,United States President and Vice President (Vote for 1),candidate,Donald J Trump / JD Vance,833
Lane,4800,United States President and Vice President (Vote for 1),candidate,Jill Stein / Rudolph Ware,<10
Lane,4800,United States President and Vice President (Vote for 1),candidate,Kamala D Harris / Tim Walz,657
Lane,4800,United States President and Vice President (Vote for 1),writein,,<10
Lane,4900,United States President and Vice President (Vote for 1),total_votes,,2789
Lane,4900,United States President and Vice President (Vote for 1),candidate,Robert F Kennedy Jr / Nicole Shanahan,53
Lane,4900,United States President and Vice President (Vote for 1),candidate,Cornel West,<10
Lane,4900,United States President and Vice President (Vote for 1),candidate,Chase Oliver / Mike ter Maat,<10
Lane,4900,United States President and Vice President (Vote for 1),candidate,Randall Terry,<10
Lane,4900,United States President and Vice President (Vote for 1),candidate,Donald J Trump / JD Vance,1451
Lane,4900,United States President and Vice President (Vote for 1),candidate,Jill Stein / Rudolph Ware,14
Lane,4900,United States President and Vice President (Vote for 1),candidate,Kamala D Harris / Tim Walz,1237
Lane,4900,United States President and Vice President (Vote for 1),writein,,19
Lane,701,United States President and Vice President (Vote for 1),total_votes,,1557
Lane,701,United States President and Vice President (Vote for 1),candidate,Robert F Kennedy Jr / Nicole Shanahan,20
Lane,701,United States President and Vice President (Vote for 1),candidate,Cornel West,<10
Lane,701,United States President and Vice President (Vote for 1),candidate,Chase Oliver / Mike ter Maat,<10
Lane,701,United States President and Vice President (Vote for 1),candidate,Randall Terry,0
Lane,701,United States President and Vice President (Vote for 1),candidate,Donald J Trump / JD Vance,733
Lane,701,United States President and Vice President (Vote for 1),candidate,Jill Stein / Rudolph Ware,13
Lane,701,United States President and Vice President (Vote for 1),candidate,Kamala D Harris / Tim Walz,777
Lane,701,United States President and Vice President (Vote for 1),writein,,<10
Lane,703,United States President and Vice President (Vote for 1),total_votes,,272
Lane,703,United States President and Vice President (Vote for 1),candidate,Robert F Kennedy Jr / Nicole Shanahan,<10
Lane,703,United States President and Vice President (Vote for 1),candidate,Cornel West,<10
Lane,703,United States President and Vice President (Vote for 1),candidate,Chase Oliver / Mike ter Maat,0
Lane,703,United States President and Vice President (Vote for 1),candidate,Randall Terry,0
Lane,703,United States President and Vice President (Vote for 1),candidate,Donald J Trump / JD Vance,111
Lane,703,United States President and Vice President (Vote for 1),candidate,Jill Stein / Rudolph Ware,<10
Lane,703,United States President and Vice President (Vote for 1),candidate,Kamala D Harris / Tim Walz,148
Lane,703,United States President and Vice President (Vote for 1),writein,,<10
Lane,705,United States President and Vice President (Vote for 1),total_votes,,2168
Lane,705,United States President and Vice President (Vote for 1),candidate,Robert F Kennedy Jr / Nicole Shanahan,30
Lane,705,United States President and Vice President (Vote for 1),candidate,Cornel West,<10
Lane,705,United States President and Vice President (Vote for 1),candidate,Chase Oliver / Mike ter Maat,<10
Lane,705,United States President and Vice President (Vote for 1),candidate,Randall Terry,<10
Lane,705,United States President and Vice President (Vote for 1),candidate,Donald J Trump / JD Vance,974
Lane,705,United States President and Vice President (Vote for 1),candidate,Jill Stein / Rudolph Ware,11
Lane,705,United States President and Vice President (Vote for 1),candidate,Kamala D Harris / Tim Walz,1138
Lane,705,United States President and Vice President (Vote for 1),writein,,<10
Lane,707,United States President and Vice President (Vote for 1),total_votes,,694
Lane,707,United States President and Vice President (Vote for 1),candidate,Robert F Kennedy Jr / Nicole Shanahan,17
Lane,707,United States President and Vice President (Vote for 1),candidate,Cornel West,0
Lane,707,United States President and Vice President (Vote for 1),candidate,Chase Oliver / Mike ter Maat,0
Lane,707,United States President and Vice President (Vote for 1),candidate,Randall Terry,<10
Lane,707,United States President and Vice President (Vote for 1),candidate,Donald J Trump / JD Vance,390
Lane,707,United States President and Vice President (Vote for 1),candidate,Jill Stein / Rudolph Ware,<10
Lane,707,United States President and Vice President (Vote for 1),candidate,Kamala D Harris / Tim Walz,281
Lane,707,United States President and Vice President (Vote for 1),writein,,<10
Lane,709,United States President and Vice President (Vote for 1),total_votes,,1646
Lane,709,United States President and Vice President (Vote for 1),candidate,Robert F Kennedy Jr / Nicole Shanahan,16
Lane,709,United States President and Vice President (Vote for 1),candidate,Cornel West,<10
Lane,709,United States President and Vice President (Vote for 1),candidate,Chase Oliver / Mike ter Maat,<10
Lane,709,United States President and Vice President (Vote for 1),candidate,Randall Terry,<10
Lane,709,United States President and Vice President (Vote for 1),candidate,Donald J Trump / JD Vance,877
Lane,709,United States President and Vice President (Vote for 1),candidate,Jill Stein / Rudolph Ware,13
Lane,709,United States President and Vice President (Vote for 1),candidate,Kamala D Harris / Tim Walz,722
Lane,709,United States President and Vice President (Vote for 1),writein,,<10
Lane,711,United States President and Vice President (Vote for 1),total_votes,,3894
Lane,711,United States President and Vice President (Vote for 1),candidate,Robert F Kennedy Jr / Nicole Shanahan,61
Lane,711,United States President and Vice President (Vote for 1),candidate,Cornel West,<10
Lane,711,United States President and Vice President (Vote for 1),candidate,Chase Oliver / Mike ter Maat,13
Lane,711,United States President and Vice President (Vote for 1),candidate,Randall Terry,<10
Lane,711,United States President and Vice President (Vote for 1),candidate,Donald J Trump / JD Vance,2049
Lane,711,United States President and Vice President (Vote for 1),candidate,Jill Stein / Rudolph Ware,30
Lane,711,United States President and Vice President (Vote for 1),candidate,Kamala D Harris / Tim Walz,1704
Lane,711,United States President and Vice President (Vote for 1),writein,,28
Lane,713,United States President and Vice President (Vote for 1),total_votes,,1155
Lane,713,United States President and Vice President (Vote for 1),candidate,Robert F Kennedy Jr / Nicole Shanahan,11
Lane,713,United States President and Vice President (Vote for 1),candidate,Cornel West,0
Lane,713,United States President and Vice President (Vote for 1),candidate,Chase Oliver / Mike ter Maat,<10
Lane,713,United States President and Vice President (Vote for 1),candidate,Randall Terry,0
Lane,713,United States President and Vice President (Vote for 1),candidate,Donald J Trump / JD Vance,739
Lane,713,United States President and Vice President (Vote for 1),candidate,Jill Stein / Rudolph Ware,<10
Lane,713,United States President and Vice President (Vote for 1),candidate,Kamala D Harris / Tim Walz,389
Lane,713,United States President and Vice President (Vote for 1),writein,,<10
Lane,715,United States President and Vice President (Vote for 1),total_votes,,1735
Lane,715,United States President and Vice President (Vote for 1),candidate,Robert F Kennedy Jr / Nicole Shanahan,24
Lane,715,United States President and Vice President (Vote for 1),candidate,Cornel West,<10
Lane,715,United States President and Vice President (Vote for 1),candidate,Chase Oliver / Mike ter Maat,<10
Lane,715,United States President and Vice President (Vote for 1),candidate,Randall Terry,<10
Lane,715,United States President and Vice President (Vote for 1),candidate,Donald J Trump / JD Vance,1057
Lane,715,United States President and Vice President (Vote for 1),candidate,Jill Stein / Rudolph Ware,<10
Lane,715,United States President and Vice President (Vote for 1),candidate,Kamala D Harris / Tim Walz,625
Lane,715,United States President and Vice President (Vote for 1),writein,,13
Lane,717,United States President and Vice President (Vote for 1),total_votes,,2906
Lane,717,United States President and Vice President (Vote for 1),candidate,Robert F Kennedy Jr / Nicole Shanahan,46
Lane,717,United States President and Vice President (Vote for 1),candidate,Cornel West,<10
Lane,717,United States President and Vice President (Vote for 1),candidate,Chase Oliver / Mike ter Maat,11
Lane,717,United States President and Vice President (Vote for 1),candidate,Randall Terry,<10
Lane,717,United States President and Vice President (Vote for 1),candidate,Donald J Trump / JD Vance,1670
Lane,717,United States President and Vice President (Vote for 1),candidate,Jill Stein / Rudolph Ware,20
Lane,717,United States President and Vice President (Vote for 1),candidate,Kamala D Harris / Tim Walz,1130
Lane,717,United States President and Vice President (Vote for 1),writein,,23
Lane,719,United States President and Vice President (Vote for 1),total_votes,,450
Lane,719,United States President and Vice President (Vote for 1),candidate,Robert F Kennedy Jr / Nicole Shanahan,<10
Lane,719,United States President and Vice President (Vote for 1),candidate,Cornel West,0
Lane,719,United States President and Vice President (Vote for 1),candidate,Chase Oliver / Mike ter Maat,0
Lane,719,United States President and Vice President (Vote for 1),candidate,Randall Terry,<10
Lane,719,United States President and Vice President (Vote for 1),candidate,Donald J Trump / JD Vance,224
Lane,719,United States President and Vice President (Vote for 1),candidate,Jill Stein / Rudolph Ware,<10
Lane,719,United States President and Vice President (Vote for 1),candidate,Kamala D Harris / Tim Walz,210
Lane,719,United States President and Vice President (Vote for 1),writein,,<10
Lane,721,United States President and Vice President (Vote for 1),total_votes,,687
Lane,721,United States President and Vice President (Vote for 1),candidate,Robert F Kennedy Jr / Nicole Shanahan,<10
Lane,721,United States President and Vice President (Vote for 1),candidate,Cornel West,<10
Lane,721,United States President and Vice President (Vote for 1),candidate,Chase Oliver / Mike ter Maat,<10
Lane,721,United States President and Vice President (Vote for 1),candidate,Randall Terry,<10
Lane,721,United States President and Vice President (Vote for 1),candidate,Donald J Trump / JD Vance,302
Lane,721,United States President and Vice President (Vote for 1),candidate,Jill Stein / Rudolph Ware,<10
Lane,721,United States President and Vice President (Vote for 1),candidate,Kamala D Harris / Tim Walz,357
Lane,721,United States President and Vice President (Vote for 1),writein,,10
Lane,723,United States President and Vice President (Vote for 1),total_votes,,2737
Lane,723,United States President and Vice President (Vote for 1),candidate,Robert F Kennedy Jr / Nicole Shanahan,38
Lane,723,United States President and Vice President (Vote for 1),candidate,Cornel West,<10
Lane,723,United States President and Vice President (Vote for 1),candidate,Chase Oliver / Mike ter Maat,15
Lane,723,United States President and Vice President (Vote for 1),candidate,Randall Terry,<10
Lane,723,United States President and Vice President (Vote for 1),candidate,Donald J Trump / JD Vance,812
Lane,723,United States President and Vice President (Vote for 1),candidate,Jill Stein / Rudolph Ware,23
Lane,723,United States President and Vice President (Vote for 1),candidate,Kamala D Harris / Tim Walz,1815
Lane,723,United States President and Vice President (Vote for 1),writein,,23
Lane,725,United States President and Vice President (Vote for 1),total_votes,,1922
Lane,725,United States President and Vice President (Vote for 1),candidate,Robert F Kennedy Jr / Nicole Shanahan,34
Lane,725,United States President and Vice President (Vote for 1),candidate,Cornel West,<10
Lane,725,United States President and Vice President (Vote for 1),candidate,Chase Oliver / Mike ter Maat,10
Lane,725,United States President and Vice President (Vote for 1),candidate,Randall Terry,<10
Lane,725,United States President and Vice President (Vote for 1),candidate,Donald J Trump / JD Vance,1138
Lane,725,United States President and Vice President (Vote for 1),candidate,Jill Stein / Rudolph Ware,11
Lane,725,United States President and Vice President (Vote for 1),candidate,Kamala D Harris / Tim Walz,717
Lane,725,United States President and Vice President (Vote for 1),writein,,10
Lane,727,United States President and Vice President (Vote for 1),total_votes,,1679
Lane,727,United States President and Vice President (Vote for 1),candidate,Robert F Kennedy Jr / Nicole Shanahan,24
Lane,727,United States President and Vice President (Vote for 1),candidate,Cornel West,<10
Lane,727,United States President and Vice President (Vote for 1),candidate,Chase Oliver / Mike ter Maat,<10
Lane,727,United States President and Vice President (Vote for 1),candidate,Randall Terry,0
Lane,727,United States President and Vice President (Vote for 1),candidate,Donald J Trump / JD Vance,970
Lane,727,United States President and Vice President (Vote for 1),candidate,Jill Stein / Rudolph Ware,<10
Lane,727,United States President and Vice President (Vote for 1),candidate,Kamala D Harris / Tim Walz,661
Lane,727,United States President and Vice President (Vote for 1),writein,,10
Lane,729,United States President and Vice President (Vote for 1),total_votes,,536
Lane,729,United States President and Vice President (Vote for 1),candidate,Robert F Kennedy Jr / Nicole Shanahan,<10
Lane,729,United States President and Vice President (Vote for 1),candidate,Cornel West,<10
Lane,729,United States President and Vice President (Vote for 1),candidate,Chase Oliver / Mike ter Maat,<10
Lane,729,United States President and Vice President (Vote for 1),candidate,Randall Terry,0
Lane,729,United States President and Vice President (Vote for 1),candidate,Donald J Trump / JD Vance,202
Lane,729,United States President and Vice President (Vote for 1),candidate,Jill Stein / Rudolph Ware,<10
Lane,729,United States President and Vice President (Vote for 1),candidate,Kamala D Harris / Tim Walz,318
Lane,729,United States President and Vice President (Vote for 1),writein,,<10
Lane,731,United States President and Vice President (Vote for 1),total_votes,,4941
Lane,731,United States President and Vice President (Vote for 1),candidate,Robert F Kennedy Jr / Nicole Shanahan,90
Lane,731,United States President and Vice President (Vote for 1),candidate,Cornel West,12
Lane,731,United States President and Vice President (Vote for 1),candidate,Chase Oliver / Mike ter Maat,17
Lane,731,United States President and Vice President (Vote for 1),candidate,Randall Terry,<10
Lane,731,United States President and Vice President (Vote for 1),candidate,Donald J Trump / JD Vance,1797
Lane,731,United States President and Vice President (Vote for 1),candidate,Jill Stein / Rudolph Ware,55
Lane,731,United States President and Vice President (Vote for 1),candidate,Kamala D Harris / Tim Walz,2926
Lane,731,United States President and Vice President (Vote for 1),writein,,36
Lane,733,United States President and Vice President (Vote for 1),total_votes,,6102
Lane,733,United States President and Vice President (Vote for 1),candidate,Robert F Kennedy Jr / Nicole Shanahan,114
Lane,733,United States President and Vice President (Vote for 1),candidate,Cornel West,20
Lane,733,United States President and Vice President (Vote for 1),candidate,Chase Oliver / Mike ter Maat,23
Lane,733,United States President and Vice President (Vote for 1),candidate,Randall Terry,<10
Lane,733,United States President and Vice President (Vote for 1),candidate,Donald J Trump / JD Vance,1759
Lane,733,United States President and Vice President (Vote for 1),candidate,Jill Stein / Rudolph Ware,69
Lane,733,United States President and Vice President (Vote for 1),candidate,Kamala D Harris / Tim Walz,4077
Lane,733,United States President and Vice President (Vote for 1),writein,,36
Lane,737,United States President and Vice President (Vote for 1),total_votes,,3446
Lane,737,United States President and Vice President (Vote for 1),candidate,Robert F Kennedy Jr / Nicole Shanahan,57
Lane,737,United States President and Vice President (Vote for 1),candidate,Cornel West,<10
Lane,737,United States President and Vice President (Vote for 1),candidate,Chase Oliver / Mike ter Maat,10
Lane,737,United States President and Vice President (Vote for 1),candidate,Randall Terry,<10
Lane,737,United States President and Vice President (Vote for 1),candidate,Donald J Trump / JD Vance,1579
Lane,737,United States President and Vice President (Vote for 1),candidate,Jill Stein / Rudolph Ware,20
Lane,737,United States President and Vice President (Vote for 1),candidate,Kamala D Harris / Tim Walz,1743
Lane,737,United States President and Vice President (Vote for 1),writein,,34
Lane,739,United States President and Vice President (Vote for 1),total_votes,,1945
Lane,739,United States President and Vice President (Vote for 1),candidate,Robert F Kennedy Jr / Nicole Shanahan,38
Lane,739,United States President and Vice President (Vote for 1),candidate,Cornel West,<10
Lane,739,United States President and Vice President (Vote for 1),candidate,Chase Oliver / Mike ter Maat,<10
Lane,739,United States President and Vice President (Vote for 1),candidate,Randall Terry,<10
Lane,739,United States President and Vice President (Vote for 1),candidate,Donald J Trump / JD Vance,860
Lane,739,United States President and Vice President (Vote for 1),candidate,Jill Stein / Rudolph Ware,<10
Lane,739,United States President and Vice President (Vote for 1),candidate,Kamala D Harris / Tim Walz,1005
Lane,739,United States President and Vice President (Vote for 1),writein,,13
Lane,741,United States President and Vice President (Vote for 1),total_votes,,859
Lane,741,United States President and Vice President (Vote for 1),candidate,Robert F Kennedy Jr / Nicole Shanahan,13
Lane,741,United States President and Vice President (Vote for 1),candidate,Cornel West,<10
Lane,741,United States President and Vice President (Vote for 1),candidate,Chase Oliver / Mike ter Maat,<10
Lane,741,United States President and Vice President (Vote for 1),candidate,Randall Terry,<10
Lane,741,United States President and Vice President (Vote for 1),candidate,Donald J Trump / JD Vance,283
Lane,741,United States President and Vice President (Vote for 1),candidate,Jill Stein / Rudolph Ware,11
Lane,741,United States President and Vice President (Vote for 1),candidate,Kamala D Harris / Tim Walz,537
Lane,741,United States President and Vice President (Vote for 1),writein,,<10
Lane,743,United States President and Vice President (Vote for 1),total_votes,,714
Lane,743,United States President and Vice President (Vote for 1),candidate,Robert F Kennedy Jr / Nicole Shanahan,14
Lane,743,United States President and Vice President (Vote for 1),candidate,Cornel West,<10
Lane,743,United States President and Vice President (Vote for 1),candidate,Chase Oliver / Mike ter Maat,<10
Lane,743,United States President and Vice President (Vote for 1),candidate,Randall Terry,<10
Lane,743,United States President and Vice President (Vote for 1),candidate,Donald J Trump / JD Vance,293
Lane,743,United States President and Vice President (Vote for 1),candidate,Jill Stein / Rudolph Ware,14
Lane,743,United States President and Vice President (Vote for 1),candidate,Kamala D Harris / Tim Walz,383
Lane,743,United States President and Vice President (Vote for 1),writein,,<10
Lane,747,United States President and Vice President (Vote for 1),total_votes,,5018
Lane,747,United States President and Vice President (Vote for 1),candidate,Robert F Kennedy Jr / Nicole Shanahan,86
Lane,747,United States President and Vice President (Vote for 1),candidate,Cornel West,<10
Lane,747,United States President and Vice President (Vote for 1),candidate,Chase Oliver / Mike ter Maat,17
Lane,747,United States President and Vice President (Vote for 1),candidate,Randall Terry,<10
Lane,747,United States President and Vice President (Vote for 1),candidate,Donald J Trump / JD Vance,2952
Lane,747,United States President and Vice President (Vote for 1),candidate,Jill Stein / Rudolph Ware,41
Lane,747,United States President and Vice President (Vote for 1),candidate,Kamala D Harris / Tim Walz,1877
Lane,747,United States President and Vice President (Vote for 1),writein,,33
Lane,751,United States President and Vice President (Vote for 1),total_votes,,4516
Lane,751,United States President and Vice President (Vote for 1),candidate,Robert F Kennedy Jr / Nicole Shanahan,67
Lane,751,United States President and Vice President (Vote for 1),candidate,Cornel West,<10
Lane,751,United States President and Vice President (Vote for 1),candidate,Chase Oliver / Mike ter Maat,20
Lane,751,United States President and Vice President (Vote for 1),candidate,Randall Terry,<10
Lane,751,United States President and Vice President (Vote for 1),candidate,Donald J Trump / JD Vance,2485
Lane,751,United States President and Vice President (Vote for 1),candidate,Jill Stein / Rudolph Ware,20
Lane,751,United States President and Vice President (Vote for 1),candidate,Kamala D Harris / Tim Walz,1873
Lane,751,United States President and Vice President (Vote for 1),writein,,40
Lane,753,United States President and Vice President (Vote for 1),total_votes,,1401
Lane,753,United States President and Vice President (Vote for 1),candidate,Robert F Kennedy Jr / Nicole Shanahan,22
Lane,753,United States President and Vice President (Vote for 1),candidate,Cornel West,<10
Lane,753,United States President and Vice President (Vote for 1),candidate,Chase Oliver / Mike ter Maat,<10
Lane,753,United States President and Vice President (Vote for 1),candidate,Randall Terry,0
Lane,753,United States President and Vice President (Vote for 1),candidate,Donald J Trump / JD Vance,868
Lane,753,United States President and Vice President (Vote for 1),candidate,Jill Stein / Rudolph Ware,<10
Lane,753,United States President and Vice President (Vote for 1),candidate,Kamala D Harris / Tim Walz,496
Lane,753,United States President and Vice President (Vote for 1),writein,,<10
Lane,755,United States President and Vice President (Vote for 1),total_votes,,3123
Lane,755,United States President and Vice President (Vote for 1),candidate,Robert F Kennedy Jr / Nicole Shanahan,69
Lane,755,United States President and Vice President (Vote for 1),candidate,Cornel West,<10
Lane,755,United States President and Vice President (Vote for 1),candidate,Chase Oliver / Mike ter Maat,10
Lane,755,United States President and Vice President (Vote for 1),candidate,Randall Terry,<10
Lane,755,United States President and Vice President (Vote for 1),candidate,Donald J Trump / JD Vance,1815
Lane,755,United States President and Vice President (Vote for 1),candidate,Jill Stein / Rudolph Ware,27
Lane,755,United States President and Vice President (Vote for 1),candidate,Kamala D Harris / Tim Walz,1173
Lane,755,United States President and Vice President (Vote for 1),writein,,23
Lane,757,United States President and Vice President (Vote for 1),total_votes,,2636
Lane,757,United States President and Vice President (Vote for 1),candidate,Robert F Kennedy Jr / Nicole Shanahan,45
Lane,757,United States President and Vice President (Vote for 1),candidate,Cornel West,<10
Lane,757,United States President and Vice President (Vote for 1),candidate,Chase Oliver / Mike ter Maat,11
Lane,757,United States President and Vice President (Vote for 1),candidate,Randall Terry,<10
Lane,757,United States President and Vice President (Vote for 1),candidate,Donald J Trump / JD Vance,1431
Lane,757,United States President and Vice President (Vote for 1),candidate,Jill Stein / Rudolph Ware,<10
Lane,757,United States President and Vice President (Vote for 1),candidate,Kamala D Harris / Tim Walz,1124
Lane,757,United States President and Vice President (Vote for 1),writein,,12
Lane,759,United States President and Vice President (Vote for 1),total_votes,,2655
Lane,759,United States President and Vice President (Vote for 1),candidate,Robert F Kennedy Jr / Nicole Shanahan,34
Lane,759,United States President and Vice President (Vote for 1),candidate,Cornel West,<10
Lane,759,United States President and Vice President (Vote for 1),candidate,Chase Oliver / Mike ter Maat,10
Lane,759,United States President and Vice President (Vote for 1),candidate,Randall Terry,<10
Lane,759,United States President and Vice President (Vote for 1),candidate,Donald J Trump / JD Vance,1328
Lane,759,United States President and Vice President (Vote for 1),candidate,Jill Stein / Rudolph Ware,19
Lane,759,United States President and Vice President (Vote for 1),candidate,Kamala D Harris / Tim Walz,1234
Lane,759,United States President and Vice President (Vote for 1),writein,,25
Lane,765,United States President and Vice President (Vote for 1),total_votes,,2494
Lane,765,United States President and Vice President (Vote for 1),candidate,Robert F Kennedy Jr / Nicole Shanahan,41
Lane,765,United States President and Vice President (Vote for 1),candidate,Cornel West,<10
Lane,765,United States President and Vice President (Vote for 1),candidate,Chase Oliver / Mike ter Maat,<10
Lane,765,United States President and Vice President (Vote for 1),candidate,Randall Terry,<10
Lane,765,United States President and Vice President (Vote for 1),candidate,Donald J Trump / JD Vance,1378
Lane,765,United States President and Vice President (Vote for 1),candidate,Jill Stein / Rudolph Ware,12
Lane,765,United States President and Vice President (Vote for 1),candidate,Kamala D Harris / Tim Walz,1034
Lane,765,United States President and Vice President (Vote for 1),writein,,10
Lane,1120,United States President and Vice President (Vote for 1),total_votes,,2007
Lane,1120,United States President and Vice President (Vote for 1),overvotes,,0
Lane,1120,United States President and Vice President (Vote for 1),undervotes,,14
Lane,1122,United States President and Vice President (Vote for 1),total_votes,,4137
Lane,1122,United States President and Vice President (Vote for 1),overvotes,,0
Lane,1122,United States President and Vice President (Vote for 1),undervotes,,27
Lane,1124,United States President and Vice President (Vote for 1),total_votes,,1225
Lane,1124,United States President and Vice President (Vote for 1),overvotes,,0
Lane,1124,United States President and Vice President (Vote for 1),undervotes,,9
Lane,1126,United States President and Vice President (Vote for 1),total_votes,,4682
Lane,1126,United States President and Vice President (Vote for 1),overvotes,,0
Lane,1126,United States President and Vice President (Vote for 1),undervotes,,32
Lane,1230,United States President and Vice President (Vote for 1),total_votes,,5397
Lane,1230,United States President and Vice President (Vote for 1),overvotes,,2
Lane,1230,United States President and Vice President (Vote for 1),undervotes,,29
Lane,1232,United States President and Vice President (Vote for 1),total_votes,,5680
Lane,1232,United States President and Vice President (Vote for 1),overvotes,,0
Lane,1232,United States President and Vice President (Vote for 1),undervotes,,44
Lane,1234,United States President and Vice President (Vote for 1),total_votes,,3363
Lane,1234,United States President and Vice President (Vote for 1),overvotes,,0
Lane,1234,United States President and Vice President (Vote for 1),undervotes,,20
Lane,1340,United States President and Vice President (Vote for 1),total_votes,,5299
Lane,1340,United States President and Vice President (Vote for 1),overvotes,,0
Lane,1340,United States President and Vice President (Vote for 1),undervotes,,31
Lane,1342,United States President and Vice President (Vote for 1),total_votes,,1230
Lane,1342,United States President and Vice President (Vote for 1),overvotes,,0
Lane,1342,United States President and Vice President (Vote for 1),undervotes,,6
Lane,1450,United States President and Vice President (Vote for 1),total_votes,,5861
Lane,1450,United States President and Vice President (Vote for 1),overvotes,,3
Lane,1450,United States President and Vice President (Vote for 1),undervotes,,55
Lane,1452,United States President and Vice President (Vote for 1),total_votes,,4405
Lane,1452,United States President and Vice President (Vote for 1),overvotes,,2
Lane,1452,United States President and Vice President (Vote for 1),undervotes,,34
Lane,1454,United States President and Vice President (Vote for 1),total_votes,,1779
Lane,1454,United States President and Vice President (Vote for 1),overvotes,,0
Lane,1454,United States President and Vice President (Vote for 1),undervotes,,12
Lane,1560,United States President and Vice President (Vote for 1),total_votes,,2034
Lane,1560,United States President and Vice President (Vote for 1),overvotes,,1
Lane,1560,United States President and Vice President (Vote for 1),undervotes,,29
Lane,1562,United States President and Vice President (Vote for 1),total_votes,,5901
Lane,1562,United States President and Vice President (Vote for 1),overvotes,,3
Lane,1562,United States President and Vice President (Vote for 1),undervotes,,77
Lane,1564,United States President and Vice President (Vote for 1),total_votes,,6484
Lane,1564,United States President and Vice President (Vote for 1),overvotes,,1
Lane,1564,United States President and Vice President (Vote for 1),undervotes,,65
Lane,1670,United States President and Vice President (Vote for 1),total_votes,,6505
Lane,1670,United States President and Vice President (Vote for 1),overvotes,,5
Lane,1670,United States President and Vice President (Vote for 1),undervotes,,49
Lane,1672,United States President and Vice President (Vote for 1),total_votes,,4809
Lane,1672,United States President and Vice President (Vote for 1),overvotes,,3
Lane,1672,United States President and Vice President (Vote for 1),undervotes,,34
Lane,1780,United States President and Vice President (Vote for 1),total_votes,,1578
Lane,1780,United States President and Vice President (Vote for 1),overvotes,,0
Lane,1780,United States President and Vice President (Vote for 1),undervotes,,7
Lane,1782,United States President and Vice President (Vote for 1),total_votes,,1881
Lane,1782,United States President and Vice President (Vote for 1),overvotes,,1
Lane,1782,United States President and Vice President (Vote for 1),undervotes,,14
Lane,1784,United States President and Vice President (Vote for 1),total_votes,,4073
Lane,1784,United States President and Vice President (Vote for 1),overvotes,,3
Lane,1784,United States President and Vice President (Vote for 1),undervotes,,34
Lane,1786,United States President and Vice President (Vote for 1),total_votes,,2524
Lane,1786,United States President and Vice President (Vote for 1),overvotes,,0
Lane,1786,United States President and Vice President (Vote for 1),undervotes,,17
Lane,1890,United States President and Vice President (Vote for 1),total_votes,,2990
Lane,1890,United States President and Vice President (Vote for 1),overvotes,,0
Lane,1890,United States President and Vice President (Vote for 1),undervotes,,21
Lane,1892,United States President and Vice President (Vote for 1),total_votes,,5086
Lane,1892,United States President and Vice President (Vote for 1),overvotes,,1
Lane,1892,United States President and Vice President (Vote for 1),undervotes,,38
Lane,1894,United States President and Vice President (Vote for 1),total_votes,,3768
Lane,1894,United States President and Vice President (Vote for 1),overvotes,,2
Lane,1894,United States President and Vice President (Vote for 1),undervotes,,27
Lane,2122,United States President and Vice President (Vote for 1),total_votes,,4314
Lane,2122,United States President and Vice President (Vote for 1),overvotes,,2
Lane,2122,United States President and Vice President (Vote for 1),undervotes,,34
Lane,2238,United States President and Vice President (Vote for 1),total_votes,,4625
Lane,2238,United States President and Vice President (Vote for 1),overvotes,,2
Lane,2238,United States President and Vice President (Vote for 1),undervotes,,40
Lane,2340,United States President and Vice President (Vote for 1),total_votes,,5196
Lane,2340,United States President and Vice President (Vote for 1),overvotes,,2
Lane,2340,United States President and Vice President (Vote for 1),undervotes,,48
Lane,2456,United States President and Vice President (Vote for 1),total_votes,,4578
Lane,2456,United States President and Vice President (Vote for 1),overvotes,,3
Lane,2456,United States President and Vice President (Vote for 1),undervotes,,30
Lane,2562,United States President and Vice President (Vote for 1),total_votes,,5468
Lane,2562,United States President and Vice President (Vote for 1),overvotes,,0
Lane,2562,United States President and Vice President (Vote for 1),undervotes,,32
Lane,2676,United States President and Vice President (Vote for 1),total_votes,,6014
Lane,2676,United States President and Vice President (Vote for 1),overvotes,,3
Lane,2676,United States President and Vice President (Vote for 1),undervotes,,56
Lane,4200,United States President and Vice President (Vote for 1),total_votes,,955
Lane,4200,United States President and Vice President (Vote for 1),overvotes,,0
Lane,4200,United States President and Vice President (Vote for 1),undervotes,,7
Lane,4300,United States President and Vice President (Vote for 1),total_votes,,5221
Lane,4300,United States President and Vice President (Vote for 1),overvotes,,3
Lane,4300,United States President and Vice President (Vote for 1),undervotes,,45
Lane,4400,United States President and Vice President (Vote for 1),total_votes,,3029
Lane,4400,United States President and Vice President (Vote for 1),overvotes,,2
Lane,4400,United States President and Vice President (Vote for 1),undervotes,,29
Lane,4500,United States President and Vice President (Vote for 1),total_votes,,1107
Lane,4500,United States President and Vice President (Vote for 1),overvotes,,0
Lane,4500,United States President and Vice President (Vote for 1),undervotes,,11
Lane,4600,United States President and Vice President (Vote for 1),total_votes,,5970
Lane,4600,United States President and Vice President (Vote for 1),overvotes,,7
Lane,4600,United States President and Vice President (Vote for 1),undervotes,,45
Lane,4700,United States President and Vice President (Vote for 1),total_votes,,3885
Lane,4700,United States President and Vice President (Vote for 1),overvotes,,2
Lane,4700,United States President and Vice President (Vote for 1),undervotes,,23
Lane,4800,United States President and Vice President (Vote for 1),total_votes,,1548
Lane,4800,United States President and Vice President (Vote for 1),overvotes,,0
Lane,4800,United States President and Vice President (Vote for 1),undervotes,,9
Lane,4900,United States President and Vice President (Vote for 1),total_votes,,2789
Lane,4900,United States President and Vice President (Vote for 1),overvotes,,2
Lane,4900,United States President and Vice President (Vote for 1),undervotes,,24
Lane,701,United States President and Vice President (Vote for 1),total_votes,,1557
Lane,701,United States President and Vice President (Vote for 1),overvotes,,1
Lane,701,United States President and Vice President (Vote for 1),undervotes,,12
Lane,703,United States President and Vice President (Vote for 1),total_votes,,272
Lane,703,United States President and Vice President (Vote for 1),overvotes,,0
Lane,703,United States President and Vice President (Vote for 1),undervotes,,2
Lane,705,United States President and Vice President (Vote for 1),total_votes,,2168
Lane,705,United States President and Vice President (Vote for 1),overvotes,,1
Lane,705,United States President and Vice President (Vote for 1),undervotes,,25
Lane,707,United States President and Vice President (Vote for 1),total_votes,,694
Lane,707,United States President and Vice President (Vote for 1),overvotes,,0
Lane,707,United States President and Vice President (Vote for 1),undervotes,,3
Lane,709,United States President and Vice President (Vote for 1),total_votes,,1646
Lane,709,United States President and Vice President (Vote for 1),overvotes,,1
Lane,709,United States President and Vice President (Vote for 1),undervotes,,10
Lane,711,United States President and Vice President (Vote for 1),total_votes,,3894
Lane,711,United States President and Vice President (Vote for 1),overvotes,,1
Lane,711,United States President and Vice President (Vote for 1),undervotes,,22
Lane,713,United States President and Vice President (Vote for 1),total_votes,,1155
Lane,713,United States President and Vice President (Vote for 1),overvotes,,1
Lane,713,United States President and Vice President (Vote for 1),undervotes,,9
Lane,715,United States President and Vice President (Vote for 1),total_votes,,1735
Lane,715,United States President and Vice President (Vote for 1),overvotes,,1
Lane,715,United States President and Vice President (Vote for 1),undervotes,,17
Lane,717,United States President and Vice President (Vote for 1),total_votes,,2906
Lane,717,United States President and Vice President (Vote for 1),overvotes,,2
Lane,717,United States President and Vice President (Vote for 1),undervotes,,30
Lane,719,United States President and Vice President (Vote for 1),total_votes,,450
Lane,719,United States President and Vice President (Vote for 1),overvotes,,0
Lane,719,United States President and Vice President (Vote for 1),undervotes,,3
Lane,721,United States President and Vice President (Vote for 1),total_votes,,687
Lane,721,United States President and Vice President (Vote for 1),overvotes,,0
Lane,721,United States President and Vice President (Vote for 1),undervotes,,7
Lane,723,United States President and Vice President (Vote for 1),total_votes,,2737
Lane,723,United States President and Vice President (Vote for 1),overvotes,,2
Lane,723,United States President and Vice President (Vote for 1),undervotes,,15
Lane,725,United States President and Vice President (Vote for 1),total_votes,,1922
Lane,725,United States President and Vice President (Vote for 1),overvotes,,1
Lane,725,United States President and Vice President (Vote for 1),undervotes,,18
Lane,727,United States President and Vice President (Vote for 1),total_votes,,1679
Lane,727,United States President and Vice President (Vote for 1),overvotes,,1
Lane,727,United States President and Vice President (Vote for 1),undervotes,,13
Lane,729,United States President and Vice President (Vote for 1),total_votes,,536
Lane,729,United States President and Vice President (Vote for 1),overvotes,,0
Lane,729,United States President and Vice President (Vote for 1),undervotes,,7
Lane,731,United States President and Vice President (Vote for 1),total_votes,,4941
Lane,731,United States President and Vice President (Vote for 1),overvotes,,3
Lane,731,United States President and Vice President (Vote for 1),undervotes,,32
Lane,733,United States President and Vice President (Vote for 1),total_votes,,6102
Lane,733,United States President and Vice President (Vote for 1),overvotes,,3
Lane,733,United States President and Vice President (Vote for 1),undervotes,,51
Lane,737,United States President and Vice President (Vote for 1),total_votes,,3446
Lane,737,United States President and Vice President (Vote for 1),overvotes,,0
Lane,737,United States President and Vice President (Vote for 1),undervotes,,36
Lane,739,United States President and Vice President (Vote for 1),total_votes,,1945
Lane,739,United States President and Vice President (Vote for 1),overvotes,,0
Lane,739,United States President and Vice President (Vote for 1),undervotes,,17
Lane,741,United States President and Vice President (Vote for 1),total_votes,,859
Lane,741,United States President and Vice President (Vote for 1),overvotes,,0
Lane,741,United States President and Vice President (Vote for 1),undervotes,,6
Lane,743,United States President and Vice President (Vote for 1),total_votes,,714
Lane,743,United States President and Vice President (Vote for 1),overvotes,,0
Lane,743,United States President and Vice President (Vote for 1),undervotes,,13
Lane,747,United States President and Vice President (Vote for 1),total_votes,,5018
Lane,747,United States President and Vice President (Vote for 1),overvotes,,1
Lane,747,United States President and Vice President (Vote for 1),undervotes,,31
Lane,751,United States President and Vice President (Vote for 1),total_votes,,4516
Lane,751,United States President and Vice President (Vote for 1),overvotes,,0
Lane,751,United States President and Vice President (Vote for 1),undervotes,,48
Lane,753,United States President and Vice President (Vote for 1),total_votes,,1401
Lane,753,United States President and Vice President (Vote for 1),overvotes,,0
Lane,753,United States President and Vice President (Vote for 1),undervotes,,17
Lane,755,United States President and Vice President (Vote for 1),total_votes,,3123
Lane,755,United States President and Vice President (Vote for 1),overvotes,,0
Lane,755,United States President and Vice President (Vote for 1),undervotes,,28
Lane,757,United States President and Vice President (Vote for 1),total_votes,,2636
Lane,757,United States President and Vice President (Vote for 1),overvotes,,0
Lane,757,United States President and Vice President (Vote for 1),undervotes,,34
Lane,759,United States President and Vice President (Vote for 1),total_votes,,2655
Lane,759,United States President and Vice President (Vote for 1),overvotes,,1
Lane,759,United States President and Vice President (Vote for 1),undervotes,,32
Lane,765,United States President and Vice President (Vote for 1),total_votes,,2494
Lane,765,United States President and Vice President (Vote for 1),overvotes,,0
Lane,765,United States President and Vice President (Vote for 1),undervotes,,29
Lane,4500,"State Senator, 5th District (Vote for 1)",total_votes,,1084
Lane,4500,"State Senator, 5th District (Vote for 1)",candidate,Jo Beaudreau,467
Lane,4500,"State Senator, 5th District (Vote for 1)",candidate,Dick Anderson,616
Lane,4500,"State Senator, 5th District (Vote for 1)",writein,,<10
Lane,4500,"State Senator, 5th District (Vote for 1)",overvotes,,0
Lane,4500,"State Senator, 5th District (Vote for 1)",undervotes,,30
Lane,4600,"State Senator, 5th District (Vote for 1)",total_votes,,5767
Lane,4600,"State Senator, 5th District (Vote for 1)",candidate,Jo Beaudreau,3000
Lane,4600,"State Senator, 5th District (Vote for 1)",candidate,Dick Anderson,2758
Lane,4600,"State Senator, 5th District (Vote for 1)",writein,,<10
Lane,4600,"State Senator, 5th District (Vote for 1)",overvotes,,1
Lane,4600,"State Senator, 5th District (Vote for 1)",undervotes,,235
Lane,701,"State Senator, 5th District (Vote for 1)",total_votes,,1508
Lane,701,"State Senator, 5th District (Vote for 1)",candidate,Jo Beaudreau,717
Lane,701,"State Senator, 5th District (Vote for 1)",candidate,Dick Anderson,788
Lane,701,"State Senator, 5th District (Vote for 1)",writein,,<10
Lane,701,"State Senator, 5th District (Vote for 1)",overvotes,,0
Lane,701,"State Senator, 5th District (Vote for 1)",undervotes,,62
Lane,703,"State Senator, 5th District (Vote for 1)",total_votes,,261
Lane,703,"State Senator, 5th District (Vote for 1)",candidate,Jo Beaudreau,143
Lane,703,"State Senator, 5th District (Vote for 1)",candidate,Dick Anderson,117
Lane,703,"State Senator, 5th District (Vote for 1)",writein,,<10
Lane,703,"State Senator, 5th District (Vote for 1)",overvotes,,0
Lane,703,"State Senator, 5th District (Vote for 1)",undervotes,,12
Lane,705,"State Senator, 5th District (Vote for 1)",total_votes,,2097
Lane,705,"State Senator, 5th District (Vote for 1)",candidate,Jo Beaudreau,1033
Lane,705,"State Senator, 5th District (Vote for 1)",candidate,Dick Anderson,1064
Lane,705,"State Senator, 5th District (Vote for 1)",writein,,0
Lane,705,"State Senator, 5th District (Vote for 1)",overvotes,,0
Lane,705,"State Senator, 5th District (Vote for 1)",undervotes,,87
Lane,707,"State Senator, 5th District (Vote for 1)",total_votes,,671
Lane,707,"State Senator, 5th District (Vote for 1)",candidate,Jo Beaudreau,261
Lane,707,"State Senator, 5th District (Vote for 1)",candidate,Dick Anderson,410
Lane,707,"State Senator, 5th District (Vote for 1)",writein,,0
Lane,707,"State Senator, 5th District (Vote for 1)",overvotes,,0
Lane,707,"State Senator, 5th District (Vote for 1)",undervotes,,25
Lane,709,"State Senator, 5th District (Vote for 1)",total_votes,,1562
Lane,709,"State Senator, 5th District (Vote for 1)",candidate,Jo Beaudreau,605
Lane,709,"State Senator, 5th District (Vote for 1)",candidate,Dick Anderson,955
Lane,709,"State Senator, 5th District (Vote for 1)",writein,,<10
Lane,709,"State Senator, 5th District (Vote for 1)",overvotes,,0
Lane,709,"State Senator, 5th District (Vote for 1)",undervotes,,90
Lane,711,"State Senator, 5th District (Vote for 1)",total_votes,,3679
Lane,711,"State Senator, 5th District (Vote for 1)",candidate,Jo Beaudreau,1544
Lane,711,"State Senator, 5th District (Vote for 1)",candidate,Dick Anderson,2130
Lane,711,"State Senator, 5th District (Vote for 1)",writein,,<10
Lane,711,"State Senator, 5th District (Vote for 1)",overvotes,,1
Lane,711,"State Senator, 5th District (Vote for 1)",undervotes,,226
Lane,713,"State Senator, 5th District (Vote for 1)",total_votes,,1111
Lane,713,"State Senator, 5th District (Vote for 1)",candidate,Jo Beaudreau,324
Lane,713,"State Senator, 5th District (Vote for 1)",candidate,Dick Anderson,784
Lane,713,"State Senator, 5th District (Vote for 1)",writein,,<10
Lane,713,"State Senator, 5th District (Vote for 1)",overvotes,,0
Lane,713,"State Senator, 5th District (Vote for 1)",undervotes,,53
Lane,2122,"State Representative, 7th District (Vote for 1)",total_votes,,4073
Lane,2122,"State Representative, 7th District (Vote for 1)",candidate,Cory Burket,1642
Lane,2122,"State Representative, 7th District (Vote for 1)",candidate,John Lively,2426
Lane,2122,"State Representative, 7th District (Vote for 1)",writein,,<10
Lane,2122,"State Representative, 7th District (Vote for 1)",overvotes,,0
Lane,2122,"State Representative, 7th District (Vote for 1)",undervotes,,271
Lane,2238,"State Representative, 7th District (Vote for 1)",total_votes,,4401
Lane,2238,"State Representative, 7th District (Vote for 1)",candidate,Cory Burket,1296
Lane,2238,"State Representative, 7th District (Vote for 1)",candidate,John Lively,3089
Lane,2238,"State Representative, 7th District (Vote for 1)",writein,,16
Lane,2238,"State Representative, 7th District (Vote for 1)",overvotes,,1
Lane,2238,"State Representative, 7th District (Vote for 1)",undervotes,,251
Lane,2340,"State Representative, 7th District (Vote for 1)",total_votes,,4943
Lane,2340,"State Representative, 7th District (Vote for 1)",candidate,Cory Burket,2002
Lane,2340,"State Representative, 7th District (Vote for 1)",candidate,John Lively,2932
Lane,2340,"State Representative, 7th District (Vote for 1)",writein,,<10
Lane,2340,"State Representative, 7th District (Vote for 1)",overvotes,,0
Lane,2340,"State Representative, 7th District (Vote for 1)",undervotes,,298
Lane,2456,"State Representative, 7th District (Vote for 1)",total_votes,,4327
Lane,2456,"State Representative, 7th District (Vote for 1)",candidate,Cory Burket,1954
Lane,2456,"State Representative, 7th District (Vote for 1)",candidate,John Lively,2365
Lane,2456,"State Representative, 7th District (Vote for 1)",writein,,<10
Lane,2456,"State Representative, 7th District (Vote for 1)",overvotes,,0
Lane,2456,"State Representative, 7th District (Vote for 1)",undervotes,,275
Lane,2562,"State Representative, 7th District (Vote for 1)",total_votes,,5175
Lane,2562,"State Representative, 7th District (Vote for 1)",candidate,Cory Burket,2466
Lane,2562,"State Representative, 7th District (Vote for 1)",candidate,John Lively,2704
Lane,2562,"State Representative, 7th District (Vote for 1)",writein,,<10
Lane,2562,"State Representative, 7th District (Vote for 1)",overvotes,,0
Lane,2562,"State Representative, 7th District (Vote for 1)",undervotes,,319
Lane,2676,"State Representative, 7th District (Vote for 1)",total_votes,,5731
Lane,2676,"State Representative, 7th District (Vote for 1)",candidate,Cory Burket,3068
Lane,2676,"State Representative, 7th District (Vote for 1)",candidate,John Lively,2655
Lane,2676,"State Representative, 7th District (Vote for 1)",writein,,<10
Lane,2676,"State Representative, 7th District (Vote for 1)",overvotes,,0
Lane,2676,"State Representative, 7th District (Vote for 1)",undervotes,,335
Lane,737,"State Representative, 7th District (Vote for 1)",total_votes,,3318
Lane,737,"State Representative, 7th District (Vote for 1)",candidate,Cory Burket,1616
Lane,737,"State Representative, 7th District (Vote for 1)",candidate,John Lively,1699
Lane,737,"State Representative, 7th District (Vote for 1)",writein,,<10
Lane,737,"State Representative, 7th District (Vote for 1)",overvotes,,0
Lane,737,"State Representative, 7th District (Vote for 1)",undervotes,,150
Lane,739,"State Representative, 7th District (Vote for 1)",total_votes,,1847
Lane,739,"State Representative, 7th District (Vote for 1)",candidate,Cory Burket,844
Lane,739,"State Representative, 7th District (Vote for 1)",candidate,John Lively,998
Lane,739,"State Representative, 7th District (Vote for 1)",writein,,<10
Lane,739,"State Representative, 7th District (Vote for 1)",overvotes,,0
Lane,739,"State Representative, 7th District (Vote for 1)",undervotes,,108
Lane,1122,"State Representative, 8th District (Vote for 1)",total_votes,,3088
Lane,1122,"State Representative, 8th District (Vote for 1)",candidate,Lisa Fragala,3010
Lane,1122,"State Representative, 8th District (Vote for 1)",writein,,78
Lane,1122,"State Representative, 8th District (Vote for 1)",overvotes,,0
Lane,1122,"State Representative, 8th District (Vote for 1)",undervotes,,1037
Lane,1126,"State Representative, 8th District (Vote for 1)",total_votes,,3645
Lane,1126,"State Representative, 8th District (Vote for 1)",candidate,Lisa Fragala,3589
Lane,1126,"State Representative, 8th District (Vote for 1)",writein,,56
Lane,1126,"State Representative, 8th District (Vote for 1)",overvotes,,0
Lane,1126,"State Representative, 8th District (Vote for 1)",undervotes,,1011
Lane,1230,"State Representative, 8th District (Vote for 1)",total_votes,,4146
Lane,1230,"State Representative, 8th District (Vote for 1)",candidate,Lisa Fragala,4056
Lane,1230,"State Representative, 8th District (Vote for 1)",writein,,90
Lane,1230,"State Representative, 8th District (Vote for 1)",overvotes,,1
Lane,1230,"State Representative, 8th District (Vote for 1)",undervotes,,1211
Lane,1232,"State Representative, 8th District (Vote for 1)",total_votes,,4241
Lane,1232,"State Representative, 8th District (Vote for 1)",candidate,Lisa Fragala,4175
Lane,1232,"State Representative, 8th District (Vote for 1)",writein,,66
Lane,1232,"State Representative, 8th District (Vote for 1)",overvotes,,0
Lane,1232,"State Representative, 8th District (Vote for 1)",undervotes,,1425
Lane,1340,"State Representative, 8th District (Vote for 1)",total_votes,,4071
Lane,1340,"State Representative, 8th District (Vote for 1)",candidate,Lisa Fragala,3994
Lane,1340,"State Representative, 8th District (Vote for 1)",writein,,77
Lane,1340,"State Representative, 8th District (Vote for 1)",overvotes,,0
Lane,1340,"State Representative, 8th District (Vote for 1)",undervotes,,1159
Lane,1342,"State Representative, 8th District (Vote for 1)",total_votes,,899
Lane,1342,"State Representative, 8th District (Vote for 1)",candidate,Lisa Fragala,874
Lane,1342,"State Representative, 8th District (Vote for 1)",writein,,25
Lane,1342,"State Representative, 8th District (Vote for 1)",overvotes,,0
Lane,1342,"State Representative, 8th District (Vote for 1)",undervotes,,324
Lane,1454,"State Representative, 8th District (Vote for 1)",total_votes,,1277
Lane,1454,"State Representative, 8th District (Vote for 1)",candidate,Lisa Fragala,1222
Lane,1454,"State Representative, 8th District (Vote for 1)",writein,,55
Lane,1454,"State Representative, 8th District (Vote for 1)",overvotes,,1
Lane,1454,"State Representative, 8th District (Vote for 1)",undervotes,,503
Lane,1782,"State Representative, 8th District (Vote for 1)",total_votes,,1370
Lane,1782,"State Representative, 8th District (Vote for 1)",candidate,Lisa Fragala,1350
Lane,1782,"State Representative, 8th District (Vote for 1)",writein,,20
Lane,1782,"State Representative, 8th District (Vote for 1)",overvotes,,1
Lane,1782,"State Representative, 8th District (Vote for 1)",undervotes,,517
Lane,1894,"State Representative, 8th District (Vote for 1)",total_votes,,76
Lane,1894,"State Representative, 8th District (Vote for 1)",candidate,Lisa Fragala,74
Lane,1894,"State Representative, 8th District (Vote for 1)",writein,,<10
Lane,1894,"State Representative, 8th District (Vote for 1)",overvotes,,0
Lane,1894,"State Representative, 8th District (Vote for 1)",undervotes,,28
Lane,723,"State Representative, 8th District (Vote for 1)",total_votes,,1720
Lane,723,"State Representative, 8th District (Vote for 1)",candidate,Lisa Fragala,1636
Lane,723,"State Representative, 8th District (Vote for 1)",writein,,84
Lane,723,"State Representative, 8th District (Vote for 1)",overvotes,,0
Lane,723,"State Representative, 8th District (Vote for 1)",undervotes,,999
Lane,725,"State Representative, 8th District (Vote for 1)",total_votes,,877
Lane,725,"State Representative, 8th District (Vote for 1)",candidate,Lisa Fragala,761
Lane,725,"State Representative, 8th District (Vote for 1)",writein,,116
Lane,725,"State Representative, 8th District (Vote for 1)",overvotes,,1
Lane,725,"State Representative, 8th District (Vote for 1)",undervotes,,1058
Lane,741,"State Representative, 8th District (Vote for 1)",total_votes,,11
Lane,741,"State Representative, 8th District (Vote for 1)",candidate,Lisa Fragala,11
Lane,741,"State Representative, 8th District (Vote for 1)",writein,,0
Lane,741,"State Representative, 8th District (Vote for 1)",overvotes,,0
Lane,741,"State Representative, 8th District (Vote for 1)",undervotes,,12
Lane,743,"State Representative, 8th District (Vote for 1)",total_votes,,60
Lane,743,"State Representative, 8th District (Vote for 1)",candidate,Lisa Fragala,59
Lane,743,"State Representative, 8th District (Vote for 1)",writein,,<10
Lane,743,"State Representative, 8th District (Vote for 1)",overvotes,,0
Lane,743,"State Representative, 8th District (Vote for 1)",undervotes,,49
Lane,4500,"State Representative, 9th District (Vote for 1)",total_votes,,1059
Lane,4500,"State Representative, 9th District (Vote for 1)",candidate,Boomer Wright,664
Lane,4500,"State Representative, 9th District (Vote for 1)",candidate,William (Mrk) Mrkvicka,394
Lane,4500,"State Representative, 9th District (Vote for 1)",writein,,<10
Lane,4500,"State Representative, 9th District (Vote for 1)",overvotes,,0
Lane,4500,"State Representative, 9th District (Vote for 1)",undervotes,,55
Lane,4600,"State Representative, 9th District (Vote for 1)",total_votes,,5663
Lane,4600,"State Representative, 9th District (Vote for 1)",candidate,Boomer Wright,3021
Lane,4600,"State Representative, 9th District (Vote for 1)",candidate,William (Mrk) Mrkvicka,2619
Lane,4600,"State Representative, 9th District (Vote for 1)",writein,,23
Lane,4600,"State Representative, 9th District (Vote for 1)",overvotes,,0
Lane,4600,"State Representative, 9th District (Vote for 1)",undervotes,,340
Lane,705,"State Representative, 9th District (Vote for 1)",total_votes,,2068
Lane,705,"State Representative, 9th District (Vote for 1)",candidate,Boomer Wright,1149
Lane,705,"State Representative, 9th District (Vote for 1)",candidate,William (Mrk) Mrkvicka,913
Lane,705,"State Representative, 9th District (Vote for 1)",writein,,<10
Lane,705,"State Representative, 9th District (Vote for 1)",overvotes,,0
Lane,705,"State Representative, 9th District (Vote for 1)",undervotes,,116
Lane,707,"State Representative, 9th District (Vote for 1)",total_votes,,662
Lane,707,"State Representative, 9th District (Vote for 1)",candidate,Boomer Wright,439
Lane,707,"State Representative, 9th District (Vote for 1)",candidate,William (Mrk) Mrkvicka,223
Lane,707,"State Representative, 9th District (Vote for 1)",writein,,0
Lane,707,"State Representative, 9th District (Vote for 1)",overvotes,,0
Lane,707,"State Representative, 9th District (Vote for 1)",undervotes,,34
Lane,709,"State Representative, 9th District (Vote for 1)",total_votes,,1522
Lane,709,"State Representative, 9th District (Vote for 1)",candidate,Boomer Wright,972
Lane,709,"State Representative, 9th District (Vote for 1)",candidate,William (Mrk) Mrkvicka,548
Lane,709,"State Representative, 9th District (Vote for 1)",writein,,<10
Lane,709,"State Representative, 9th District (Vote for 1)",overvotes,,0
Lane,709,"State Representative, 9th District (Vote for 1)",undervotes,,130
Lane,711,"State Representative, 9th District (Vote for 1)",total_votes,,3596
Lane,711,"State Representative, 9th District (Vote for 1)",candidate,Boomer Wright,2162
Lane,711,"State Representative, 9th District (Vote for 1)",candidate,William (Mrk) Mrkvicka,1422
Lane,711,"State Representative, 9th District (Vote for 1)",writein,,12
Lane,711,"State Representative, 9th District (Vote for 1)",overvotes,,0
Lane,711,"State Representative, 9th District (Vote for 1)",undervotes,,310
Lane,701,"State Representative, 10th District (Vote for 1)",total_votes,,941
Lane,701,"State Representative, 10th District (Vote for 1)",candidate,David Gomberg,902
Lane,701,"State Representative, 10th District (Vote for 1)",writein,,39
Lane,701,"State Representative, 10th District (Vote for 1)",overvotes,,0
Lane,701,"State Representative, 10th District (Vote for 1)",undervotes,,629
Lane,703,"State Representative, 10th District (Vote for 1)",total_votes,,184
Lane,703,"State Representative, 10th District (Vote for 1)",candidate,David Gomberg,180
Lane,703,"State Representative, 10th District (Vote for 1)",writein,,<10
Lane,703,"State Representative, 10th District (Vote for 1)",overvotes,,0
Lane,703,"State Representative, 10th District (Vote for 1)",undervotes,,89
Lane,713,"State Representative, 10th District (Vote for 1)",total_votes,,605
Lane,713,"State Representative, 10th District (Vote for 1)",candidate,David Gomberg,572
Lane,713,"State Representative, 10th District (Vote for 1)",writein,,33
Lane,713,"State Representative, 10th District (Vote for 1)",overvotes,,0
Lane,713,"State Representative, 10th District (Vote for 1)",undervotes,,559
Lane,1234,"State Representative, 12th District (Vote for 1)",total_votes,,3142
Lane,1234,"State Representative, 12th District (Vote for 1)",candidate,Michelle Emmons,2615
Lane,1234,"State Representative, 12th District (Vote for 1)",candidate,Darin Harbick,522
Lane,1234,"State Representative, 12th District (Vote for 1)",writein,,<10
Lane,1234,"State Representative, 12th District (Vote for 1)",overvotes,,0
Lane,1234,"State Representative, 12th District (Vote for 1)",undervotes,,207
Lane,1560,"State Representative, 12th District (Vote for 1)",total_votes,,124
Lane,1560,"State Representative, 12th District (Vote for 1)",candidate,Michelle Emmons,78
Lane,1560,"State Representative, 12th District (Vote for 1)",candidate,Darin Harbick,46
Lane,1560,"State Representative, 12th District (Vote for 1)",writein,,0
Lane,1560,"State Representative, 12th District (Vote for 1)",overvotes,,0
Lane,1560,"State Representative, 12th District (Vote for 1)",undervotes,,12
Lane,1784,"State Representative, 12th District (Vote for 1)",total_votes,,151
Lane,1784,"State Representative, 12th District (Vote for 1)",candidate,Michelle Emmons,91
Lane,1784,"State Representative, 12th District (Vote for 1)",candidate,Darin Harbick,60
Lane,1784,"State Representative, 12th District (Vote for 1)",writein,,0
Lane,1784,"State Representative, 12th District (Vote for 1)",overvotes,,0
Lane,1784,"State Representative, 12th District (Vote for 1)",undervotes,,10
Lane,4200,"State Representative, 12th District (Vote for 1)",total_votes,,894
Lane,4200,"State Representative, 12th District (Vote for 1)",candidate,Michelle Emmons,429
Lane,4200,"State Representative, 12th District (Vote for 1)",candidate,Darin Harbick,464
Lane,4200,"State Representative, 12th District (Vote for 1)",writein,,<10
Lane,4200,"State Representative, 12th District (Vote for 1)",overvotes,,0
Lane,4200,"State Representative, 12th District (Vote for 1)",undervotes,,67
Lane,4300,"State Representative, 12th District (Vote for 1)",total_votes,,4883
Lane,4300,"State Representative, 12th District (Vote for 1)",candidate,Michelle Emmons,2117
Lane,4300,"State Representative, 12th District (Vote for 1)",candidate,Darin Harbick,2756
Lane,4300,"State Representative, 12th District (Vote for 1)",writein,,10
Lane,4300,"State Representative, 12th District (Vote for 1)",overvotes,,0
Lane,4300,"State Representative, 12th District (Vote for 1)",undervotes,,375
Lane,4400,"State Representative, 12th District (Vote for 1)",total_votes,,2867
Lane,4400,"State Representative, 12th District (Vote for 1)",candidate,Michelle Emmons,1081
Lane,4400,"State Representative, 12th District (Vote for 1)",candidate,Darin Harbick,1785
Lane,4400,"State Representative, 12th District (Vote for 1)",writein,,<10
Lane,4400,"State Representative, 12th District (Vote for 1)",overvotes,,0
Lane,4400,"State Representative, 12th District (Vote for 1)",undervotes,,183
Lane,4700,"State Representative, 12th District (Vote for 1)",total_votes,,3645
Lane,4700,"State Representative, 12th District (Vote for 1)",candidate,Michelle Emmons,1320
Lane,4700,"State Representative, 12th District (Vote for 1)",candidate,Darin Harbick,2321
Lane,4700,"State Representative, 12th District (Vote for 1)",writein,,<10
Lane,4700,"State Representative, 12th District (Vote for 1)",overvotes,,0
Lane,4700,"State Representative, 12th District (Vote for 1)",undervotes,,259
Lane,4800,"State Representative, 12th District (Vote for 1)",total_votes,,1472
Lane,4800,"State Representative, 12th District (Vote for 1)",candidate,Michelle Emmons,638
Lane,4800,"State Representative, 12th District (Vote for 1)",candidate,Darin Harbick,833
Lane,4800,"State Representative, 12th District (Vote for 1)",writein,,<10
Lane,4800,"State Representative, 12th District (Vote for 1)",overvotes,,0
Lane,4800,"State Representative, 12th District (Vote for 1)",undervotes,,80
Lane,715,"State Representative, 12th District (Vote for 1)",total_votes,,1645
Lane,715,"State Representative, 12th District (Vote for 1)",candidate,Michelle Emmons,539
Lane,715,"State Representative, 12th District (Vote for 1)",candidate,Darin Harbick,1105
Lane,715,"State Representative, 12th District (Vote for 1)",writein,,<10
Lane,715,"State Representative, 12th District (Vote for 1)",overvotes,,0
Lane,715,"State Representative, 12th District (Vote for 1)",undervotes,,105
Lane,743,"State Representative, 12th District (Vote for 1)",total_votes,,574
Lane,743,"State Representative, 12th District (Vote for 1)",candidate,Michelle Emmons,295
Lane,743,"State Representative, 12th District (Vote for 1)",candidate,Darin Harbick,276
Lane,743,"State Representative, 12th District (Vote for 1)",writein,,<10
Lane,743,"State Representative, 12th District (Vote for 1)",overvotes,,0
Lane,743,"State Representative, 12th District (Vote for 1)",undervotes,,43
Lane,747,"State Representative, 12th District (Vote for 1)",total_votes,,4741
Lane,747,"State Representative, 12th District (Vote for 1)",candidate,Michelle Emmons,1685
Lane,747,"State Representative, 12th District (Vote for 1)",candidate,Darin Harbick,3049
Lane,747,"State Representative, 12th District (Vote for 1)",writein,,<10
Lane,747,"State Representative, 12th District (Vote for 1)",overvotes,,0
Lane,747,"State Representative, 12th District (Vote for 1)",undervotes,,296
Lane,751,"State Representative, 12th District (Vote for 1)",total_votes,,4321
Lane,751,"State Representative, 12th District (Vote for 1)",candidate,Michelle Emmons,1608
Lane,751,"State Representative, 12th District (Vote for 1)",candidate,Darin Harbick,2707
Lane,751,"State Representative, 12th District (Vote for 1)",writein,,<10
Lane,751,"State Representative, 12th District (Vote for 1)",overvotes,,0
Lane,751,"State Representative, 12th District (Vote for 1)",undervotes,,231
Lane,753,"State Representative, 12th District (Vote for 1)",total_votes,,1351
Lane,753,"State Representative, 12th District (Vote for 1)",candidate,Michelle Emmons,413
Lane,753,"State Representative, 12th District (Vote for 1)",candidate,Darin Harbick,935
Lane,753,"State Representative, 12th District (Vote for 1)",writein,,<10
Lane,753,"State Representative, 12th District (Vote for 1)",overvotes,,0
Lane,753,"State Representative, 12th District (Vote for 1)",undervotes,,63
Lane,755,"State Representative, 12th District (Vote for 1)",total_votes,,2953
Lane,755,"State Representative, 12th District (Vote for 1)",candidate,Michelle Emmons,1043
Lane,755,"State Representative, 12th District (Vote for 1)",candidate,Darin Harbick,1903
Lane,755,"State Representative, 12th District (Vote for 1)",writein,,<10
Lane,755,"State Representative, 12th District (Vote for 1)",overvotes,,0
Lane,755,"State Representative, 12th District (Vote for 1)",undervotes,,192
Lane,757,"State Representative, 12th District (Vote for 1)",total_votes,,2524
Lane,757,"State Representative, 12th District (Vote for 1)",candidate,Michelle Emmons,991
Lane,757,"State Representative, 12th District (Vote for 1)",candidate,Darin Harbick,1531
Lane,757,"State Representative, 12th District (Vote for 1)",writein,,<10
Lane,757,"State Representative, 12th District (Vote for 1)",overvotes,,0
Lane,757,"State Representative, 12th District (Vote for 1)",undervotes,,134
Lane,759,"State Representative, 12th District (Vote for 1)",total_votes,,2609
Lane,759,"State Representative, 12th District (Vote for 1)",candidate,Michelle Emmons,1108
Lane,759,"State Representative, 12th District (Vote for 1)",candidate,Darin Harbick,1497
Lane,759,"State Representative, 12th District (Vote for 1)",writein,,<10
Lane,759,"State Representative, 12th District (Vote for 1)",overvotes,,0
Lane,759,"State Representative, 12th District (Vote for 1)",undervotes,,70
Lane,765,"State Representative, 12th District (Vote for 1)",total_votes,,2389
Lane,765,"State Representative, 12th District (Vote for 1)",candidate,Michelle Emmons,950
Lane,765,"State Representative, 12th District (Vote for 1)",candidate,Darin Harbick,1432
Lane,765,"State Representative, 12th District (Vote for 1)",writein,,<10
Lane,765,"State Representative, 12th District (Vote for 1)",overvotes,,0
Lane,765,"State Representative, 12th District (Vote for 1)",undervotes,,126
Lane,1450,"State Representative, 13th District (Vote for 1)",total_votes,,5489
Lane,1450,"State Representative, 13th District (Vote for 1)",candidate,Nancy Nathanson,3740
Lane,1450,"State Representative, 13th District (Vote for 1)",candidate,Timothy S Sutherland,1745
Lane,1450,"State Representative, 13th District (Vote for 1)",writein,,<10
Lane,1450,"State Representative, 13th District (Vote for 1)",overvotes,,0
Lane,1450,"State Representative, 13th District (Vote for 1)",undervotes,,406
Lane,1452,"State Representative, 13th District (Vote for 1)",total_votes,,4172
Lane,1452,"State Representative, 13th District (Vote for 1)",candidate,Nancy Nathanson,2916
Lane,1452,"State Representative, 13th District (Vote for 1)",candidate,Timothy S Sutherland,1247
Lane,1452,"State Representative, 13th District (Vote for 1)",writein,,<10
Lane,1452,"State Representative, 13th District (Vote for 1)",overvotes,,0
Lane,1452,"State Representative, 13th District (Vote for 1)",undervotes,,245
Lane,1560,"State Representative, 13th District (Vote for 1)",total_votes,,1796
Lane,1560,"State Representative, 13th District (Vote for 1)",candidate,Nancy Nathanson,1103
Lane,1560,"State Representative, 13th District (Vote for 1)",candidate,Timothy S Sutherland,690
Lane,1560,"State Representative, 13th District (Vote for 1)",writein,,<10
Lane,1560,"State Representative, 13th District (Vote for 1)",overvotes,,0
Lane,1560,"State Representative, 13th District (Vote for 1)",undervotes,,129
Lane,1562,"State Representative, 13th District (Vote for 1)",total_votes,,5584
Lane,1562,"State Representative, 13th District (Vote for 1)",candidate,Nancy Nathanson,3600
Lane,1562,"State Representative, 13th District (Vote for 1)",candidate,Timothy S Sutherland,1977
Lane,1562,"State Representative, 13th District (Vote for 1)",writein,,<10
Lane,1562,"State Representative, 13th District (Vote for 1)",overvotes,,0
Lane,1562,"State Representative, 13th District (Vote for 1)",undervotes,,378
Lane,1564,"State Representative, 13th District (Vote for 1)",total_votes,,6120
Lane,1564,"State Representative, 13th District (Vote for 1)",candidate,Nancy Nathanson,4443
Lane,1564,"State Representative, 13th District (Vote for 1)",candidate,Timothy S Sutherland,1670
Lane,1564,"State Representative, 13th District (Vote for 1)",writein,,<10
Lane,1564,"State Representative, 13th District (Vote for 1)",overvotes,,0
Lane,1564,"State Representative, 13th District (Vote for 1)",undervotes,,396
Lane,1784,"State Representative, 13th District (Vote for 1)",total_votes,,3665
Lane,1784,"State Representative, 13th District (Vote for 1)",candidate,Nancy Nathanson,2470
Lane,1784,"State Representative, 13th District (Vote for 1)",candidate,Timothy S Sutherland,1188
Lane,1784,"State Representative, 13th District (Vote for 1)",writein,,<10
Lane,1784,"State Representative, 13th District (Vote for 1)",overvotes,,0
Lane,1784,"State Representative, 13th District (Vote for 1)",undervotes,,278
Lane,1786,"State Representative, 13th District (Vote for 1)",total_votes,,2378
Lane,1786,"State Representative, 13th District (Vote for 1)",candidate,Nancy Nathanson,1325
Lane,1786,"State Representative, 13th District (Vote for 1)",candidate,Timothy S Sutherland,1049
Lane,1786,"State Representative, 13th District (Vote for 1)",writein,,<10
Lane,1786,"State Representative, 13th District (Vote for 1)",overvotes,,1
Lane,1786,"State Representative, 13th District (Vote for 1)",undervotes,,160
Lane,729,"State Representative, 13th District (Vote for 1)",total_votes,,503
Lane,729,"State Representative, 13th District (Vote for 1)",candidate,Nancy Nathanson,302
Lane,729,"State Representative, 13th District (Vote for 1)",candidate,Timothy S Sutherland,201
Lane,729,"State Representative, 13th District (Vote for 1)",writein,,0
Lane,729,"State Representative, 13th District (Vote for 1)",overvotes,,1
Lane,729,"State Representative, 13th District (Vote for 1)",undervotes,,36
Lane,731,"State Representative, 13th District (Vote for 1)",total_votes,,4614
Lane,731,"State Representative, 13th District (Vote for 1)",candidate,Nancy Nathanson,2789
Lane,731,"State Representative, 13th District (Vote for 1)",candidate,Timothy S Sutherland,1819
Lane,731,"State Representative, 13th District (Vote for 1)",writein,,<10
Lane,731,"State Representative, 13th District (Vote for 1)",overvotes,,1
Lane,731,"State Representative, 13th District (Vote for 1)",undervotes,,348
Lane,733,"State Representative, 13th District (Vote for 1)",total_votes,,5716
Lane,733,"State Representative, 13th District (Vote for 1)",candidate,Nancy Nathanson,3951
Lane,733,"State Representative, 13th District (Vote for 1)",candidate,Timothy S Sutherland,1761
Lane,733,"State Representative, 13th District (Vote for 1)",writein,,<10
Lane,733,"State Representative, 13th District (Vote for 1)",overvotes,,2
Lane,733,"State Representative, 13th District (Vote for 1)",undervotes,,411
Lane,741,"State Representative, 13th District (Vote for 1)",total_votes,,788
Lane,741,"State Representative, 13th District (Vote for 1)",candidate,Nancy Nathanson,504
Lane,741,"State Representative, 13th District (Vote for 1)",candidate,Timothy S Sutherland,283
Lane,741,"State Representative, 13th District (Vote for 1)",writein,,<10
Lane,741,"State Representative, 13th District (Vote for 1)",overvotes,,0
Lane,741,"State Representative, 13th District (Vote for 1)",undervotes,,50
Lane,1120,"State Representative, 14th District (Vote for 1)",total_votes,,1475
Lane,1120,"State Representative, 14th District (Vote for 1)",candidate,Julie Fahey,1432
Lane,1120,"State Representative, 14th District (Vote for 1)",writein,,43
Lane,1120,"State Representative, 14th District (Vote for 1)",overvotes,,0
Lane,1120,"State Representative, 14th District (Vote for 1)",undervotes,,512
Lane,1124,"State Representative, 14th District (Vote for 1)",total_votes,,886
Lane,1124,"State Representative, 14th District (Vote for 1)",candidate,Julie Fahey,866
Lane,1124,"State Representative, 14th District (Vote for 1)",writein,,20
Lane,1124,"State Representative, 14th District (Vote for 1)",overvotes,,0
Lane,1124,"State Representative, 14th District (Vote for 1)",undervotes,,336
Lane,1670,"State Representative, 14th District (Vote for 1)",total_votes,,4119
Lane,1670,"State Representative, 14th District (Vote for 1)",candidate,Julie Fahey,3842
Lane,1670,"State Representative, 14th District (Vote for 1)",writein,,277
Lane,1670,"State Representative, 14th District (Vote for 1)",overvotes,,0
Lane,1670,"State Representative, 14th District (Vote for 1)",undervotes,,2435
Lane,1672,"State Representative, 14th District (Vote for 1)",total_votes,,3168
Lane,1672,"State Representative, 14th District (Vote for 1)",candidate,Julie Fahey,2974
Lane,1672,"State Representative, 14th District (Vote for 1)",writein,,194
Lane,1672,"State Representative, 14th District (Vote for 1)",overvotes,,0
Lane,1672,"State Representative, 14th District (Vote for 1)",undervotes,,1667
Lane,1780,"State Representative, 14th District (Vote for 1)",total_votes,,1100
Lane,1780,"State Representative, 14th District (Vote for 1)",candidate,Julie Fahey,1022
Lane,1780,"State Representative, 14th District (Vote for 1)",writein,,78
Lane,1780,"State Representative, 14th District (Vote for 1)",overvotes,,0
Lane,1780,"State Representative, 14th District (Vote for 1)",undervotes,,476
Lane,1890,"State Representative, 14th District (Vote for 1)",total_votes,,1973
Lane,1890,"State Representative, 14th District (Vote for 1)",candidate,Julie Fahey,1809
Lane,1890,"State Representative, 14th District (Vote for 1)",writein,,164
Lane,1890,"State Representative, 14th District (Vote for 1)",overvotes,,0
Lane,1890,"State Representative, 14th District (Vote for 1)",undervotes,,1030
Lane,1892,"State Representative, 14th District (Vote for 1)",total_votes,,3722
Lane,1892,"State Representative, 14th District (Vote for 1)",candidate,Julie Fahey,3598
Lane,1892,"State Representative, 14th District (Vote for 1)",writein,,124
Lane,1892,"State Representative, 14th District (Vote for 1)",overvotes,,0
Lane,1892,"State Representative, 14th District (Vote for 1)",undervotes,,1379
Lane,1894,"State Representative, 14th District (Vote for 1)",total_votes,,2497
Lane,1894,"State Representative, 14th District (Vote for 1)",candidate,Julie Fahey,2452
Lane,1894,"State Representative, 14th District (Vote for 1)",writein,,45
Lane,1894,"State Representative, 14th District (Vote for 1)",overvotes,,0
Lane,1894,"State Representative, 14th District (Vote for 1)",undervotes,,1175
Lane,4900,"State Representative, 14th District (Vote for 1)",total_votes,,1654
Lane,4900,"State Representative, 14th District (Vote for 1)",candidate,Julie Fahey,1499
Lane,4900,"State Representative, 14th District (Vote for 1)",writein,,155
Lane,4900,"State Representative, 14th District (Vote for 1)",overvotes,,0
Lane,4900,"State Representative, 14th District (Vote for 1)",undervotes,,1157
Lane,717,"State Representative, 14th District (Vote for 1)",total_votes,,1504
Lane,717,"State Representative, 14th District (Vote for 1)",candidate,Julie Fahey,1344
Lane,717,"State Representative, 14th District (Vote for 1)",writein,,160
Lane,717,"State Representative, 14th District (Vote for 1)",overvotes,,0
Lane,717,"State Representative, 14th District (Vote for 1)",undervotes,,1430
Lane,719,"State Representative, 14th District (Vote for 1)",total_votes,,250
Lane,719,"State Representative, 14th District (Vote for 1)",candidate,Julie Fahey,227
Lane,719,"State Representative, 14th District (Vote for 1)",writein,,23
Lane,719,"State Representative, 14th District (Vote for 1)",overvotes,,0
Lane,719,"State Representative, 14th District (Vote for 1)",undervotes,,200
Lane,721,"State Representative, 14th District (Vote for 1)",total_votes,,387
Lane,721,"State Representative, 14th District (Vote for 1)",candidate,Julie Fahey,365
Lane,721,"State Representative, 14th District (Vote for 1)",writein,,22
Lane,721,"State Representative, 14th District (Vote for 1)",overvotes,,0
Lane,721,"State Representative, 14th District (Vote for 1)",undervotes,,303
Lane,727,"State Representative, 14th District (Vote for 1)",total_votes,,833
Lane,727,"State Representative, 14th District (Vote for 1)",candidate,Julie Fahey,746
Lane,727,"State Representative, 14th District (Vote for 1)",writein,,87
Lane,727,"State Representative, 14th District (Vote for 1)",overvotes,,0
Lane,727,"State Representative, 14th District (Vote for 1)",undervotes,,858
