county,precinct_label,contest,type,choice,votes
Marion,310,"President, 4-Year Term",candidate,Robert F Kennedy Jr / Nicole Shanahan,62
Marion,310,"President, 4-Year Term",candidate,Cornel West,19
Marion,310,"President, 4-Year Term",candidate,Chase Oliver / Mike ter Maat,18
Marion,310,"President, 4-Year Term",candidate,Randall Terry,4
Marion,310,"President, 4-Year Term",candidate,Donald J Trump / JD Vance,1051
Marion,310,"President, 4-Year Term",candidate,Jill Stein / Rudolph Ware,33
Marion,310,"President, 4-Year Term",candidate,Kamala D Harris / Tim Walz,2217
Marion,310,"President, 4-Year Term",writein,,17
Marion,310,"President, 4-Year Term",undervotes,,35
Marion,310,"President, 4-Year Term",overvotes,,0
Marion,310,"President, 4-Year Term",ballots_cast,,3456
Marion,310,"President, 4-Year Term",registered,,5448
Marion,311,"President, 4-Year Term",candidate,Robert F Kennedy Jr / Nicole Shanahan,4
Marion,311,"President, 4-Year Term",candidate,Cornel West,2
Marion,311,"President, 4-Year Term",candidate,Chase Oliver / Mike ter Maat,0
Marion,311,"President, 4-Year Term",candidate,Randall Terry,2
Marion,311,"President, 4-Year Term",candidate,Donald J Trump / JD Vance,49
Marion,311,"President, 4-Year Term",candidate,Jill Stein / Rudolph Ware,1
Marion,311,"President, 4-Year Term",candidate,Kamala D Harris / Tim Walz,201
Marion,311,"President, 4-Year Term",writein,,2
Marion,311,"President, 4-Year Term",undervotes,,3
Marion,311,"President, 4-Year Term",overvotes,,0
Marion,311,"President, 4-Year Term",ballots_cast,,264
Marion,311,"President, 4-Year Term",registered,,351
Marion,312,"President, 4-Year Term",candidate,Robert F Kennedy Jr / Nicole Shanahan,5
Marion,312,"President, 4-Year Term",candidate,Cornel West,0
Marion,312,"President, 4-Year Term",candidate,Chase Oliver / Mike ter Maat,1
Marion,312,"President, 4-Year Term",candidate,Randall Terry,0
Marion,312,"President, 4-Year Term",candidate,Donald J Trump / JD Vance,115
Marion,312,"President, 4-Year Term",candidate,Jill Stein / Rudolph Ware,5
Marion,312,"President, 4-Year Term",candidate,Kamala D Harris / Tim Walz,218
Marion,312,"President, 4-Year Term",writein,,4
Marion,312,"President, 4-Year Term",undervotes,,2
Marion,312,"President, 4-Year Term",overvotes,,0
Marion,312,"President, 4-Year Term",ballots_cast,,350
Marion,312,"President, 4-Year Term",registered,,425
Marion,313,"President, 4-Year Term",candidate,Robert F Kennedy Jr / Nicole Shanahan,0
Marion,313,"President, 4-Year Term",candidate,Cornel West,0
Marion,313,"President, 4-Year Term",candidate,Chase Oliver / Mike ter Maat,0
Marion,313,"President, 4-Year Term",candidate,Randall Terry,0
Marion,313,"President, 4-Year Term",candidate,Donald J Trump / JD Vance,0
Marion,313,"President, 4-Year Term",candidate,Jill Stein / Rudolph Ware,0
Marion,313,"President, 4-Year Term",candidate,Kamala D Harris / Tim Walz,0
Marion,313,"President, 4-Year Term",writein,,0
Marion,313,"President, 4-Year Term",undervotes,,0
Marion,313,"President, 4-Year Term",overvotes,,0
Marion,313,"President, 4-Year Term",ballots_cast,,0
Marion,313,"President, 4-Year Term",registered,,0
Marion,314,"President, 4-Year Term",candidate,Robert F Kennedy Jr / Nicole Shanahan,45
Marion,314,"President, 4-Year Term",candidate,Cornel West,12
Marion,314,"President, 4-Year Term",candidate,Chase Oliver / Mike ter Maat,14
Marion,314,"President, 4-Year Term",candidate,Randall Terry,1
Marion,314,"President, 4-Year Term",candidate,Donald J Trump / JD Vance,840
Marion,314,"President, 4-Year Term",candidate,Jill Stein / Rudolph Ware,32
Marion,314,"President, 4-Year Term",candidate,Kamala D Harris / Tim Walz,1900
Marion,314,"President, 4-Year Term",writein,,18
Marion,314,"President, 4-Year Term",undervotes,,27
Marion,314,"President, 4-Year Term",overvotes,,1
Marion,314,"President, 4-Year Term",ballots_cast,,2890
Marion,314,"President, 4-Year Term",registered,,3925
Marion,320,"President, 4-Year Term",candidate,Robert F Kennedy Jr / Nicole Shanahan,19
Marion,320,"President, 4-Year Term",candidate,Cornel West,1
Marion,320,"President, 4-Year Term",candidate,Chase Oliver / Mike ter Maat,3
Marion,320,"President, 4-Year Term",candidate,Randall Terry,1
Marion,320,"President, 4-Year Term",candidate,Donald J Trump / JD Vance,186
Marion,320,"President, 4-Year Term",candidate,Jill Stein / Rudolph Ware,5
Marion,320,"President, 4-Year Term",candidate,Kamala D Harris / Tim Walz,232
Marion,320,"President, 4-Year Term",writein,,1
Marion,320,"President, 4-Year Term",undervotes,,6
Marion,320,"President, 4-Year Term",overvotes,,0
Marion,320,"President, 4-Year Term",ballots_cast,,454
Marion,320,"President, 4-Year Term",registered,,803
Marion,321,"President, 4-Year Term",candidate,Robert F Kennedy Jr / Nicole Shanahan,29
Marion,321,"President, 4-Year Term",candidate,Cornel West,7
Marion,321,"President, 4-Year Term",candidate,Chase Oliver / Mike ter Maat,4
Marion,321,"President, 4-Year Term",candidate,Randall Terry,2
Marion,321,"President, 4-Year Term",candidate,Donald J Trump / JD Vance,445
Marion,321,"President, 4-Year Term",candidate,Jill Stein / Rudolph Ware,19
Marion,321,"President, 4-Year Term",candidate,Kamala D Harris / Tim Walz,907
Marion,321,"President, 4-Year Term",writein,,10
Marion,321,"President, 4-Year Term",undervotes,,19
Marion,321,"President, 4-Year Term",overvotes,,1
Marion,321,"President, 4-Year Term",ballots_cast,,1443
Marion,321,"President, 4-Year Term",registered,,2410
Marion,322,"President, 4-Year Term",candidate,Robert F Kennedy Jr / Nicole Shanahan,34
Marion,322,"President, 4-Year Term",candidate,Cornel West,6
Marion,322,"President, 4-Year Term",candidate,Chase Oliver / Mike ter Maat,10
Marion,322,"President, 4-Year Term",candidate,Randall Terry,3
Marion,322,"President, 4-Year Term",candidate,Donald J Trump / JD Vance,860
Marion,322,"President, 4-Year Term",candidate,Jill Stein / Rudolph Ware,13
Marion,322,"President, 4-Year Term",candidate,Kamala D Harris / Tim Walz,1104
Marion,322,"President, 4-Year Term",writein,,2
Marion,322,"President, 4-Year Term",undervotes,,18
Marion,322,"President, 4-Year Term",overvotes,,1
Marion,322,"President, 4-Year Term",ballots_cast,,2051
Marion,322,"President, 4-Year Term",registered,,3547
Marion,323,"President, 4-Year Term",candidate,Robert F Kennedy Jr / Nicole Shanahan,49
Marion,323,"President, 4-Year Term",candidate,Cornel West,9
Marion,323,"President, 4-Year Term",candidate,Chase Oliver / Mike ter Maat,12
Marion,323,"President, 4-Year Term",candidate,Randall Terry,4
Marion,323,"President, 4-Year Term",candidate,Donald J Trump / JD Vance,836
Marion,323,"President, 4-Year Term",candidate,Jill Stein / Rudolph Ware,20
Marion,323,"President, 4-Year Term",candidate,Kamala D Harris / Tim Walz,2214
Marion,323,"President, 4-Year Term",writein,,26
Marion,323,"President, 4-Year Term",undervotes,,45
Marion,323,"President, 4-Year Term",overvotes,,0
Marion,323,"President, 4-Year Term",ballots_cast,,3215
Marion,323,"President, 4-Year Term",registered,,4156
Marion,324,"President, 4-Year Term",candidate,Robert F Kennedy Jr / Nicole Shanahan,0
Marion,324,"President, 4-Year Term",candidate,Cornel West,0
Marion,324,"President, 4-Year Term",candidate,Chase Oliver / Mike ter Maat,0
Marion,324,"President, 4-Year Term",candidate,Randall Terry,0
Marion,324,"President, 4-Year Term",candidate,Donald J Trump / JD Vance,28
Marion,324,"President, 4-Year Term",candidate,Jill Stein / Rudolph Ware,1
Marion,324,"President, 4-Year Term",candidate,Kamala D Harris / Tim Walz,55
Marion,324,"President, 4-Year Term",writein,,0
Marion,324,"President, 4-Year Term",undervotes,,1
Marion,324,"President, 4-Year Term",overvotes,,0
Marion,324,"President, 4-Year Term",ballots_cast,,85
Marion,324,"President, 4-Year Term",registered,,185
Marion,325,"President, 4-Year Term",candidate,Robert F Kennedy Jr / Nicole Shanahan,0
Marion,325,"President, 4-Year Term",candidate,Cornel West,0
Marion,325,"President, 4-Year Term",candidate,Chase Oliver / Mike ter Maat,0
Marion,325,"President, 4-Year Term",candidate,Randall Terry,0
Marion,325,"President, 4-Year Term",candidate,Donald J Trump / JD Vance,0
Marion,325,"President, 4-Year Term",candidate,Jill Stein / Rudolph Ware,0
Marion,325,"President, 4-Year Term",candidate,Kamala D Harris / Tim Walz,0
Marion,325,"President, 4-Year Term",writein,,0
Marion,325,"President, 4-Year Term",undervotes,,0
Marion,325,"President, 4-Year Term",overvotes,,0
Marion,325,"President, 4-Year Term",ballots_cast,,0
Marion,325,"President, 4-Year Term",registered,,0
Marion,326,"President, 4-Year Term",candidate,Robert F Kennedy Jr / Nicole Shanahan,6
Marion,326,"President, 4-Year Term",candidate,Cornel West,0
Marion,326,"President, 4-Year Term",candidate,Chase Oliver / Mike ter Maat,0
Marion,326,"President, 4-Year Term",candidate,Randall Terry,0
Marion,326,"President, 4-Year Term",candidate,Donald J Trump / JD Vance,97
Marion,326,"President, 4-Year Term",candidate,Jill Stein / Rudolph Ware,5
Marion,326,"President, 4-Year Term",candidate,Kamala D Harris / Tim Walz,246
Marion,326,"President, 4-Year Term",writein,,2
Marion,326,"President, 4-Year Term",undervotes,,2
Marion,326,"President, 4-Year Term",overvotes,,0
Marion,326,"President, 4-Year Term",ballots_cast,,358
Marion,326,"President, 4-Year Term",registered,,411
Marion,330,"President, 4-Year Term",candidate,Robert F Kennedy Jr / Nicole Shanahan,16
Marion,330,"President, 4-Year Term",candidate,Cornel West,2
Marion,330,"President, 4-Year Term",candidate,Chase Oliver / Mike ter Maat,6
Marion,330,"President, 4-Year Term",candidate,Randall Terry,2
Marion,330,"President, 4-Year Term",candidate,Donald J Trump / JD Vance,426
Marion,330,"President, 4-Year Term",candidate,Jill Stein / Rudolph Ware,8
Marion,330,"President, 4-Year Term",candidate,Kamala D Harris / Tim Walz,640
Marion,330,"President, 4-Year Term",writein,,7
Marion,330,"President, 4-Year Term",undervotes,,14
Marion,330,"President, 4-Year Term",overvotes,,0
Marion,330,"President, 4-Year Term",ballots_cast,,1121
Marion,330,"President, 4-Year Term",registered,,1586
Marion,331,"President, 4-Year Term",candidate,Robert F Kennedy Jr / Nicole Shanahan,51
Marion,331,"President, 4-Year Term",candidate,Cornel West,10
Marion,331,"President, 4-Year Term",candidate,Chase Oliver / Mike ter Maat,5
Marion,331,"President, 4-Year Term",candidate,Randall Terry,7
Marion,331,"President, 4-Year Term",candidate,Donald J Trump / JD Vance,1235
Marion,331,"President, 4-Year Term",candidate,Jill Stein / Rudolph Ware,23
Marion,331,"President, 4-Year Term",candidate,Kamala D Harris / Tim Walz,1593
Marion,331,"President, 4-Year Term",writein,,10
Marion,331,"President, 4-Year Term",undervotes,,48
Marion,331,"President, 4-Year Term",overvotes,,1
Marion,331,"President, 4-Year Term",ballots_cast,,2983
Marion,331,"President, 4-Year Term",registered,,4010
Marion,332,"President, 4-Year Term",candidate,Robert F Kennedy Jr / Nicole Shanahan,93
Marion,332,"President, 4-Year Term",candidate,Cornel West,11
Marion,332,"President, 4-Year Term",candidate,Chase Oliver / Mike ter Maat,20
Marion,332,"President, 4-Year Term",candidate,Randall Terry,5
Marion,332,"President, 4-Year Term",candidate,Donald J Trump / JD Vance,1991
Marion,332,"President, 4-Year Term",candidate,Jill Stein / Rudolph Ware,28
Marion,332,"President, 4-Year Term",candidate,Kamala D Harris / Tim Walz,3113
Marion,332,"President, 4-Year Term",writein,,30
Marion,332,"President, 4-Year Term",undervotes,,68
Marion,332,"President, 4-Year Term",overvotes,,1
Marion,332,"President, 4-Year Term",ballots_cast,,5360
Marion,332,"President, 4-Year Term",registered,,7270
Marion,333,"President, 4-Year Term",candidate,Robert F Kennedy Jr / Nicole Shanahan,16
Marion,333,"President, 4-Year Term",candidate,Cornel West,1
Marion,333,"President, 4-Year Term",candidate,Chase Oliver / Mike ter Maat,1
Marion,333,"President, 4-Year Term",candidate,Randall Terry,1
Marion,333,"President, 4-Year Term",candidate,Donald J Trump / JD Vance,585
Marion,333,"President, 4-Year Term",candidate,Jill Stein / Rudolph Ware,5
Marion,333,"President, 4-Year Term",candidate,Kamala D Harris / Tim Walz,497
Marion,333,"President, 4-Year Term",writein,,8
Marion,333,"President, 4-Year Term",undervotes,,18
Marion,333,"President, 4-Year Term",overvotes,,0
Marion,333,"President, 4-Year Term",ballots_cast,,1132
Marion,333,"President, 4-Year Term",registered,,1789
Marion,340,"President, 4-Year Term",candidate,Robert F Kennedy Jr / Nicole Shanahan,70
Marion,340,"President, 4-Year Term",candidate,Cornel West,6
Marion,340,"President, 4-Year Term",candidate,Chase Oliver / Mike ter Maat,9
Marion,340,"President, 4-Year Term",candidate,Randall Terry,2
Marion,340,"President, 4-Year Term",candidate,Donald J Trump / JD Vance,1834
Marion,340,"President, 4-Year Term",candidate,Jill Stein / Rudolph Ware,17
Marion,340,"President, 4-Year Term",candidate,Kamala D Harris / Tim Walz,2139
Marion,340,"President, 4-Year Term",writein,,30
Marion,340,"President, 4-Year Term",undervotes,,66
Marion,340,"President, 4-Year Term",overvotes,,2
Marion,340,"President, 4-Year Term",ballots_cast,,4175
Marion,340,"President, 4-Year Term",registered,,5528
Marion,341,"President, 4-Year Term",candidate,Robert F Kennedy Jr / Nicole Shanahan,31
Marion,341,"President, 4-Year Term",candidate,Cornel West,2
Marion,341,"President, 4-Year Term",candidate,Chase Oliver / Mike ter Maat,4
Marion,341,"President, 4-Year Term",candidate,Randall Terry,0
Marion,341,"President, 4-Year Term",candidate,Donald J Trump / JD Vance,547
Marion,341,"President, 4-Year Term",candidate,Jill Stein / Rudolph Ware,3
Marion,341,"President, 4-Year Term",candidate,Kamala D Harris / Tim Walz,754
Marion,341,"President, 4-Year Term",writein,,4
Marion,341,"President, 4-Year Term",undervotes,,13
Marion,341,"President, 4-Year Term",overvotes,,0
Marion,341,"President, 4-Year Term",ballots_cast,,1358
Marion,341,"President, 4-Year Term",registered,,1718
Marion,342,"President, 4-Year Term",candidate,Robert F Kennedy Jr / Nicole Shanahan,96
Marion,342,"President, 4-Year Term",candidate,Cornel West,10
Marion,342,"President, 4-Year Term",candidate,Chase Oliver / Mike ter Maat,25
Marion,342,"President, 4-Year Term",candidate,Randall Terry,3
Marion,342,"President, 4-Year Term",candidate,Donald J Trump / JD Vance,2542
Marion,342,"President, 4-Year Term",candidate,Jill Stein / Rudolph Ware,28
Marion,342,"President, 4-Year Term",candidate,Kamala D Harris / Tim Walz,3064
Marion,342,"President, 4-Year Term",writein,,51
Marion,342,"President, 4-Year Term",undervotes,,97
Marion,342,"President, 4-Year Term",overvotes,,0
Marion,342,"President, 4-Year Term",ballots_cast,,5916
Marion,342,"President, 4-Year Term",registered,,7660
Marion,343,"President, 4-Year Term",candidate,Robert F Kennedy Jr / Nicole Shanahan,16
Marion,343,"President, 4-Year Term",candidate,Cornel West,0
Marion,343,"President, 4-Year Term",candidate,Chase Oliver / Mike ter Maat,6
Marion,343,"President, 4-Year Term",candidate,Randall Terry,1
Marion,343,"President, 4-Year Term",candidate,Donald J Trump / JD Vance,379
Marion,343,"President, 4-Year Term",candidate,Jill Stein / Rudolph Ware,3
Marion,343,"President, 4-Year Term",candidate,Kamala D Harris / Tim Walz,488
Marion,343,"President, 4-Year Term",writein,,13
Marion,343,"President, 4-Year Term",undervotes,,14
Marion,343,"President, 4-Year Term",overvotes,,0
Marion,343,"President, 4-Year Term",ballots_cast,,920
Marion,343,"President, 4-Year Term",registered,,1127
Marion,350,"President, 4-Year Term",candidate,Robert F Kennedy Jr / Nicole Shanahan,53
Marion,350,"President, 4-Year Term",candidate,Cornel West,4
Marion,350,"President, 4-Year Term",candidate,Chase Oliver / Mike ter Maat,7
Marion,350,"President, 4-Year Term",candidate,Randall Terry,2
Marion,350,"President, 4-Year Term",candidate,Donald J Trump / JD Vance,1297
Marion,350,"President, 4-Year Term",candidate,Jill Stein / Rudolph Ware,29
Marion,350,"President, 4-Year Term",candidate,Kamala D Harris / Tim Walz,1478
Marion,350,"President, 4-Year Term",writein,,17
Marion,350,"President, 4-Year Term",undervotes,,33
Marion,350,"President, 4-Year Term",overvotes,,1
Marion,350,"President, 4-Year Term",ballots_cast,,2921
Marion,350,"President, 4-Year Term",registered,,5712
Marion,351,"President, 4-Year Term",candidate,Robert F Kennedy Jr / Nicole Shanahan,8
Marion,351,"President, 4-Year Term",candidate,Cornel West,0
Marion,351,"President, 4-Year Term",candidate,Chase Oliver / Mike ter Maat,1
Marion,351,"President, 4-Year Term",candidate,Randall Terry,0
Marion,351,"President, 4-Year Term",candidate,Donald J Trump / JD Vance,432
Marion,351,"President, 4-Year Term",candidate,Jill Stein / Rudolph Ware,3
Marion,351,"President, 4-Year Term",candidate,Kamala D Harris / Tim Walz,500
Marion,351,"President, 4-Year Term",writein,,1
Marion,351,"President, 4-Year Term",undervotes,,7
Marion,351,"President, 4-Year Term",overvotes,,0
Marion,351,"President, 4-Year Term",ballots_cast,,952
Marion,351,"President, 4-Year Term",registered,,1472
Marion,352,"President, 4-Year Term",candidate,Robert F Kennedy Jr / Nicole Shanahan,37
Marion,352,"President, 4-Year Term",candidate,Cornel West,2
Marion,352,"President, 4-Year Term",candidate,Chase Oliver / Mike ter Maat,7
Marion,352,"President, 4-Year Term",candidate,Randall Terry,4
Marion,352,"President, 4-Year Term",candidate,Donald J Trump / JD Vance,990
Marion,352,"President, 4-Year Term",candidate,Jill Stein / Rudolph Ware,11
Marion,352,"President, 4-Year Term",candidate,Kamala D Harris / Tim Walz,1033
Marion,352,"President, 4-Year Term",writein,,11
Marion,352,"President, 4-Year Term",undervotes,,19
Marion,352,"President, 4-Year Term",overvotes,,0
Marion,352,"President, 4-Year Term",ballots_cast,,2114
Marion,352,"President, 4-Year Term",registered,,3676
Marion,353,"President, 4-Year Term",candidate,Robert F Kennedy Jr / Nicole Shanahan,5
Marion,353,"President, 4-Year Term",candidate,Cornel West,0
Marion,353,"President, 4-Year Term",candidate,Chase Oliver / Mike ter Maat,0
Marion,353,"President, 4-Year Term",candidate,Randall Terry,0
Marion,353,"President, 4-Year Term",candidate,Donald J Trump / JD Vance,62
Marion,353,"President, 4-Year Term",candidate,Jill Stein / Rudolph Ware,3
Marion,353,"President, 4-Year Term",candidate,Kamala D Harris / Tim Walz,58
Marion,353,"President, 4-Year Term",writein,,0
Marion,353,"President, 4-Year Term",undervotes,,3
Marion,353,"President, 4-Year Term",overvotes,,0
Marion,353,"President, 4-Year Term",ballots_cast,,131
Marion,353,"President, 4-Year Term",registered,,193
Marion,354,"President, 4-Year Term",candidate,Robert F Kennedy Jr / Nicole Shanahan,12
Marion,354,"President, 4-Year Term",candidate,Cornel West,2
Marion,354,"President, 4-Year Term",candidate,Chase Oliver / Mike ter Maat,3
Marion,354,"President, 4-Year Term",candidate,Randall Terry,0
Marion,354,"President, 4-Year Term",candidate,Donald J Trump / JD Vance,279
Marion,354,"President, 4-Year Term",candidate,Jill Stein / Rudolph Ware,7
Marion,354,"President, 4-Year Term",candidate,Kamala D Harris / Tim Walz,383
Marion,354,"President, 4-Year Term",writein,,4
Marion,354,"President, 4-Year Term",undervotes,,12
Marion,354,"President, 4-Year Term",overvotes,,0
Marion,354,"President, 4-Year Term",ballots_cast,,702
Marion,354,"President, 4-Year Term",registered,,1298
Marion,355,"President, 4-Year Term",candidate,Robert F Kennedy Jr / Nicole Shanahan,2
Marion,355,"President, 4-Year Term",candidate,Cornel West,0
Marion,355,"President, 4-Year Term",candidate,Chase Oliver / Mike ter Maat,0
Marion,355,"President, 4-Year Term",candidate,Randall Terry,0
Marion,355,"President, 4-Year Term",candidate,Donald J Trump / JD Vance,32
Marion,355,"President, 4-Year Term",candidate,Jill Stein / Rudolph Ware,2
Marion,355,"President, 4-Year Term",candidate,Kamala D Harris / Tim Walz,15
Marion,355,"President, 4-Year Term",writein,,0
Marion,355,"President, 4-Year Term",undervotes,,0
Marion,355,"President, 4-Year Term",overvotes,,0
Marion,355,"President, 4-Year Term",ballots_cast,,51
Marion,355,"President, 4-Year Term",registered,,100
Marion,361,"President, 4-Year Term",candidate,Robert F Kennedy Jr / Nicole Shanahan,31
Marion,361,"President, 4-Year Term",candidate,Cornel West,7
Marion,361,"President, 4-Year Term",candidate,Chase Oliver / Mike ter Maat,12
Marion,361,"President, 4-Year Term",candidate,Randall Terry,1
Marion,361,"President, 4-Year Term",candidate,Donald J Trump / JD Vance,771
Marion,361,"President, 4-Year Term",candidate,Jill Stein / Rudolph Ware,11
Marion,361,"President, 4-Year Term",candidate,Kamala D Harris / Tim Walz,1032
Marion,361,"President, 4-Year Term",writein,,3
Marion,361,"President, 4-Year Term",undervotes,,22
Marion,361,"President, 4-Year Term",overvotes,,4
Marion,361,"President, 4-Year Term",ballots_cast,,1894
Marion,361,"President, 4-Year Term",registered,,3707
Marion,362,"President, 4-Year Term",candidate,Robert F Kennedy Jr / Nicole Shanahan,40
Marion,362,"President, 4-Year Term",candidate,Cornel West,7
Marion,362,"President, 4-Year Term",candidate,Chase Oliver / Mike ter Maat,5
Marion,362,"President, 4-Year Term",candidate,Randall Terry,3
Marion,362,"President, 4-Year Term",candidate,Donald J Trump / JD Vance,721
Marion,362,"President, 4-Year Term",candidate,Jill Stein / Rudolph Ware,7
Marion,362,"President, 4-Year Term",candidate,Kamala D Harris / Tim Walz,1086
Marion,362,"President, 4-Year Term",writein,,7
Marion,362,"President, 4-Year Term",undervotes,,27
Marion,362,"President, 4-Year Term",overvotes,,0
Marion,362,"President, 4-Year Term",ballots_cast,,1903
Marion,362,"President, 4-Year Term",registered,,3279
Marion,363,"President, 4-Year Term",candidate,Robert F Kennedy Jr / Nicole Shanahan,42
Marion,363,"President, 4-Year Term",candidate,Cornel West,4
Marion,363,"President, 4-Year Term",candidate,Chase Oliver / Mike ter Maat,16
Marion,363,"President, 4-Year Term",candidate,Randall Terry,6
Marion,363,"President, 4-Year Term",candidate,Donald J Trump / JD Vance,1359
Marion,363,"President, 4-Year Term",candidate,Jill Stein / Rudolph Ware,9
Marion,363,"President, 4-Year Term",candidate,Kamala D Harris / Tim Walz,1551
Marion,363,"President, 4-Year Term",writein,,14
Marion,363,"President, 4-Year Term",undervotes,,34
Marion,363,"President, 4-Year Term",overvotes,,0
Marion,363,"President, 4-Year Term",ballots_cast,,3035
Marion,363,"President, 4-Year Term",registered,,4955
Marion,370,"President, 4-Year Term",candidate,Robert F Kennedy Jr / Nicole Shanahan,47
Marion,370,"President, 4-Year Term",candidate,Cornel West,5
Marion,370,"President, 4-Year Term",candidate,Chase Oliver / Mike ter Maat,22
Marion,370,"President, 4-Year Term",candidate,Randall Terry,2
Marion,370,"President, 4-Year Term",candidate,Donald J Trump / JD Vance,1396
Marion,370,"President, 4-Year Term",candidate,Jill Stein / Rudolph Ware,24
Marion,370,"President, 4-Year Term",candidate,Kamala D Harris / Tim Walz,2799
Marion,370,"President, 4-Year Term",writein,,44
Marion,370,"President, 4-Year Term",undervotes,,86
Marion,370,"President, 4-Year Term",overvotes,,0
Marion,370,"President, 4-Year Term",ballots_cast,,4425
Marion,370,"President, 4-Year Term",registered,,5377
Marion,371,"President, 4-Year Term",candidate,Robert F Kennedy Jr / Nicole Shanahan,92
Marion,371,"President, 4-Year Term",candidate,Cornel West,11
Marion,371,"President, 4-Year Term",candidate,Chase Oliver / Mike ter Maat,26
Marion,371,"President, 4-Year Term",candidate,Randall Terry,8
Marion,371,"President, 4-Year Term",candidate,Donald J Trump / JD Vance,1630
Marion,371,"President, 4-Year Term",candidate,Jill Stein / Rudolph Ware,38
Marion,371,"President, 4-Year Term",candidate,Kamala D Harris / Tim Walz,2424
Marion,371,"President, 4-Year Term",writein,,29
Marion,371,"President, 4-Year Term",undervotes,,42
Marion,371,"President, 4-Year Term",overvotes,,0
Marion,371,"President, 4-Year Term",ballots_cast,,4300
Marion,371,"President, 4-Year Term",registered,,5364
Marion,372,"President, 4-Year Term",candidate,Robert F Kennedy Jr / Nicole Shanahan,59
Marion,372,"President, 4-Year Term",candidate,Cornel West,10
Marion,372,"President, 4-Year Term",candidate,Chase Oliver / Mike ter Maat,27
Marion,372,"President, 4-Year Term",candidate,Randall Terry,1
Marion,372,"President, 4-Year Term",candidate,Donald J Trump / JD Vance,1569
Marion,372,"President, 4-Year Term",candidate,Jill Stein / Rudolph Ware,26
Marion,372,"President, 4-Year Term",candidate,Kamala D Harris / Tim Walz,2052
Marion,372,"President, 4-Year Term",writein,,27
Marion,372,"President, 4-Year Term",undervotes,,45
Marion,372,"President, 4-Year Term",overvotes,,0
Marion,372,"President, 4-Year Term",ballots_cast,,3816
Marion,372,"President, 4-Year Term",registered,,5069
Marion,401,"President, 4-Year Term",candidate,Robert F Kennedy Jr / Nicole Shanahan,36
Marion,401,"President, 4-Year Term",candidate,Cornel West,6
Marion,401,"President, 4-Year Term",candidate,Chase Oliver / Mike ter Maat,11
Marion,401,"President, 4-Year Term",candidate,Randall Terry,2
Marion,401,"President, 4-Year Term",candidate,Donald J Trump / JD Vance,1214
Marion,401,"President, 4-Year Term",candidate,Jill Stein / Rudolph Ware,7
Marion,401,"President, 4-Year Term",candidate,Kamala D Harris / Tim Walz,1047
Marion,401,"President, 4-Year Term",writein,,12
Marion,401,"President, 4-Year Term",undervotes,,27
Marion,401,"President, 4-Year Term",overvotes,,0
Marion,401,"President, 4-Year Term",ballots_cast,,2362
Marion,401,"President, 4-Year Term",registered,,2913
Marion,402,"President, 4-Year Term",candidate,Robert F Kennedy Jr / Nicole Shanahan,53
Marion,402,"President, 4-Year Term",candidate,Cornel West,5
Marion,402,"President, 4-Year Term",candidate,Chase Oliver / Mike ter Maat,15
Marion,402,"President, 4-Year Term",candidate,Randall Terry,6
Marion,402,"President, 4-Year Term",candidate,Donald J Trump / JD Vance,2070
Marion,402,"President, 4-Year Term",candidate,Jill Stein / Rudolph Ware,18
Marion,402,"President, 4-Year Term",candidate,Kamala D Harris / Tim Walz,1870
Marion,402,"President, 4-Year Term",writein,,27
Marion,402,"President, 4-Year Term",undervotes,,84
Marion,402,"President, 4-Year Term",overvotes,,0
Marion,402,"President, 4-Year Term",ballots_cast,,4148
Marion,402,"President, 4-Year Term",registered,,5456
Marion,403,"President, 4-Year Term",candidate,Robert F Kennedy Jr / Nicole Shanahan,64
Marion,403,"President, 4-Year Term",candidate,Cornel West,8
Marion,403,"President, 4-Year Term",candidate,Chase Oliver / Mike ter Maat,16
Marion,403,"President, 4-Year Term",candidate,Randall Terry,6
Marion,403,"President, 4-Year Term",candidate,Donald J Trump / JD Vance,1921
Marion,403,"President, 4-Year Term",candidate,Jill Stein / Rudolph Ware,13
Marion,403,"President, 4-Year Term",candidate,Kamala D Harris / Tim Walz,1614
Marion,403,"President, 4-Year Term",writein,,23
Marion,403,"President, 4-Year Term",undervotes,,52
Marion,403,"President, 4-Year Term",overvotes,,0
Marion,403,"President, 4-Year Term",ballots_cast,,3717
Marion,403,"President, 4-Year Term",registered,,4879
Marion,404,"President, 4-Year Term",candidate,Robert F Kennedy Jr / Nicole Shanahan,62
Marion,404,"President, 4-Year Term",candidate,Cornel West,9
Marion,404,"President, 4-Year Term",candidate,Chase Oliver / Mike ter Maat,13
Marion,404,"President, 4-Year Term",candidate,Randall Terry,1
Marion,404,"President, 4-Year Term",candidate,Donald J Trump / JD Vance,1615
Marion,404,"President, 4-Year Term",candidate,Jill Stein / Rudolph Ware,13
Marion,404,"President, 4-Year Term",candidate,Kamala D Harris / Tim Walz,1407
Marion,404,"President, 4-Year Term",writein,,18
Marion,404,"President, 4-Year Term",undervotes,,39
Marion,404,"President, 4-Year Term",overvotes,,0
Marion,404,"President, 4-Year Term",ballots_cast,,3177
Marion,404,"President, 4-Year Term",registered,,4427
Marion,405,"President, 4-Year Term",candidate,Robert F Kennedy Jr / Nicole Shanahan,93
Marion,405,"President, 4-Year Term",candidate,Cornel West,7
Marion,405,"President, 4-Year Term",candidate,Chase Oliver / Mike ter Maat,19
Marion,405,"President, 4-Year Term",candidate,Randall Terry,9
Marion,405,"President, 4-Year Term",candidate,Donald J Trump / JD Vance,2308
Marion,405,"President, 4-Year Term",candidate,Jill Stein / Rudolph Ware,35
Marion,405,"President, 4-Year Term",candidate,Kamala D Harris / Tim Walz,2206
Marion,405,"President, 4-Year Term",writein,,27
Marion,405,"President, 4-Year Term",undervotes,,58
Marion,405,"President, 4-Year Term",overvotes,,1
Marion,405,"President, 4-Year Term",ballots_cast,,4763
Marion,405,"President, 4-Year Term",registered,,7340
Marion,406,"President, 4-Year Term",candidate,Robert F Kennedy Jr / Nicole Shanahan,15
Marion,406,"President, 4-Year Term",candidate,Cornel West,2
Marion,406,"President, 4-Year Term",candidate,Chase Oliver / Mike ter Maat,2
Marion,406,"President, 4-Year Term",candidate,Randall Terry,1
Marion,406,"President, 4-Year Term",candidate,Donald J Trump / JD Vance,465
Marion,406,"President, 4-Year Term",candidate,Jill Stein / Rudolph Ware,7
Marion,406,"President, 4-Year Term",candidate,Kamala D Harris / Tim Walz,378
Marion,406,"President, 4-Year Term",writein,,5
Marion,406,"President, 4-Year Term",undervotes,,15
Marion,406,"President, 4-Year Term",overvotes,,0
Marion,406,"President, 4-Year Term",ballots_cast,,890
Marion,406,"President, 4-Year Term",registered,,1413
Marion,505,"President, 4-Year Term",candidate,Robert F Kennedy Jr / Nicole Shanahan,6
Marion,505,"President, 4-Year Term",candidate,Cornel West,1
Marion,505,"President, 4-Year Term",candidate,Chase Oliver / Mike ter Maat,1
Marion,505,"President, 4-Year Term",candidate,Randall Terry,0
Marion,505,"President, 4-Year Term",candidate,Donald J Trump / JD Vance,180
Marion,505,"President, 4-Year Term",candidate,Jill Stein / Rudolph Ware,0
Marion,505,"President, 4-Year Term",candidate,Kamala D Harris / Tim Walz,90
Marion,505,"President, 4-Year Term",writein,,2
Marion,505,"President, 4-Year Term",undervotes,,2
Marion,505,"President, 4-Year Term",overvotes,,0
Marion,505,"President, 4-Year Term",ballots_cast,,282
Marion,505,"President, 4-Year Term",registered,,340
Marion,515,"President, 4-Year Term",candidate,Robert F Kennedy Jr / Nicole Shanahan,5
Marion,515,"President, 4-Year Term",candidate,Cornel West,3
Marion,515,"President, 4-Year Term",candidate,Chase Oliver / Mike ter Maat,2
Marion,515,"President, 4-Year Term",candidate,Randall Terry,1
Marion,515,"President, 4-Year Term",candidate,Donald J Trump / JD Vance,346
Marion,515,"President, 4-Year Term",candidate,Jill Stein / Rudolph Ware,2
Marion,515,"President, 4-Year Term",candidate,Kamala D Harris / Tim Walz,220
Marion,515,"President, 4-Year Term",writein,,2
Marion,515,"President, 4-Year Term",undervotes,,10
Marion,515,"President, 4-Year Term",overvotes,,0
Marion,515,"President, 4-Year Term",ballots_cast,,591
Marion,515,"President, 4-Year Term",registered,,786
Marion,525,"President, 4-Year Term",candidate,Robert F Kennedy Jr / Nicole Shanahan,9
Marion,525,"President, 4-Year Term",candidate,Cornel West,0
Marion,525,"President, 4-Year Term",candidate,Chase Oliver / Mike ter Maat,0
Marion,525,"President, 4-Year Term",candidate,Randall Terry,2
Marion,525,"President, 4-Year Term",candidate,Donald J Trump / JD Vance,372
Marion,525,"President, 4-Year Term",candidate,Jill Stein / Rudolph Ware,1
Marion,525,"President, 4-Year Term",candidate,Kamala D Harris / Tim Walz,334
Marion,525,"President, 4-Year Term",writein,,2
Marion,525,"President, 4-Year Term",undervotes,,12
Marion,525,"President, 4-Year Term",overvotes,,0
Marion,525,"President, 4-Year Term",ballots_cast,,732
Marion,525,"President, 4-Year Term",registered,,895
Marion,535,"President, 4-Year Term",candidate,Robert F Kennedy Jr / Nicole Shanahan,28
Marion,535,"President, 4-Year Term",candidate,Cornel West,0
Marion,535,"President, 4-Year Term",candidate,Chase Oliver / Mike ter Maat,7
Marion,535,"President, 4-Year Term",candidate,Randall Terry,1
Marion,535,"President, 4-Year Term",candidate,Donald J Trump / JD Vance,787
Marion,535,"President, 4-Year Term",candidate,Jill Stein / Rudolph Ware,5
Marion,535,"President, 4-Year Term",candidate,Kamala D Harris / Tim Walz,542
Marion,535,"President, 4-Year Term",writein,,9
Marion,535,"President, 4-Year Term",undervotes,,16
Marion,535,"President, 4-Year Term",overvotes,,0
Marion,535,"President, 4-Year Term",ballots_cast,,1395
Marion,535,"President, 4-Year Term",registered,,2102
Marion,545,"President, 4-Year Term",candidate,Robert F Kennedy Jr / Nicole Shanahan,21
Marion,545,"President, 4-Year Term",candidate,Cornel West,1
Marion,545,"President, 4-Year Term",candidate,Chase Oliver / Mike ter Maat,7
Marion,545,"President, 4-Year Term",candidate,Randall Terry,3
Marion,545,"President, 4-Year Term",candidate,Donald J Trump / JD Vance,412
Marion,545,"President, 4-Year Term",candidate,Jill Stein / Rudolph Ware,5
Marion,545,"President, 4-Year Term",candidate,Kamala D Harris / Tim Walz,444
Marion,545,"President, 4-Year Term",writein,,2
Marion,545,"President, 4-Year Term",undervotes,,14
Marion,545,"President, 4-Year Term",overvotes,,0
Marion,545,"President, 4-Year Term",ballots_cast,,909
Marion,545,"President, 4-Year Term",registered,,1476
Marion,555,"President, 4-Year Term",candidate,Robert F Kennedy Jr / Nicole Shanahan,32
Marion,555,"President, 4-Year Term",candidate,Cornel West,2
Marion,555,"President, 4-Year Term",candidate,Chase Oliver / Mike ter Maat,8
Marion,555,"President, 4-Year Term",candidate,Randall Terry,6
Marion,555,"President, 4-Year Term",candidate,Donald J Trump / JD Vance,1004
Marion,555,"President, 4-Year Term",candidate,Jill Stein / Rudolph Ware,7
Marion,555,"President, 4-Year Term",candidate,Kamala D Harris / Tim Walz,637
Marion,555,"President, 4-Year Term",writein,,12
Marion,555,"President, 4-Year Term",undervotes,,50
Marion,555,"President, 4-Year Term",overvotes,,1
Marion,555,"President, 4-Year Term",ballots_cast,,1759
Marion,555,"President, 4-Year Term",registered,,2404
Marion,577,"President, 4-Year Term",candidate,Robert F Kennedy Jr / Nicole Shanahan,10
Marion,577,"President, 4-Year Term",candidate,Cornel West,0
Marion,577,"President, 4-Year Term",candidate,Chase Oliver / Mike ter Maat,0
Marion,577,"President, 4-Year Term",candidate,Randall Terry,0
Marion,577,"President, 4-Year Term",candidate,Donald J Trump / JD Vance,305
Marion,577,"President, 4-Year Term",candidate,Jill Stein / Rudolph Ware,2
Marion,577,"President, 4-Year Term",candidate,Kamala D Harris / Tim Walz,150
Marion,577,"President, 4-Year Term",writein,,3
Marion,577,"President, 4-Year Term",undervotes,,7
Marion,577,"President, 4-Year Term",overvotes,,0
Marion,577,"President, 4-Year Term",ballots_cast,,477
Marion,577,"President, 4-Year Term",registered,,648
Marion,579,"President, 4-Year Term",candidate,Robert F Kennedy Jr / Nicole Shanahan,2
Marion,579,"President, 4-Year Term",candidate,Cornel West,0
Marion,579,"President, 4-Year Term",candidate,Chase Oliver / Mike ter Maat,0
Marion,579,"President, 4-Year Term",candidate,Randall Terry,2
Marion,579,"President, 4-Year Term",candidate,Donald J Trump / JD Vance,98
Marion,579,"President, 4-Year Term",candidate,Jill Stein / Rudolph Ware,3
Marion,579,"President, 4-Year Term",candidate,Kamala D Harris / Tim Walz,51
Marion,579,"President, 4-Year Term",writein,,0
Marion,579,"President, 4-Year Term",undervotes,,3
Marion,579,"President, 4-Year Term",overvotes,,0
Marion,579,"President, 4-Year Term",ballots_cast,,159
Marion,579,"President, 4-Year Term",registered,,219
Marion,580,"President, 4-Year Term",candidate,Robert F Kennedy Jr / Nicole Shanahan,19
Marion,580,"President, 4-Year Term",candidate,Cornel West,1
Marion,580,"President, 4-Year Term",candidate,Chase Oliver / Mike ter Maat,6
Marion,580,"President, 4-Year Term",candidate,Randall Terry,1
Marion,580,"President, 4-Year Term",candidate,Donald J Trump / JD Vance,549
Marion,580,"President, 4-Year Term",candidate,Jill Stein / Rudolph Ware,2
Marion,580,"President, 4-Year Term",candidate,Kamala D Harris / Tim Walz,228
Marion,580,"President, 4-Year Term",writein,,14
Marion,580,"President, 4-Year Term",undervotes,,15
Marion,580,"President, 4-Year Term",overvotes,,0
Marion,580,"President, 4-Year Term",ballots_cast,,835
Marion,580,"President, 4-Year Term",registered,,1121
Marion,581,"President, 4-Year Term",candidate,Robert F Kennedy Jr / Nicole Shanahan,28
Marion,581,"President, 4-Year Term",candidate,Cornel West,3
Marion,581,"President, 4-Year Term",candidate,Chase Oliver / Mike ter Maat,4
Marion,581,"President, 4-Year Term",candidate,Randall Terry,4
Marion,581,"President, 4-Year Term",candidate,Donald J Trump / JD Vance,1382
Marion,581,"President, 4-Year Term",candidate,Jill Stein / Rudolph Ware,17
Marion,581,"President, 4-Year Term",candidate,Kamala D Harris / Tim Walz,724
Marion,581,"President, 4-Year Term",writein,,18
Marion,581,"President, 4-Year Term",undervotes,,37
Marion,581,"President, 4-Year Term",overvotes,,0
Marion,581,"President, 4-Year Term",ballots_cast,,2217
Marion,581,"President, 4-Year Term",registered,,3070
Marion,582,"President, 4-Year Term",candidate,Robert F Kennedy Jr / Nicole Shanahan,11
Marion,582,"President, 4-Year Term",candidate,Cornel West,2
Marion,582,"President, 4-Year Term",candidate,Chase Oliver / Mike ter Maat,4
Marion,582,"President, 4-Year Term",candidate,Randall Terry,0
Marion,582,"President, 4-Year Term",candidate,Donald J Trump / JD Vance,666
Marion,582,"President, 4-Year Term",candidate,Jill Stein / Rudolph Ware,5
Marion,582,"President, 4-Year Term",candidate,Kamala D Harris / Tim Walz,304
Marion,582,"President, 4-Year Term",writein,,3
Marion,582,"President, 4-Year Term",undervotes,,14
Marion,582,"President, 4-Year Term",overvotes,,0
Marion,582,"President, 4-Year Term",ballots_cast,,1009
Marion,582,"President, 4-Year Term",registered,,1410
Marion,583,"President, 4-Year Term",candidate,Robert F Kennedy Jr / Nicole Shanahan,20
Marion,583,"President, 4-Year Term",candidate,Cornel West,5
Marion,583,"President, 4-Year Term",candidate,Chase Oliver / Mike ter Maat,3
Marion,583,"President, 4-Year Term",candidate,Randall Terry,0
Marion,583,"President, 4-Year Term",candidate,Donald J Trump / JD Vance,757
Marion,583,"President, 4-Year Term",candidate,Jill Stein / Rudolph Ware,3
Marion,583,"President, 4-Year Term",candidate,Kamala D Harris / Tim Walz,265
Marion,583,"President, 4-Year Term",writein,,0
Marion,583,"President, 4-Year Term",undervotes,,27
Marion,583,"President, 4-Year Term",overvotes,,0
Marion,583,"President, 4-Year Term",ballots_cast,,1080
Marion,583,"President, 4-Year Term",registered,,1498
Marion,584,"President, 4-Year Term",candidate,Robert F Kennedy Jr / Nicole Shanahan,0
Marion,584,"President, 4-Year Term",candidate,Cornel West,0
Marion,584,"President, 4-Year Term",candidate,Chase Oliver / Mike ter Maat,0
Marion,584,"President, 4-Year Term",candidate,Randall Terry,0
Marion,584,"President, 4-Year Term",candidate,Donald J Trump / JD Vance,10
Marion,584,"President, 4-Year Term",candidate,Jill Stein / Rudolph Ware,1
Marion,584,"President, 4-Year Term",candidate,Kamala D Harris / Tim Walz,6
Marion,584,"President, 4-Year Term",writein,,0
Marion,584,"President, 4-Year Term",undervotes,,1
Marion,584,"President, 4-Year Term",overvotes,,0
Marion,584,"President, 4-Year Term",ballots_cast,,18
Marion,584,"President, 4-Year Term",registered,,27
Marion,586,"President, 4-Year Term",candidate,Robert F Kennedy Jr / Nicole Shanahan,3
Marion,586,"President, 4-Year Term",candidate,Cornel West,0
Marion,586,"President, 4-Year Term",candidate,Chase Oliver / Mike ter Maat,0
Marion,586,"President, 4-Year Term",candidate,Randall Terry,0
Marion,586,"President, 4-Year Term",candidate,Donald J Trump / JD Vance,230
Marion,586,"President, 4-Year Term",candidate,Jill Stein / Rudolph Ware,0
Marion,586,"President, 4-Year Term",candidate,Kamala D Harris / Tim Walz,86
Marion,586,"President, 4-Year Term",writein,,2
Marion,586,"President, 4-Year Term",undervotes,,8
Marion,586,"President, 4-Year Term",overvotes,,0
Marion,586,"President, 4-Year Term",ballots_cast,,329
Marion,586,"President, 4-Year Term",registered,,447
Marion,587,"President, 4-Year Term",candidate,Robert F Kennedy Jr / Nicole Shanahan,0
Marion,587,"President, 4-Year Term",candidate,Cornel West,0
Marion,587,"President, 4-Year Term",candidate,Chase Oliver / Mike ter Maat,0
Marion,587,"President, 4-Year Term",candidate,Randall Terry,0
Marion,587,"President, 4-Year Term",candidate,Donald J Trump / JD Vance,59
Marion,587,"President, 4-Year Term",candidate,Jill Stein / Rudolph Ware,0
Marion,587,"President, 4-Year Term",candidate,Kamala D Harris / Tim Walz,12
Marion,587,"President, 4-Year Term",writein,,1
Marion,587,"President, 4-Year Term",undervotes,,6
Marion,587,"President, 4-Year Term",overvotes,,0
Marion,587,"President, 4-Year Term",ballots_cast,,78
Marion,587,"President, 4-Year Term",registered,,91
Marion,588,"President, 4-Year Term",candidate,Robert F Kennedy Jr / Nicole Shanahan,0
Marion,588,"President, 4-Year Term",candidate,Cornel West,0
Marion,588,"President, 4-Year Term",candidate,Chase Oliver / Mike ter Maat,0
Marion,588,"President, 4-Year Term",candidate,Randall Terry,0
Marion,588,"President, 4-Year Term",candidate,Donald J Trump / JD Vance,10
Marion,588,"President, 4-Year Term",candidate,Jill Stein / Rudolph Ware,0
Marion,588,"President, 4-Year Term",candidate,Kamala D Harris / Tim Walz,3
Marion,588,"President, 4-Year Term",writein,,1
Marion,588,"President, 4-Year Term",undervotes,,2
Marion,588,"President, 4-Year Term",overvotes,,0
Marion,588,"President, 4-Year Term",ballots_cast,,16
Marion,588,"President, 4-Year Term",registered,,20
Marion,589,"President, 4-Year Term",candidate,Robert F Kennedy Jr / Nicole Shanahan,0
Marion,589,"President, 4-Year Term",candidate,Cornel West,0
Marion,589,"President, 4-Year Term",candidate,Chase Oliver / Mike ter Maat,0
Marion,589,"President, 4-Year Term",candidate,Randall Terry,0
Marion,589,"President, 4-Year Term",candidate,Donald J Trump / JD Vance,18
Marion,589,"President, 4-Year Term",candidate,Jill Stein / Rudolph Ware,0
Marion,589,"President, 4-Year Term",candidate,Kamala D Harris / Tim Walz,14
Marion,589,"President, 4-Year Term",writein,,0
Marion,589,"President, 4-Year Term",undervotes,,1
Marion,589,"President, 4-Year Term",overvotes,,0
Marion,589,"President, 4-Year Term",ballots_cast,,33
Marion,589,"President, 4-Year Term",registered,,42
Marion,590,"President, 4-Year Term",candidate,Robert F Kennedy Jr / Nicole Shanahan,11
Marion,590,"President, 4-Year Term",candidate,Cornel West,2
Marion,590,"President, 4-Year Term",candidate,Chase Oliver / Mike ter Maat,2
Marion,590,"President, 4-Year Term",candidate,Randall Terry,1
Marion,590,"President, 4-Year Term",candidate,Donald J Trump / JD Vance,573
Marion,590,"President, 4-Year Term",candidate,Jill Stein / Rudolph Ware,1
Marion,590,"President, 4-Year Term",candidate,Kamala D Harris / Tim Walz,171
Marion,590,"President, 4-Year Term",writein,,8
Marion,590,"President, 4-Year Term",undervotes,,12
Marion,590,"President, 4-Year Term",overvotes,,0
Marion,590,"President, 4-Year Term",ballots_cast,,781
Marion,590,"President, 4-Year Term",registered,,1017
Marion,591,"President, 4-Year Term",candidate,Robert F Kennedy Jr / Nicole Shanahan,14
Marion,591,"President, 4-Year Term",candidate,Cornel West,1
Marion,591,"President, 4-Year Term",candidate,Chase Oliver / Mike ter Maat,1
Marion,591,"President, 4-Year Term",candidate,Randall Terry,0
Marion,591,"President, 4-Year Term",candidate,Donald J Trump / JD Vance,333
Marion,591,"President, 4-Year Term",candidate,Jill Stein / Rudolph Ware,1
Marion,591,"President, 4-Year Term",candidate,Kamala D Harris / Tim Walz,162
Marion,591,"President, 4-Year Term",writein,,1
Marion,591,"President, 4-Year Term",undervotes,,14
Marion,591,"President, 4-Year Term",overvotes,,0
Marion,591,"President, 4-Year Term",ballots_cast,,527
Marion,591,"President, 4-Year Term",registered,,865
Marion,592,"President, 4-Year Term",candidate,Robert F Kennedy Jr / Nicole Shanahan,1
Marion,592,"President, 4-Year Term",candidate,Cornel West,0
Marion,592,"President, 4-Year Term",candidate,Chase Oliver / Mike ter Maat,0
Marion,592,"President, 4-Year Term",candidate,Randall Terry,0
Marion,592,"President, 4-Year Term",candidate,Donald J Trump / JD Vance,88
Marion,592,"President, 4-Year Term",candidate,Jill Stein / Rudolph Ware,0
Marion,592,"President, 4-Year Term",candidate,Kamala D Harris / Tim Walz,34
Marion,592,"President, 4-Year Term",writein,,0
Marion,592,"President, 4-Year Term",undervotes,,2
Marion,592,"President, 4-Year Term",overvotes,,0
Marion,592,"President, 4-Year Term",ballots_cast,,125
Marion,592,"President, 4-Year Term",registered,,154
Marion,593,"President, 4-Year Term",candidate,Robert F Kennedy Jr / Nicole Shanahan,0
Marion,593,"President, 4-Year Term",candidate,Cornel West,0
Marion,593,"President, 4-Year Term",candidate,Chase Oliver / Mike ter Maat,0
Marion,593,"President, 4-Year Term",candidate,Randall Terry,0
Marion,593,"President, 4-Year Term",candidate,Donald J Trump / JD Vance,27
Marion,593,"President, 4-Year Term",candidate,Jill Stein / Rudolph Ware,0
Marion,593,"President, 4-Year Term",candidate,Kamala D Harris / Tim Walz,15
Marion,593,"President, 4-Year Term",writein,,0
Marion,593,"President, 4-Year Term",undervotes,,0
Marion,593,"President, 4-Year Term",overvotes,,0
Marion,593,"President, 4-Year Term",ballots_cast,,42
Marion,593,"President, 4-Year Term",registered,,68
Marion,594,"President, 4-Year Term",candidate,Robert F Kennedy Jr / Nicole Shanahan,4
Marion,594,"President, 4-Year Term",candidate,Cornel West,0
Marion,594,"President, 4-Year Term",candidate,Chase Oliver / Mike ter Maat,0
Marion,594,"President, 4-Year Term",candidate,Randall Terry,0
Marion,594,"President, 4-Year Term",candidate,Donald J Trump / JD Vance,126
Marion,594,"President, 4-Year Term",candidate,Jill Stein / Rudolph Ware,0
Marion,594,"President, 4-Year Term",candidate,Kamala D Harris / Tim Walz,86
Marion,594,"President, 4-Year Term",writein,,0
Marion,594,"President, 4-Year Term",undervotes,,4
Marion,594,"President, 4-Year Term",overvotes,,0
Marion,594,"President, 4-Year Term",ballots_cast,,220
Marion,594,"President, 4-Year Term",registered,,407
Marion,615,"President, 4-Year Term",candidate,Robert F Kennedy Jr / Nicole Shanahan,3
Marion,615,"President, 4-Year Term",candidate,Cornel West,0
Marion,615,"President, 4-Year Term",candidate,Chase Oliver / Mike ter Maat,1
Marion,615,"President, 4-Year Term",candidate,Randall Terry,0
Marion,615,"President, 4-Year Term",candidate,Donald J Trump / JD Vance,163
Marion,615,"President, 4-Year Term",candidate,Jill Stein / Rudolph Ware,3
Marion,615,"President, 4-Year Term",candidate,Kamala D Harris / Tim Walz,57
Marion,615,"President, 4-Year Term",writein,,1
Marion,615,"President, 4-Year Term",undervotes,,3
Marion,615,"President, 4-Year Term",overvotes,,0
Marion,615,"President, 4-Year Term",ballots_cast,,231
Marion,615,"President, 4-Year Term",registered,,302
Marion,625,"President, 4-Year Term",candidate,Robert F Kennedy Jr / Nicole Shanahan,52
Marion,625,"President, 4-Year Term",candidate,Cornel West,5
Marion,625,"President, 4-Year Term",candidate,Chase Oliver / Mike ter Maat,15
Marion,625,"President, 4-Year Term",candidate,Randall Terry,2
Marion,625,"President, 4-Year Term",candidate,Donald J Trump / JD Vance,1150
Marion,625,"President, 4-Year Term",candidate,Jill Stein / Rudolph Ware,10
Marion,625,"President, 4-Year Term",candidate,Kamala D Harris / Tim Walz,1107
Marion,625,"President, 4-Year Term",writein,,20
Marion,625,"President, 4-Year Term",undervotes,,56
Marion,625,"President, 4-Year Term",overvotes,,1
Marion,625,"President, 4-Year Term",ballots_cast,,2418
Marion,625,"President, 4-Year Term",registered,,3242
Marion,635,"President, 4-Year Term",candidate,Robert F Kennedy Jr / Nicole Shanahan,70
Marion,635,"President, 4-Year Term",candidate,Cornel West,7
Marion,635,"President, 4-Year Term",candidate,Chase Oliver / Mike ter Maat,11
Marion,635,"President, 4-Year Term",candidate,Randall Terry,2
Marion,635,"President, 4-Year Term",candidate,Donald J Trump / JD Vance,1539
Marion,635,"President, 4-Year Term",candidate,Jill Stein / Rudolph Ware,18
Marion,635,"President, 4-Year Term",candidate,Kamala D Harris / Tim Walz,1812
Marion,635,"President, 4-Year Term",writein,,31
Marion,635,"President, 4-Year Term",undervotes,,77
Marion,635,"President, 4-Year Term",overvotes,,0
Marion,635,"President, 4-Year Term",ballots_cast,,3567
Marion,635,"President, 4-Year Term",registered,,4422
Marion,645,"President, 4-Year Term",candidate,Robert F Kennedy Jr / Nicole Shanahan,26
Marion,645,"President, 4-Year Term",candidate,Cornel West,2
Marion,645,"President, 4-Year Term",candidate,Chase Oliver / Mike ter Maat,4
Marion,645,"President, 4-Year Term",candidate,Randall Terry,2
Marion,645,"President, 4-Year Term",candidate,Donald J Trump / JD Vance,1322
Marion,645,"President, 4-Year Term",candidate,Jill Stein / Rudolph Ware,3
Marion,645,"President, 4-Year Term",candidate,Kamala D Harris / Tim Walz,645
Marion,645,"President, 4-Year Term",writein,,12
Marion,645,"President, 4-Year Term",undervotes,,34
Marion,645,"President, 4-Year Term",overvotes,,0
Marion,645,"President, 4-Year Term",ballots_cast,,2050
Marion,645,"President, 4-Year Term",registered,,2547
Marion,655,"President, 4-Year Term",candidate,Robert F Kennedy Jr / Nicole Shanahan,84
Marion,655,"President, 4-Year Term",candidate,Cornel West,6
Marion,655,"President, 4-Year Term",candidate,Chase Oliver / Mike ter Maat,14
Marion,655,"President, 4-Year Term",candidate,Randall Terry,5
Marion,655,"President, 4-Year Term",candidate,Donald J Trump / JD Vance,2609
Marion,655,"President, 4-Year Term",candidate,Jill Stein / Rudolph Ware,25
Marion,655,"President, 4-Year Term",candidate,Kamala D Harris / Tim Walz,1316
Marion,655,"President, 4-Year Term",writein,,21
Marion,655,"President, 4-Year Term",undervotes,,79
Marion,655,"President, 4-Year Term",overvotes,,0
Marion,655,"President, 4-Year Term",ballots_cast,,4159
Marion,655,"President, 4-Year Term",registered,,5900
Marion,673,"President, 4-Year Term",candidate,Robert F Kennedy Jr / Nicole Shanahan,29
Marion,673,"President, 4-Year Term",candidate,Cornel West,5
Marion,673,"President, 4-Year Term",candidate,Chase Oliver / Mike ter Maat,4
Marion,673,"President, 4-Year Term",candidate,Randall Terry,5
Marion,673,"President, 4-Year Term",candidate,Donald J Trump / JD Vance,974
Marion,673,"President, 4-Year Term",candidate,Jill Stein / Rudolph Ware,17
Marion,673,"President, 4-Year Term",candidate,Kamala D Harris / Tim Walz,943
Marion,673,"President, 4-Year Term",writein,,2
Marion,673,"President, 4-Year Term",undervotes,,26
Marion,673,"President, 4-Year Term",overvotes,,0
Marion,673,"President, 4-Year Term",ballots_cast,,2005
Marion,673,"President, 4-Year Term",registered,,3404
Marion,674,"President, 4-Year Term",candidate,Robert F Kennedy Jr / Nicole Shanahan,12
Marion,674,"President, 4-Year Term",candidate,Cornel West,0
Marion,674,"President, 4-Year Term",candidate,Chase Oliver / Mike ter Maat,4
Marion,674,"President, 4-Year Term",candidate,Randall Terry,1
Marion,674,"President, 4-Year Term",candidate,Donald J Trump / JD Vance,786
Marion,674,"President, 4-Year Term",candidate,Jill Stein / Rudolph Ware,8
Marion,674,"President, 4-Year Term",candidate,Kamala D Harris / Tim Walz,253
Marion,674,"President, 4-Year Term",writein,,6
Marion,674,"President, 4-Year Term",undervotes,,23
Marion,674,"President, 4-Year Term",overvotes,,0
Marion,674,"President, 4-Year Term",ballots_cast,,1093
Marion,674,"President, 4-Year Term",registered,,1438
Marion,676,"President, 4-Year Term",candidate,Robert F Kennedy Jr / Nicole Shanahan,11
Marion,676,"President, 4-Year Term",candidate,Cornel West,1
Marion,676,"President, 4-Year Term",candidate,Chase Oliver / Mike ter Maat,1
Marion,676,"President, 4-Year Term",candidate,Randall Terry,0
Marion,676,"President, 4-Year Term",candidate,Donald J Trump / JD Vance,219
Marion,676,"President, 4-Year Term",candidate,Jill Stein / Rudolph Ware,1
Marion,676,"President, 4-Year Term",candidate,Kamala D Harris / Tim Walz,171
Marion,676,"President, 4-Year Term",writein,,4
Marion,676,"President, 4-Year Term",undervotes,,8
Marion,676,"President, 4-Year Term",overvotes,,0
Marion,676,"President, 4-Year Term",ballots_cast,,416
Marion,676,"President, 4-Year Term",registered,,509
Marion,677,"President, 4-Year Term",candidate,Robert F Kennedy Jr / Nicole Shanahan,5
Marion,677,"President, 4-Year Term",candidate,Cornel West,0
Marion,677,"President, 4-Year Term",candidate,Chase Oliver / Mike ter Maat,2
Marion,677,"President, 4-Year Term",candidate,Randall Terry,0
Marion,677,"President, 4-Year Term",candidate,Donald J Trump / JD Vance,163
Marion,677,"President, 4-Year Term",candidate,Jill Stein / Rudolph Ware,3
Marion,677,"President, 4-Year Term",candidate,Kamala D Harris / Tim Walz,107
Marion,677,"President, 4-Year Term",writein,,6
Marion,677,"President, 4-Year Term",undervotes,,5
Marion,677,"President, 4-Year Term",overvotes,,0
Marion,677,"President, 4-Year Term",ballots_cast,,291
Marion,677,"President, 4-Year Term",registered,,409
Marion,678,"President, 4-Year Term",candidate,Robert F Kennedy Jr / Nicole Shanahan,4
Marion,678,"President, 4-Year Term",candidate,Cornel West,0
Marion,678,"President, 4-Year Term",candidate,Chase Oliver / Mike ter Maat,2
Marion,678,"President, 4-Year Term",candidate,Randall Terry,1
Marion,678,"President, 4-Year Term",candidate,Donald J Trump / JD Vance,151
Marion,678,"President, 4-Year Term",candidate,Jill Stein / Rudolph Ware,3
Marion,678,"President, 4-Year Term",candidate,Kamala D Harris / Tim Walz,93
Marion,678,"President, 4-Year Term",writein,,1
Marion,678,"President, 4-Year Term",undervotes,,1
Marion,678,"President, 4-Year Term",overvotes,,0
Marion,678,"President, 4-Year Term",ballots_cast,,256
Marion,678,"President, 4-Year Term",registered,,376
Marion,679,"President, 4-Year Term",candidate,Robert F Kennedy Jr / Nicole Shanahan,26
Marion,679,"President, 4-Year Term",candidate,Cornel West,2
Marion,679,"President, 4-Year Term",candidate,Chase Oliver / Mike ter Maat,2
Marion,679,"President, 4-Year Term",candidate,Randall Terry,1
Marion,679,"President, 4-Year Term",candidate,Donald J Trump / JD Vance,803
Marion,679,"President, 4-Year Term",candidate,Jill Stein / Rudolph Ware,2
Marion,679,"President, 4-Year Term",candidate,Kamala D Harris / Tim Walz,262
Marion,679,"President, 4-Year Term",writein,,4
Marion,679,"President, 4-Year Term",undervotes,,34
Marion,679,"President, 4-Year Term",overvotes,,0
Marion,679,"President, 4-Year Term",ballots_cast,,1136
Marion,679,"President, 4-Year Term",registered,,1369
Marion,680,"President, 4-Year Term",candidate,Robert F Kennedy Jr / Nicole Shanahan,4
Marion,680,"President, 4-Year Term",candidate,Cornel West,0
Marion,680,"President, 4-Year Term",candidate,Chase Oliver / Mike ter Maat,3
Marion,680,"President, 4-Year Term",candidate,Randall Terry,1
Marion,680,"President, 4-Year Term",candidate,Donald J Trump / JD Vance,176
Marion,680,"President, 4-Year Term",candidate,Jill Stein / Rudolph Ware,1
Marion,680,"President, 4-Year Term",candidate,Kamala D Harris / Tim Walz,77
Marion,680,"President, 4-Year Term",writein,,2
Marion,680,"President, 4-Year Term",undervotes,,9
Marion,680,"President, 4-Year Term",overvotes,,0
Marion,680,"President, 4-Year Term",ballots_cast,,273
Marion,680,"President, 4-Year Term",registered,,364
Marion,681,"President, 4-Year Term",candidate,Robert F Kennedy Jr / Nicole Shanahan,24
Marion,681,"President, 4-Year Term",candidate,Cornel West,3
Marion,681,"President, 4-Year Term",candidate,Chase Oliver / Mike ter Maat,9
Marion,681,"President, 4-Year Term",candidate,Randall Terry,3
Marion,681,"President, 4-Year Term",candidate,Donald J Trump / JD Vance,1097
Marion,681,"President, 4-Year Term",candidate,Jill Stein / Rudolph Ware,11
Marion,681,"President, 4-Year Term",candidate,Kamala D Harris / Tim Walz,588
Marion,681,"President, 4-Year Term",writein,,15
Marion,681,"President, 4-Year Term",undervotes,,44
Marion,681,"President, 4-Year Term",overvotes,,0
Marion,681,"President, 4-Year Term",ballots_cast,,1794
Marion,681,"President, 4-Year Term",registered,,2166
Marion,682,"President, 4-Year Term",candidate,Robert F Kennedy Jr / Nicole Shanahan,31
Marion,682,"President, 4-Year Term",candidate,Cornel West,3
Marion,682,"President, 4-Year Term",candidate,Chase Oliver / Mike ter Maat,8
Marion,682,"President, 4-Year Term",candidate,Randall Terry,2
Marion,682,"President, 4-Year Term",candidate,Donald J Trump / JD Vance,1676
Marion,682,"President, 4-Year Term",candidate,Jill Stein / Rudolph Ware,8
Marion,682,"President, 4-Year Term",candidate,Kamala D Harris / Tim Walz,998
Marion,682,"President, 4-Year Term",writein,,18
Marion,682,"President, 4-Year Term",undervotes,,41
Marion,682,"President, 4-Year Term",overvotes,,0
Marion,682,"President, 4-Year Term",ballots_cast,,2785
Marion,682,"President, 4-Year Term",registered,,3567
Marion,683,"President, 4-Year Term",candidate,Robert F Kennedy Jr / Nicole Shanahan,22
Marion,683,"President, 4-Year Term",candidate,Cornel West,0
Marion,683,"President, 4-Year Term",candidate,Chase Oliver / Mike ter Maat,2
Marion,683,"President, 4-Year Term",candidate,Randall Terry,4
Marion,683,"President, 4-Year Term",candidate,Donald J Trump / JD Vance,803
Marion,683,"President, 4-Year Term",candidate,Jill Stein / Rudolph Ware,6
Marion,683,"President, 4-Year Term",candidate,Kamala D Harris / Tim Walz,275
Marion,683,"President, 4-Year Term",writein,,10
Marion,683,"President, 4-Year Term",undervotes,,31
Marion,683,"President, 4-Year Term",overvotes,,0
Marion,683,"President, 4-Year Term",ballots_cast,,1153
Marion,683,"President, 4-Year Term",registered,,1443
Marion,684,"President, 4-Year Term",candidate,Robert F Kennedy Jr / Nicole Shanahan,6
Marion,684,"President, 4-Year Term",candidate,Cornel West,0
Marion,684,"President, 4-Year Term",candidate,Chase Oliver / Mike ter Maat,0
Marion,684,"President, 4-Year Term",candidate,Randall Terry,0
Marion,684,"President, 4-Year Term",candidate,Donald J Trump / JD Vance,271
Marion,684,"President, 4-Year Term",candidate,Jill Stein / Rudolph Ware,1
Marion,684,"President, 4-Year Term",candidate,Kamala D Harris / Tim Walz,114
Marion,684,"President, 4-Year Term",writein,,5
Marion,684,"President, 4-Year Term",undervotes,,12
Marion,684,"President, 4-Year Term",overvotes,,1
Marion,684,"President, 4-Year Term",ballots_cast,,410
Marion,684,"President, 4-Year Term",registered,,533
Marion,686,"President, 4-Year Term",candidate,Robert F Kennedy Jr / Nicole Shanahan,5
Marion,686,"President, 4-Year Term",candidate,Cornel West,0
Marion,686,"President, 4-Year Term",candidate,Chase Oliver / Mike ter Maat,1
Marion,686,"President, 4-Year Term",candidate,Randall Terry,0
Marion,686,"President, 4-Year Term",candidate,Donald J Trump / JD Vance,96
Marion,686,"President, 4-Year Term",candidate,Jill Stein / Rudolph Ware,1
Marion,686,"President, 4-Year Term",candidate,Kamala D Harris / Tim Walz,41
Marion,686,"President, 4-Year Term",writein,,3
Marion,686,"President, 4-Year Term",undervotes,,9
Marion,686,"President, 4-Year Term",overvotes,,0
Marion,686,"President, 4-Year Term",ballots_cast,,156
Marion,686,"President, 4-Year Term",registered,,196
Marion,687,"President, 4-Year Term",candidate,Robert F Kennedy Jr / Nicole Shanahan,2
Marion,687,"President, 4-Year Term",candidate,Cornel West,0
Marion,687,"President, 4-Year Term",candidate,Chase Oliver / Mike ter Maat,0
Marion,687,"President, 4-Year Term",candidate,Randall Terry,0
Marion,687,"President, 4-Year Term",candidate,Donald J Trump / JD Vance,64
Marion,687,"President, 4-Year Term",candidate,Jill Stein / Rudolph Ware,0
Marion,687,"President, 4-Year Term",candidate,Kamala D Harris / Tim Walz,40
Marion,687,"President, 4-Year Term",writein,,0
Marion,687,"President, 4-Year Term",undervotes,,0
Marion,687,"President, 4-Year Term",overvotes,,0
Marion,687,"President, 4-Year Term",ballots_cast,,106
Marion,687,"President, 4-Year Term",registered,,137
Marion,688,"President, 4-Year Term",candidate,Robert F Kennedy Jr / Nicole Shanahan,9
Marion,688,"President, 4-Year Term",candidate,Cornel West,1
Marion,688,"President, 4-Year Term",candidate,Chase Oliver / Mike ter Maat,2
Marion,688,"President, 4-Year Term",candidate,Randall Terry,2
Marion,688,"President, 4-Year Term",candidate,Donald J Trump / JD Vance,333
Marion,688,"President, 4-Year Term",candidate,Jill Stein / Rudolph Ware,1
Marion,688,"President, 4-Year Term",candidate,Kamala D Harris / Tim Walz,173
Marion,688,"President, 4-Year Term",writein,,4
Marion,688,"President, 4-Year Term",undervotes,,13
Marion,688,"President, 4-Year Term",overvotes,,0
Marion,688,"President, 4-Year Term",ballots_cast,,538
Marion,688,"President, 4-Year Term",registered,,666
Marion,689,"President, 4-Year Term",candidate,Robert F Kennedy Jr / Nicole Shanahan,0
Marion,689,"President, 4-Year Term",candidate,Cornel West,0
Marion,689,"President, 4-Year Term",candidate,Chase Oliver / Mike ter Maat,0
Marion,689,"President, 4-Year Term",candidate,Randall Terry,0
Marion,689,"President, 4-Year Term",candidate,Donald J Trump / JD Vance,10
Marion,689,"President, 4-Year Term",candidate,Jill Stein / Rudolph Ware,0
Marion,689,"President, 4-Year Term",candidate,Kamala D Harris / Tim Walz,2
Marion,689,"President, 4-Year Term",writein,,0
Marion,689,"President, 4-Year Term",undervotes,,0
Marion,689,"President, 4-Year Term",overvotes,,0
Marion,689,"President, 4-Year Term",ballots_cast,,12
Marion,689,"President, 4-Year Term",registered,,13
Marion,690,"President, 4-Year Term",candidate,Robert F Kennedy Jr / Nicole Shanahan,55
Marion,690,"President, 4-Year Term",candidate,Cornel West,8
Marion,690,"President, 4-Year Term",candidate,Chase Oliver / Mike ter Maat,15
Marion,690,"President, 4-Year Term",candidate,Randall Terry,5
Marion,690,"President, 4-Year Term",candidate,Donald J Trump / JD Vance,1355
Marion,690,"President, 4-Year Term",candidate,Jill Stein / Rudolph Ware,17
Marion,690,"President, 4-Year Term",candidate,Kamala D Harris / Tim Walz,1479
Marion,690,"President, 4-Year Term",writein,,6
Marion,690,"President, 4-Year Term",undervotes,,20
Marion,690,"President, 4-Year Term",overvotes,,3
Marion,690,"President, 4-Year Term",ballots_cast,,2963
Marion,690,"President, 4-Year Term",registered,,5375
Marion,691,"President, 4-Year Term",candidate,Robert F Kennedy Jr / Nicole Shanahan,64
Marion,691,"President, 4-Year Term",candidate,Cornel West,6
Marion,691,"President, 4-Year Term",candidate,Chase Oliver / Mike ter Maat,15
Marion,691,"President, 4-Year Term",candidate,Randall Terry,3
Marion,691,"President, 4-Year Term",candidate,Donald J Trump / JD Vance,1882
Marion,691,"President, 4-Year Term",candidate,Jill Stein / Rudolph Ware,18
Marion,691,"President, 4-Year Term",candidate,Kamala D Harris / Tim Walz,1810
Marion,691,"President, 4-Year Term",writein,,17
Marion,691,"President, 4-Year Term",undervotes,,70
Marion,691,"President, 4-Year Term",overvotes,,2
Marion,691,"President, 4-Year Term",ballots_cast,,3887
Marion,691,"President, 4-Year Term",registered,,5863
Marion,692,"President, 4-Year Term",candidate,Robert F Kennedy Jr / Nicole Shanahan,0
Marion,692,"President, 4-Year Term",candidate,Cornel West,0
Marion,692,"President, 4-Year Term",candidate,Chase Oliver / Mike ter Maat,1
Marion,692,"President, 4-Year Term",candidate,Randall Terry,0
Marion,692,"President, 4-Year Term",candidate,Donald J Trump / JD Vance,36
Marion,692,"President, 4-Year Term",candidate,Jill Stein / Rudolph Ware,0
Marion,692,"President, 4-Year Term",candidate,Kamala D Harris / Tim Walz,12
Marion,692,"President, 4-Year Term",writein,,1
Marion,692,"President, 4-Year Term",undervotes,,0
Marion,692,"President, 4-Year Term",overvotes,,0
Marion,692,"President, 4-Year Term",ballots_cast,,50
Marion,692,"President, 4-Year Term",registered,,73
Marion,694,"President, 4-Year Term",candidate,Robert F Kennedy Jr / Nicole Shanahan,0
Marion,694,"President, 4-Year Term",candidate,Cornel West,0
Marion,694,"President, 4-Year Term",candidate,Chase Oliver / Mike ter Maat,0
Marion,694,"President, 4-Year Term",candidate,Randall Terry,0
Marion,694,"President, 4-Year Term",candidate,Donald J Trump / JD Vance,0
Marion,694,"President, 4-Year Term",candidate,Jill Stein / Rudolph Ware,0
Marion,694,"President, 4-Year Term",candidate,Kamala D Harris / Tim Walz,3
Marion,694,"President, 4-Year Term",writein,,0
Marion,694,"President, 4-Year Term",undervotes,,0
Marion,694,"President, 4-Year Term",overvotes,,0
Marion,694,"President, 4-Year Term",ballots_cast,,3
Marion,694,"President, 4-Year Term",registered,,3
Marion,696,"President, 4-Year Term",candidate,Robert F Kennedy Jr / Nicole Shanahan,4
Marion,696,"President, 4-Year Term",candidate,Cornel West,1
Marion,696,"President, 4-Year Term",candidate,Chase Oliver / Mike ter Maat,0
Marion,696,"President, 4-Year Term",candidate,Randall Terry,1
Marion,696,"President, 4-Year Term",candidate,Donald J Trump / JD Vance,56
Marion,696,"President, 4-Year Term",candidate,Jill Stein / Rudolph Ware,0
Marion,696,"President, 4-Year Term",candidate,Kamala D Harris / Tim Walz,39
Marion,696,"President, 4-Year Term",writein,,0
Marion,696,"President, 4-Year Term",undervotes,,0
Marion,696,"President, 4-Year Term",overvotes,,0
Marion,696,"President, 4-Year Term",ballots_cast,,101
Marion,696,"President, 4-Year Term",registered,,187
Marion,697,"President, 4-Year Term",candidate,Robert F Kennedy Jr / Nicole Shanahan,66
Marion,697,"President, 4-Year Term",candidate,Cornel West,3
Marion,697,"President, 4-Year Term",candidate,Chase Oliver / Mike ter Maat,10
Marion,697,"President, 4-Year Term",candidate,Randall Terry,2
Marion,697,"President, 4-Year Term",candidate,Donald J Trump / JD Vance,1648
Marion,697,"President, 4-Year Term",candidate,Jill Stein / Rudolph Ware,31
Marion,697,"President, 4-Year Term",candidate,Kamala D Harris / Tim Walz,1672
Marion,697,"President, 4-Year Term",writein,,14
Marion,697,"President, 4-Year Term",undervotes,,30
Marion,697,"President, 4-Year Term",overvotes,,2
Marion,697,"President, 4-Year Term",ballots_cast,,3478
Marion,697,"President, 4-Year Term",registered,,5893
Marion,698,"President, 4-Year Term",candidate,Robert F Kennedy Jr / Nicole Shanahan,13
Marion,698,"President, 4-Year Term",candidate,Cornel West,0
Marion,698,"President, 4-Year Term",candidate,Chase Oliver / Mike ter Maat,2
Marion,698,"President, 4-Year Term",candidate,Randall Terry,0
Marion,698,"President, 4-Year Term",candidate,Donald J Trump / JD Vance,547
Marion,698,"President, 4-Year Term",candidate,Jill Stein / Rudolph Ware,3
Marion,698,"President, 4-Year Term",candidate,Kamala D Harris / Tim Walz,288
Marion,698,"President, 4-Year Term",writein,,8
Marion,698,"President, 4-Year Term",undervotes,,21
Marion,698,"President, 4-Year Term",overvotes,,0
Marion,698,"President, 4-Year Term",ballots_cast,,882
Marion,698,"President, 4-Year Term",registered,,1174
Marion,699,"President, 4-Year Term",candidate,Robert F Kennedy Jr / Nicole Shanahan,0
Marion,699,"President, 4-Year Term",candidate,Cornel West,0
Marion,699,"President, 4-Year Term",candidate,Chase Oliver / Mike ter Maat,0
Marion,699,"President, 4-Year Term",candidate,Randall Terry,0
Marion,699,"President, 4-Year Term",candidate,Donald J Trump / JD Vance,0
Marion,699,"President, 4-Year Term",candidate,Jill Stein / Rudolph Ware,0
Marion,699,"President, 4-Year Term",candidate,Kamala D Harris / Tim Walz,0
Marion,699,"President, 4-Year Term",writein,,0
Marion,699,"President, 4-Year Term",undervotes,,0
Marion,699,"President, 4-Year Term",overvotes,,0
Marion,699,"President, 4-Year Term",ballots_cast,,0
Marion,699,"President, 4-Year Term",registered,,0
Marion,705,"President, 4-Year Term",candidate,Robert F Kennedy Jr / Nicole Shanahan,33
Marion,705,"President, 4-Year Term",candidate,Cornel West,3
Marion,705,"President, 4-Year Term",candidate,Chase Oliver / Mike ter Maat,8
Marion,705,"President, 4-Year Term",candidate,Randall Terry,0
Marion,705,"President, 4-Year Term",candidate,Donald J Trump / JD Vance,1077
Marion,705,"President, 4-Year Term",candidate,Jill Stein / Rudolph Ware,7
Marion,705,"President, 4-Year Term",candidate,Kamala D Harris / Tim Walz,511
Marion,705,"President, 4-Year Term",writein,,10
Marion,705,"President, 4-Year Term",undervotes,,32
Marion,705,"President, 4-Year Term",overvotes,,0
Marion,705,"President, 4-Year Term",ballots_cast,,1681
Marion,705,"President, 4-Year Term",registered,,2201
Marion,715,"President, 4-Year Term",candidate,Robert F Kennedy Jr / Nicole Shanahan,35
Marion,715,"President, 4-Year Term",candidate,Cornel West,4
Marion,715,"President, 4-Year Term",candidate,Chase Oliver / Mike ter Maat,4
Marion,715,"President, 4-Year Term",candidate,Randall Terry,0
Marion,715,"President, 4-Year Term",candidate,Donald J Trump / JD Vance,1330
Marion,715,"President, 4-Year Term",candidate,Jill Stein / Rudolph Ware,5
Marion,715,"President, 4-Year Term",candidate,Kamala D Harris / Tim Walz,568
Marion,715,"President, 4-Year Term",writein,,7
Marion,715,"President, 4-Year Term",undervotes,,21
Marion,715,"President, 4-Year Term",overvotes,,0
Marion,715,"President, 4-Year Term",ballots_cast,,1974
Marion,715,"President, 4-Year Term",registered,,2923
Marion,725,"President, 4-Year Term",candidate,Robert F Kennedy Jr / Nicole Shanahan,38
Marion,725,"President, 4-Year Term",candidate,Cornel West,2
Marion,725,"President, 4-Year Term",candidate,Chase Oliver / Mike ter Maat,5
Marion,725,"President, 4-Year Term",candidate,Randall Terry,5
Marion,725,"President, 4-Year Term",candidate,Donald J Trump / JD Vance,1013
Marion,725,"President, 4-Year Term",candidate,Jill Stein / Rudolph Ware,11
Marion,725,"President, 4-Year Term",candidate,Kamala D Harris / Tim Walz,546
Marion,725,"President, 4-Year Term",writein,,7
Marion,725,"President, 4-Year Term",undervotes,,17
Marion,725,"President, 4-Year Term",overvotes,,0
Marion,725,"President, 4-Year Term",ballots_cast,,1644
Marion,725,"President, 4-Year Term",registered,,2390
Marion,779,"President, 4-Year Term",candidate,Robert F Kennedy Jr / Nicole Shanahan,15
Marion,779,"President, 4-Year Term",candidate,Cornel West,1
Marion,779,"President, 4-Year Term",candidate,Chase Oliver / Mike ter Maat,6
Marion,779,"President, 4-Year Term",candidate,Randall Terry,3
Marion,779,"President, 4-Year Term",candidate,Donald J Trump / JD Vance,685
Marion,779,"President, 4-Year Term",candidate,Jill Stein / Rudolph Ware,8
Marion,779,"President, 4-Year Term",candidate,Kamala D Harris / Tim Walz,521
Marion,779,"President, 4-Year Term",writein,,13
Marion,779,"President, 4-Year Term",undervotes,,15
Marion,779,"President, 4-Year Term",overvotes,,0
Marion,779,"President, 4-Year Term",ballots_cast,,1267
Marion,779,"President, 4-Year Term",registered,,1519
Marion,780,"President, 4-Year Term",candidate,Robert F Kennedy Jr / Nicole Shanahan,18
Marion,780,"President, 4-Year Term",candidate,Cornel West,2
Marion,780,"President, 4-Year Term",candidate,Chase Oliver / Mike ter Maat,11
Marion,780,"President, 4-Year Term",candidate,Randall Terry,0
Marion,780,"President, 4-Year Term",candidate,Donald J Trump / JD Vance,550
Marion,780,"President, 4-Year Term",candidate,Jill Stein / Rudolph Ware,3
Marion,780,"President, 4-Year Term",candidate,Kamala D Harris / Tim Walz,556
Marion,780,"President, 4-Year Term",writein,,8
Marion,780,"President, 4-Year Term",undervotes,,17
Marion,780,"President, 4-Year Term",overvotes,,0
Marion,780,"President, 4-Year Term",ballots_cast,,1165
Marion,780,"President, 4-Year Term",registered,,1388
Marion,781,"President, 4-Year Term",candidate,Robert F Kennedy Jr / Nicole Shanahan,9
Marion,781,"President, 4-Year Term",candidate,Cornel West,0
Marion,781,"President, 4-Year Term",candidate,Chase Oliver / Mike ter Maat,2
Marion,781,"President, 4-Year Term",candidate,Randall Terry,3
Marion,781,"President, 4-Year Term",candidate,Donald J Trump / JD Vance,267
Marion,781,"President, 4-Year Term",candidate,Jill Stein / Rudolph Ware,1
Marion,781,"President, 4-Year Term",candidate,Kamala D Harris / Tim Walz,243
Marion,781,"President, 4-Year Term",writein,,6
Marion,781,"President, 4-Year Term",undervotes,,5
Marion,781,"President, 4-Year Term",overvotes,,0
Marion,781,"President, 4-Year Term",ballots_cast,,536
Marion,781,"President, 4-Year Term",registered,,652
Marion,782,"President, 4-Year Term",candidate,Robert F Kennedy Jr / Nicole Shanahan,3
Marion,782,"President, 4-Year Term",candidate,Cornel West,0
Marion,782,"President, 4-Year Term",candidate,Chase Oliver / Mike ter Maat,0
Marion,782,"President, 4-Year Term",candidate,Randall Terry,0
Marion,782,"President, 4-Year Term",candidate,Donald J Trump / JD Vance,34
Marion,782,"President, 4-Year Term",candidate,Jill Stein / Rudolph Ware,0
Marion,782,"President, 4-Year Term",candidate,Kamala D Harris / Tim Walz,53
Marion,782,"President, 4-Year Term",writein,,0
Marion,782,"President, 4-Year Term",undervotes,,3
Marion,782,"President, 4-Year Term",overvotes,,0
Marion,782,"President, 4-Year Term",ballots_cast,,93
Marion,782,"President, 4-Year Term",registered,,132
Marion,783,"President, 4-Year Term",candidate,Robert F Kennedy Jr / Nicole Shanahan,9
Marion,783,"President, 4-Year Term",candidate,Cornel West,0
Marion,783,"President, 4-Year Term",candidate,Chase Oliver / Mike ter Maat,3
Marion,783,"President, 4-Year Term",candidate,Randall Terry,0
Marion,783,"President, 4-Year Term",candidate,Donald J Trump / JD Vance,310
Marion,783,"President, 4-Year Term",candidate,Jill Stein / Rudolph Ware,5
Marion,783,"President, 4-Year Term",candidate,Kamala D Harris / Tim Walz,192
Marion,783,"President, 4-Year Term",writein,,8
Marion,783,"President, 4-Year Term",undervotes,,15
Marion,783,"President, 4-Year Term",overvotes,,0
Marion,783,"President, 4-Year Term",ballots_cast,,542
Marion,783,"President, 4-Year Term",registered,,686
Marion,784,"President, 4-Year Term",candidate,Robert F Kennedy Jr / Nicole Shanahan,2
Marion,784,"President, 4-Year Term",candidate,Cornel West,0
Marion,784,"President, 4-Year Term",candidate,Chase Oliver / Mike ter Maat,2
Marion,784,"President, 4-Year Term",candidate,Randall Terry,1
Marion,784,"President, 4-Year Term",candidate,Donald J Trump / JD Vance,93
Marion,784,"President, 4-Year Term",candidate,Jill Stein / Rudolph Ware,4
Marion,784,"President, 4-Year Term",candidate,Kamala D Harris / Tim Walz,81
Marion,784,"President, 4-Year Term",writein,,3
Marion,784,"President, 4-Year Term",undervotes,,4
Marion,784,"President, 4-Year Term",overvotes,,0
Marion,784,"President, 4-Year Term",ballots_cast,,190
Marion,784,"President, 4-Year Term",registered,,244
Marion,786,"President, 4-Year Term",candidate,Robert F Kennedy Jr / Nicole Shanahan,4
Marion,786,"President, 4-Year Term",candidate,Cornel West,0
Marion,786,"President, 4-Year Term",candidate,Chase Oliver / Mike ter Maat,0
Marion,786,"President, 4-Year Term",candidate,Randall Terry,0
Marion,786,"President, 4-Year Term",candidate,Donald J Trump / JD Vance,176
Marion,786,"President, 4-Year Term",candidate,Jill Stein / Rudolph Ware,1
Marion,786,"President, 4-Year Term",candidate,Kamala D Harris / Tim Walz,38
Marion,786,"President, 4-Year Term",writein,,1
Marion,786,"President, 4-Year Term",undervotes,,7
Marion,786,"President, 4-Year Term",overvotes,,0
Marion,786,"President, 4-Year Term",ballots_cast,,227
Marion,786,"President, 4-Year Term",registered,,297
Marion,787,"President, 4-Year Term",candidate,Robert F Kennedy Jr / Nicole Shanahan,28
Marion,787,"President, 4-Year Term",candidate,Cornel West,3
Marion,787,"President, 4-Year Term",candidate,Chase Oliver / Mike ter Maat,3
Marion,787,"President, 4-Year Term",candidate,Randall Terry,2
Marion,787,"President, 4-Year Term",candidate,Donald J Trump / JD Vance,1016
Marion,787,"President, 4-Year Term",candidate,Jill Stein / Rudolph Ware,12
Marion,787,"President, 4-Year Term",candidate,Kamala D Harris / Tim Walz,489
Marion,787,"President, 4-Year Term",writein,,11
Marion,787,"President, 4-Year Term",undervotes,,38
Marion,787,"President, 4-Year Term",overvotes,,0
Marion,787,"President, 4-Year Term",ballots_cast,,1602
Marion,787,"President, 4-Year Term",registered,,1973
Marion,788,"President, 4-Year Term",candidate,Robert F Kennedy Jr / Nicole Shanahan,15
Marion,788,"President, 4-Year Term",candidate,Cornel West,0
Marion,788,"President, 4-Year Term",candidate,Chase Oliver / Mike ter Maat,0
Marion,788,"President, 4-Year Term",candidate,Randall Terry,2
Marion,788,"President, 4-Year Term",candidate,Donald J Trump / JD Vance,971
Marion,788,"President, 4-Year Term",candidate,Jill Stein / Rudolph Ware,5
Marion,788,"President, 4-Year Term",candidate,Kamala D Harris / Tim Walz,459
Marion,788,"President, 4-Year Term",writein,,8
Marion,788,"President, 4-Year Term",undervotes,,21
Marion,788,"President, 4-Year Term",overvotes,,0
Marion,788,"President, 4-Year Term",ballots_cast,,1481
Marion,788,"President, 4-Year Term",registered,,1899
Marion,789,"President, 4-Year Term",candidate,Robert F Kennedy Jr / Nicole Shanahan,39
Marion,789,"President, 4-Year Term",candidate,Cornel West,3
Marion,789,"President, 4-Year Term",candidate,Chase Oliver / Mike ter Maat,13
Marion,789,"President, 4-Year Term",candidate,Randall Terry,3
Marion,789,"President, 4-Year Term",candidate,Donald J Trump / JD Vance,1677
Marion,789,"President, 4-Year Term",candidate,Jill Stein / Rudolph Ware,10
Marion,789,"President, 4-Year Term",candidate,Kamala D Harris / Tim Walz,825
Marion,789,"President, 4-Year Term",writein,,15
Marion,789,"President, 4-Year Term",undervotes,,36
Marion,789,"President, 4-Year Term",overvotes,,0
Marion,789,"President, 4-Year Term",ballots_cast,,2621
Marion,789,"President, 4-Year Term",registered,,3378
Marion,790,"President, 4-Year Term",candidate,Robert F Kennedy Jr / Nicole Shanahan,4
Marion,790,"President, 4-Year Term",candidate,Cornel West,2
Marion,790,"President, 4-Year Term",candidate,Chase Oliver / Mike ter Maat,2
Marion,790,"President, 4-Year Term",candidate,Randall Terry,0
Marion,790,"President, 4-Year Term",candidate,Donald J Trump / JD Vance,220
Marion,790,"President, 4-Year Term",candidate,Jill Stein / Rudolph Ware,0
Marion,790,"President, 4-Year Term",candidate,Kamala D Harris / Tim Walz,55
Marion,790,"President, 4-Year Term",writein,,2
Marion,790,"President, 4-Year Term",undervotes,,7
Marion,790,"President, 4-Year Term",overvotes,,0
Marion,790,"President, 4-Year Term",ballots_cast,,292
Marion,790,"President, 4-Year Term",registered,,390
Marion,791,"President, 4-Year Term",candidate,Robert F Kennedy Jr / Nicole Shanahan,16
Marion,791,"President, 4-Year Term",candidate,Cornel West,0
Marion,791,"President, 4-Year Term",candidate,Chase Oliver / Mike ter Maat,6
Marion,791,"President, 4-Year Term",candidate,Randall Terry,3
Marion,791,"President, 4-Year Term",candidate,Donald J Trump / JD Vance,657
Marion,791,"President, 4-Year Term",candidate,Jill Stein / Rudolph Ware,1
Marion,791,"President, 4-Year Term",candidate,Kamala D Harris / Tim Walz,265
Marion,791,"President, 4-Year Term",writein,,6
Marion,791,"President, 4-Year Term",undervotes,,14
Marion,791,"President, 4-Year Term",overvotes,,1
Marion,791,"President, 4-Year Term",ballots_cast,,969
Marion,791,"President, 4-Year Term",registered,,1293
Marion,792,"President, 4-Year Term",candidate,Robert F Kennedy Jr / Nicole Shanahan,1
Marion,792,"President, 4-Year Term",candidate,Cornel West,0
Marion,792,"President, 4-Year Term",candidate,Chase Oliver / Mike ter Maat,1
Marion,792,"President, 4-Year Term",candidate,Randall Terry,0
Marion,792,"President, 4-Year Term",candidate,Donald J Trump / JD Vance,21
Marion,792,"President, 4-Year Term",candidate,Jill Stein / Rudolph Ware,0
Marion,792,"President, 4-Year Term",candidate,Kamala D Harris / Tim Walz,14
Marion,792,"President, 4-Year Term",writein,,1
Marion,792,"President, 4-Year Term",undervotes,,2
Marion,792,"President, 4-Year Term",overvotes,,0
Marion,792,"President, 4-Year Term",ballots_cast,,40
Marion,792,"President, 4-Year Term",registered,,50
Marion,815,"President, 4-Year Term",candidate,Robert F Kennedy Jr / Nicole Shanahan,22
Marion,815,"President, 4-Year Term",candidate,Cornel West,0
Marion,815,"President, 4-Year Term",candidate,Chase Oliver / Mike ter Maat,4
Marion,815,"President, 4-Year Term",candidate,Randall Terry,1
Marion,815,"President, 4-Year Term",candidate,Donald J Trump / JD Vance,561
Marion,815,"President, 4-Year Term",candidate,Jill Stein / Rudolph Ware,8
Marion,815,"President, 4-Year Term",candidate,Kamala D Harris / Tim Walz,606
Marion,815,"President, 4-Year Term",writein,,5
Marion,815,"President, 4-Year Term",undervotes,,18
Marion,815,"President, 4-Year Term",overvotes,,0
Marion,815,"President, 4-Year Term",ballots_cast,,1225
Marion,815,"President, 4-Year Term",registered,,2174
Marion,825,"President, 4-Year Term",candidate,Robert F Kennedy Jr / Nicole Shanahan,23
Marion,825,"President, 4-Year Term",candidate,Cornel West,1
Marion,825,"President, 4-Year Term",candidate,Chase Oliver / Mike ter Maat,2
Marion,825,"President, 4-Year Term",candidate,Randall Terry,0
Marion,825,"President, 4-Year Term",candidate,Donald J Trump / JD Vance,402
Marion,825,"President, 4-Year Term",candidate,Jill Stein / Rudolph Ware,11
Marion,825,"President, 4-Year Term",candidate,Kamala D Harris / Tim Walz,572
Marion,825,"President, 4-Year Term",writein,,4
Marion,825,"President, 4-Year Term",undervotes,,10
Marion,825,"President, 4-Year Term",overvotes,,0
Marion,825,"President, 4-Year Term",ballots_cast,,1025
Marion,825,"President, 4-Year Term",registered,,1825
Marion,835,"President, 4-Year Term",candidate,Robert F Kennedy Jr / Nicole Shanahan,26
Marion,835,"President, 4-Year Term",candidate,Cornel West,3
Marion,835,"President, 4-Year Term",candidate,Chase Oliver / Mike ter Maat,3
Marion,835,"President, 4-Year Term",candidate,Randall Terry,0
Marion,835,"President, 4-Year Term",candidate,Donald J Trump / JD Vance,545
Marion,835,"President, 4-Year Term",candidate,Jill Stein / Rudolph Ware,6
Marion,835,"President, 4-Year Term",candidate,Kamala D Harris / Tim Walz,704
Marion,835,"President, 4-Year Term",writein,,8
Marion,835,"President, 4-Year Term",undervotes,,17
Marion,835,"President, 4-Year Term",overvotes,,0
Marion,835,"President, 4-Year Term",ballots_cast,,1312
Marion,835,"President, 4-Year Term",registered,,2102
Marion,837,"President, 4-Year Term",candidate,Robert F Kennedy Jr / Nicole Shanahan,0
Marion,837,"President, 4-Year Term",candidate,Cornel West,0
Marion,837,"President, 4-Year Term",candidate,Chase Oliver / Mike ter Maat,0
Marion,837,"President, 4-Year Term",candidate,Randall Terry,0
Marion,837,"President, 4-Year Term",candidate,Donald J Trump / JD Vance,0
Marion,837,"President, 4-Year Term",candidate,Jill Stein / Rudolph Ware,0
Marion,837,"President, 4-Year Term",candidate,Kamala D Harris / Tim Walz,0
Marion,837,"President, 4-Year Term",writein,,0
Marion,837,"President, 4-Year Term",undervotes,,0
Marion,837,"President, 4-Year Term",overvotes,,0
Marion,837,"President, 4-Year Term",ballots_cast,,0
Marion,837,"President, 4-Year Term",registered,,0
Marion,845,"President, 4-Year Term",candidate,Robert F Kennedy Jr / Nicole Shanahan,32
Marion,845,"President, 4-Year Term",candidate,Cornel West,1
Marion,845,"President, 4-Year Term",candidate,Chase Oliver / Mike ter Maat,2
Marion,845,"President, 4-Year Term",candidate,Randall Terry,3
Marion,845,"President, 4-Year Term",candidate,Donald J Trump / JD Vance,986
Marion,845,"President, 4-Year Term",candidate,Jill Stein / Rudolph Ware,14
Marion,845,"President, 4-Year Term",candidate,Kamala D Harris / Tim Walz,1179
Marion,845,"President, 4-Year Term",writein,,8
Marion,845,"President, 4-Year Term",undervotes,,33
Marion,845,"President, 4-Year Term",overvotes,,1
Marion,845,"President, 4-Year Term",ballots_cast,,2259
Marion,845,"President, 4-Year Term",registered,,2988
Marion,855,"President, 4-Year Term",candidate,Robert F Kennedy Jr / Nicole Shanahan,45
Marion,855,"President, 4-Year Term",candidate,Cornel West,6
Marion,855,"President, 4-Year Term",candidate,Chase Oliver / Mike ter Maat,10
Marion,855,"President, 4-Year Term",candidate,Randall Terry,1
Marion,855,"President, 4-Year Term",candidate,Donald J Trump / JD Vance,1019
Marion,855,"President, 4-Year Term",candidate,Jill Stein / Rudolph Ware,16
Marion,855,"President, 4-Year Term",candidate,Kamala D Harris / Tim Walz,1278
Marion,855,"President, 4-Year Term",writein,,15
Marion,855,"President, 4-Year Term",undervotes,,19
Marion,855,"President, 4-Year Term",overvotes,,0
Marion,855,"President, 4-Year Term",ballots_cast,,2409
Marion,855,"President, 4-Year Term",registered,,3615
Marion,865,"President, 4-Year Term",candidate,Robert F Kennedy Jr / Nicole Shanahan,20
Marion,865,"President, 4-Year Term",candidate,Cornel West,3
Marion,865,"President, 4-Year Term",candidate,Chase Oliver / Mike ter Maat,5
Marion,865,"President, 4-Year Term",candidate,Randall Terry,0
Marion,865,"President, 4-Year Term",candidate,Donald J Trump / JD Vance,434
Marion,865,"President, 4-Year Term",candidate,Jill Stein / Rudolph Ware,8
Marion,865,"President, 4-Year Term",candidate,Kamala D Harris / Tim Walz,509
Marion,865,"President, 4-Year Term",writein,,5
Marion,865,"President, 4-Year Term",undervotes,,11
Marion,865,"President, 4-Year Term",overvotes,,0
Marion,865,"President, 4-Year Term",ballots_cast,,995
Marion,865,"President, 4-Year Term",registered,,1990
Marion,905,"President, 4-Year Term",candidate,Robert F Kennedy Jr / Nicole Shanahan,5
Marion,905,"President, 4-Year Term",candidate,Cornel West,1
Marion,905,"President, 4-Year Term",candidate,Chase Oliver / Mike ter Maat,0
Marion,905,"President, 4-Year Term",candidate,Randall Terry,0
Marion,905,"President, 4-Year Term",candidate,Donald J Trump / JD Vance,116
Marion,905,"President, 4-Year Term",candidate,Jill Stein / Rudolph Ware,0
Marion,905,"President, 4-Year Term",candidate,Kamala D Harris / Tim Walz,35
Marion,905,"President, 4-Year Term",writein,,0
Marion,905,"President, 4-Year Term",undervotes,,2
Marion,905,"President, 4-Year Term",overvotes,,0
Marion,905,"President, 4-Year Term",ballots_cast,,159
Marion,905,"President, 4-Year Term",registered,,252
Marion,915,"President, 4-Year Term",candidate,Robert F Kennedy Jr / Nicole Shanahan,3
Marion,915,"President, 4-Year Term",candidate,Cornel West,0
Marion,915,"President, 4-Year Term",candidate,Chase Oliver / Mike ter Maat,1
Marion,915,"President, 4-Year Term",candidate,Randall Terry,0
Marion,915,"President, 4-Year Term",candidate,Donald J Trump / JD Vance,169
Marion,915,"President, 4-Year Term",candidate,Jill Stein / Rudolph Ware,2
Marion,915,"President, 4-Year Term",candidate,Kamala D Harris / Tim Walz,60
Marion,915,"President, 4-Year Term",writein,,1
Marion,915,"President, 4-Year Term",undervotes,,1
Marion,915,"President, 4-Year Term",overvotes,,0
Marion,915,"President, 4-Year Term",ballots_cast,,237
Marion,915,"President, 4-Year Term",registered,,353
Marion,925,"President, 4-Year Term",candidate,Robert F Kennedy Jr / Nicole Shanahan,2
Marion,925,"President, 4-Year Term",candidate,Cornel West,0
Marion,925,"President, 4-Year Term",candidate,Chase Oliver / Mike ter Maat,0
Marion,925,"President, 4-Year Term",candidate,Randall Terry,0
Marion,925,"President, 4-Year Term",candidate,Donald J Trump / JD Vance,114
Marion,925,"President, 4-Year Term",candidate,Jill Stein / Rudolph Ware,0
Marion,925,"President, 4-Year Term",candidate,Kamala D Harris / Tim Walz,42
Marion,925,"President, 4-Year Term",writein,,1
Marion,925,"President, 4-Year Term",undervotes,,7
Marion,925,"President, 4-Year Term",overvotes,,0
Marion,925,"President, 4-Year Term",ballots_cast,,166
Marion,925,"President, 4-Year Term",registered,,201
Marion,935,"President, 4-Year Term",candidate,Robert F Kennedy Jr / Nicole Shanahan,1
Marion,935,"President, 4-Year Term",candidate,Cornel West,2
Marion,935,"President, 4-Year Term",candidate,Chase Oliver / Mike ter Maat,0
Marion,935,"President, 4-Year Term",candidate,Randall Terry,0
Marion,935,"President, 4-Year Term",candidate,Donald J Trump / JD Vance,31
Marion,935,"President, 4-Year Term",candidate,Jill Stein / Rudolph Ware,1
Marion,935,"President, 4-Year Term",candidate,Kamala D Harris / Tim Walz,10
Marion,935,"President, 4-Year Term",writein,,0
Marion,935,"President, 4-Year Term",undervotes,,0
Marion,935,"President, 4-Year Term",overvotes,,0
Marion,935,"President, 4-Year Term",ballots_cast,,45
Marion,935,"President, 4-Year Term",registered,,60
Marion,981,"President, 4-Year Term",candidate,Robert F Kennedy Jr / Nicole Shanahan,3
Marion,981,"President, 4-Year Term",candidate,Cornel West,0
Marion,981,"President, 4-Year Term",candidate,Chase Oliver / Mike ter Maat,4
Marion,981,"President, 4-Year Term",candidate,Randall Terry,0
Marion,981,"President, 4-Year Term",candidate,Donald J Trump / JD Vance,177
Marion,981,"President, 4-Year Term",candidate,Jill Stein / Rudolph Ware,3
Marion,981,"President, 4-Year Term",candidate,Kamala D Harris / Tim Walz,89
Marion,981,"President, 4-Year Term",writein,,1
Marion,981,"President, 4-Year Term",undervotes,,5
Marion,981,"President, 4-Year Term",overvotes,,0
Marion,981,"President, 4-Year Term",ballots_cast,,282
Marion,981,"President, 4-Year Term",registered,,369
Marion,982,"President, 4-Year Term",candidate,Robert F Kennedy Jr / Nicole Shanahan,0
Marion,982,"President, 4-Year Term",candidate,Cornel West,0
Marion,982,"President, 4-Year Term",candidate,Chase Oliver / Mike ter Maat,0
Marion,982,"President, 4-Year Term",candidate,Randall Terry,0
Marion,982,"President, 4-Year Term",candidate,Donald J Trump / JD Vance,0
Marion,982,"President, 4-Year Term",candidate,Jill Stein / Rudolph Ware,0
Marion,982,"President, 4-Year Term",candidate,Kamala D Harris / Tim Walz,0
Marion,982,"President, 4-Year Term",writein,,0
Marion,982,"President, 4-Year Term",undervotes,,0
Marion,982,"President, 4-Year Term",overvotes,,0
Marion,982,"President, 4-Year Term",ballots_cast,,0
Marion,982,"President, 4-Year Term",registered,,0
Marion,983,"President, 4-Year Term",candidate,Robert F Kennedy Jr / Nicole Shanahan,0
Marion,983,"President, 4-Year Term",candidate,Cornel West,0
Marion,983,"President, 4-Year Term",candidate,Chase Oliver / Mike ter Maat,0
Marion,983,"President, 4-Year Term",candidate,Randall Terry,0
Marion,983,"President, 4-Year Term",candidate,Donald J Trump / JD Vance,0
Marion,983,"President, 4-Year Term",candidate,Jill Stein / Rudolph Ware,0
Marion,983,"President, 4-Year Term",candidate,Kamala D Harris / Tim Walz,0
Marion,983,"President, 4-Year Term",writein,,0
Marion,983,"President, 4-Year Term",undervotes,,0
Marion,983,"President, 4-Year Term",overvotes,,0
Marion,983,"President, 4-Year Term",ballots_cast,,0
Marion,983,"President, 4-Year Term",registered,,0
Marion,324,"State Senator, 9th District, 4-Year Term",candidate,Fred Frank Girod,25
Marion,324,"State Senator, 9th District, 4-Year Term",candidate,Mike Ashland,48
Marion,324,"State Senator, 9th District, 4-Year Term",writein,,0
Marion,324,"State Senator, 9th District, 4-Year Term",undervotes,,12
Marion,324,"State Senator, 9th District, 4-Year Term",overvotes,,0
Marion,324,"State Senator, 9th District, 4-Year Term",ballots_cast,,85
Marion,324,"State Senator, 9th District, 4-Year Term",registered,,185
Marion,325,"State Senator, 9th District, 4-Year Term",candidate,Fred Frank Girod,0
Marion,325,"State Senator, 9th District, 4-Year Term",candidate,Mike Ashland,0
Marion,325,"State Senator, 9th District, 4-Year Term",writein,,0
Marion,325,"State Senator, 9th District, 4-Year Term",undervotes,,0
Marion,325,"State Senator, 9th District, 4-Year Term",overvotes,,0
Marion,325,"State Senator, 9th District, 4-Year Term",ballots_cast,,0
Marion,325,"State Senator, 9th District, 4-Year Term",registered,,0
Marion,333,"State Senator, 9th District, 4-Year Term",candidate,Fred Frank Girod,581
Marion,333,"State Senator, 9th District, 4-Year Term",candidate,Mike Ashland,448
Marion,333,"State Senator, 9th District, 4-Year Term",writein,,0
Marion,333,"State Senator, 9th District, 4-Year Term",undervotes,,102
Marion,333,"State Senator, 9th District, 4-Year Term",overvotes,,1
Marion,333,"State Senator, 9th District, 4-Year Term",ballots_cast,,1132
Marion,333,"State Senator, 9th District, 4-Year Term",registered,,1789
Marion,343,"State Senator, 9th District, 4-Year Term",candidate,Fred Frank Girod,445
Marion,343,"State Senator, 9th District, 4-Year Term",candidate,Mike Ashland,403
Marion,343,"State Senator, 9th District, 4-Year Term",writein,,0
Marion,343,"State Senator, 9th District, 4-Year Term",undervotes,,72
Marion,343,"State Senator, 9th District, 4-Year Term",overvotes,,0
Marion,343,"State Senator, 9th District, 4-Year Term",ballots_cast,,920
Marion,343,"State Senator, 9th District, 4-Year Term",registered,,1127
Marion,351,"State Senator, 9th District, 4-Year Term",candidate,Fred Frank Girod,463
Marion,351,"State Senator, 9th District, 4-Year Term",candidate,Mike Ashland,415
Marion,351,"State Senator, 9th District, 4-Year Term",writein,,0
Marion,351,"State Senator, 9th District, 4-Year Term",undervotes,,73
Marion,351,"State Senator, 9th District, 4-Year Term",overvotes,,1
Marion,351,"State Senator, 9th District, 4-Year Term",ballots_cast,,952
Marion,351,"State Senator, 9th District, 4-Year Term",registered,,1472
Marion,353,"State Senator, 9th District, 4-Year Term",candidate,Fred Frank Girod,60
Marion,353,"State Senator, 9th District, 4-Year Term",candidate,Mike Ashland,56
Marion,353,"State Senator, 9th District, 4-Year Term",writein,,0
Marion,353,"State Senator, 9th District, 4-Year Term",undervotes,,15
Marion,353,"State Senator, 9th District, 4-Year Term",overvotes,,0
Marion,353,"State Senator, 9th District, 4-Year Term",ballots_cast,,131
Marion,353,"State Senator, 9th District, 4-Year Term",registered,,193
Marion,363,"State Senator, 9th District, 4-Year Term",candidate,Fred Frank Girod,1396
Marion,363,"State Senator, 9th District, 4-Year Term",candidate,Mike Ashland,1354
Marion,363,"State Senator, 9th District, 4-Year Term",writein,,5
Marion,363,"State Senator, 9th District, 4-Year Term",undervotes,,278
Marion,363,"State Senator, 9th District, 4-Year Term",overvotes,,2
Marion,363,"State Senator, 9th District, 4-Year Term",ballots_cast,,3035
Marion,363,"State Senator, 9th District, 4-Year Term",registered,,4955
Marion,505,"State Senator, 9th District, 4-Year Term",candidate,Fred Frank Girod,189
Marion,505,"State Senator, 9th District, 4-Year Term",candidate,Mike Ashland,74
Marion,505,"State Senator, 9th District, 4-Year Term",writein,,0
Marion,505,"State Senator, 9th District, 4-Year Term",undervotes,,19
Marion,505,"State Senator, 9th District, 4-Year Term",overvotes,,0
Marion,505,"State Senator, 9th District, 4-Year Term",ballots_cast,,282
Marion,505,"State Senator, 9th District, 4-Year Term",registered,,340
Marion,515,"State Senator, 9th District, 4-Year Term",candidate,Fred Frank Girod,349
Marion,515,"State Senator, 9th District, 4-Year Term",candidate,Mike Ashland,197
Marion,515,"State Senator, 9th District, 4-Year Term",writein,,0
Marion,515,"State Senator, 9th District, 4-Year Term",undervotes,,45
Marion,515,"State Senator, 9th District, 4-Year Term",overvotes,,0
Marion,515,"State Senator, 9th District, 4-Year Term",ballots_cast,,591
Marion,515,"State Senator, 9th District, 4-Year Term",registered,,786
Marion,525,"State Senator, 9th District, 4-Year Term",candidate,Fred Frank Girod,422
Marion,525,"State Senator, 9th District, 4-Year Term",candidate,Mike Ashland,272
Marion,525,"State Senator, 9th District, 4-Year Term",writein,,0
Marion,525,"State Senator, 9th District, 4-Year Term",undervotes,,36
Marion,525,"State Senator, 9th District, 4-Year Term",overvotes,,2
Marion,525,"State Senator, 9th District, 4-Year Term",ballots_cast,,732
Marion,525,"State Senator, 9th District, 4-Year Term",registered,,895
Marion,535,"State Senator, 9th District, 4-Year Term",candidate,Fred Frank Girod,816
Marion,535,"State Senator, 9th District, 4-Year Term",candidate,Mike Ashland,483
Marion,535,"State Senator, 9th District, 4-Year Term",writein,,0
Marion,535,"State Senator, 9th District, 4-Year Term",undervotes,,94
Marion,535,"State Senator, 9th District, 4-Year Term",overvotes,,2
Marion,535,"State Senator, 9th District, 4-Year Term",ballots_cast,,1395
Marion,535,"State Senator, 9th District, 4-Year Term",registered,,2102
Marion,555,"State Senator, 9th District, 4-Year Term",candidate,Fred Frank Girod,1100
Marion,555,"State Senator, 9th District, 4-Year Term",candidate,Mike Ashland,568
Marion,555,"State Senator, 9th District, 4-Year Term",writein,,0
Marion,555,"State Senator, 9th District, 4-Year Term",undervotes,,91
Marion,555,"State Senator, 9th District, 4-Year Term",overvotes,,0
Marion,555,"State Senator, 9th District, 4-Year Term",ballots_cast,,1759
Marion,555,"State Senator, 9th District, 4-Year Term",registered,,2404
Marion,579,"State Senator, 9th District, 4-Year Term",candidate,Fred Frank Girod,108
Marion,579,"State Senator, 9th District, 4-Year Term",candidate,Mike Ashland,40
Marion,579,"State Senator, 9th District, 4-Year Term",writein,,0
Marion,579,"State Senator, 9th District, 4-Year Term",undervotes,,11
Marion,579,"State Senator, 9th District, 4-Year Term",overvotes,,0
Marion,579,"State Senator, 9th District, 4-Year Term",ballots_cast,,159
Marion,579,"State Senator, 9th District, 4-Year Term",registered,,219
Marion,580,"State Senator, 9th District, 4-Year Term",candidate,Fred Frank Girod,607
Marion,580,"State Senator, 9th District, 4-Year Term",candidate,Mike Ashland,171
Marion,580,"State Senator, 9th District, 4-Year Term",writein,,0
Marion,580,"State Senator, 9th District, 4-Year Term",undervotes,,57
Marion,580,"State Senator, 9th District, 4-Year Term",overvotes,,0
Marion,580,"State Senator, 9th District, 4-Year Term",ballots_cast,,835
Marion,580,"State Senator, 9th District, 4-Year Term",registered,,1121
Marion,581,"State Senator, 9th District, 4-Year Term",candidate,Fred Frank Girod,1405
Marion,581,"State Senator, 9th District, 4-Year Term",candidate,Mike Ashland,617
Marion,581,"State Senator, 9th District, 4-Year Term",writein,,5
Marion,581,"State Senator, 9th District, 4-Year Term",undervotes,,188
Marion,581,"State Senator, 9th District, 4-Year Term",overvotes,,2
Marion,581,"State Senator, 9th District, 4-Year Term",ballots_cast,,2217
Marion,581,"State Senator, 9th District, 4-Year Term",registered,,3070
Marion,583,"State Senator, 9th District, 4-Year Term",candidate,Fred Frank Girod,807
Marion,583,"State Senator, 9th District, 4-Year Term",candidate,Mike Ashland,213
Marion,583,"State Senator, 9th District, 4-Year Term",writein,,1
Marion,583,"State Senator, 9th District, 4-Year Term",undervotes,,59
Marion,583,"State Senator, 9th District, 4-Year Term",overvotes,,0
Marion,583,"State Senator, 9th District, 4-Year Term",ballots_cast,,1080
Marion,583,"State Senator, 9th District, 4-Year Term",registered,,1498
Marion,586,"State Senator, 9th District, 4-Year Term",candidate,Fred Frank Girod,238
Marion,586,"State Senator, 9th District, 4-Year Term",candidate,Mike Ashland,69
Marion,586,"State Senator, 9th District, 4-Year Term",writein,,0
Marion,586,"State Senator, 9th District, 4-Year Term",undervotes,,22
Marion,586,"State Senator, 9th District, 4-Year Term",overvotes,,0
Marion,586,"State Senator, 9th District, 4-Year Term",ballots_cast,,329
Marion,586,"State Senator, 9th District, 4-Year Term",registered,,447
Marion,587,"State Senator, 9th District, 4-Year Term",candidate,Fred Frank Girod,70
Marion,587,"State Senator, 9th District, 4-Year Term",candidate,Mike Ashland,7
Marion,587,"State Senator, 9th District, 4-Year Term",writein,,0
Marion,587,"State Senator, 9th District, 4-Year Term",undervotes,,1
Marion,587,"State Senator, 9th District, 4-Year Term",overvotes,,0
Marion,587,"State Senator, 9th District, 4-Year Term",ballots_cast,,78
Marion,587,"State Senator, 9th District, 4-Year Term",registered,,91
Marion,590,"State Senator, 9th District, 4-Year Term",candidate,Fred Frank Girod,596
Marion,590,"State Senator, 9th District, 4-Year Term",candidate,Mike Ashland,139
Marion,590,"State Senator, 9th District, 4-Year Term",writein,,1
Marion,590,"State Senator, 9th District, 4-Year Term",undervotes,,45
Marion,590,"State Senator, 9th District, 4-Year Term",overvotes,,0
Marion,590,"State Senator, 9th District, 4-Year Term",ballots_cast,,781
Marion,590,"State Senator, 9th District, 4-Year Term",registered,,1017
Marion,591,"State Senator, 9th District, 4-Year Term",candidate,Fred Frank Girod,350
Marion,591,"State Senator, 9th District, 4-Year Term",candidate,Mike Ashland,151
Marion,591,"State Senator, 9th District, 4-Year Term",writein,,1
Marion,591,"State Senator, 9th District, 4-Year Term",undervotes,,25
Marion,591,"State Senator, 9th District, 4-Year Term",overvotes,,0
Marion,591,"State Senator, 9th District, 4-Year Term",ballots_cast,,527
Marion,591,"State Senator, 9th District, 4-Year Term",registered,,865
Marion,615,"State Senator, 9th District, 4-Year Term",candidate,Fred Frank Girod,166
Marion,615,"State Senator, 9th District, 4-Year Term",candidate,Mike Ashland,47
Marion,615,"State Senator, 9th District, 4-Year Term",writein,,0
Marion,615,"State Senator, 9th District, 4-Year Term",undervotes,,18
Marion,615,"State Senator, 9th District, 4-Year Term",overvotes,,0
Marion,615,"State Senator, 9th District, 4-Year Term",ballots_cast,,231
Marion,615,"State Senator, 9th District, 4-Year Term",registered,,302
Marion,625,"State Senator, 9th District, 4-Year Term",candidate,Fred Frank Girod,1259
Marion,625,"State Senator, 9th District, 4-Year Term",candidate,Mike Ashland,992
Marion,625,"State Senator, 9th District, 4-Year Term",writein,,4
Marion,625,"State Senator, 9th District, 4-Year Term",undervotes,,163
Marion,625,"State Senator, 9th District, 4-Year Term",overvotes,,0
Marion,625,"State Senator, 9th District, 4-Year Term",ballots_cast,,2418
Marion,625,"State Senator, 9th District, 4-Year Term",registered,,3242
Marion,635,"State Senator, 9th District, 4-Year Term",candidate,Fred Frank Girod,1750
Marion,635,"State Senator, 9th District, 4-Year Term",candidate,Mike Ashland,1556
Marion,635,"State Senator, 9th District, 4-Year Term",writein,,5
Marion,635,"State Senator, 9th District, 4-Year Term",undervotes,,256
Marion,635,"State Senator, 9th District, 4-Year Term",overvotes,,0
Marion,635,"State Senator, 9th District, 4-Year Term",ballots_cast,,3567
Marion,635,"State Senator, 9th District, 4-Year Term",registered,,4422
Marion,645,"State Senator, 9th District, 4-Year Term",candidate,Fred Frank Girod,1434
Marion,645,"State Senator, 9th District, 4-Year Term",candidate,Mike Ashland,498
Marion,645,"State Senator, 9th District, 4-Year Term",writein,,0
Marion,645,"State Senator, 9th District, 4-Year Term",undervotes,,118
Marion,645,"State Senator, 9th District, 4-Year Term",overvotes,,0
Marion,645,"State Senator, 9th District, 4-Year Term",ballots_cast,,2050
Marion,645,"State Senator, 9th District, 4-Year Term",registered,,2547
Marion,655,"State Senator, 9th District, 4-Year Term",candidate,Fred Frank Girod,2759
Marion,655,"State Senator, 9th District, 4-Year Term",candidate,Mike Ashland,1114
Marion,655,"State Senator, 9th District, 4-Year Term",writein,,8
Marion,655,"State Senator, 9th District, 4-Year Term",undervotes,,278
Marion,655,"State Senator, 9th District, 4-Year Term",overvotes,,0
Marion,655,"State Senator, 9th District, 4-Year Term",ballots_cast,,4159
Marion,655,"State Senator, 9th District, 4-Year Term",registered,,5900
Marion,674,"State Senator, 9th District, 4-Year Term",candidate,Fred Frank Girod,822
Marion,674,"State Senator, 9th District, 4-Year Term",candidate,Mike Ashland,218
Marion,674,"State Senator, 9th District, 4-Year Term",writein,,1
Marion,674,"State Senator, 9th District, 4-Year Term",undervotes,,52
Marion,674,"State Senator, 9th District, 4-Year Term",overvotes,,0
Marion,674,"State Senator, 9th District, 4-Year Term",ballots_cast,,1093
Marion,674,"State Senator, 9th District, 4-Year Term",registered,,1438
Marion,676,"State Senator, 9th District, 4-Year Term",candidate,Fred Frank Girod,246
Marion,676,"State Senator, 9th District, 4-Year Term",candidate,Mike Ashland,137
Marion,676,"State Senator, 9th District, 4-Year Term",writein,,1
Marion,676,"State Senator, 9th District, 4-Year Term",undervotes,,32
Marion,676,"State Senator, 9th District, 4-Year Term",overvotes,,0
Marion,676,"State Senator, 9th District, 4-Year Term",ballots_cast,,416
Marion,676,"State Senator, 9th District, 4-Year Term",registered,,509
Marion,677,"State Senator, 9th District, 4-Year Term",candidate,Fred Frank Girod,180
Marion,677,"State Senator, 9th District, 4-Year Term",candidate,Mike Ashland,88
Marion,677,"State Senator, 9th District, 4-Year Term",writein,,1
Marion,677,"State Senator, 9th District, 4-Year Term",undervotes,,22
Marion,677,"State Senator, 9th District, 4-Year Term",overvotes,,0
Marion,677,"State Senator, 9th District, 4-Year Term",ballots_cast,,291
Marion,677,"State Senator, 9th District, 4-Year Term",registered,,409
Marion,678,"State Senator, 9th District, 4-Year Term",candidate,Fred Frank Girod,150
Marion,678,"State Senator, 9th District, 4-Year Term",candidate,Mike Ashland,86
Marion,678,"State Senator, 9th District, 4-Year Term",writein,,0
Marion,678,"State Senator, 9th District, 4-Year Term",undervotes,,20
Marion,678,"State Senator, 9th District, 4-Year Term",overvotes,,0
Marion,678,"State Senator, 9th District, 4-Year Term",ballots_cast,,256
Marion,678,"State Senator, 9th District, 4-Year Term",registered,,376
Marion,679,"State Senator, 9th District, 4-Year Term",candidate,Fred Frank Girod,857
Marion,679,"State Senator, 9th District, 4-Year Term",candidate,Mike Ashland,211
Marion,679,"State Senator, 9th District, 4-Year Term",writein,,1
Marion,679,"State Senator, 9th District, 4-Year Term",undervotes,,67
Marion,679,"State Senator, 9th District, 4-Year Term",overvotes,,0
Marion,679,"State Senator, 9th District, 4-Year Term",ballots_cast,,1136
Marion,679,"State Senator, 9th District, 4-Year Term",registered,,1369
Marion,680,"State Senator, 9th District, 4-Year Term",candidate,Fred Frank Girod,202
Marion,680,"State Senator, 9th District, 4-Year Term",candidate,Mike Ashland,58
Marion,680,"State Senator, 9th District, 4-Year Term",writein,,0
Marion,680,"State Senator, 9th District, 4-Year Term",undervotes,,13
Marion,680,"State Senator, 9th District, 4-Year Term",overvotes,,0
Marion,680,"State Senator, 9th District, 4-Year Term",ballots_cast,,273
Marion,680,"State Senator, 9th District, 4-Year Term",registered,,364
Marion,681,"State Senator, 9th District, 4-Year Term",candidate,Fred Frank Girod,1192
Marion,681,"State Senator, 9th District, 4-Year Term",candidate,Mike Ashland,484
Marion,681,"State Senator, 9th District, 4-Year Term",writein,,0
Marion,681,"State Senator, 9th District, 4-Year Term",undervotes,,118
Marion,681,"State Senator, 9th District, 4-Year Term",overvotes,,0
Marion,681,"State Senator, 9th District, 4-Year Term",ballots_cast,,1794
Marion,681,"State Senator, 9th District, 4-Year Term",registered,,2166
Marion,682,"State Senator, 9th District, 4-Year Term",candidate,Fred Frank Girod,1819
Marion,682,"State Senator, 9th District, 4-Year Term",candidate,Mike Ashland,802
Marion,682,"State Senator, 9th District, 4-Year Term",writein,,0
Marion,682,"State Senator, 9th District, 4-Year Term",undervotes,,164
Marion,682,"State Senator, 9th District, 4-Year Term",overvotes,,0
Marion,682,"State Senator, 9th District, 4-Year Term",ballots_cast,,2785
Marion,682,"State Senator, 9th District, 4-Year Term",registered,,3567
Marion,683,"State Senator, 9th District, 4-Year Term",candidate,Fred Frank Girod,871
Marion,683,"State Senator, 9th District, 4-Year Term",candidate,Mike Ashland,218
Marion,683,"State Senator, 9th District, 4-Year Term",writein,,2
Marion,683,"State Senator, 9th District, 4-Year Term",undervotes,,62
Marion,683,"State Senator, 9th District, 4-Year Term",overvotes,,0
Marion,683,"State Senator, 9th District, 4-Year Term",ballots_cast,,1153
Marion,683,"State Senator, 9th District, 4-Year Term",registered,,1443
Marion,684,"State Senator, 9th District, 4-Year Term",candidate,Fred Frank Girod,284
Marion,684,"State Senator, 9th District, 4-Year Term",candidate,Mike Ashland,104
Marion,684,"State Senator, 9th District, 4-Year Term",writein,,0
Marion,684,"State Senator, 9th District, 4-Year Term",undervotes,,22
Marion,684,"State Senator, 9th District, 4-Year Term",overvotes,,0
Marion,684,"State Senator, 9th District, 4-Year Term",ballots_cast,,410
Marion,684,"State Senator, 9th District, 4-Year Term",registered,,533
Marion,686,"State Senator, 9th District, 4-Year Term",candidate,Fred Frank Girod,108
Marion,686,"State Senator, 9th District, 4-Year Term",candidate,Mike Ashland,34
Marion,686,"State Senator, 9th District, 4-Year Term",writein,,0
Marion,686,"State Senator, 9th District, 4-Year Term",undervotes,,14
Marion,686,"State Senator, 9th District, 4-Year Term",overvotes,,0
Marion,686,"State Senator, 9th District, 4-Year Term",ballots_cast,,156
Marion,686,"State Senator, 9th District, 4-Year Term",registered,,196
Marion,687,"State Senator, 9th District, 4-Year Term",candidate,Fred Frank Girod,69
Marion,687,"State Senator, 9th District, 4-Year Term",candidate,Mike Ashland,28
Marion,687,"State Senator, 9th District, 4-Year Term",writein,,0
Marion,687,"State Senator, 9th District, 4-Year Term",undervotes,,9
Marion,687,"State Senator, 9th District, 4-Year Term",overvotes,,0
Marion,687,"State Senator, 9th District, 4-Year Term",ballots_cast,,106
Marion,687,"State Senator, 9th District, 4-Year Term",registered,,137
Marion,688,"State Senator, 9th District, 4-Year Term",candidate,Fred Frank Girod,360
Marion,688,"State Senator, 9th District, 4-Year Term",candidate,Mike Ashland,142
Marion,688,"State Senator, 9th District, 4-Year Term",writein,,0
Marion,688,"State Senator, 9th District, 4-Year Term",undervotes,,36
Marion,688,"State Senator, 9th District, 4-Year Term",overvotes,,0
Marion,688,"State Senator, 9th District, 4-Year Term",ballots_cast,,538
Marion,688,"State Senator, 9th District, 4-Year Term",registered,,666
Marion,689,"State Senator, 9th District, 4-Year Term",candidate,Fred Frank Girod,11
Marion,689,"State Senator, 9th District, 4-Year Term",candidate,Mike Ashland,1
Marion,689,"State Senator, 9th District, 4-Year Term",writein,,0
Marion,689,"State Senator, 9th District, 4-Year Term",undervotes,,0
Marion,689,"State Senator, 9th District, 4-Year Term",overvotes,,0
Marion,689,"State Senator, 9th District, 4-Year Term",ballots_cast,,12
Marion,689,"State Senator, 9th District, 4-Year Term",registered,,13
Marion,691,"State Senator, 9th District, 4-Year Term",candidate,Fred Frank Girod,1952
Marion,691,"State Senator, 9th District, 4-Year Term",candidate,Mike Ashland,1568
Marion,691,"State Senator, 9th District, 4-Year Term",writein,,7
Marion,691,"State Senator, 9th District, 4-Year Term",undervotes,,359
Marion,691,"State Senator, 9th District, 4-Year Term",overvotes,,1
Marion,691,"State Senator, 9th District, 4-Year Term",ballots_cast,,3887
Marion,691,"State Senator, 9th District, 4-Year Term",registered,,5863
Marion,692,"State Senator, 9th District, 4-Year Term",candidate,Fred Frank Girod,37
Marion,692,"State Senator, 9th District, 4-Year Term",candidate,Mike Ashland,11
Marion,692,"State Senator, 9th District, 4-Year Term",writein,,0
Marion,692,"State Senator, 9th District, 4-Year Term",undervotes,,2
Marion,692,"State Senator, 9th District, 4-Year Term",overvotes,,0
Marion,692,"State Senator, 9th District, 4-Year Term",ballots_cast,,50
Marion,692,"State Senator, 9th District, 4-Year Term",registered,,73
Marion,694,"State Senator, 9th District, 4-Year Term",candidate,Fred Frank Girod,0
Marion,694,"State Senator, 9th District, 4-Year Term",candidate,Mike Ashland,3
Marion,694,"State Senator, 9th District, 4-Year Term",writein,,0
Marion,694,"State Senator, 9th District, 4-Year Term",undervotes,,0
Marion,694,"State Senator, 9th District, 4-Year Term",overvotes,,0
Marion,694,"State Senator, 9th District, 4-Year Term",ballots_cast,,3
Marion,694,"State Senator, 9th District, 4-Year Term",registered,,3
Marion,696,"State Senator, 9th District, 4-Year Term",candidate,Fred Frank Girod,56
Marion,696,"State Senator, 9th District, 4-Year Term",candidate,Mike Ashland,31
Marion,696,"State Senator, 9th District, 4-Year Term",writein,,0
Marion,696,"State Senator, 9th District, 4-Year Term",undervotes,,14
Marion,696,"State Senator, 9th District, 4-Year Term",overvotes,,0
Marion,696,"State Senator, 9th District, 4-Year Term",ballots_cast,,101
Marion,696,"State Senator, 9th District, 4-Year Term",registered,,187
Marion,698,"State Senator, 9th District, 4-Year Term",candidate,Fred Frank Girod,578
Marion,698,"State Senator, 9th District, 4-Year Term",candidate,Mike Ashland,239
Marion,698,"State Senator, 9th District, 4-Year Term",writein,,7
Marion,698,"State Senator, 9th District, 4-Year Term",undervotes,,58
Marion,698,"State Senator, 9th District, 4-Year Term",overvotes,,0
Marion,698,"State Senator, 9th District, 4-Year Term",ballots_cast,,882
Marion,698,"State Senator, 9th District, 4-Year Term",registered,,1174
Marion,705,"State Senator, 9th District, 4-Year Term",candidate,Fred Frank Girod,1140
Marion,705,"State Senator, 9th District, 4-Year Term",candidate,Mike Ashland,409
Marion,705,"State Senator, 9th District, 4-Year Term",writein,,3
Marion,705,"State Senator, 9th District, 4-Year Term",undervotes,,129
Marion,705,"State Senator, 9th District, 4-Year Term",overvotes,,0
Marion,705,"State Senator, 9th District, 4-Year Term",ballots_cast,,1681
Marion,705,"State Senator, 9th District, 4-Year Term",registered,,2201
Marion,715,"State Senator, 9th District, 4-Year Term",candidate,Fred Frank Girod,1327
Marion,715,"State Senator, 9th District, 4-Year Term",candidate,Mike Ashland,490
Marion,715,"State Senator, 9th District, 4-Year Term",writein,,2
Marion,715,"State Senator, 9th District, 4-Year Term",undervotes,,155
Marion,715,"State Senator, 9th District, 4-Year Term",overvotes,,0
Marion,715,"State Senator, 9th District, 4-Year Term",ballots_cast,,1974
Marion,715,"State Senator, 9th District, 4-Year Term",registered,,2923
Marion,781,"State Senator, 9th District, 4-Year Term",candidate,Fred Frank Girod,289
Marion,781,"State Senator, 9th District, 4-Year Term",candidate,Mike Ashland,202
Marion,781,"State Senator, 9th District, 4-Year Term",writein,,0
Marion,781,"State Senator, 9th District, 4-Year Term",undervotes,,45
Marion,781,"State Senator, 9th District, 4-Year Term",overvotes,,0
Marion,781,"State Senator, 9th District, 4-Year Term",ballots_cast,,536
Marion,781,"State Senator, 9th District, 4-Year Term",registered,,652
Marion,783,"State Senator, 9th District, 4-Year Term",candidate,Fred Frank Girod,338
Marion,783,"State Senator, 9th District, 4-Year Term",candidate,Mike Ashland,152
Marion,783,"State Senator, 9th District, 4-Year Term",writein,,0
Marion,783,"State Senator, 9th District, 4-Year Term",undervotes,,52
Marion,783,"State Senator, 9th District, 4-Year Term",overvotes,,0
Marion,783,"State Senator, 9th District, 4-Year Term",ballots_cast,,542
Marion,783,"State Senator, 9th District, 4-Year Term",registered,,686
Marion,786,"State Senator, 9th District, 4-Year Term",candidate,Fred Frank Girod,181
Marion,786,"State Senator, 9th District, 4-Year Term",candidate,Mike Ashland,32
Marion,786,"State Senator, 9th District, 4-Year Term",writein,,0
Marion,786,"State Senator, 9th District, 4-Year Term",undervotes,,14
Marion,786,"State Senator, 9th District, 4-Year Term",overvotes,,0
Marion,786,"State Senator, 9th District, 4-Year Term",ballots_cast,,227
Marion,786,"State Senator, 9th District, 4-Year Term",registered,,297
Marion,787,"State Senator, 9th District, 4-Year Term",candidate,Fred Frank Girod,1092
Marion,787,"State Senator, 9th District, 4-Year Term",candidate,Mike Ashland,392
Marion,787,"State Senator, 9th District, 4-Year Term",writein,,2
Marion,787,"State Senator, 9th District, 4-Year Term",undervotes,,116
Marion,787,"State Senator, 9th District, 4-Year Term",overvotes,,0
Marion,787,"State Senator, 9th District, 4-Year Term",ballots_cast,,1602
Marion,787,"State Senator, 9th District, 4-Year Term",registered,,1973
Marion,789,"State Senator, 9th District, 4-Year Term",candidate,Fred Frank Girod,1786
Marion,789,"State Senator, 9th District, 4-Year Term",candidate,Mike Ashland,667
Marion,789,"State Senator, 9th District, 4-Year Term",writein,,5
Marion,789,"State Senator, 9th District, 4-Year Term",undervotes,,163
Marion,789,"State Senator, 9th District, 4-Year Term",overvotes,,0
Marion,789,"State Senator, 9th District, 4-Year Term",ballots_cast,,2621
Marion,789,"State Senator, 9th District, 4-Year Term",registered,,3378
Marion,790,"State Senator, 9th District, 4-Year Term",candidate,Fred Frank Girod,228
Marion,790,"State Senator, 9th District, 4-Year Term",candidate,Mike Ashland,40
Marion,790,"State Senator, 9th District, 4-Year Term",writein,,1
Marion,790,"State Senator, 9th District, 4-Year Term",undervotes,,23
Marion,790,"State Senator, 9th District, 4-Year Term",overvotes,,0
Marion,790,"State Senator, 9th District, 4-Year Term",ballots_cast,,292
Marion,790,"State Senator, 9th District, 4-Year Term",registered,,390
Marion,837,"State Senator, 9th District, 4-Year Term",candidate,Fred Frank Girod,0
Marion,837,"State Senator, 9th District, 4-Year Term",candidate,Mike Ashland,0
Marion,837,"State Senator, 9th District, 4-Year Term",writein,,0
Marion,837,"State Senator, 9th District, 4-Year Term",undervotes,,0
Marion,837,"State Senator, 9th District, 4-Year Term",overvotes,,0
Marion,837,"State Senator, 9th District, 4-Year Term",ballots_cast,,0
Marion,837,"State Senator, 9th District, 4-Year Term",registered,,0
Marion,905,"State Senator, 9th District, 4-Year Term",candidate,Fred Frank Girod,124
Marion,905,"State Senator, 9th District, 4-Year Term",candidate,Mike Ashland,25
Marion,905,"State Senator, 9th District, 4-Year Term",writein,,0
Marion,905,"State Senator, 9th District, 4-Year Term",undervotes,,10
Marion,905,"State Senator, 9th District, 4-Year Term",overvotes,,0
Marion,905,"State Senator, 9th District, 4-Year Term",ballots_cast,,159
Marion,905,"State Senator, 9th District, 4-Year Term",registered,,252
Marion,915,"State Senator, 9th District, 4-Year Term",candidate,Fred Frank Girod,174
Marion,915,"State Senator, 9th District, 4-Year Term",candidate,Mike Ashland,49
Marion,915,"State Senator, 9th District, 4-Year Term",writein,,0
Marion,915,"State Senator, 9th District, 4-Year Term",undervotes,,14
Marion,915,"State Senator, 9th District, 4-Year Term",overvotes,,0
Marion,915,"State Senator, 9th District, 4-Year Term",ballots_cast,,237
Marion,915,"State Senator, 9th District, 4-Year Term",registered,,353
Marion,925,"State Senator, 9th District, 4-Year Term",candidate,Fred Frank Girod,120
Marion,925,"State Senator, 9th District, 4-Year Term",candidate,Mike Ashland,33
Marion,925,"State Senator, 9th District, 4-Year Term",writein,,0
Marion,925,"State Senator, 9th District, 4-Year Term",undervotes,,13
Marion,925,"State Senator, 9th District, 4-Year Term",overvotes,,0
Marion,925,"State Senator, 9th District, 4-Year Term",ballots_cast,,166
Marion,925,"State Senator, 9th District, 4-Year Term",registered,,201
Marion,935,"State Senator, 9th District, 4-Year Term",candidate,Fred Frank Girod,32
Marion,935,"State Senator, 9th District, 4-Year Term",candidate,Mike Ashland,11
Marion,935,"State Senator, 9th District, 4-Year Term",writein,,0
Marion,935,"State Senator, 9th District, 4-Year Term",undervotes,,2
Marion,935,"State Senator, 9th District, 4-Year Term",overvotes,,0
Marion,935,"State Senator, 9th District, 4-Year Term",ballots_cast,,45
Marion,935,"State Senator, 9th District, 4-Year Term",registered,,60
Marion,981,"State Senator, 9th District, 4-Year Term",candidate,Fred Frank Girod,200
Marion,981,"State Senator, 9th District, 4-Year Term",candidate,Mike Ashland,70
Marion,981,"State Senator, 9th District, 4-Year Term",writein,,0
Marion,981,"State Senator, 9th District, 4-Year Term",undervotes,,12
Marion,981,"State Senator, 9th District, 4-Year Term",overvotes,,0
Marion,981,"State Senator, 9th District, 4-Year Term",ballots_cast,,282
Marion,981,"State Senator, 9th District, 4-Year Term",registered,,369
Marion,982,"State Senator, 29th District, 4-Year Term",candidate,Tania Wildbill,0
Marion,982,"State Senator, 29th District, 4-Year Term",candidate,Todd Nash,0
Marion,982,"State Senator, 29th District, 4-Year Term",undervotes,,0
Marion,982,"State Senator, 29th District, 4-Year Term",overvotes,,0
Marion,982,"State Senator, 29th District, 4-Year Term",ballots_cast,,0
Marion,982,"State Senator, 29th District, 4-Year Term",registered,,0
Marion,983,"State Senator, 29th District, 4-Year Term",candidate,Tania Wildbill,0
Marion,983,"State Senator, 29th District, 4-Year Term",candidate,Todd Nash,0
Marion,983,"State Senator, 29th District, 4-Year Term",undervotes,,0
Marion,983,"State Senator, 29th District, 4-Year Term",overvotes,,0
Marion,983,"State Senator, 29th District, 4-Year Term",ballots_cast,,0
Marion,983,"State Senator, 29th District, 4-Year Term",registered,,0
Marion,725,"State Representative, 11th District 2-Year Term",candidate,Ivan Maluski,450
Marion,725,"State Representative, 11th District 2-Year Term",candidate,Jami Cate,964
Marion,725,"State Representative, 11th District 2-Year Term",writein,,8
Marion,725,"State Representative, 11th District 2-Year Term",undervotes,,222
Marion,725,"State Representative, 11th District 2-Year Term",overvotes,,0
Marion,725,"State Representative, 11th District 2-Year Term",ballots_cast,,1644
Marion,725,"State Representative, 11th District 2-Year Term",registered,,2390
Marion,791,"State Representative, 11th District 2-Year Term",candidate,Ivan Maluski,205
Marion,791,"State Representative, 11th District 2-Year Term",candidate,Jami Cate,642
Marion,791,"State Representative, 11th District 2-Year Term",writein,,2
Marion,791,"State Representative, 11th District 2-Year Term",undervotes,,120
Marion,791,"State Representative, 11th District 2-Year Term",overvotes,,0
Marion,791,"State Representative, 11th District 2-Year Term",ballots_cast,,969
Marion,791,"State Representative, 11th District 2-Year Term",registered,,1293
Marion,779,"State Representative, 15th District 2-Year Term",candidate,Terrence Virnig,420
Marion,779,"State Representative, 15th District 2-Year Term",candidate,Shelly Boshart Davis,752
Marion,779,"State Representative, 15th District 2-Year Term",writein,,1
Marion,779,"State Representative, 15th District 2-Year Term",undervotes,,94
Marion,779,"State Representative, 15th District 2-Year Term",overvotes,,0
Marion,779,"State Representative, 15th District 2-Year Term",ballots_cast,,1267
Marion,779,"State Representative, 15th District 2-Year Term",registered,,1519
Marion,782,"State Representative, 15th District 2-Year Term",candidate,Terrence Virnig,47
Marion,782,"State Representative, 15th District 2-Year Term",candidate,Shelly Boshart Davis,42
Marion,782,"State Representative, 15th District 2-Year Term",writein,,0
Marion,782,"State Representative, 15th District 2-Year Term",undervotes,,4
Marion,782,"State Representative, 15th District 2-Year Term",overvotes,,0
Marion,782,"State Representative, 15th District 2-Year Term",ballots_cast,,93
Marion,782,"State Representative, 15th District 2-Year Term",registered,,132
Marion,788,"State Representative, 15th District 2-Year Term",candidate,Terrence Virnig,349
Marion,788,"State Representative, 15th District 2-Year Term",candidate,Shelly Boshart Davis,1041
Marion,788,"State Representative, 15th District 2-Year Term",writein,,1
Marion,788,"State Representative, 15th District 2-Year Term",undervotes,,90
Marion,788,"State Representative, 15th District 2-Year Term",overvotes,,0
Marion,788,"State Representative, 15th District 2-Year Term",ballots_cast,,1481
Marion,788,"State Representative, 15th District 2-Year Term",registered,,1899
Marion,324,"State Representative, 17th District 2-Year Term",candidate,David W Beem,46
Marion,324,"State Representative, 17th District 2-Year Term",candidate,Ed Diehl,25
Marion,324,"State Representative, 17th District 2-Year Term",writein,,0
Marion,324,"State Representative, 17th District 2-Year Term",undervotes,,14
Marion,324,"State Representative, 17th District 2-Year Term",overvotes,,0
Marion,324,"State Representative, 17th District 2-Year Term",ballots_cast,,85
Marion,324,"State Representative, 17th District 2-Year Term",registered,,185
Marion,325,"State Representative, 17th District 2-Year Term",candidate,David W Beem,0
Marion,325,"State Representative, 17th District 2-Year Term",candidate,Ed Diehl,0
Marion,325,"State Representative, 17th District 2-Year Term",writein,,0
Marion,325,"State Representative, 17th District 2-Year Term",undervotes,,0
Marion,325,"State Representative, 17th District 2-Year Term",overvotes,,0
Marion,325,"State Representative, 17th District 2-Year Term",ballots_cast,,0
Marion,325,"State Representative, 17th District 2-Year Term",registered,,0
Marion,333,"State Representative, 17th District 2-Year Term",candidate,David W Beem,442
Marion,333,"State Representative, 17th District 2-Year Term",candidate,Ed Diehl,589
Marion,333,"State Representative, 17th District 2-Year Term",writein,,3
Marion,333,"State Representative, 17th District 2-Year Term",undervotes,,98
Marion,333,"State Representative, 17th District 2-Year Term",overvotes,,0
Marion,333,"State Representative, 17th District 2-Year Term",ballots_cast,,1132
Marion,333,"State Representative, 17th District 2-Year Term",registered,,1789
Marion,343,"State Representative, 17th District 2-Year Term",candidate,David W Beem,387
Marion,343,"State Representative, 17th District 2-Year Term",candidate,Ed Diehl,445
Marion,343,"State Representative, 17th District 2-Year Term",writein,,4
Marion,343,"State Representative, 17th District 2-Year Term",undervotes,,84
Marion,343,"State Representative, 17th District 2-Year Term",overvotes,,0
Marion,343,"State Representative, 17th District 2-Year Term",ballots_cast,,920
Marion,343,"State Representative, 17th District 2-Year Term",registered,,1127
Marion,351,"State Representative, 17th District 2-Year Term",candidate,David W Beem,390
Marion,351,"State Representative, 17th District 2-Year Term",candidate,Ed Diehl,486
Marion,351,"State Representative, 17th District 2-Year Term",writein,,2
Marion,351,"State Representative, 17th District 2-Year Term",undervotes,,73
Marion,351,"State Representative, 17th District 2-Year Term",overvotes,,1
Marion,351,"State Representative, 17th District 2-Year Term",ballots_cast,,952
Marion,351,"State Representative, 17th District 2-Year Term",registered,,1472
Marion,353,"State Representative, 17th District 2-Year Term",candidate,David W Beem,50
Marion,353,"State Representative, 17th District 2-Year Term",candidate,Ed Diehl,64
Marion,353,"State Representative, 17th District 2-Year Term",writein,,0
Marion,353,"State Representative, 17th District 2-Year Term",undervotes,,17
Marion,353,"State Representative, 17th District 2-Year Term",overvotes,,0
Marion,353,"State Representative, 17th District 2-Year Term",ballots_cast,,131
Marion,353,"State Representative, 17th District 2-Year Term",registered,,193
Marion,363,"State Representative, 17th District 2-Year Term",candidate,David W Beem,1314
Marion,363,"State Representative, 17th District 2-Year Term",candidate,Ed Diehl,1450
Marion,363,"State Representative, 17th District 2-Year Term",writein,,0
Marion,363,"State Representative, 17th District 2-Year Term",undervotes,,271
Marion,363,"State Representative, 17th District 2-Year Term",overvotes,,0
Marion,363,"State Representative, 17th District 2-Year Term",ballots_cast,,3035
Marion,363,"State Representative, 17th District 2-Year Term",registered,,4955
Marion,645,"State Representative, 17th District 2-Year Term",candidate,David W Beem,479
Marion,645,"State Representative, 17th District 2-Year Term",candidate,Ed Diehl,1456
Marion,645,"State Representative, 17th District 2-Year Term",writein,,1
Marion,645,"State Representative, 17th District 2-Year Term",undervotes,,114
Marion,645,"State Representative, 17th District 2-Year Term",overvotes,,0
Marion,645,"State Representative, 17th District 2-Year Term",ballots_cast,,2050
Marion,645,"State Representative, 17th District 2-Year Term",registered,,2547
Marion,655,"State Representative, 17th District 2-Year Term",candidate,David W Beem,1037
Marion,655,"State Representative, 17th District 2-Year Term",candidate,Ed Diehl,2808
Marion,655,"State Representative, 17th District 2-Year Term",writein,,4
Marion,655,"State Representative, 17th District 2-Year Term",undervotes,,310
Marion,655,"State Representative, 17th District 2-Year Term",overvotes,,0
Marion,655,"State Representative, 17th District 2-Year Term",ballots_cast,,4159
Marion,655,"State Representative, 17th District 2-Year Term",registered,,5900
Marion,674,"State Representative, 17th District 2-Year Term",candidate,David W Beem,219
Marion,674,"State Representative, 17th District 2-Year Term",candidate,Ed Diehl,822
Marion,674,"State Representative, 17th District 2-Year Term",writein,,1
Marion,674,"State Representative, 17th District 2-Year Term",undervotes,,51
Marion,674,"State Representative, 17th District 2-Year Term",overvotes,,0
Marion,674,"State Representative, 17th District 2-Year Term",ballots_cast,,1093
Marion,674,"State Representative, 17th District 2-Year Term",registered,,1438
Marion,677,"State Representative, 17th District 2-Year Term",candidate,David W Beem,79
Marion,677,"State Representative, 17th District 2-Year Term",candidate,Ed Diehl,186
Marion,677,"State Representative, 17th District 2-Year Term",writein,,1
Marion,677,"State Representative, 17th District 2-Year Term",undervotes,,25
Marion,677,"State Representative, 17th District 2-Year Term",overvotes,,0
Marion,677,"State Representative, 17th District 2-Year Term",ballots_cast,,291
Marion,677,"State Representative, 17th District 2-Year Term",registered,,409
Marion,678,"State Representative, 17th District 2-Year Term",candidate,David W Beem,86
Marion,678,"State Representative, 17th District 2-Year Term",candidate,Ed Diehl,150
Marion,678,"State Representative, 17th District 2-Year Term",writein,,0
Marion,678,"State Representative, 17th District 2-Year Term",undervotes,,19
Marion,678,"State Representative, 17th District 2-Year Term",overvotes,,1
Marion,678,"State Representative, 17th District 2-Year Term",ballots_cast,,256
Marion,678,"State Representative, 17th District 2-Year Term",registered,,376
Marion,679,"State Representative, 17th District 2-Year Term",candidate,David W Beem,187
Marion,679,"State Representative, 17th District 2-Year Term",candidate,Ed Diehl,869
Marion,679,"State Representative, 17th District 2-Year Term",writein,,4
Marion,679,"State Representative, 17th District 2-Year Term",undervotes,,76
Marion,679,"State Representative, 17th District 2-Year Term",overvotes,,0
Marion,679,"State Representative, 17th District 2-Year Term",ballots_cast,,1136
Marion,679,"State Representative, 17th District 2-Year Term",registered,,1369
Marion,680,"State Representative, 17th District 2-Year Term",candidate,David W Beem,58
Marion,680,"State Representative, 17th District 2-Year Term",candidate,Ed Diehl,196
Marion,680,"State Representative, 17th District 2-Year Term",writein,,2
Marion,680,"State Representative, 17th District 2-Year Term",undervotes,,17
Marion,680,"State Representative, 17th District 2-Year Term",overvotes,,0
Marion,680,"State Representative, 17th District 2-Year Term",ballots_cast,,273
Marion,680,"State Representative, 17th District 2-Year Term",registered,,364
Marion,682,"State Representative, 17th District 2-Year Term",candidate,David W Beem,775
Marion,682,"State Representative, 17th District 2-Year Term",candidate,Ed Diehl,1822
Marion,682,"State Representative, 17th District 2-Year Term",writein,,3
Marion,682,"State Representative, 17th District 2-Year Term",undervotes,,185
Marion,682,"State Representative, 17th District 2-Year Term",overvotes,,0
Marion,682,"State Representative, 17th District 2-Year Term",ballots_cast,,2785
Marion,682,"State Representative, 17th District 2-Year Term",registered,,3567
Marion,686,"State Representative, 17th District 2-Year Term",candidate,David W Beem,32
Marion,686,"State Representative, 17th District 2-Year Term",candidate,Ed Diehl,111
Marion,686,"State Representative, 17th District 2-Year Term",writein,,0
Marion,686,"State Representative, 17th District 2-Year Term",undervotes,,13
Marion,686,"State Representative, 17th District 2-Year Term",overvotes,,0
Marion,686,"State Representative, 17th District 2-Year Term",ballots_cast,,156
Marion,686,"State Representative, 17th District 2-Year Term",registered,,196
Marion,687,"State Representative, 17th District 2-Year Term",candidate,David W Beem,26
Marion,687,"State Representative, 17th District 2-Year Term",candidate,Ed Diehl,74
Marion,687,"State Representative, 17th District 2-Year Term",writein,,0
Marion,687,"State Representative, 17th District 2-Year Term",undervotes,,6
Marion,687,"State Representative, 17th District 2-Year Term",overvotes,,0
Marion,687,"State Representative, 17th District 2-Year Term",ballots_cast,,106
Marion,687,"State Representative, 17th District 2-Year Term",registered,,137
Marion,688,"State Representative, 17th District 2-Year Term",candidate,David W Beem,132
Marion,688,"State Representative, 17th District 2-Year Term",candidate,Ed Diehl,364
Marion,688,"State Representative, 17th District 2-Year Term",writein,,1
Marion,688,"State Representative, 17th District 2-Year Term",undervotes,,41
Marion,688,"State Representative, 17th District 2-Year Term",overvotes,,0
Marion,688,"State Representative, 17th District 2-Year Term",ballots_cast,,538
Marion,688,"State Representative, 17th District 2-Year Term",registered,,666
Marion,689,"State Representative, 17th District 2-Year Term",candidate,David W Beem,2
Marion,689,"State Representative, 17th District 2-Year Term",candidate,Ed Diehl,10
Marion,689,"State Representative, 17th District 2-Year Term",writein,,0
Marion,689,"State Representative, 17th District 2-Year Term",undervotes,,0
Marion,689,"State Representative, 17th District 2-Year Term",overvotes,,0
Marion,689,"State Representative, 17th District 2-Year Term",ballots_cast,,12
Marion,689,"State Representative, 17th District 2-Year Term",registered,,13
Marion,691,"State Representative, 17th District 2-Year Term",candidate,David W Beem,1517
Marion,691,"State Representative, 17th District 2-Year Term",candidate,Ed Diehl,1999
Marion,691,"State Representative, 17th District 2-Year Term",writein,,8
Marion,691,"State Representative, 17th District 2-Year Term",undervotes,,363
Marion,691,"State Representative, 17th District 2-Year Term",overvotes,,0
Marion,691,"State Representative, 17th District 2-Year Term",ballots_cast,,3887
Marion,691,"State Representative, 17th District 2-Year Term",registered,,5863
Marion,692,"State Representative, 17th District 2-Year Term",candidate,David W Beem,12
Marion,692,"State Representative, 17th District 2-Year Term",candidate,Ed Diehl,36
Marion,692,"State Representative, 17th District 2-Year Term",writein,,0
Marion,692,"State Representative, 17th District 2-Year Term",undervotes,,2
Marion,692,"State Representative, 17th District 2-Year Term",overvotes,,0
Marion,692,"State Representative, 17th District 2-Year Term",ballots_cast,,50
Marion,692,"State Representative, 17th District 2-Year Term",registered,,73
Marion,694,"State Representative, 17th District 2-Year Term",candidate,David W Beem,3
Marion,694,"State Representative, 17th District 2-Year Term",candidate,Ed Diehl,0
Marion,694,"State Representative, 17th District 2-Year Term",writein,,0
Marion,694,"State Representative, 17th District 2-Year Term",undervotes,,0
Marion,694,"State Representative, 17th District 2-Year Term",overvotes,,0
Marion,694,"State Representative, 17th District 2-Year Term",ballots_cast,,3
Marion,694,"State Representative, 17th District 2-Year Term",registered,,3
Marion,696,"State Representative, 17th District 2-Year Term",candidate,David W Beem,29
Marion,696,"State Representative, 17th District 2-Year Term",candidate,Ed Diehl,61
Marion,696,"State Representative, 17th District 2-Year Term",writein,,0
Marion,696,"State Representative, 17th District 2-Year Term",undervotes,,11
Marion,696,"State Representative, 17th District 2-Year Term",overvotes,,0
Marion,696,"State Representative, 17th District 2-Year Term",ballots_cast,,101
Marion,696,"State Representative, 17th District 2-Year Term",registered,,187
Marion,705,"State Representative, 17th District 2-Year Term",candidate,David W Beem,386
Marion,705,"State Representative, 17th District 2-Year Term",candidate,Ed Diehl,1161
Marion,705,"State Representative, 17th District 2-Year Term",writein,,3
Marion,705,"State Representative, 17th District 2-Year Term",undervotes,,131
Marion,705,"State Representative, 17th District 2-Year Term",overvotes,,0
Marion,705,"State Representative, 17th District 2-Year Term",ballots_cast,,1681
Marion,705,"State Representative, 17th District 2-Year Term",registered,,2201
Marion,715,"State Representative, 17th District 2-Year Term",candidate,David W Beem,479
Marion,715,"State Representative, 17th District 2-Year Term",candidate,Ed Diehl,1354
Marion,715,"State Representative, 17th District 2-Year Term",writein,,2
Marion,715,"State Representative, 17th District 2-Year Term",undervotes,,139
Marion,715,"State Representative, 17th District 2-Year Term",overvotes,,0
Marion,715,"State Representative, 17th District 2-Year Term",ballots_cast,,1974
Marion,715,"State Representative, 17th District 2-Year Term",registered,,2923
Marion,781,"State Representative, 17th District 2-Year Term",candidate,David W Beem,196
Marion,781,"State Representative, 17th District 2-Year Term",candidate,Ed Diehl,293
Marion,781,"State Representative, 17th District 2-Year Term",writein,,0
Marion,781,"State Representative, 17th District 2-Year Term",undervotes,,47
Marion,781,"State Representative, 17th District 2-Year Term",overvotes,,0
Marion,781,"State Representative, 17th District 2-Year Term",ballots_cast,,536
Marion,781,"State Representative, 17th District 2-Year Term",registered,,652
Marion,783,"State Representative, 17th District 2-Year Term",candidate,David W Beem,143
Marion,783,"State Representative, 17th District 2-Year Term",candidate,Ed Diehl,346
Marion,783,"State Representative, 17th District 2-Year Term",writein,,1
Marion,783,"State Representative, 17th District 2-Year Term",undervotes,,52
Marion,783,"State Representative, 17th District 2-Year Term",overvotes,,0
Marion,783,"State Representative, 17th District 2-Year Term",ballots_cast,,542
Marion,783,"State Representative, 17th District 2-Year Term",registered,,686
Marion,786,"State Representative, 17th District 2-Year Term",candidate,David W Beem,26
Marion,786,"State Representative, 17th District 2-Year Term",candidate,Ed Diehl,187
Marion,786,"State Representative, 17th District 2-Year Term",writein,,0
Marion,786,"State Representative, 17th District 2-Year Term",undervotes,,14
Marion,786,"State Representative, 17th District 2-Year Term",overvotes,,0
Marion,786,"State Representative, 17th District 2-Year Term",ballots_cast,,227
Marion,786,"State Representative, 17th District 2-Year Term",registered,,297
Marion,787,"State Representative, 17th District 2-Year Term",candidate,David W Beem,374
Marion,787,"State Representative, 17th District 2-Year Term",candidate,Ed Diehl,1095
Marion,787,"State Representative, 17th District 2-Year Term",writein,,3
Marion,787,"State Representative, 17th District 2-Year Term",undervotes,,130
Marion,787,"State Representative, 17th District 2-Year Term",overvotes,,0
Marion,787,"State Representative, 17th District 2-Year Term",ballots_cast,,1602
Marion,787,"State Representative, 17th District 2-Year Term",registered,,1973
Marion,789,"State Representative, 17th District 2-Year Term",candidate,David W Beem,629
Marion,789,"State Representative, 17th District 2-Year Term",candidate,Ed Diehl,1825
Marion,789,"State Representative, 17th District 2-Year Term",writein,,4
Marion,789,"State Representative, 17th District 2-Year Term",undervotes,,163
Marion,789,"State Representative, 17th District 2-Year Term",overvotes,,0
Marion,789,"State Representative, 17th District 2-Year Term",ballots_cast,,2621
Marion,789,"State Representative, 17th District 2-Year Term",registered,,3378
Marion,790,"State Representative, 17th District 2-Year Term",candidate,David W Beem,46
Marion,790,"State Representative, 17th District 2-Year Term",candidate,Ed Diehl,222
Marion,790,"State Representative, 17th District 2-Year Term",writein,,1
Marion,790,"State Representative, 17th District 2-Year Term",undervotes,,23
Marion,790,"State Representative, 17th District 2-Year Term",overvotes,,0
Marion,790,"State Representative, 17th District 2-Year Term",ballots_cast,,292
Marion,790,"State Representative, 17th District 2-Year Term",registered,,390
Marion,905,"State Representative, 17th District 2-Year Term",candidate,David W Beem,25
Marion,905,"State Representative, 17th District 2-Year Term",candidate,Ed Diehl,119
Marion,905,"State Representative, 17th District 2-Year Term",writein,,0
Marion,905,"State Representative, 17th District 2-Year Term",undervotes,,15
Marion,905,"State Representative, 17th District 2-Year Term",overvotes,,0
Marion,905,"State Representative, 17th District 2-Year Term",ballots_cast,,159
Marion,905,"State Representative, 17th District 2-Year Term",registered,,252
Marion,915,"State Representative, 17th District 2-Year Term",candidate,David W Beem,47
Marion,915,"State Representative, 17th District 2-Year Term",candidate,Ed Diehl,175
Marion,915,"State Representative, 17th District 2-Year Term",writein,,0
Marion,915,"State Representative, 17th District 2-Year Term",undervotes,,15
Marion,915,"State Representative, 17th District 2-Year Term",overvotes,,0
Marion,915,"State Representative, 17th District 2-Year Term",ballots_cast,,237
Marion,915,"State Representative, 17th District 2-Year Term",registered,,353
Marion,925,"State Representative, 17th District 2-Year Term",candidate,David W Beem,33
Marion,925,"State Representative, 17th District 2-Year Term",candidate,Ed Diehl,120
Marion,925,"State Representative, 17th District 2-Year Term",writein,,0
Marion,925,"State Representative, 17th District 2-Year Term",undervotes,,13
Marion,925,"State Representative, 17th District 2-Year Term",overvotes,,0
Marion,925,"State Representative, 17th District 2-Year Term",ballots_cast,,166
Marion,925,"State Representative, 17th District 2-Year Term",registered,,201
Marion,935,"State Representative, 17th District 2-Year Term",candidate,David W Beem,11
Marion,935,"State Representative, 17th District 2-Year Term",candidate,Ed Diehl,32
Marion,935,"State Representative, 17th District 2-Year Term",writein,,0
Marion,935,"State Representative, 17th District 2-Year Term",undervotes,,2
Marion,935,"State Representative, 17th District 2-Year Term",overvotes,,0
Marion,935,"State Representative, 17th District 2-Year Term",ballots_cast,,45
Marion,935,"State Representative, 17th District 2-Year Term",registered,,60
Marion,981,"State Representative, 17th District 2-Year Term",candidate,David W Beem,76
Marion,981,"State Representative, 17th District 2-Year Term",candidate,Ed Diehl,191
Marion,981,"State Representative, 17th District 2-Year Term",writein,,1
Marion,981,"State Representative, 17th District 2-Year Term",undervotes,,14
Marion,981,"State Representative, 17th District 2-Year Term",overvotes,,0
Marion,981,"State Representative, 17th District 2-Year Term",ballots_cast,,282
Marion,981,"State Representative, 17th District 2-Year Term",registered,,369
Marion,505,"State Representative, 18th District 2-Year Term",candidate,Rick Lewis,192
Marion,505,"State Representative, 18th District 2-Year Term",candidate,Karyssa Dow,67
Marion,505,"State Representative, 18th District 2-Year Term",writein,,1
Marion,505,"State Representative, 18th District 2-Year Term",undervotes,,22
Marion,505,"State Representative, 18th District 2-Year Term",overvotes,,0
Marion,505,"State Representative, 18th District 2-Year Term",ballots_cast,,282
Marion,505,"State Representative, 18th District 2-Year Term",registered,,340
Marion,515,"State Representative, 18th District 2-Year Term",candidate,Rick Lewis,353
Marion,515,"State Representative, 18th District 2-Year Term",candidate,Karyssa Dow,194
Marion,515,"State Representative, 18th District 2-Year Term",writein,,0
Marion,515,"State Representative, 18th District 2-Year Term",undervotes,,44
Marion,515,"State Representative, 18th District 2-Year Term",overvotes,,0
Marion,515,"State Representative, 18th District 2-Year Term",ballots_cast,,591
Marion,515,"State Representative, 18th District 2-Year Term",registered,,786
Marion,525,"State Representative, 18th District 2-Year Term",candidate,Rick Lewis,415
Marion,525,"State Representative, 18th District 2-Year Term",candidate,Karyssa Dow,282
Marion,525,"State Representative, 18th District 2-Year Term",writein,,1
Marion,525,"State Representative, 18th District 2-Year Term",undervotes,,34
Marion,525,"State Representative, 18th District 2-Year Term",overvotes,,0
Marion,525,"State Representative, 18th District 2-Year Term",ballots_cast,,732
Marion,525,"State Representative, 18th District 2-Year Term",registered,,895
Marion,535,"State Representative, 18th District 2-Year Term",candidate,Rick Lewis,814
Marion,535,"State Representative, 18th District 2-Year Term",candidate,Karyssa Dow,486
Marion,535,"State Representative, 18th District 2-Year Term",writein,,2
Marion,535,"State Representative, 18th District 2-Year Term",undervotes,,93
Marion,535,"State Representative, 18th District 2-Year Term",overvotes,,0
Marion,535,"State Representative, 18th District 2-Year Term",ballots_cast,,1395
Marion,535,"State Representative, 18th District 2-Year Term",registered,,2102
Marion,555,"State Representative, 18th District 2-Year Term",candidate,Rick Lewis,1118
Marion,555,"State Representative, 18th District 2-Year Term",candidate,Karyssa Dow,553
Marion,555,"State Representative, 18th District 2-Year Term",writein,,3
Marion,555,"State Representative, 18th District 2-Year Term",undervotes,,85
Marion,555,"State Representative, 18th District 2-Year Term",overvotes,,0
Marion,555,"State Representative, 18th District 2-Year Term",ballots_cast,,1759
Marion,555,"State Representative, 18th District 2-Year Term",registered,,2404
Marion,579,"State Representative, 18th District 2-Year Term",candidate,Rick Lewis,108
Marion,579,"State Representative, 18th District 2-Year Term",candidate,Karyssa Dow,40
Marion,579,"State Representative, 18th District 2-Year Term",writein,,0
Marion,579,"State Representative, 18th District 2-Year Term",undervotes,,11
Marion,579,"State Representative, 18th District 2-Year Term",overvotes,,0
Marion,579,"State Representative, 18th District 2-Year Term",ballots_cast,,159
Marion,579,"State Representative, 18th District 2-Year Term",registered,,219
Marion,580,"State Representative, 18th District 2-Year Term",candidate,Rick Lewis,607
Marion,580,"State Representative, 18th District 2-Year Term",candidate,Karyssa Dow,169
Marion,580,"State Representative, 18th District 2-Year Term",writein,,1
Marion,580,"State Representative, 18th District 2-Year Term",undervotes,,58
Marion,580,"State Representative, 18th District 2-Year Term",overvotes,,0
Marion,580,"State Representative, 18th District 2-Year Term",ballots_cast,,835
Marion,580,"State Representative, 18th District 2-Year Term",registered,,1121
Marion,581,"State Representative, 18th District 2-Year Term",candidate,Rick Lewis,1422
Marion,581,"State Representative, 18th District 2-Year Term",candidate,Karyssa Dow,627
Marion,581,"State Representative, 18th District 2-Year Term",writein,,3
Marion,581,"State Representative, 18th District 2-Year Term",undervotes,,165
Marion,581,"State Representative, 18th District 2-Year Term",overvotes,,0
Marion,581,"State Representative, 18th District 2-Year Term",ballots_cast,,2217
Marion,581,"State Representative, 18th District 2-Year Term",registered,,3070
Marion,583,"State Representative, 18th District 2-Year Term",candidate,Rick Lewis,810
Marion,583,"State Representative, 18th District 2-Year Term",candidate,Karyssa Dow,198
Marion,583,"State Representative, 18th District 2-Year Term",writein,,3
Marion,583,"State Representative, 18th District 2-Year Term",undervotes,,69
Marion,583,"State Representative, 18th District 2-Year Term",overvotes,,0
Marion,583,"State Representative, 18th District 2-Year Term",ballots_cast,,1080
Marion,583,"State Representative, 18th District 2-Year Term",registered,,1498
Marion,586,"State Representative, 18th District 2-Year Term",candidate,Rick Lewis,235
Marion,586,"State Representative, 18th District 2-Year Term",candidate,Karyssa Dow,73
Marion,586,"State Representative, 18th District 2-Year Term",writein,,0
Marion,586,"State Representative, 18th District 2-Year Term",undervotes,,21
Marion,586,"State Representative, 18th District 2-Year Term",overvotes,,0
Marion,586,"State Representative, 18th District 2-Year Term",ballots_cast,,329
Marion,586,"State Representative, 18th District 2-Year Term",registered,,447
Marion,587,"State Representative, 18th District 2-Year Term",candidate,Rick Lewis,71
Marion,587,"State Representative, 18th District 2-Year Term",candidate,Karyssa Dow,6
Marion,587,"State Representative, 18th District 2-Year Term",writein,,0
Marion,587,"State Representative, 18th District 2-Year Term",undervotes,,1
Marion,587,"State Representative, 18th District 2-Year Term",overvotes,,0
Marion,587,"State Representative, 18th District 2-Year Term",ballots_cast,,78
Marion,587,"State Representative, 18th District 2-Year Term",registered,,91
Marion,590,"State Representative, 18th District 2-Year Term",candidate,Rick Lewis,606
Marion,590,"State Representative, 18th District 2-Year Term",candidate,Karyssa Dow,134
Marion,590,"State Representative, 18th District 2-Year Term",writein,,1
Marion,590,"State Representative, 18th District 2-Year Term",undervotes,,40
Marion,590,"State Representative, 18th District 2-Year Term",overvotes,,0
Marion,590,"State Representative, 18th District 2-Year Term",ballots_cast,,781
Marion,590,"State Representative, 18th District 2-Year Term",registered,,1017
Marion,591,"State Representative, 18th District 2-Year Term",candidate,Rick Lewis,349
Marion,591,"State Representative, 18th District 2-Year Term",candidate,Karyssa Dow,152
Marion,591,"State Representative, 18th District 2-Year Term",writein,,1
Marion,591,"State Representative, 18th District 2-Year Term",undervotes,,25
Marion,591,"State Representative, 18th District 2-Year Term",overvotes,,0
Marion,591,"State Representative, 18th District 2-Year Term",ballots_cast,,527
Marion,591,"State Representative, 18th District 2-Year Term",registered,,865
Marion,615,"State Representative, 18th District 2-Year Term",candidate,Rick Lewis,172
Marion,615,"State Representative, 18th District 2-Year Term",candidate,Karyssa Dow,45
Marion,615,"State Representative, 18th District 2-Year Term",writein,,1
Marion,615,"State Representative, 18th District 2-Year Term",undervotes,,13
Marion,615,"State Representative, 18th District 2-Year Term",overvotes,,0
Marion,615,"State Representative, 18th District 2-Year Term",ballots_cast,,231
Marion,615,"State Representative, 18th District 2-Year Term",registered,,302
Marion,625,"State Representative, 18th District 2-Year Term",candidate,Rick Lewis,1333
Marion,625,"State Representative, 18th District 2-Year Term",candidate,Karyssa Dow,941
Marion,625,"State Representative, 18th District 2-Year Term",writein,,2
Marion,625,"State Representative, 18th District 2-Year Term",undervotes,,142
Marion,625,"State Representative, 18th District 2-Year Term",overvotes,,0
Marion,625,"State Representative, 18th District 2-Year Term",ballots_cast,,2418
Marion,625,"State Representative, 18th District 2-Year Term",registered,,3242
Marion,635,"State Representative, 18th District 2-Year Term",candidate,Rick Lewis,1885
Marion,635,"State Representative, 18th District 2-Year Term",candidate,Karyssa Dow,1479
Marion,635,"State Representative, 18th District 2-Year Term",writein,,7
Marion,635,"State Representative, 18th District 2-Year Term",undervotes,,196
Marion,635,"State Representative, 18th District 2-Year Term",overvotes,,0
Marion,635,"State Representative, 18th District 2-Year Term",ballots_cast,,3567
Marion,635,"State Representative, 18th District 2-Year Term",registered,,4422
Marion,676,"State Representative, 18th District 2-Year Term",candidate,Rick Lewis,267
Marion,676,"State Representative, 18th District 2-Year Term",candidate,Karyssa Dow,123
Marion,676,"State Representative, 18th District 2-Year Term",writein,,0
Marion,676,"State Representative, 18th District 2-Year Term",undervotes,,26
Marion,676,"State Representative, 18th District 2-Year Term",overvotes,,0
Marion,676,"State Representative, 18th District 2-Year Term",ballots_cast,,416
Marion,676,"State Representative, 18th District 2-Year Term",registered,,509
Marion,681,"State Representative, 18th District 2-Year Term",candidate,Rick Lewis,1251
Marion,681,"State Representative, 18th District 2-Year Term",candidate,Karyssa Dow,448
Marion,681,"State Representative, 18th District 2-Year Term",writein,,1
Marion,681,"State Representative, 18th District 2-Year Term",undervotes,,94
Marion,681,"State Representative, 18th District 2-Year Term",overvotes,,0
Marion,681,"State Representative, 18th District 2-Year Term",ballots_cast,,1794
Marion,681,"State Representative, 18th District 2-Year Term",registered,,2166
Marion,683,"State Representative, 18th District 2-Year Term",candidate,Rick Lewis,886
Marion,683,"State Representative, 18th District 2-Year Term",candidate,Karyssa Dow,215
Marion,683,"State Representative, 18th District 2-Year Term",writein,,0
Marion,683,"State Representative, 18th District 2-Year Term",undervotes,,52
Marion,683,"State Representative, 18th District 2-Year Term",overvotes,,0
Marion,683,"State Representative, 18th District 2-Year Term",ballots_cast,,1153
Marion,683,"State Representative, 18th District 2-Year Term",registered,,1443
Marion,684,"State Representative, 18th District 2-Year Term",candidate,Rick Lewis,299
Marion,684,"State Representative, 18th District 2-Year Term",candidate,Karyssa Dow,93
Marion,684,"State Representative, 18th District 2-Year Term",writein,,0
Marion,684,"State Representative, 18th District 2-Year Term",undervotes,,18
Marion,684,"State Representative, 18th District 2-Year Term",overvotes,,0
Marion,684,"State Representative, 18th District 2-Year Term",ballots_cast,,410
Marion,684,"State Representative, 18th District 2-Year Term",registered,,533
Marion,698,"State Representative, 18th District 2-Year Term",candidate,Rick Lewis,606
Marion,698,"State Representative, 18th District 2-Year Term",candidate,Karyssa Dow,222
Marion,698,"State Representative, 18th District 2-Year Term",writein,,5
Marion,698,"State Representative, 18th District 2-Year Term",undervotes,,49
Marion,698,"State Representative, 18th District 2-Year Term",overvotes,,0
Marion,698,"State Representative, 18th District 2-Year Term",ballots_cast,,882
Marion,698,"State Representative, 18th District 2-Year Term",registered,,1174
Marion,837,"State Representative, 18th District 2-Year Term",candidate,Rick Lewis,0
Marion,837,"State Representative, 18th District 2-Year Term",candidate,Karyssa Dow,0
Marion,837,"State Representative, 18th District 2-Year Term",writein,,0
Marion,837,"State Representative, 18th District 2-Year Term",undervotes,,0
Marion,837,"State Representative, 18th District 2-Year Term",overvotes,,0
Marion,837,"State Representative, 18th District 2-Year Term",ballots_cast,,0
Marion,837,"State Representative, 18th District 2-Year Term",registered,,0
Marion,311,"State Representative, 19th District 2-Year Term",candidate,David Brown,63
Marion,311,"State Representative, 19th District 2-Year Term",candidate,Tom Andersen,187
Marion,311,"State Representative, 19th District 2-Year Term",writein,,0
Marion,311,"State Representative, 19th District 2-Year Term",undervotes,,14
Marion,311,"State Representative, 19th District 2-Year Term",overvotes,,0
Marion,311,"State Representative, 19th District 2-Year Term",ballots_cast,,264
Marion,311,"State Representative, 19th District 2-Year Term",registered,,351
Marion,321,"State Representative, 19th District 2-Year Term",candidate,David Brown,446
Marion,321,"State Representative, 19th District 2-Year Term",candidate,Tom Andersen,889
Marion,321,"State Representative, 19th District 2-Year Term",writein,,5
Marion,321,"State Representative, 19th District 2-Year Term",undervotes,,103
Marion,321,"State Representative, 19th District 2-Year Term",overvotes,,0
Marion,321,"State Representative, 19th District 2-Year Term",ballots_cast,,1443
Marion,321,"State Representative, 19th District 2-Year Term",registered,,2410
Marion,322,"State Representative, 19th District 2-Year Term",candidate,David Brown,862
Marion,322,"State Representative, 19th District 2-Year Term",candidate,Tom Andersen,1025
Marion,322,"State Representative, 19th District 2-Year Term",writein,,6
Marion,322,"State Representative, 19th District 2-Year Term",undervotes,,158
Marion,322,"State Representative, 19th District 2-Year Term",overvotes,,0
Marion,322,"State Representative, 19th District 2-Year Term",ballots_cast,,2051
Marion,322,"State Representative, 19th District 2-Year Term",registered,,3547
Marion,323,"State Representative, 19th District 2-Year Term",candidate,David Brown,911
Marion,323,"State Representative, 19th District 2-Year Term",candidate,Tom Andersen,2095
Marion,323,"State Representative, 19th District 2-Year Term",writein,,9
Marion,323,"State Representative, 19th District 2-Year Term",undervotes,,200
Marion,323,"State Representative, 19th District 2-Year Term",overvotes,,0
Marion,323,"State Representative, 19th District 2-Year Term",ballots_cast,,3215
Marion,323,"State Representative, 19th District 2-Year Term",registered,,4156
Marion,331,"State Representative, 19th District 2-Year Term",candidate,David Brown,1320
Marion,331,"State Representative, 19th District 2-Year Term",candidate,Tom Andersen,1452
Marion,331,"State Representative, 19th District 2-Year Term",writein,,4
Marion,331,"State Representative, 19th District 2-Year Term",undervotes,,206
Marion,331,"State Representative, 19th District 2-Year Term",overvotes,,1
Marion,331,"State Representative, 19th District 2-Year Term",ballots_cast,,2983
Marion,331,"State Representative, 19th District 2-Year Term",registered,,4010
Marion,332,"State Representative, 19th District 2-Year Term",candidate,David Brown,2168
Marion,332,"State Representative, 19th District 2-Year Term",candidate,Tom Andersen,2866
Marion,332,"State Representative, 19th District 2-Year Term",writein,,2
Marion,332,"State Representative, 19th District 2-Year Term",undervotes,,323
Marion,332,"State Representative, 19th District 2-Year Term",overvotes,,1
Marion,332,"State Representative, 19th District 2-Year Term",ballots_cast,,5360
Marion,332,"State Representative, 19th District 2-Year Term",registered,,7270
Marion,340,"State Representative, 19th District 2-Year Term",candidate,David Brown,1998
Marion,340,"State Representative, 19th District 2-Year Term",candidate,Tom Andersen,1895
Marion,340,"State Representative, 19th District 2-Year Term",writein,,2
Marion,340,"State Representative, 19th District 2-Year Term",undervotes,,279
Marion,340,"State Representative, 19th District 2-Year Term",overvotes,,1
Marion,340,"State Representative, 19th District 2-Year Term",ballots_cast,,4175
Marion,340,"State Representative, 19th District 2-Year Term",registered,,5528
Marion,341,"State Representative, 19th District 2-Year Term",candidate,David Brown,605
Marion,341,"State Representative, 19th District 2-Year Term",candidate,Tom Andersen,666
Marion,341,"State Representative, 19th District 2-Year Term",writein,,1
Marion,341,"State Representative, 19th District 2-Year Term",undervotes,,85
Marion,341,"State Representative, 19th District 2-Year Term",overvotes,,1
Marion,341,"State Representative, 19th District 2-Year Term",ballots_cast,,1358
Marion,341,"State Representative, 19th District 2-Year Term",registered,,1718
Marion,342,"State Representative, 19th District 2-Year Term",candidate,David Brown,2795
Marion,342,"State Representative, 19th District 2-Year Term",candidate,Tom Andersen,2761
Marion,342,"State Representative, 19th District 2-Year Term",writein,,7
Marion,342,"State Representative, 19th District 2-Year Term",undervotes,,352
Marion,342,"State Representative, 19th District 2-Year Term",overvotes,,1
Marion,342,"State Representative, 19th District 2-Year Term",ballots_cast,,5916
Marion,342,"State Representative, 19th District 2-Year Term",registered,,7660
Marion,372,"State Representative, 19th District 2-Year Term",candidate,David Brown,1668
Marion,372,"State Representative, 19th District 2-Year Term",candidate,Tom Andersen,1900
Marion,372,"State Representative, 19th District 2-Year Term",writein,,5
Marion,372,"State Representative, 19th District 2-Year Term",undervotes,,243
Marion,372,"State Representative, 19th District 2-Year Term",overvotes,,0
Marion,372,"State Representative, 19th District 2-Year Term",ballots_cast,,3816
Marion,372,"State Representative, 19th District 2-Year Term",registered,,5069
Marion,697,"State Representative, 19th District 2-Year Term",candidate,David Brown,1673
Marion,697,"State Representative, 19th District 2-Year Term",candidate,Tom Andersen,1548
Marion,697,"State Representative, 19th District 2-Year Term",writein,,4
Marion,697,"State Representative, 19th District 2-Year Term",undervotes,,253
Marion,697,"State Representative, 19th District 2-Year Term",overvotes,,0
Marion,697,"State Representative, 19th District 2-Year Term",ballots_cast,,3478
Marion,697,"State Representative, 19th District 2-Year Term",registered,,5893
Marion,792,"State Representative, 19th District 2-Year Term",candidate,David Brown,25
Marion,792,"State Representative, 19th District 2-Year Term",candidate,Tom Andersen,12
Marion,792,"State Representative, 19th District 2-Year Term",writein,,0
Marion,792,"State Representative, 19th District 2-Year Term",undervotes,,3
Marion,792,"State Representative, 19th District 2-Year Term",overvotes,,0
Marion,792,"State Representative, 19th District 2-Year Term",ballots_cast,,40
Marion,792,"State Representative, 19th District 2-Year Term",registered,,50
Marion,313,"State Representative, 20th District 2-Year Term",candidate,Paul Evans,0
Marion,313,"State Representative, 20th District 2-Year Term",candidate,Kevin S Chambers,0
Marion,313,"State Representative, 20th District 2-Year Term",writein,,0
Marion,313,"State Representative, 20th District 2-Year Term",undervotes,,0
Marion,313,"State Representative, 20th District 2-Year Term",overvotes,,0
Marion,313,"State Representative, 20th District 2-Year Term",ballots_cast,,0
Marion,313,"State Representative, 20th District 2-Year Term",registered,,0
Marion,326,"State Representative, 20th District 2-Year Term",candidate,Paul Evans,236
Marion,326,"State Representative, 20th District 2-Year Term",candidate,Kevin S Chambers,95
Marion,326,"State Representative, 20th District 2-Year Term",writein,,1
Marion,326,"State Representative, 20th District 2-Year Term",undervotes,,26
Marion,326,"State Representative, 20th District 2-Year Term",overvotes,,0
Marion,326,"State Representative, 20th District 2-Year Term",ballots_cast,,358
Marion,326,"State Representative, 20th District 2-Year Term",registered,,411
Marion,330,"State Representative, 20th District 2-Year Term",candidate,Paul Evans,643
Marion,330,"State Representative, 20th District 2-Year Term",candidate,Kevin S Chambers,387
Marion,330,"State Representative, 20th District 2-Year Term",writein,,0
Marion,330,"State Representative, 20th District 2-Year Term",undervotes,,91
Marion,330,"State Representative, 20th District 2-Year Term",overvotes,,0
Marion,330,"State Representative, 20th District 2-Year Term",ballots_cast,,1121
Marion,330,"State Representative, 20th District 2-Year Term",registered,,1586
Marion,370,"State Representative, 20th District 2-Year Term",candidate,Paul Evans,2627
Marion,370,"State Representative, 20th District 2-Year Term",candidate,Kevin S Chambers,1489
Marion,370,"State Representative, 20th District 2-Year Term",writein,,5
Marion,370,"State Representative, 20th District 2-Year Term",undervotes,,303
Marion,370,"State Representative, 20th District 2-Year Term",overvotes,,1
Marion,370,"State Representative, 20th District 2-Year Term",ballots_cast,,4425
Marion,370,"State Representative, 20th District 2-Year Term",registered,,5377
Marion,371,"State Representative, 20th District 2-Year Term",candidate,Paul Evans,2411
Marion,371,"State Representative, 20th District 2-Year Term",candidate,Kevin S Chambers,1618
Marion,371,"State Representative, 20th District 2-Year Term",writein,,4
Marion,371,"State Representative, 20th District 2-Year Term",undervotes,,266
Marion,371,"State Representative, 20th District 2-Year Term",overvotes,,1
Marion,371,"State Representative, 20th District 2-Year Term",ballots_cast,,4300
Marion,371,"State Representative, 20th District 2-Year Term",registered,,5364
Marion,780,"State Representative, 20th District 2-Year Term",candidate,Paul Evans,504
Marion,780,"State Representative, 20th District 2-Year Term",candidate,Kevin S Chambers,574
Marion,780,"State Representative, 20th District 2-Year Term",writein,,1
Marion,780,"State Representative, 20th District 2-Year Term",undervotes,,86
Marion,780,"State Representative, 20th District 2-Year Term",overvotes,,0
Marion,780,"State Representative, 20th District 2-Year Term",ballots_cast,,1165
Marion,780,"State Representative, 20th District 2-Year Term",registered,,1388
Marion,784,"State Representative, 20th District 2-Year Term",candidate,Paul Evans,82
Marion,784,"State Representative, 20th District 2-Year Term",candidate,Kevin S Chambers,100
Marion,784,"State Representative, 20th District 2-Year Term",writein,,0
Marion,784,"State Representative, 20th District 2-Year Term",undervotes,,8
Marion,784,"State Representative, 20th District 2-Year Term",overvotes,,0
Marion,784,"State Representative, 20th District 2-Year Term",ballots_cast,,190
Marion,784,"State Representative, 20th District 2-Year Term",registered,,244
Marion,310,"State Representative, 21st District 2-Year Term",candidate,Kevin L Mannix,1135
Marion,310,"State Representative, 21st District 2-Year Term",candidate,Virginia Stapleton,2112
Marion,310,"State Representative, 21st District 2-Year Term",writein,,5
Marion,310,"State Representative, 21st District 2-Year Term",undervotes,,204
Marion,310,"State Representative, 21st District 2-Year Term",overvotes,,0
Marion,310,"State Representative, 21st District 2-Year Term",ballots_cast,,3456
Marion,310,"State Representative, 21st District 2-Year Term",registered,,5448
Marion,314,"State Representative, 21st District 2-Year Term",candidate,Kevin L Mannix,943
Marion,314,"State Representative, 21st District 2-Year Term",candidate,Virginia Stapleton,1769
Marion,314,"State Representative, 21st District 2-Year Term",writein,,8
Marion,314,"State Representative, 21st District 2-Year Term",undervotes,,169
Marion,314,"State Representative, 21st District 2-Year Term",overvotes,,1
Marion,314,"State Representative, 21st District 2-Year Term",ballots_cast,,2890
Marion,314,"State Representative, 21st District 2-Year Term",registered,,3925
Marion,320,"State Representative, 21st District 2-Year Term",candidate,Kevin L Mannix,192
Marion,320,"State Representative, 21st District 2-Year Term",candidate,Virginia Stapleton,218
Marion,320,"State Representative, 21st District 2-Year Term",writein,,2
Marion,320,"State Representative, 21st District 2-Year Term",undervotes,,42
Marion,320,"State Representative, 21st District 2-Year Term",overvotes,,0
Marion,320,"State Representative, 21st District 2-Year Term",ballots_cast,,454
Marion,320,"State Representative, 21st District 2-Year Term",registered,,803
Marion,354,"State Representative, 21st District 2-Year Term",candidate,Kevin L Mannix,306
Marion,354,"State Representative, 21st District 2-Year Term",candidate,Virginia Stapleton,355
Marion,354,"State Representative, 21st District 2-Year Term",writein,,0
Marion,354,"State Representative, 21st District 2-Year Term",undervotes,,41
Marion,354,"State Representative, 21st District 2-Year Term",overvotes,,0
Marion,354,"State Representative, 21st District 2-Year Term",ballots_cast,,702
Marion,354,"State Representative, 21st District 2-Year Term",registered,,1298
Marion,355,"State Representative, 21st District 2-Year Term",candidate,Kevin L Mannix,28
Marion,355,"State Representative, 21st District 2-Year Term",candidate,Virginia Stapleton,22
Marion,355,"State Representative, 21st District 2-Year Term",writein,,0
Marion,355,"State Representative, 21st District 2-Year Term",undervotes,,1
Marion,355,"State Representative, 21st District 2-Year Term",overvotes,,0
Marion,355,"State Representative, 21st District 2-Year Term",ballots_cast,,51
Marion,355,"State Representative, 21st District 2-Year Term",registered,,100
Marion,362,"State Representative, 21st District 2-Year Term",candidate,Kevin L Mannix,769
Marion,362,"State Representative, 21st District 2-Year Term",candidate,Virginia Stapleton,999
Marion,362,"State Representative, 21st District 2-Year Term",writein,,2
Marion,362,"State Representative, 21st District 2-Year Term",undervotes,,133
Marion,362,"State Representative, 21st District 2-Year Term",overvotes,,0
Marion,362,"State Representative, 21st District 2-Year Term",ballots_cast,,1903
Marion,362,"State Representative, 21st District 2-Year Term",registered,,3279
Marion,401,"State Representative, 21st District 2-Year Term",candidate,Kevin L Mannix,1366
Marion,401,"State Representative, 21st District 2-Year Term",candidate,Virginia Stapleton,866
Marion,401,"State Representative, 21st District 2-Year Term",writein,,1
Marion,401,"State Representative, 21st District 2-Year Term",undervotes,,129
Marion,401,"State Representative, 21st District 2-Year Term",overvotes,,0
Marion,401,"State Representative, 21st District 2-Year Term",ballots_cast,,2362
Marion,401,"State Representative, 21st District 2-Year Term",registered,,2913
Marion,402,"State Representative, 21st District 2-Year Term",candidate,Kevin L Mannix,2315
Marion,402,"State Representative, 21st District 2-Year Term",candidate,Virginia Stapleton,1588
Marion,402,"State Representative, 21st District 2-Year Term",writein,,8
Marion,402,"State Representative, 21st District 2-Year Term",undervotes,,237
Marion,402,"State Representative, 21st District 2-Year Term",overvotes,,0
Marion,402,"State Representative, 21st District 2-Year Term",ballots_cast,,4148
Marion,402,"State Representative, 21st District 2-Year Term",registered,,5456
Marion,403,"State Representative, 21st District 2-Year Term",candidate,Kevin L Mannix,2136
Marion,403,"State Representative, 21st District 2-Year Term",candidate,Virginia Stapleton,1366
Marion,403,"State Representative, 21st District 2-Year Term",writein,,5
Marion,403,"State Representative, 21st District 2-Year Term",undervotes,,210
Marion,403,"State Representative, 21st District 2-Year Term",overvotes,,0
Marion,403,"State Representative, 21st District 2-Year Term",ballots_cast,,3717
Marion,403,"State Representative, 21st District 2-Year Term",registered,,4879
Marion,404,"State Representative, 21st District 2-Year Term",candidate,Kevin L Mannix,1747
Marion,404,"State Representative, 21st District 2-Year Term",candidate,Virginia Stapleton,1265
Marion,404,"State Representative, 21st District 2-Year Term",writein,,5
Marion,404,"State Representative, 21st District 2-Year Term",undervotes,,159
Marion,404,"State Representative, 21st District 2-Year Term",overvotes,,1
Marion,404,"State Representative, 21st District 2-Year Term",ballots_cast,,3177
Marion,404,"State Representative, 21st District 2-Year Term",registered,,4427
Marion,405,"State Representative, 21st District 2-Year Term",candidate,Kevin L Mannix,2409
Marion,405,"State Representative, 21st District 2-Year Term",candidate,Virginia Stapleton,2007
Marion,405,"State Representative, 21st District 2-Year Term",writein,,7
Marion,405,"State Representative, 21st District 2-Year Term",undervotes,,340
Marion,405,"State Representative, 21st District 2-Year Term",overvotes,,0
Marion,405,"State Representative, 21st District 2-Year Term",ballots_cast,,4763
Marion,405,"State Representative, 21st District 2-Year Term",registered,,7340
Marion,406,"State Representative, 21st District 2-Year Term",candidate,Kevin L Mannix,481
Marion,406,"State Representative, 21st District 2-Year Term",candidate,Virginia Stapleton,350
Marion,406,"State Representative, 21st District 2-Year Term",writein,,4
Marion,406,"State Representative, 21st District 2-Year Term",undervotes,,55
Marion,406,"State Representative, 21st District 2-Year Term",overvotes,,0
Marion,406,"State Representative, 21st District 2-Year Term",ballots_cast,,890
Marion,406,"State Representative, 21st District 2-Year Term",registered,,1413
Marion,589,"State Representative, 21st District 2-Year Term",candidate,Kevin L Mannix,16
Marion,589,"State Representative, 21st District 2-Year Term",candidate,Virginia Stapleton,15
Marion,589,"State Representative, 21st District 2-Year Term",writein,,0
Marion,589,"State Representative, 21st District 2-Year Term",undervotes,,2
Marion,589,"State Representative, 21st District 2-Year Term",overvotes,,0
Marion,589,"State Representative, 21st District 2-Year Term",ballots_cast,,33
Marion,589,"State Representative, 21st District 2-Year Term",registered,,42
Marion,592,"State Representative, 21st District 2-Year Term",candidate,Kevin L Mannix,85
Marion,592,"State Representative, 21st District 2-Year Term",candidate,Virginia Stapleton,30
Marion,592,"State Representative, 21st District 2-Year Term",writein,,0
Marion,592,"State Representative, 21st District 2-Year Term",undervotes,,10
Marion,592,"State Representative, 21st District 2-Year Term",overvotes,,0
Marion,592,"State Representative, 21st District 2-Year Term",ballots_cast,,125
Marion,592,"State Representative, 21st District 2-Year Term",registered,,154
Marion,673,"State Representative, 21st District 2-Year Term",candidate,Kevin L Mannix,996
Marion,673,"State Representative, 21st District 2-Year Term",candidate,Virginia Stapleton,860
Marion,673,"State Representative, 21st District 2-Year Term",writein,,2
Marion,673,"State Representative, 21st District 2-Year Term",undervotes,,146
Marion,673,"State Representative, 21st District 2-Year Term",overvotes,,1
Marion,673,"State Representative, 21st District 2-Year Term",ballots_cast,,2005
Marion,673,"State Representative, 21st District 2-Year Term",registered,,3404
Marion,312,"State Representative, 22nd District 2-Year Term",candidate,Lesly M Munoz,211
Marion,312,"State Representative, 22nd District 2-Year Term",candidate,Tracy M Cramer,124
Marion,312,"State Representative, 22nd District 2-Year Term",writein,,0
Marion,312,"State Representative, 22nd District 2-Year Term",undervotes,,15
Marion,312,"State Representative, 22nd District 2-Year Term",overvotes,,0
Marion,312,"State Representative, 22nd District 2-Year Term",ballots_cast,,350
Marion,312,"State Representative, 22nd District 2-Year Term",registered,,425
Marion,350,"State Representative, 22nd District 2-Year Term",candidate,Lesly M Munoz,1474
Marion,350,"State Representative, 22nd District 2-Year Term",candidate,Tracy M Cramer,1263
Marion,350,"State Representative, 22nd District 2-Year Term",writein,,6
Marion,350,"State Representative, 22nd District 2-Year Term",undervotes,,178
Marion,350,"State Representative, 22nd District 2-Year Term",overvotes,,0
Marion,350,"State Representative, 22nd District 2-Year Term",ballots_cast,,2921
Marion,350,"State Representative, 22nd District 2-Year Term",registered,,5712
Marion,352,"State Representative, 22nd District 2-Year Term",candidate,Lesly M Munoz,969
Marion,352,"State Representative, 22nd District 2-Year Term",candidate,Tracy M Cramer,959
Marion,352,"State Representative, 22nd District 2-Year Term",writein,,2
Marion,352,"State Representative, 22nd District 2-Year Term",undervotes,,183
Marion,352,"State Representative, 22nd District 2-Year Term",overvotes,,1
Marion,352,"State Representative, 22nd District 2-Year Term",ballots_cast,,2114
Marion,352,"State Representative, 22nd District 2-Year Term",registered,,3676
Marion,361,"State Representative, 22nd District 2-Year Term",candidate,Lesly M Munoz,973
Marion,361,"State Representative, 22nd District 2-Year Term",candidate,Tracy M Cramer,786
Marion,361,"State Representative, 22nd District 2-Year Term",writein,,2
Marion,361,"State Representative, 22nd District 2-Year Term",undervotes,,131
Marion,361,"State Representative, 22nd District 2-Year Term",overvotes,,2
Marion,361,"State Representative, 22nd District 2-Year Term",ballots_cast,,1894
Marion,361,"State Representative, 22nd District 2-Year Term",registered,,3707
Marion,545,"State Representative, 22nd District 2-Year Term",candidate,Lesly M Munoz,424
Marion,545,"State Representative, 22nd District 2-Year Term",candidate,Tracy M Cramer,435
Marion,545,"State Representative, 22nd District 2-Year Term",writein,,0
Marion,545,"State Representative, 22nd District 2-Year Term",undervotes,,50
Marion,545,"State Representative, 22nd District 2-Year Term",overvotes,,0
Marion,545,"State Representative, 22nd District 2-Year Term",ballots_cast,,909
Marion,545,"State Representative, 22nd District 2-Year Term",registered,,1476
Marion,577,"State Representative, 22nd District 2-Year Term",candidate,Lesly M Munoz,127
Marion,577,"State Representative, 22nd District 2-Year Term",candidate,Tracy M Cramer,324
Marion,577,"State Representative, 22nd District 2-Year Term",writein,,0
Marion,577,"State Representative, 22nd District 2-Year Term",undervotes,,26
Marion,577,"State Representative, 22nd District 2-Year Term",overvotes,,0
Marion,577,"State Representative, 22nd District 2-Year Term",ballots_cast,,477
Marion,577,"State Representative, 22nd District 2-Year Term",registered,,648
Marion,582,"State Representative, 22nd District 2-Year Term",candidate,Lesly M Munoz,250
Marion,582,"State Representative, 22nd District 2-Year Term",candidate,Tracy M Cramer,722
Marion,582,"State Representative, 22nd District 2-Year Term",writein,,4
Marion,582,"State Representative, 22nd District 2-Year Term",undervotes,,32
Marion,582,"State Representative, 22nd District 2-Year Term",overvotes,,1
Marion,582,"State Representative, 22nd District 2-Year Term",ballots_cast,,1009
Marion,582,"State Representative, 22nd District 2-Year Term",registered,,1410
Marion,584,"State Representative, 22nd District 2-Year Term",candidate,Lesly M Munoz,5
Marion,584,"State Representative, 22nd District 2-Year Term",candidate,Tracy M Cramer,12
Marion,584,"State Representative, 22nd District 2-Year Term",writein,,0
Marion,584,"State Representative, 22nd District 2-Year Term",undervotes,,1
Marion,584,"State Representative, 22nd District 2-Year Term",overvotes,,0
Marion,584,"State Representative, 22nd District 2-Year Term",ballots_cast,,18
Marion,584,"State Representative, 22nd District 2-Year Term",registered,,27
Marion,588,"State Representative, 22nd District 2-Year Term",candidate,Lesly M Munoz,4
Marion,588,"State Representative, 22nd District 2-Year Term",candidate,Tracy M Cramer,12
Marion,588,"State Representative, 22nd District 2-Year Term",writein,,0
Marion,588,"State Representative, 22nd District 2-Year Term",undervotes,,0
Marion,588,"State Representative, 22nd District 2-Year Term",overvotes,,0
Marion,588,"State Representative, 22nd District 2-Year Term",ballots_cast,,16
Marion,588,"State Representative, 22nd District 2-Year Term",registered,,20
Marion,593,"State Representative, 22nd District 2-Year Term",candidate,Lesly M Munoz,12
Marion,593,"State Representative, 22nd District 2-Year Term",candidate,Tracy M Cramer,28
Marion,593,"State Representative, 22nd District 2-Year Term",writein,,0
Marion,593,"State Representative, 22nd District 2-Year Term",undervotes,,2
Marion,593,"State Representative, 22nd District 2-Year Term",overvotes,,0
Marion,593,"State Representative, 22nd District 2-Year Term",ballots_cast,,42
Marion,593,"State Representative, 22nd District 2-Year Term",registered,,68
Marion,594,"State Representative, 22nd District 2-Year Term",candidate,Lesly M Munoz,75
Marion,594,"State Representative, 22nd District 2-Year Term",candidate,Tracy M Cramer,125
Marion,594,"State Representative, 22nd District 2-Year Term",writein,,0
Marion,594,"State Representative, 22nd District 2-Year Term",undervotes,,20
Marion,594,"State Representative, 22nd District 2-Year Term",overvotes,,0
Marion,594,"State Representative, 22nd District 2-Year Term",ballots_cast,,220
Marion,594,"State Representative, 22nd District 2-Year Term",registered,,407
Marion,690,"State Representative, 22nd District 2-Year Term",candidate,Lesly M Munoz,1415
Marion,690,"State Representative, 22nd District 2-Year Term",candidate,Tracy M Cramer,1341
Marion,690,"State Representative, 22nd District 2-Year Term",writein,,9
Marion,690,"State Representative, 22nd District 2-Year Term",undervotes,,198
Marion,690,"State Representative, 22nd District 2-Year Term",overvotes,,0
Marion,690,"State Representative, 22nd District 2-Year Term",ballots_cast,,2963
Marion,690,"State Representative, 22nd District 2-Year Term",registered,,5375
Marion,699,"State Representative, 22nd District 2-Year Term",candidate,Lesly M Munoz,0
Marion,699,"State Representative, 22nd District 2-Year Term",candidate,Tracy M Cramer,0
Marion,699,"State Representative, 22nd District 2-Year Term",writein,,0
Marion,699,"State Representative, 22nd District 2-Year Term",undervotes,,0
Marion,699,"State Representative, 22nd District 2-Year Term",overvotes,,0
Marion,699,"State Representative, 22nd District 2-Year Term",ballots_cast,,0
Marion,699,"State Representative, 22nd District 2-Year Term",registered,,0
Marion,815,"State Representative, 22nd District 2-Year Term",candidate,Lesly M Munoz,569
Marion,815,"State Representative, 22nd District 2-Year Term",candidate,Tracy M Cramer,594
Marion,815,"State Representative, 22nd District 2-Year Term",writein,,0
Marion,815,"State Representative, 22nd District 2-Year Term",undervotes,,62
Marion,815,"State Representative, 22nd District 2-Year Term",overvotes,,0
Marion,815,"State Representative, 22nd District 2-Year Term",ballots_cast,,1225
Marion,815,"State Representative, 22nd District 2-Year Term",registered,,2174
Marion,825,"State Representative, 22nd District 2-Year Term",candidate,Lesly M Munoz,554
Marion,825,"State Representative, 22nd District 2-Year Term",candidate,Tracy M Cramer,421
Marion,825,"State Representative, 22nd District 2-Year Term",writein,,0
Marion,825,"State Representative, 22nd District 2-Year Term",undervotes,,50
Marion,825,"State Representative, 22nd District 2-Year Term",overvotes,,0
Marion,825,"State Representative, 22nd District 2-Year Term",ballots_cast,,1025
Marion,825,"State Representative, 22nd District 2-Year Term",registered,,1825
Marion,835,"State Representative, 22nd District 2-Year Term",candidate,Lesly M Munoz,651
Marion,835,"State Representative, 22nd District 2-Year Term",candidate,Tracy M Cramer,603
Marion,835,"State Representative, 22nd District 2-Year Term",writein,,0
Marion,835,"State Representative, 22nd District 2-Year Term",undervotes,,58
Marion,835,"State Representative, 22nd District 2-Year Term",overvotes,,0
Marion,835,"State Representative, 22nd District 2-Year Term",ballots_cast,,1312
Marion,835,"State Representative, 22nd District 2-Year Term",registered,,2102
Marion,845,"State Representative, 22nd District 2-Year Term",candidate,Lesly M Munoz,1056
Marion,845,"State Representative, 22nd District 2-Year Term",candidate,Tracy M Cramer,1049
Marion,845,"State Representative, 22nd District 2-Year Term",writein,,7
Marion,845,"State Representative, 22nd District 2-Year Term",undervotes,,146
Marion,845,"State Representative, 22nd District 2-Year Term",overvotes,,1
Marion,845,"State Representative, 22nd District 2-Year Term",ballots_cast,,2259
Marion,845,"State Representative, 22nd District 2-Year Term",registered,,2988
Marion,855,"State Representative, 22nd District 2-Year Term",candidate,Lesly M Munoz,1207
Marion,855,"State Representative, 22nd District 2-Year Term",candidate,Tracy M Cramer,1078
Marion,855,"State Representative, 22nd District 2-Year Term",writein,,5
Marion,855,"State Representative, 22nd District 2-Year Term",undervotes,,119
Marion,855,"State Representative, 22nd District 2-Year Term",overvotes,,0
Marion,855,"State Representative, 22nd District 2-Year Term",ballots_cast,,2409
Marion,855,"State Representative, 22nd District 2-Year Term",registered,,3615
Marion,865,"State Representative, 22nd District 2-Year Term",candidate,Lesly M Munoz,504
Marion,865,"State Representative, 22nd District 2-Year Term",candidate,Tracy M Cramer,443
Marion,865,"State Representative, 22nd District 2-Year Term",writein,,1
Marion,865,"State Representative, 22nd District 2-Year Term",undervotes,,47
Marion,865,"State Representative, 22nd District 2-Year Term",overvotes,,0
Marion,865,"State Representative, 22nd District 2-Year Term",ballots_cast,,995
Marion,865,"State Representative, 22nd District 2-Year Term",registered,,1990
Marion,982,"State Representative, 57th District 2-Year Term",candidate,Greg Smith,0
Marion,982,"State Representative, 57th District 2-Year Term",undervotes,,0
Marion,982,"State Representative, 57th District 2-Year Term",overvotes,,0
Marion,982,"State Representative, 57th District 2-Year Term",ballots_cast,,0
Marion,982,"State Representative, 57th District 2-Year Term",registered,,0
Marion,983,"State Representative, 57th District 2-Year Term",candidate,Greg Smith,0
Marion,983,"State Representative, 57th District 2-Year Term",undervotes,,0
Marion,983,"State Representative, 57th District 2-Year Term",overvotes,,0
Marion,983,"State Representative, 57th District 2-Year Term",ballots_cast,,0
Marion,983,"State Representative, 57th District 2-Year Term",registered,,0
