county,precinct_label,contest,type,choice,votes
Multnomah,2801,President and Vice President (Vote for 1),candidate,Robert F Kennedy Jr/Nicole Shanahan,52
Multnomah,2801,President and Vice President (Vote for 1),candidate,Cornel West,26
Multnomah,2801,President and Vice President (Vote for 1),candidate,Chase Oliver/Mike ter Maat,25
Multnomah,2801,President and Vice President (Vote for 1),candidate,Randall Terry,6
Multnomah,2801,President and Vice President (Vote for 1),candidate,Donald J Trump/JD Vance,592
Multnomah,2801,President and Vice President (Vote for 1),candidate,Jill Stein/Rudolph Ware,113
Multnomah,2801,President and Vice President (Vote for 1),candidate,Kamala D Harris/Tim Walz,6032
Multnomah,2801,President and Vice President (Vote for 1),writein,,52
Multnomah,2801,President and Vice President (Vote for 1),undervotes,,87
Multnomah,2801,President and Vice President (Vote for 1),overvotes,,2
Multnomah,2801,President and Vice President (Vote for 1),ballots_cast,,6987
Multnomah,2802,President and Vice President (Vote for 1),candidate,Robert F Kennedy Jr/Nicole Shanahan,13
Multnomah,2802,President and Vice President (Vote for 1),candidate,Cornel West,2
Multnomah,2802,President and Vice President (Vote for 1),candidate,Chase Oliver/Mike ter Maat,6
Multnomah,2802,President and Vice President (Vote for 1),candidate,Randall Terry,0
Multnomah,2802,President and Vice President (Vote for 1),candidate,Donald J Trump/JD Vance,151
Multnomah,2802,President and Vice President (Vote for 1),candidate,Jill Stein/Rudolph Ware,13
Multnomah,2802,President and Vice President (Vote for 1),candidate,Kamala D Harris/Tim Walz,839
Multnomah,2802,President and Vice President (Vote for 1),writein,,16
Multnomah,2802,President and Vice President (Vote for 1),undervotes,,13
Multnomah,2802,President and Vice President (Vote for 1),overvotes,,1
Multnomah,2802,President and Vice President (Vote for 1),ballots_cast,,1054
Multnomah,2803,President and Vice President (Vote for 1),candidate,Robert F Kennedy Jr/Nicole Shanahan,14
Multnomah,2803,President and Vice President (Vote for 1),candidate,Cornel West,17
Multnomah,2803,President and Vice President (Vote for 1),candidate,Chase Oliver/Mike ter Maat,6
Multnomah,2803,President and Vice President (Vote for 1),candidate,Randall Terry,1
Multnomah,2803,President and Vice President (Vote for 1),candidate,Donald J Trump/JD Vance,180
Multnomah,2803,President and Vice President (Vote for 1),candidate,Jill Stein/Rudolph Ware,47
Multnomah,2803,President and Vice President (Vote for 1),candidate,Kamala D Harris/Tim Walz,2112
Multnomah,2803,President and Vice President (Vote for 1),writein,,28
Multnomah,2803,President and Vice President (Vote for 1),undervotes,,27
Multnomah,2803,President and Vice President (Vote for 1),overvotes,,0
Multnomah,2803,President and Vice President (Vote for 1),ballots_cast,,2432
Multnomah,2804,President and Vice President (Vote for 1),candidate,Robert F Kennedy Jr/Nicole Shanahan,44
Multnomah,2804,President and Vice President (Vote for 1),candidate,Cornel West,17
Multnomah,2804,President and Vice President (Vote for 1),candidate,Chase Oliver/Mike ter Maat,28
Multnomah,2804,President and Vice President (Vote for 1),candidate,Randall Terry,3
Multnomah,2804,President and Vice President (Vote for 1),candidate,Donald J Trump/JD Vance,687
Multnomah,2804,President and Vice President (Vote for 1),candidate,Jill Stein/Rudolph Ware,76
Multnomah,2804,President and Vice President (Vote for 1),candidate,Kamala D Harris/Tim Walz,5378
Multnomah,2804,President and Vice President (Vote for 1),writein,,59
Multnomah,2804,President and Vice President (Vote for 1),undervotes,,104
Multnomah,2804,President and Vice President (Vote for 1),overvotes,,1
Multnomah,2804,President and Vice President (Vote for 1),ballots_cast,,6397
Multnomah,2805,President and Vice President (Vote for 1),candidate,Robert F Kennedy Jr/Nicole Shanahan,86
Multnomah,2805,President and Vice President (Vote for 1),candidate,Cornel West,23
Multnomah,2805,President and Vice President (Vote for 1),candidate,Chase Oliver/Mike ter Maat,35
Multnomah,2805,President and Vice President (Vote for 1),candidate,Randall Terry,3
Multnomah,2805,President and Vice President (Vote for 1),candidate,Donald J Trump/JD Vance,898
Multnomah,2805,President and Vice President (Vote for 1),candidate,Jill Stein/Rudolph Ware,74
Multnomah,2805,President and Vice President (Vote for 1),candidate,Kamala D Harris/Tim Walz,6549
Multnomah,2805,President and Vice President (Vote for 1),writein,,47
Multnomah,2805,President and Vice President (Vote for 1),undervotes,,78
Multnomah,2805,President and Vice President (Vote for 1),overvotes,,0
Multnomah,2805,President and Vice President (Vote for 1),ballots_cast,,7793
Multnomah,2806,President and Vice President (Vote for 1),candidate,Robert F Kennedy Jr/Nicole Shanahan,56
Multnomah,2806,President and Vice President (Vote for 1),candidate,Cornel West,28
Multnomah,2806,President and Vice President (Vote for 1),candidate,Chase Oliver/Mike ter Maat,43
Multnomah,2806,President and Vice President (Vote for 1),candidate,Randall Terry,4
Multnomah,2806,President and Vice President (Vote for 1),candidate,Donald J Trump/JD Vance,747
Multnomah,2806,President and Vice President (Vote for 1),candidate,Jill Stein/Rudolph Ware,80
Multnomah,2806,President and Vice President (Vote for 1),candidate,Kamala D Harris/Tim Walz,6749
Multnomah,2806,President and Vice President (Vote for 1),writein,,50
Multnomah,2806,President and Vice President (Vote for 1),undervotes,,79
Multnomah,2806,President and Vice President (Vote for 1),overvotes,,0
Multnomah,2806,President and Vice President (Vote for 1),ballots_cast,,7836
Multnomah,3101,President and Vice President (Vote for 1),candidate,Robert F Kennedy Jr/Nicole Shanahan,25
Multnomah,3101,President and Vice President (Vote for 1),candidate,Cornel West,2
Multnomah,3101,President and Vice President (Vote for 1),candidate,Chase Oliver/Mike ter Maat,9
Multnomah,3101,President and Vice President (Vote for 1),candidate,Randall Terry,3
Multnomah,3101,President and Vice President (Vote for 1),candidate,Donald J Trump/JD Vance,570
Multnomah,3101,President and Vice President (Vote for 1),candidate,Jill Stein/Rudolph Ware,16
Multnomah,3101,President and Vice President (Vote for 1),candidate,Kamala D Harris/Tim Walz,1208
Multnomah,3101,President and Vice President (Vote for 1),writein,,18
Multnomah,3101,President and Vice President (Vote for 1),undervotes,,20
Multnomah,3101,President and Vice President (Vote for 1),overvotes,,0
Multnomah,3101,President and Vice President (Vote for 1),ballots_cast,,1871
Multnomah,3301,President and Vice President (Vote for 1),candidate,Robert F Kennedy Jr/Nicole Shanahan,16
Multnomah,3301,President and Vice President (Vote for 1),candidate,Cornel West,1
Multnomah,3301,President and Vice President (Vote for 1),candidate,Chase Oliver/Mike ter Maat,3
Multnomah,3301,President and Vice President (Vote for 1),candidate,Randall Terry,0
Multnomah,3301,President and Vice President (Vote for 1),candidate,Donald J Trump/JD Vance,217
Multnomah,3301,President and Vice President (Vote for 1),candidate,Jill Stein/Rudolph Ware,15
Multnomah,3301,President and Vice President (Vote for 1),candidate,Kamala D Harris/Tim Walz,835
Multnomah,3301,President and Vice President (Vote for 1),writein,,9
Multnomah,3301,President and Vice President (Vote for 1),undervotes,,20
Multnomah,3301,President and Vice President (Vote for 1),overvotes,,0
Multnomah,3301,President and Vice President (Vote for 1),ballots_cast,,1116
Multnomah,3302,President and Vice President (Vote for 1),candidate,Robert F Kennedy Jr/Nicole Shanahan,33
Multnomah,3302,President and Vice President (Vote for 1),candidate,Cornel West,47
Multnomah,3302,President and Vice President (Vote for 1),candidate,Chase Oliver/Mike ter Maat,36
Multnomah,3302,President and Vice President (Vote for 1),candidate,Randall Terry,1
Multnomah,3302,President and Vice President (Vote for 1),candidate,Donald J Trump/JD Vance,521
Multnomah,3302,President and Vice President (Vote for 1),candidate,Jill Stein/Rudolph Ware,115
Multnomah,3302,President and Vice President (Vote for 1),candidate,Kamala D Harris/Tim Walz,6061
Multnomah,3302,President and Vice President (Vote for 1),writein,,85
Multnomah,3302,President and Vice President (Vote for 1),undervotes,,81
Multnomah,3302,President and Vice President (Vote for 1),overvotes,,0
Multnomah,3302,President and Vice President (Vote for 1),ballots_cast,,6980
Multnomah,3303,President and Vice President (Vote for 1),candidate,Robert F Kennedy Jr/Nicole Shanahan,45
Multnomah,3303,President and Vice President (Vote for 1),candidate,Cornel West,38
Multnomah,3303,President and Vice President (Vote for 1),candidate,Chase Oliver/Mike ter Maat,22
Multnomah,3303,President and Vice President (Vote for 1),candidate,Randall Terry,2
Multnomah,3303,President and Vice President (Vote for 1),candidate,Donald J Trump/JD Vance,578
Multnomah,3303,President and Vice President (Vote for 1),candidate,Jill Stein/Rudolph Ware,127
Multnomah,3303,President and Vice President (Vote for 1),candidate,Kamala D Harris/Tim Walz,5414
Multnomah,3303,President and Vice President (Vote for 1),writein,,61
Multnomah,3303,President and Vice President (Vote for 1),undervotes,,93
Multnomah,3303,President and Vice President (Vote for 1),overvotes,,3
Multnomah,3303,President and Vice President (Vote for 1),ballots_cast,,6383
Multnomah,3304,President and Vice President (Vote for 1),candidate,Robert F Kennedy Jr/Nicole Shanahan,63
Multnomah,3304,President and Vice President (Vote for 1),candidate,Cornel West,26
Multnomah,3304,President and Vice President (Vote for 1),candidate,Chase Oliver/Mike ter Maat,18
Multnomah,3304,President and Vice President (Vote for 1),candidate,Randall Terry,4
Multnomah,3304,President and Vice President (Vote for 1),candidate,Donald J Trump/JD Vance,802
Multnomah,3304,President and Vice President (Vote for 1),candidate,Jill Stein/Rudolph Ware,85
Multnomah,3304,President and Vice President (Vote for 1),candidate,Kamala D Harris/Tim Walz,6291
Multnomah,3304,President and Vice President (Vote for 1),writein,,49
Multnomah,3304,President and Vice President (Vote for 1),undervotes,,80
Multnomah,3304,President and Vice President (Vote for 1),overvotes,,1
Multnomah,3304,President and Vice President (Vote for 1),ballots_cast,,7419
Multnomah,3305,President and Vice President (Vote for 1),candidate,Robert F Kennedy Jr/Nicole Shanahan,0
Multnomah,3305,President and Vice President (Vote for 1),candidate,Cornel West,0
Multnomah,3305,President and Vice President (Vote for 1),candidate,Chase Oliver/Mike ter Maat,0
Multnomah,3305,President and Vice President (Vote for 1),candidate,Randall Terry,0
Multnomah,3305,President and Vice President (Vote for 1),candidate,Donald J Trump/JD Vance,7
Multnomah,3305,President and Vice President (Vote for 1),candidate,Jill Stein/Rudolph Ware,0
Multnomah,3305,President and Vice President (Vote for 1),candidate,Kamala D Harris/Tim Walz,25
Multnomah,3305,President and Vice President (Vote for 1),writein,,0
Multnomah,3305,President and Vice President (Vote for 1),undervotes,,0
Multnomah,3305,President and Vice President (Vote for 1),overvotes,,0
Multnomah,3305,President and Vice President (Vote for 1),ballots_cast,,32
Multnomah,3306,President and Vice President (Vote for 1),candidate,Robert F Kennedy Jr/Nicole Shanahan,38
Multnomah,3306,President and Vice President (Vote for 1),candidate,Cornel West,41
Multnomah,3306,President and Vice President (Vote for 1),candidate,Chase Oliver/Mike ter Maat,18
Multnomah,3306,President and Vice President (Vote for 1),candidate,Randall Terry,5
Multnomah,3306,President and Vice President (Vote for 1),candidate,Donald J Trump/JD Vance,497
Multnomah,3306,President and Vice President (Vote for 1),candidate,Jill Stein/Rudolph Ware,64
Multnomah,3306,President and Vice President (Vote for 1),candidate,Kamala D Harris/Tim Walz,4704
Multnomah,3306,President and Vice President (Vote for 1),writein,,40
Multnomah,3306,President and Vice President (Vote for 1),undervotes,,56
Multnomah,3306,President and Vice President (Vote for 1),overvotes,,2
Multnomah,3306,President and Vice President (Vote for 1),ballots_cast,,5465
Multnomah,3307,President and Vice President (Vote for 1),candidate,Robert F Kennedy Jr/Nicole Shanahan,30
Multnomah,3307,President and Vice President (Vote for 1),candidate,Cornel West,18
Multnomah,3307,President and Vice President (Vote for 1),candidate,Chase Oliver/Mike ter Maat,18
Multnomah,3307,President and Vice President (Vote for 1),candidate,Randall Terry,0
Multnomah,3307,President and Vice President (Vote for 1),candidate,Donald J Trump/JD Vance,360
Multnomah,3307,President and Vice President (Vote for 1),candidate,Jill Stein/Rudolph Ware,63
Multnomah,3307,President and Vice President (Vote for 1),candidate,Kamala D Harris/Tim Walz,4217
Multnomah,3307,President and Vice President (Vote for 1),writein,,31
Multnomah,3307,President and Vice President (Vote for 1),undervotes,,52
Multnomah,3307,President and Vice President (Vote for 1),overvotes,,3
Multnomah,3307,President and Vice President (Vote for 1),ballots_cast,,4792
Multnomah,3308,President and Vice President (Vote for 1),candidate,Robert F Kennedy Jr/Nicole Shanahan,32
Multnomah,3308,President and Vice President (Vote for 1),candidate,Cornel West,24
Multnomah,3308,President and Vice President (Vote for 1),candidate,Chase Oliver/Mike ter Maat,12
Multnomah,3308,President and Vice President (Vote for 1),candidate,Randall Terry,3
Multnomah,3308,President and Vice President (Vote for 1),candidate,Donald J Trump/JD Vance,300
Multnomah,3308,President and Vice President (Vote for 1),candidate,Jill Stein/Rudolph Ware,75
Multnomah,3308,President and Vice President (Vote for 1),candidate,Kamala D Harris/Tim Walz,2638
Multnomah,3308,President and Vice President (Vote for 1),writein,,31
Multnomah,3308,President and Vice President (Vote for 1),undervotes,,33
Multnomah,3308,President and Vice President (Vote for 1),overvotes,,2
Multnomah,3308,President and Vice President (Vote for 1),ballots_cast,,3150
Multnomah,3401,President and Vice President (Vote for 1),candidate,Robert F Kennedy Jr/Nicole Shanahan,5
Multnomah,3401,President and Vice President (Vote for 1),candidate,Cornel West,0
Multnomah,3401,President and Vice President (Vote for 1),candidate,Chase Oliver/Mike ter Maat,2
Multnomah,3401,President and Vice President (Vote for 1),candidate,Randall Terry,0
Multnomah,3401,President and Vice President (Vote for 1),candidate,Donald J Trump/JD Vance,86
Multnomah,3401,President and Vice President (Vote for 1),candidate,Jill Stein/Rudolph Ware,6
Multnomah,3401,President and Vice President (Vote for 1),candidate,Kamala D Harris/Tim Walz,557
Multnomah,3401,President and Vice President (Vote for 1),writein,,4
Multnomah,3401,President and Vice President (Vote for 1),undervotes,,7
Multnomah,3401,President and Vice President (Vote for 1),overvotes,,0
Multnomah,3401,President and Vice President (Vote for 1),ballots_cast,,667
Multnomah,3402,President and Vice President (Vote for 1),candidate,Robert F Kennedy Jr/Nicole Shanahan,1
Multnomah,3402,President and Vice President (Vote for 1),candidate,Cornel West,0
Multnomah,3402,President and Vice President (Vote for 1),candidate,Chase Oliver/Mike ter Maat,2
Multnomah,3402,President and Vice President (Vote for 1),candidate,Randall Terry,0
Multnomah,3402,President and Vice President (Vote for 1),candidate,Donald J Trump/JD Vance,21
Multnomah,3402,President and Vice President (Vote for 1),candidate,Jill Stein/Rudolph Ware,4
Multnomah,3402,President and Vice President (Vote for 1),candidate,Kamala D Harris/Tim Walz,113
Multnomah,3402,President and Vice President (Vote for 1),writein,,2
Multnomah,3402,President and Vice President (Vote for 1),undervotes,,2
Multnomah,3402,President and Vice President (Vote for 1),overvotes,,0
Multnomah,3402,President and Vice President (Vote for 1),ballots_cast,,145
Multnomah,3801,President and Vice President (Vote for 1),candidate,Robert F Kennedy Jr/Nicole Shanahan,11
Multnomah,3801,President and Vice President (Vote for 1),candidate,Cornel West,2
Multnomah,3801,President and Vice President (Vote for 1),candidate,Chase Oliver/Mike ter Maat,10
Multnomah,3801,President and Vice President (Vote for 1),candidate,Randall Terry,1
Multnomah,3801,President and Vice President (Vote for 1),candidate,Donald J Trump/JD Vance,212
Multnomah,3801,President and Vice President (Vote for 1),candidate,Jill Stein/Rudolph Ware,10
Multnomah,3801,President and Vice President (Vote for 1),candidate,Kamala D Harris/Tim Walz,788
Multnomah,3801,President and Vice President (Vote for 1),writein,,15
Multnomah,3801,President and Vice President (Vote for 1),undervotes,,23
Multnomah,3801,President and Vice President (Vote for 1),overvotes,,0
Multnomah,3801,President and Vice President (Vote for 1),ballots_cast,,1072
Multnomah,3802,President and Vice President (Vote for 1),candidate,Robert F Kennedy Jr/Nicole Shanahan,19
Multnomah,3802,President and Vice President (Vote for 1),candidate,Cornel West,6
Multnomah,3802,President and Vice President (Vote for 1),candidate,Chase Oliver/Mike ter Maat,8
Multnomah,3802,President and Vice President (Vote for 1),candidate,Randall Terry,1
Multnomah,3802,President and Vice President (Vote for 1),candidate,Donald J Trump/JD Vance,365
Multnomah,3802,President and Vice President (Vote for 1),candidate,Jill Stein/Rudolph Ware,11
Multnomah,3802,President and Vice President (Vote for 1),candidate,Kamala D Harris/Tim Walz,1397
Multnomah,3802,President and Vice President (Vote for 1),writein,,12
Multnomah,3802,President and Vice President (Vote for 1),undervotes,,24
Multnomah,3802,President and Vice President (Vote for 1),overvotes,,0
Multnomah,3802,President and Vice President (Vote for 1),ballots_cast,,1843
Multnomah,3803,President and Vice President (Vote for 1),candidate,Robert F Kennedy Jr/Nicole Shanahan,83
Multnomah,3803,President and Vice President (Vote for 1),candidate,Cornel West,22
Multnomah,3803,President and Vice President (Vote for 1),candidate,Chase Oliver/Mike ter Maat,31
Multnomah,3803,President and Vice President (Vote for 1),candidate,Randall Terry,4
Multnomah,3803,President and Vice President (Vote for 1),candidate,Donald J Trump/JD Vance,863
Multnomah,3803,President and Vice President (Vote for 1),candidate,Jill Stein/Rudolph Ware,88
Multnomah,3803,President and Vice President (Vote for 1),candidate,Kamala D Harris/Tim Walz,6325
Multnomah,3803,President and Vice President (Vote for 1),writein,,57
Multnomah,3803,President and Vice President (Vote for 1),undervotes,,72
Multnomah,3803,President and Vice President (Vote for 1),overvotes,,1
Multnomah,3803,President and Vice President (Vote for 1),ballots_cast,,7546
Multnomah,3804,President and Vice President (Vote for 1),candidate,Robert F Kennedy Jr/Nicole Shanahan,43
Multnomah,3804,President and Vice President (Vote for 1),candidate,Cornel West,16
Multnomah,3804,President and Vice President (Vote for 1),candidate,Chase Oliver/Mike ter Maat,9
Multnomah,3804,President and Vice President (Vote for 1),candidate,Randall Terry,1
Multnomah,3804,President and Vice President (Vote for 1),candidate,Donald J Trump/JD Vance,456
Multnomah,3804,President and Vice President (Vote for 1),candidate,Jill Stein/Rudolph Ware,40
Multnomah,3804,President and Vice President (Vote for 1),candidate,Kamala D Harris/Tim Walz,2431
Multnomah,3804,President and Vice President (Vote for 1),writein,,22
Multnomah,3804,President and Vice President (Vote for 1),undervotes,,31
Multnomah,3804,President and Vice President (Vote for 1),overvotes,,0
Multnomah,3804,President and Vice President (Vote for 1),ballots_cast,,3049
Multnomah,3805,President and Vice President (Vote for 1),candidate,Robert F Kennedy Jr/Nicole Shanahan,38
Multnomah,3805,President and Vice President (Vote for 1),candidate,Cornel West,18
Multnomah,3805,President and Vice President (Vote for 1),candidate,Chase Oliver/Mike ter Maat,20
Multnomah,3805,President and Vice President (Vote for 1),candidate,Randall Terry,4
Multnomah,3805,President and Vice President (Vote for 1),candidate,Donald J Trump/JD Vance,686
Multnomah,3805,President and Vice President (Vote for 1),candidate,Jill Stein/Rudolph Ware,58
Multnomah,3805,President and Vice President (Vote for 1),candidate,Kamala D Harris/Tim Walz,5212
Multnomah,3805,President and Vice President (Vote for 1),writein,,36
Multnomah,3805,President and Vice President (Vote for 1),undervotes,,85
Multnomah,3805,President and Vice President (Vote for 1),overvotes,,1
Multnomah,3805,President and Vice President (Vote for 1),ballots_cast,,6158
Multnomah,3806,President and Vice President (Vote for 1),candidate,Robert F Kennedy Jr/Nicole Shanahan,0
Multnomah,3806,President and Vice President (Vote for 1),candidate,Cornel West,0
Multnomah,3806,President and Vice President (Vote for 1),candidate,Chase Oliver/Mike ter Maat,0
Multnomah,3806,President and Vice President (Vote for 1),candidate,Randall Terry,0
Multnomah,3806,President and Vice President (Vote for 1),candidate,Donald J Trump/JD Vance,10
Multnomah,3806,President and Vice President (Vote for 1),candidate,Jill Stein/Rudolph Ware,1
Multnomah,3806,President and Vice President (Vote for 1),candidate,Kamala D Harris/Tim Walz,112
Multnomah,3806,President and Vice President (Vote for 1),writein,,0
Multnomah,3806,President and Vice President (Vote for 1),undervotes,,0
Multnomah,3806,President and Vice President (Vote for 1),overvotes,,0
Multnomah,3806,President and Vice President (Vote for 1),ballots_cast,,123
Multnomah,4101,President and Vice President (Vote for 1),candidate,Robert F Kennedy Jr/Nicole Shanahan,13
Multnomah,4101,President and Vice President (Vote for 1),candidate,Cornel West,16
Multnomah,4101,President and Vice President (Vote for 1),candidate,Chase Oliver/Mike ter Maat,5
Multnomah,4101,President and Vice President (Vote for 1),candidate,Randall Terry,5
Multnomah,4101,President and Vice President (Vote for 1),candidate,Donald J Trump/JD Vance,225
Multnomah,4101,President and Vice President (Vote for 1),candidate,Jill Stein/Rudolph Ware,23
Multnomah,4101,President and Vice President (Vote for 1),candidate,Kamala D Harris/Tim Walz,2494
Multnomah,4101,President and Vice President (Vote for 1),writein,,21
Multnomah,4101,President and Vice President (Vote for 1),undervotes,,38
Multnomah,4101,President and Vice President (Vote for 1),overvotes,,0
Multnomah,4101,President and Vice President (Vote for 1),ballots_cast,,2840
Multnomah,4102,President and Vice President (Vote for 1),candidate,Robert F Kennedy Jr/Nicole Shanahan,21
Multnomah,4102,President and Vice President (Vote for 1),candidate,Cornel West,19
Multnomah,4102,President and Vice President (Vote for 1),candidate,Chase Oliver/Mike ter Maat,6
Multnomah,4102,President and Vice President (Vote for 1),candidate,Randall Terry,0
Multnomah,4102,President and Vice President (Vote for 1),candidate,Donald J Trump/JD Vance,249
Multnomah,4102,President and Vice President (Vote for 1),candidate,Jill Stein/Rudolph Ware,53
Multnomah,4102,President and Vice President (Vote for 1),candidate,Kamala D Harris/Tim Walz,2524
Multnomah,4102,President and Vice President (Vote for 1),writein,,24
Multnomah,4102,President and Vice President (Vote for 1),undervotes,,33
Multnomah,4102,President and Vice President (Vote for 1),overvotes,,2
Multnomah,4102,President and Vice President (Vote for 1),ballots_cast,,2931
Multnomah,4103,President and Vice President (Vote for 1),candidate,Robert F Kennedy Jr/Nicole Shanahan,28
Multnomah,4103,President and Vice President (Vote for 1),candidate,Cornel West,24
Multnomah,4103,President and Vice President (Vote for 1),candidate,Chase Oliver/Mike ter Maat,7
Multnomah,4103,President and Vice President (Vote for 1),candidate,Randall Terry,0
Multnomah,4103,President and Vice President (Vote for 1),candidate,Donald J Trump/JD Vance,303
Multnomah,4103,President and Vice President (Vote for 1),candidate,Jill Stein/Rudolph Ware,31
Multnomah,4103,President and Vice President (Vote for 1),candidate,Kamala D Harris/Tim Walz,3052
Multnomah,4103,President and Vice President (Vote for 1),writein,,32
Multnomah,4103,President and Vice President (Vote for 1),undervotes,,25
Multnomah,4103,President and Vice President (Vote for 1),overvotes,,1
Multnomah,4103,President and Vice President (Vote for 1),ballots_cast,,3503
Multnomah,4104,President and Vice President (Vote for 1),candidate,Robert F Kennedy Jr/Nicole Shanahan,41
Multnomah,4104,President and Vice President (Vote for 1),candidate,Cornel West,28
Multnomah,4104,President and Vice President (Vote for 1),candidate,Chase Oliver/Mike ter Maat,13
Multnomah,4104,President and Vice President (Vote for 1),candidate,Randall Terry,1
Multnomah,4104,President and Vice President (Vote for 1),candidate,Donald J Trump/JD Vance,471
Multnomah,4104,President and Vice President (Vote for 1),candidate,Jill Stein/Rudolph Ware,92
Multnomah,4104,President and Vice President (Vote for 1),candidate,Kamala D Harris/Tim Walz,4361
Multnomah,4104,President and Vice President (Vote for 1),writein,,41
Multnomah,4104,President and Vice President (Vote for 1),undervotes,,52
Multnomah,4104,President and Vice President (Vote for 1),overvotes,,0
Multnomah,4104,President and Vice President (Vote for 1),ballots_cast,,5100
Multnomah,4105,President and Vice President (Vote for 1),candidate,Robert F Kennedy Jr/Nicole Shanahan,54
Multnomah,4105,President and Vice President (Vote for 1),candidate,Cornel West,31
Multnomah,4105,President and Vice President (Vote for 1),candidate,Chase Oliver/Mike ter Maat,11
Multnomah,4105,President and Vice President (Vote for 1),candidate,Randall Terry,3
Multnomah,4105,President and Vice President (Vote for 1),candidate,Donald J Trump/JD Vance,450
Multnomah,4105,President and Vice President (Vote for 1),candidate,Jill Stein/Rudolph Ware,78
Multnomah,4105,President and Vice President (Vote for 1),candidate,Kamala D Harris/Tim Walz,5715
Multnomah,4105,President and Vice President (Vote for 1),writein,,45
Multnomah,4105,President and Vice President (Vote for 1),undervotes,,66
Multnomah,4105,President and Vice President (Vote for 1),overvotes,,1
Multnomah,4105,President and Vice President (Vote for 1),ballots_cast,,6454
Multnomah,4201,President and Vice President (Vote for 1),candidate,Robert F Kennedy Jr/Nicole Shanahan,33
Multnomah,4201,President and Vice President (Vote for 1),candidate,Cornel West,63
Multnomah,4201,President and Vice President (Vote for 1),candidate,Chase Oliver/Mike ter Maat,16
Multnomah,4201,President and Vice President (Vote for 1),candidate,Randall Terry,0
Multnomah,4201,President and Vice President (Vote for 1),candidate,Donald J Trump/JD Vance,254
Multnomah,4201,President and Vice President (Vote for 1),candidate,Jill Stein/Rudolph Ware,137
Multnomah,4201,President and Vice President (Vote for 1),candidate,Kamala D Harris/Tim Walz,4500
Multnomah,4201,President and Vice President (Vote for 1),writein,,49
Multnomah,4201,President and Vice President (Vote for 1),undervotes,,61
Multnomah,4201,President and Vice President (Vote for 1),overvotes,,0
Multnomah,4201,President and Vice President (Vote for 1),ballots_cast,,5113
Multnomah,4202,President and Vice President (Vote for 1),candidate,Robert F Kennedy Jr/Nicole Shanahan,48
Multnomah,4202,President and Vice President (Vote for 1),candidate,Cornel West,64
Multnomah,4202,President and Vice President (Vote for 1),candidate,Chase Oliver/Mike ter Maat,21
Multnomah,4202,President and Vice President (Vote for 1),candidate,Randall Terry,0
Multnomah,4202,President and Vice President (Vote for 1),candidate,Donald J Trump/JD Vance,318
Multnomah,4202,President and Vice President (Vote for 1),candidate,Jill Stein/Rudolph Ware,155
Multnomah,4202,President and Vice President (Vote for 1),candidate,Kamala D Harris/Tim Walz,6888
Multnomah,4202,President and Vice President (Vote for 1),writein,,61
Multnomah,4202,President and Vice President (Vote for 1),undervotes,,82
Multnomah,4202,President and Vice President (Vote for 1),overvotes,,0
Multnomah,4202,President and Vice President (Vote for 1),ballots_cast,,7637
Multnomah,4203,President and Vice President (Vote for 1),candidate,Robert F Kennedy Jr/Nicole Shanahan,36
Multnomah,4203,President and Vice President (Vote for 1),candidate,Cornel West,68
Multnomah,4203,President and Vice President (Vote for 1),candidate,Chase Oliver/Mike ter Maat,21
Multnomah,4203,President and Vice President (Vote for 1),candidate,Randall Terry,1
Multnomah,4203,President and Vice President (Vote for 1),candidate,Donald J Trump/JD Vance,431
Multnomah,4203,President and Vice President (Vote for 1),candidate,Jill Stein/Rudolph Ware,159
Multnomah,4203,President and Vice President (Vote for 1),candidate,Kamala D Harris/Tim Walz,5947
Multnomah,4203,President and Vice President (Vote for 1),writein,,60
Multnomah,4203,President and Vice President (Vote for 1),undervotes,,70
Multnomah,4203,President and Vice President (Vote for 1),overvotes,,1
Multnomah,4203,President and Vice President (Vote for 1),ballots_cast,,6794
Multnomah,4204,President and Vice President (Vote for 1),candidate,Robert F Kennedy Jr/Nicole Shanahan,51
Multnomah,4204,President and Vice President (Vote for 1),candidate,Cornel West,48
Multnomah,4204,President and Vice President (Vote for 1),candidate,Chase Oliver/Mike ter Maat,14
Multnomah,4204,President and Vice President (Vote for 1),candidate,Randall Terry,2
Multnomah,4204,President and Vice President (Vote for 1),candidate,Donald J Trump/JD Vance,332
Multnomah,4204,President and Vice President (Vote for 1),candidate,Jill Stein/Rudolph Ware,148
Multnomah,4204,President and Vice President (Vote for 1),candidate,Kamala D Harris/Tim Walz,5956
Multnomah,4204,President and Vice President (Vote for 1),writein,,48
Multnomah,4204,President and Vice President (Vote for 1),undervotes,,60
Multnomah,4204,President and Vice President (Vote for 1),overvotes,,2
Multnomah,4204,President and Vice President (Vote for 1),ballots_cast,,6661
Multnomah,4205,President and Vice President (Vote for 1),candidate,Robert F Kennedy Jr/Nicole Shanahan,43
Multnomah,4205,President and Vice President (Vote for 1),candidate,Cornel West,77
Multnomah,4205,President and Vice President (Vote for 1),candidate,Chase Oliver/Mike ter Maat,20
Multnomah,4205,President and Vice President (Vote for 1),candidate,Randall Terry,3
Multnomah,4205,President and Vice President (Vote for 1),candidate,Donald J Trump/JD Vance,303
Multnomah,4205,President and Vice President (Vote for 1),candidate,Jill Stein/Rudolph Ware,203
Multnomah,4205,President and Vice President (Vote for 1),candidate,Kamala D Harris/Tim Walz,5908
Multnomah,4205,President and Vice President (Vote for 1),writein,,83
Multnomah,4205,President and Vice President (Vote for 1),undervotes,,68
Multnomah,4205,President and Vice President (Vote for 1),overvotes,,0
Multnomah,4205,President and Vice President (Vote for 1),ballots_cast,,6708
Multnomah,4206,President and Vice President (Vote for 1),candidate,Robert F Kennedy Jr/Nicole Shanahan,34
Multnomah,4206,President and Vice President (Vote for 1),candidate,Cornel West,71
Multnomah,4206,President and Vice President (Vote for 1),candidate,Chase Oliver/Mike ter Maat,20
Multnomah,4206,President and Vice President (Vote for 1),candidate,Randall Terry,3
Multnomah,4206,President and Vice President (Vote for 1),candidate,Donald J Trump/JD Vance,298
Multnomah,4206,President and Vice President (Vote for 1),candidate,Jill Stein/Rudolph Ware,125
Multnomah,4206,President and Vice President (Vote for 1),candidate,Kamala D Harris/Tim Walz,4426
Multnomah,4206,President and Vice President (Vote for 1),writein,,54
Multnomah,4206,President and Vice President (Vote for 1),undervotes,,53
Multnomah,4206,President and Vice President (Vote for 1),overvotes,,1
Multnomah,4206,President and Vice President (Vote for 1),ballots_cast,,5085
Multnomah,4207,President and Vice President (Vote for 1),candidate,Robert F Kennedy Jr/Nicole Shanahan,14
Multnomah,4207,President and Vice President (Vote for 1),candidate,Cornel West,35
Multnomah,4207,President and Vice President (Vote for 1),candidate,Chase Oliver/Mike ter Maat,6
Multnomah,4207,President and Vice President (Vote for 1),candidate,Randall Terry,0
Multnomah,4207,President and Vice President (Vote for 1),candidate,Donald J Trump/JD Vance,190
Multnomah,4207,President and Vice President (Vote for 1),candidate,Jill Stein/Rudolph Ware,52
Multnomah,4207,President and Vice President (Vote for 1),candidate,Kamala D Harris/Tim Walz,2934
Multnomah,4207,President and Vice President (Vote for 1),writein,,27
Multnomah,4207,President and Vice President (Vote for 1),undervotes,,29
Multnomah,4207,President and Vice President (Vote for 1),overvotes,,2
Multnomah,4207,President and Vice President (Vote for 1),ballots_cast,,3289
Multnomah,4208,President and Vice President (Vote for 1),candidate,Robert F Kennedy Jr/Nicole Shanahan,18
Multnomah,4208,President and Vice President (Vote for 1),candidate,Cornel West,27
Multnomah,4208,President and Vice President (Vote for 1),candidate,Chase Oliver/Mike ter Maat,6
Multnomah,4208,President and Vice President (Vote for 1),candidate,Randall Terry,1
Multnomah,4208,President and Vice President (Vote for 1),candidate,Donald J Trump/JD Vance,198
Multnomah,4208,President and Vice President (Vote for 1),candidate,Jill Stein/Rudolph Ware,38
Multnomah,4208,President and Vice President (Vote for 1),candidate,Kamala D Harris/Tim Walz,2778
Multnomah,4208,President and Vice President (Vote for 1),writein,,14
Multnomah,4208,President and Vice President (Vote for 1),undervotes,,30
Multnomah,4208,President and Vice President (Vote for 1),overvotes,,1
Multnomah,4208,President and Vice President (Vote for 1),ballots_cast,,3111
Multnomah,4301,President and Vice President (Vote for 1),candidate,Robert F Kennedy Jr/Nicole Shanahan,28
Multnomah,4301,President and Vice President (Vote for 1),candidate,Cornel West,43
Multnomah,4301,President and Vice President (Vote for 1),candidate,Chase Oliver/Mike ter Maat,9
Multnomah,4301,President and Vice President (Vote for 1),candidate,Randall Terry,2
Multnomah,4301,President and Vice President (Vote for 1),candidate,Donald J Trump/JD Vance,176
Multnomah,4301,President and Vice President (Vote for 1),candidate,Jill Stein/Rudolph Ware,82
Multnomah,4301,President and Vice President (Vote for 1),candidate,Kamala D Harris/Tim Walz,3399
Multnomah,4301,President and Vice President (Vote for 1),writein,,36
Multnomah,4301,President and Vice President (Vote for 1),undervotes,,41
Multnomah,4301,President and Vice President (Vote for 1),overvotes,,2
Multnomah,4301,President and Vice President (Vote for 1),ballots_cast,,3818
Multnomah,4302,President and Vice President (Vote for 1),candidate,Robert F Kennedy Jr/Nicole Shanahan,26
Multnomah,4302,President and Vice President (Vote for 1),candidate,Cornel West,52
Multnomah,4302,President and Vice President (Vote for 1),candidate,Chase Oliver/Mike ter Maat,14
Multnomah,4302,President and Vice President (Vote for 1),candidate,Randall Terry,2
Multnomah,4302,President and Vice President (Vote for 1),candidate,Donald J Trump/JD Vance,240
Multnomah,4302,President and Vice President (Vote for 1),candidate,Jill Stein/Rudolph Ware,118
Multnomah,4302,President and Vice President (Vote for 1),candidate,Kamala D Harris/Tim Walz,4745
Multnomah,4302,President and Vice President (Vote for 1),writein,,54
Multnomah,4302,President and Vice President (Vote for 1),undervotes,,55
Multnomah,4302,President and Vice President (Vote for 1),overvotes,,2
Multnomah,4302,President and Vice President (Vote for 1),ballots_cast,,5308
Multnomah,4303,President and Vice President (Vote for 1),candidate,Robert F Kennedy Jr/Nicole Shanahan,37
Multnomah,4303,President and Vice President (Vote for 1),candidate,Cornel West,76
Multnomah,4303,President and Vice President (Vote for 1),candidate,Chase Oliver/Mike ter Maat,16
Multnomah,4303,President and Vice President (Vote for 1),candidate,Randall Terry,1
Multnomah,4303,President and Vice President (Vote for 1),candidate,Donald J Trump/JD Vance,264
Multnomah,4303,President and Vice President (Vote for 1),candidate,Jill Stein/Rudolph Ware,167
Multnomah,4303,President and Vice President (Vote for 1),candidate,Kamala D Harris/Tim Walz,6205
Multnomah,4303,President and Vice President (Vote for 1),writein,,76
Multnomah,4303,President and Vice President (Vote for 1),undervotes,,59
Multnomah,4303,President and Vice President (Vote for 1),overvotes,,2
Multnomah,4303,President and Vice President (Vote for 1),ballots_cast,,6903
Multnomah,4304,President and Vice President (Vote for 1),candidate,Robert F Kennedy Jr/Nicole Shanahan,36
Multnomah,4304,President and Vice President (Vote for 1),candidate,Cornel West,53
Multnomah,4304,President and Vice President (Vote for 1),candidate,Chase Oliver/Mike ter Maat,14
Multnomah,4304,President and Vice President (Vote for 1),candidate,Randall Terry,2
Multnomah,4304,President and Vice President (Vote for 1),candidate,Donald J Trump/JD Vance,275
Multnomah,4304,President and Vice President (Vote for 1),candidate,Jill Stein/Rudolph Ware,134
Multnomah,4304,President and Vice President (Vote for 1),candidate,Kamala D Harris/Tim Walz,5807
Multnomah,4304,President and Vice President (Vote for 1),writein,,58
Multnomah,4304,President and Vice President (Vote for 1),undervotes,,76
Multnomah,4304,President and Vice President (Vote for 1),overvotes,,1
Multnomah,4304,President and Vice President (Vote for 1),ballots_cast,,6456
Multnomah,4305,President and Vice President (Vote for 1),candidate,Robert F Kennedy Jr/Nicole Shanahan,40
Multnomah,4305,President and Vice President (Vote for 1),candidate,Cornel West,53
Multnomah,4305,President and Vice President (Vote for 1),candidate,Chase Oliver/Mike ter Maat,20
Multnomah,4305,President and Vice President (Vote for 1),candidate,Randall Terry,4
Multnomah,4305,President and Vice President (Vote for 1),candidate,Donald J Trump/JD Vance,313
Multnomah,4305,President and Vice President (Vote for 1),candidate,Jill Stein/Rudolph Ware,115
Multnomah,4305,President and Vice President (Vote for 1),candidate,Kamala D Harris/Tim Walz,6262
Multnomah,4305,President and Vice President (Vote for 1),writein,,48
Multnomah,4305,President and Vice President (Vote for 1),undervotes,,61
Multnomah,4305,President and Vice President (Vote for 1),overvotes,,1
Multnomah,4305,President and Vice President (Vote for 1),ballots_cast,,6917
Multnomah,4306,President and Vice President (Vote for 1),candidate,Robert F Kennedy Jr/Nicole Shanahan,31
Multnomah,4306,President and Vice President (Vote for 1),candidate,Cornel West,35
Multnomah,4306,President and Vice President (Vote for 1),candidate,Chase Oliver/Mike ter Maat,15
Multnomah,4306,President and Vice President (Vote for 1),candidate,Randall Terry,1
Multnomah,4306,President and Vice President (Vote for 1),candidate,Donald J Trump/JD Vance,342
Multnomah,4306,President and Vice President (Vote for 1),candidate,Jill Stein/Rudolph Ware,96
Multnomah,4306,President and Vice President (Vote for 1),candidate,Kamala D Harris/Tim Walz,6063
Multnomah,4306,President and Vice President (Vote for 1),writein,,57
Multnomah,4306,President and Vice President (Vote for 1),undervotes,,87
Multnomah,4306,President and Vice President (Vote for 1),overvotes,,1
Multnomah,4306,President and Vice President (Vote for 1),ballots_cast,,6728
Multnomah,4307,President and Vice President (Vote for 1),candidate,Robert F Kennedy Jr/Nicole Shanahan,45
Multnomah,4307,President and Vice President (Vote for 1),candidate,Cornel West,57
Multnomah,4307,President and Vice President (Vote for 1),candidate,Chase Oliver/Mike ter Maat,17
Multnomah,4307,President and Vice President (Vote for 1),candidate,Randall Terry,1
Multnomah,4307,President and Vice President (Vote for 1),candidate,Donald J Trump/JD Vance,454
Multnomah,4307,President and Vice President (Vote for 1),candidate,Jill Stein/Rudolph Ware,128
Multnomah,4307,President and Vice President (Vote for 1),candidate,Kamala D Harris/Tim Walz,6156
Multnomah,4307,President and Vice President (Vote for 1),writein,,60
Multnomah,4307,President and Vice President (Vote for 1),undervotes,,48
Multnomah,4307,President and Vice President (Vote for 1),overvotes,,0
Multnomah,4307,President and Vice President (Vote for 1),ballots_cast,,6966
Multnomah,4401,President and Vice President (Vote for 1),candidate,Robert F Kennedy Jr/Nicole Shanahan,45
Multnomah,4401,President and Vice President (Vote for 1),candidate,Cornel West,34
Multnomah,4401,President and Vice President (Vote for 1),candidate,Chase Oliver/Mike ter Maat,14
Multnomah,4401,President and Vice President (Vote for 1),candidate,Randall Terry,4
Multnomah,4401,President and Vice President (Vote for 1),candidate,Donald J Trump/JD Vance,444
Multnomah,4401,President and Vice President (Vote for 1),candidate,Jill Stein/Rudolph Ware,84
Multnomah,4401,President and Vice President (Vote for 1),candidate,Kamala D Harris/Tim Walz,3581
Multnomah,4401,President and Vice President (Vote for 1),writein,,40
Multnomah,4401,President and Vice President (Vote for 1),undervotes,,53
Multnomah,4401,President and Vice President (Vote for 1),overvotes,,3
Multnomah,4401,President and Vice President (Vote for 1),ballots_cast,,4302
Multnomah,4402,President and Vice President (Vote for 1),candidate,Robert F Kennedy Jr/Nicole Shanahan,55
Multnomah,4402,President and Vice President (Vote for 1),candidate,Cornel West,42
Multnomah,4402,President and Vice President (Vote for 1),candidate,Chase Oliver/Mike ter Maat,30
Multnomah,4402,President and Vice President (Vote for 1),candidate,Randall Terry,1
Multnomah,4402,President and Vice President (Vote for 1),candidate,Donald J Trump/JD Vance,637
Multnomah,4402,President and Vice President (Vote for 1),candidate,Jill Stein/Rudolph Ware,82
Multnomah,4402,President and Vice President (Vote for 1),candidate,Kamala D Harris/Tim Walz,4714
Multnomah,4402,President and Vice President (Vote for 1),writein,,55
Multnomah,4402,President and Vice President (Vote for 1),undervotes,,48
Multnomah,4402,President and Vice President (Vote for 1),overvotes,,0
Multnomah,4402,President and Vice President (Vote for 1),ballots_cast,,5664
Multnomah,4403,President and Vice President (Vote for 1),candidate,Robert F Kennedy Jr/Nicole Shanahan,58
Multnomah,4403,President and Vice President (Vote for 1),candidate,Cornel West,62
Multnomah,4403,President and Vice President (Vote for 1),candidate,Chase Oliver/Mike ter Maat,19
Multnomah,4403,President and Vice President (Vote for 1),candidate,Randall Terry,6
Multnomah,4403,President and Vice President (Vote for 1),candidate,Donald J Trump/JD Vance,670
Multnomah,4403,President and Vice President (Vote for 1),candidate,Jill Stein/Rudolph Ware,113
Multnomah,4403,President and Vice President (Vote for 1),candidate,Kamala D Harris/Tim Walz,5747
Multnomah,4403,President and Vice President (Vote for 1),writein,,51
Multnomah,4403,President and Vice President (Vote for 1),undervotes,,56
Multnomah,4403,President and Vice President (Vote for 1),overvotes,,1
Multnomah,4403,President and Vice President (Vote for 1),ballots_cast,,6783
Multnomah,4404,President and Vice President (Vote for 1),candidate,Robert F Kennedy Jr/Nicole Shanahan,46
Multnomah,4404,President and Vice President (Vote for 1),candidate,Cornel West,44
Multnomah,4404,President and Vice President (Vote for 1),candidate,Chase Oliver/Mike ter Maat,22
Multnomah,4404,President and Vice President (Vote for 1),candidate,Randall Terry,4
Multnomah,4404,President and Vice President (Vote for 1),candidate,Donald J Trump/JD Vance,460
Multnomah,4404,President and Vice President (Vote for 1),candidate,Jill Stein/Rudolph Ware,99
Multnomah,4404,President and Vice President (Vote for 1),candidate,Kamala D Harris/Tim Walz,5681
Multnomah,4404,President and Vice President (Vote for 1),writein,,52
Multnomah,4404,President and Vice President (Vote for 1),undervotes,,50
Multnomah,4404,President and Vice President (Vote for 1),overvotes,,1
Multnomah,4404,President and Vice President (Vote for 1),ballots_cast,,6459
Multnomah,4405,President and Vice President (Vote for 1),candidate,Robert F Kennedy Jr/Nicole Shanahan,49
Multnomah,4405,President and Vice President (Vote for 1),candidate,Cornel West,80
Multnomah,4405,President and Vice President (Vote for 1),candidate,Chase Oliver/Mike ter Maat,19
Multnomah,4405,President and Vice President (Vote for 1),candidate,Randall Terry,1
Multnomah,4405,President and Vice President (Vote for 1),candidate,Donald J Trump/JD Vance,423
Multnomah,4405,President and Vice President (Vote for 1),candidate,Jill Stein/Rudolph Ware,199
Multnomah,4405,President and Vice President (Vote for 1),candidate,Kamala D Harris/Tim Walz,6556
Multnomah,4405,President and Vice President (Vote for 1),writein,,63
Multnomah,4405,President and Vice President (Vote for 1),undervotes,,80
Multnomah,4405,President and Vice President (Vote for 1),overvotes,,4
Multnomah,4405,President and Vice President (Vote for 1),ballots_cast,,7474
Multnomah,4406,President and Vice President (Vote for 1),candidate,Robert F Kennedy Jr/Nicole Shanahan,64
Multnomah,4406,President and Vice President (Vote for 1),candidate,Cornel West,37
Multnomah,4406,President and Vice President (Vote for 1),candidate,Chase Oliver/Mike ter Maat,13
Multnomah,4406,President and Vice President (Vote for 1),candidate,Randall Terry,0
Multnomah,4406,President and Vice President (Vote for 1),candidate,Donald J Trump/JD Vance,939
Multnomah,4406,President and Vice President (Vote for 1),candidate,Jill Stein/Rudolph Ware,89
Multnomah,4406,President and Vice President (Vote for 1),candidate,Kamala D Harris/Tim Walz,4404
Multnomah,4406,President and Vice President (Vote for 1),writein,,34
Multnomah,4406,President and Vice President (Vote for 1),undervotes,,58
Multnomah,4406,President and Vice President (Vote for 1),overvotes,,2
Multnomah,4406,President and Vice President (Vote for 1),ballots_cast,,5640
Multnomah,4407,President and Vice President (Vote for 1),candidate,Robert F Kennedy Jr/Nicole Shanahan,0
Multnomah,4407,President and Vice President (Vote for 1),candidate,Cornel West,0
Multnomah,4407,President and Vice President (Vote for 1),candidate,Chase Oliver/Mike ter Maat,0
Multnomah,4407,President and Vice President (Vote for 1),candidate,Randall Terry,0
Multnomah,4407,President and Vice President (Vote for 1),candidate,Donald J Trump/JD Vance,10
Multnomah,4407,President and Vice President (Vote for 1),candidate,Jill Stein/Rudolph Ware,0
Multnomah,4407,President and Vice President (Vote for 1),candidate,Kamala D Harris/Tim Walz,18
Multnomah,4407,President and Vice President (Vote for 1),writein,,1
Multnomah,4407,President and Vice President (Vote for 1),undervotes,,0
Multnomah,4407,President and Vice President (Vote for 1),overvotes,,0
Multnomah,4407,President and Vice President (Vote for 1),ballots_cast,,29
Multnomah,4501,President and Vice President (Vote for 1),candidate,Robert F Kennedy Jr/Nicole Shanahan,61
Multnomah,4501,President and Vice President (Vote for 1),candidate,Cornel West,33
Multnomah,4501,President and Vice President (Vote for 1),candidate,Chase Oliver/Mike ter Maat,17
Multnomah,4501,President and Vice President (Vote for 1),candidate,Randall Terry,1
Multnomah,4501,President and Vice President (Vote for 1),candidate,Donald J Trump/JD Vance,578
Multnomah,4501,President and Vice President (Vote for 1),candidate,Jill Stein/Rudolph Ware,111
Multnomah,4501,President and Vice President (Vote for 1),candidate,Kamala D Harris/Tim Walz,7514
Multnomah,4501,President and Vice President (Vote for 1),writein,,58
Multnomah,4501,President and Vice President (Vote for 1),undervotes,,76
Multnomah,4501,President and Vice President (Vote for 1),overvotes,,1
Multnomah,4501,President and Vice President (Vote for 1),ballots_cast,,8450
Multnomah,4502,President and Vice President (Vote for 1),candidate,Robert F Kennedy Jr/Nicole Shanahan,40
Multnomah,4502,President and Vice President (Vote for 1),candidate,Cornel West,51
Multnomah,4502,President and Vice President (Vote for 1),candidate,Chase Oliver/Mike ter Maat,18
Multnomah,4502,President and Vice President (Vote for 1),candidate,Randall Terry,0
Multnomah,4502,President and Vice President (Vote for 1),candidate,Donald J Trump/JD Vance,624
Multnomah,4502,President and Vice President (Vote for 1),candidate,Jill Stein/Rudolph Ware,127
Multnomah,4502,President and Vice President (Vote for 1),candidate,Kamala D Harris/Tim Walz,6705
Multnomah,4502,President and Vice President (Vote for 1),writein,,68
Multnomah,4502,President and Vice President (Vote for 1),undervotes,,82
Multnomah,4502,President and Vice President (Vote for 1),overvotes,,1
Multnomah,4502,President and Vice President (Vote for 1),ballots_cast,,7716
Multnomah,4503,President and Vice President (Vote for 1),candidate,Robert F Kennedy Jr/Nicole Shanahan,58
Multnomah,4503,President and Vice President (Vote for 1),candidate,Cornel West,61
Multnomah,4503,President and Vice President (Vote for 1),candidate,Chase Oliver/Mike ter Maat,28
Multnomah,4503,President and Vice President (Vote for 1),candidate,Randall Terry,0
Multnomah,4503,President and Vice President (Vote for 1),candidate,Donald J Trump/JD Vance,970
Multnomah,4503,President and Vice President (Vote for 1),candidate,Jill Stein/Rudolph Ware,121
Multnomah,4503,President and Vice President (Vote for 1),candidate,Kamala D Harris/Tim Walz,5763
Multnomah,4503,President and Vice President (Vote for 1),writein,,46
Multnomah,4503,President and Vice President (Vote for 1),undervotes,,54
Multnomah,4503,President and Vice President (Vote for 1),overvotes,,5
Multnomah,4503,President and Vice President (Vote for 1),ballots_cast,,7106
Multnomah,4504,President and Vice President (Vote for 1),candidate,Robert F Kennedy Jr/Nicole Shanahan,4
Multnomah,4504,President and Vice President (Vote for 1),candidate,Cornel West,4
Multnomah,4504,President and Vice President (Vote for 1),candidate,Chase Oliver/Mike ter Maat,2
Multnomah,4504,President and Vice President (Vote for 1),candidate,Randall Terry,0
Multnomah,4504,President and Vice President (Vote for 1),candidate,Donald J Trump/JD Vance,84
Multnomah,4504,President and Vice President (Vote for 1),candidate,Jill Stein/Rudolph Ware,8
Multnomah,4504,President and Vice President (Vote for 1),candidate,Kamala D Harris/Tim Walz,418
Multnomah,4504,President and Vice President (Vote for 1),writein,,5
Multnomah,4504,President and Vice President (Vote for 1),undervotes,,11
Multnomah,4504,President and Vice President (Vote for 1),overvotes,,0
Multnomah,4504,President and Vice President (Vote for 1),ballots_cast,,536
Multnomah,4505,President and Vice President (Vote for 1),candidate,Robert F Kennedy Jr/Nicole Shanahan,22
Multnomah,4505,President and Vice President (Vote for 1),candidate,Cornel West,23
Multnomah,4505,President and Vice President (Vote for 1),candidate,Chase Oliver/Mike ter Maat,5
Multnomah,4505,President and Vice President (Vote for 1),candidate,Randall Terry,0
Multnomah,4505,President and Vice President (Vote for 1),candidate,Donald J Trump/JD Vance,211
Multnomah,4505,President and Vice President (Vote for 1),candidate,Jill Stein/Rudolph Ware,49
Multnomah,4505,President and Vice President (Vote for 1),candidate,Kamala D Harris/Tim Walz,1902
Multnomah,4505,President and Vice President (Vote for 1),writein,,20
Multnomah,4505,President and Vice President (Vote for 1),undervotes,,33
Multnomah,4505,President and Vice President (Vote for 1),overvotes,,1
Multnomah,4505,President and Vice President (Vote for 1),ballots_cast,,2266
Multnomah,4506,President and Vice President (Vote for 1),candidate,Robert F Kennedy Jr/Nicole Shanahan,59
Multnomah,4506,President and Vice President (Vote for 1),candidate,Cornel West,64
Multnomah,4506,President and Vice President (Vote for 1),candidate,Chase Oliver/Mike ter Maat,14
Multnomah,4506,President and Vice President (Vote for 1),candidate,Randall Terry,4
Multnomah,4506,President and Vice President (Vote for 1),candidate,Donald J Trump/JD Vance,767
Multnomah,4506,President and Vice President (Vote for 1),candidate,Jill Stein/Rudolph Ware,130
Multnomah,4506,President and Vice President (Vote for 1),candidate,Kamala D Harris/Tim Walz,6085
Multnomah,4506,President and Vice President (Vote for 1),writein,,60
Multnomah,4506,President and Vice President (Vote for 1),undervotes,,102
Multnomah,4506,President and Vice President (Vote for 1),overvotes,,1
Multnomah,4506,President and Vice President (Vote for 1),ballots_cast,,7286
Multnomah,4507,President and Vice President (Vote for 1),candidate,Robert F Kennedy Jr/Nicole Shanahan,1
Multnomah,4507,President and Vice President (Vote for 1),candidate,Cornel West,1
Multnomah,4507,President and Vice President (Vote for 1),candidate,Chase Oliver/Mike ter Maat,2
Multnomah,4507,President and Vice President (Vote for 1),candidate,Randall Terry,0
Multnomah,4507,President and Vice President (Vote for 1),candidate,Donald J Trump/JD Vance,67
Multnomah,4507,President and Vice President (Vote for 1),candidate,Jill Stein/Rudolph Ware,3
Multnomah,4507,President and Vice President (Vote for 1),candidate,Kamala D Harris/Tim Walz,214
Multnomah,4507,President and Vice President (Vote for 1),writein,,1
Multnomah,4507,President and Vice President (Vote for 1),undervotes,,2
Multnomah,4507,President and Vice President (Vote for 1),overvotes,,0
Multnomah,4507,President and Vice President (Vote for 1),ballots_cast,,291
Multnomah,4508,President and Vice President (Vote for 1),candidate,Robert F Kennedy Jr/Nicole Shanahan,73
Multnomah,4508,President and Vice President (Vote for 1),candidate,Cornel West,26
Multnomah,4508,President and Vice President (Vote for 1),candidate,Chase Oliver/Mike ter Maat,17
Multnomah,4508,President and Vice President (Vote for 1),candidate,Randall Terry,3
Multnomah,4508,President and Vice President (Vote for 1),candidate,Donald J Trump/JD Vance,1367
Multnomah,4508,President and Vice President (Vote for 1),candidate,Jill Stein/Rudolph Ware,75
Multnomah,4508,President and Vice President (Vote for 1),candidate,Kamala D Harris/Tim Walz,3840
Multnomah,4508,President and Vice President (Vote for 1),writein,,38
Multnomah,4508,President and Vice President (Vote for 1),undervotes,,58
Multnomah,4508,President and Vice President (Vote for 1),overvotes,,6
Multnomah,4508,President and Vice President (Vote for 1),ballots_cast,,5503
Multnomah,4509,President and Vice President (Vote for 1),candidate,Robert F Kennedy Jr/Nicole Shanahan,16
Multnomah,4509,President and Vice President (Vote for 1),candidate,Cornel West,0
Multnomah,4509,President and Vice President (Vote for 1),candidate,Chase Oliver/Mike ter Maat,3
Multnomah,4509,President and Vice President (Vote for 1),candidate,Randall Terry,0
Multnomah,4509,President and Vice President (Vote for 1),candidate,Donald J Trump/JD Vance,224
Multnomah,4509,President and Vice President (Vote for 1),candidate,Jill Stein/Rudolph Ware,14
Multnomah,4509,President and Vice President (Vote for 1),candidate,Kamala D Harris/Tim Walz,570
Multnomah,4509,President and Vice President (Vote for 1),writein,,5
Multnomah,4509,President and Vice President (Vote for 1),undervotes,,11
Multnomah,4509,President and Vice President (Vote for 1),overvotes,,1
Multnomah,4509,President and Vice President (Vote for 1),ballots_cast,,844
Multnomah,4601,President and Vice President (Vote for 1),candidate,Robert F Kennedy Jr/Nicole Shanahan,33
Multnomah,4601,President and Vice President (Vote for 1),candidate,Cornel West,48
Multnomah,4601,President and Vice President (Vote for 1),candidate,Chase Oliver/Mike ter Maat,12
Multnomah,4601,President and Vice President (Vote for 1),candidate,Randall Terry,3
Multnomah,4601,President and Vice President (Vote for 1),candidate,Donald J Trump/JD Vance,568
Multnomah,4601,President and Vice President (Vote for 1),candidate,Jill Stein/Rudolph Ware,81
Multnomah,4601,President and Vice President (Vote for 1),candidate,Kamala D Harris/Tim Walz,5512
Multnomah,4601,President and Vice President (Vote for 1),writein,,45
Multnomah,4601,President and Vice President (Vote for 1),undervotes,,56
Multnomah,4601,President and Vice President (Vote for 1),overvotes,,3
Multnomah,4601,President and Vice President (Vote for 1),ballots_cast,,6361
Multnomah,4602,President and Vice President (Vote for 1),candidate,Robert F Kennedy Jr/Nicole Shanahan,43
Multnomah,4602,President and Vice President (Vote for 1),candidate,Cornel West,60
Multnomah,4602,President and Vice President (Vote for 1),candidate,Chase Oliver/Mike ter Maat,16
Multnomah,4602,President and Vice President (Vote for 1),candidate,Randall Terry,0
Multnomah,4602,President and Vice President (Vote for 1),candidate,Donald J Trump/JD Vance,583
Multnomah,4602,President and Vice President (Vote for 1),candidate,Jill Stein/Rudolph Ware,117
Multnomah,4602,President and Vice President (Vote for 1),candidate,Kamala D Harris/Tim Walz,4877
Multnomah,4602,President and Vice President (Vote for 1),writein,,31
Multnomah,4602,President and Vice President (Vote for 1),undervotes,,36
Multnomah,4602,President and Vice President (Vote for 1),overvotes,,1
Multnomah,4602,President and Vice President (Vote for 1),ballots_cast,,5764
Multnomah,4603,President and Vice President (Vote for 1),candidate,Robert F Kennedy Jr/Nicole Shanahan,37
Multnomah,4603,President and Vice President (Vote for 1),candidate,Cornel West,34
Multnomah,4603,President and Vice President (Vote for 1),candidate,Chase Oliver/Mike ter Maat,14
Multnomah,4603,President and Vice President (Vote for 1),candidate,Randall Terry,1
Multnomah,4603,President and Vice President (Vote for 1),candidate,Donald J Trump/JD Vance,490
Multnomah,4603,President and Vice President (Vote for 1),candidate,Jill Stein/Rudolph Ware,104
Multnomah,4603,President and Vice President (Vote for 1),candidate,Kamala D Harris/Tim Walz,3305
Multnomah,4603,President and Vice President (Vote for 1),writein,,40
Multnomah,4603,President and Vice President (Vote for 1),undervotes,,51
Multnomah,4603,President and Vice President (Vote for 1),overvotes,,1
Multnomah,4603,President and Vice President (Vote for 1),ballots_cast,,4077
Multnomah,4604,President and Vice President (Vote for 1),candidate,Robert F Kennedy Jr/Nicole Shanahan,61
Multnomah,4604,President and Vice President (Vote for 1),candidate,Cornel West,61
Multnomah,4604,President and Vice President (Vote for 1),candidate,Chase Oliver/Mike ter Maat,16
Multnomah,4604,President and Vice President (Vote for 1),candidate,Randall Terry,4
Multnomah,4604,President and Vice President (Vote for 1),candidate,Donald J Trump/JD Vance,973
Multnomah,4604,President and Vice President (Vote for 1),candidate,Jill Stein/Rudolph Ware,99
Multnomah,4604,President and Vice President (Vote for 1),candidate,Kamala D Harris/Tim Walz,4747
Multnomah,4604,President and Vice President (Vote for 1),writein,,37
Multnomah,4604,President and Vice President (Vote for 1),undervotes,,46
Multnomah,4604,President and Vice President (Vote for 1),overvotes,,0
Multnomah,4604,President and Vice President (Vote for 1),ballots_cast,,6044
Multnomah,4605,President and Vice President (Vote for 1),candidate,Robert F Kennedy Jr/Nicole Shanahan,60
Multnomah,4605,President and Vice President (Vote for 1),candidate,Cornel West,38
Multnomah,4605,President and Vice President (Vote for 1),candidate,Chase Oliver/Mike ter Maat,24
Multnomah,4605,President and Vice President (Vote for 1),candidate,Randall Terry,1
Multnomah,4605,President and Vice President (Vote for 1),candidate,Donald J Trump/JD Vance,986
Multnomah,4605,President and Vice President (Vote for 1),candidate,Jill Stein/Rudolph Ware,79
Multnomah,4605,President and Vice President (Vote for 1),candidate,Kamala D Harris/Tim Walz,3353
Multnomah,4605,President and Vice President (Vote for 1),writein,,29
Multnomah,4605,President and Vice President (Vote for 1),undervotes,,46
Multnomah,4605,President and Vice President (Vote for 1),overvotes,,3
Multnomah,4605,President and Vice President (Vote for 1),ballots_cast,,4619
Multnomah,4606,President and Vice President (Vote for 1),candidate,Robert F Kennedy Jr/Nicole Shanahan,47
Multnomah,4606,President and Vice President (Vote for 1),candidate,Cornel West,29
Multnomah,4606,President and Vice President (Vote for 1),candidate,Chase Oliver/Mike ter Maat,8
Multnomah,4606,President and Vice President (Vote for 1),candidate,Randall Terry,3
Multnomah,4606,President and Vice President (Vote for 1),candidate,Donald J Trump/JD Vance,1041
Multnomah,4606,President and Vice President (Vote for 1),candidate,Jill Stein/Rudolph Ware,74
Multnomah,4606,President and Vice President (Vote for 1),candidate,Kamala D Harris/Tim Walz,3282
Multnomah,4606,President and Vice President (Vote for 1),writein,,40
Multnomah,4606,President and Vice President (Vote for 1),undervotes,,44
Multnomah,4606,President and Vice President (Vote for 1),overvotes,,1
Multnomah,4606,President and Vice President (Vote for 1),ballots_cast,,4569
Multnomah,4607,President and Vice President (Vote for 1),candidate,Robert F Kennedy Jr/Nicole Shanahan,50
Multnomah,4607,President and Vice President (Vote for 1),candidate,Cornel West,25
Multnomah,4607,President and Vice President (Vote for 1),candidate,Chase Oliver/Mike ter Maat,12
Multnomah,4607,President and Vice President (Vote for 1),candidate,Randall Terry,5
Multnomah,4607,President and Vice President (Vote for 1),candidate,Donald J Trump/JD Vance,731
Multnomah,4607,President and Vice President (Vote for 1),candidate,Jill Stein/Rudolph Ware,62
Multnomah,4607,President and Vice President (Vote for 1),candidate,Kamala D Harris/Tim Walz,2386
Multnomah,4607,President and Vice President (Vote for 1),writein,,22
Multnomah,4607,President and Vice President (Vote for 1),undervotes,,42
Multnomah,4607,President and Vice President (Vote for 1),overvotes,,1
Multnomah,4607,President and Vice President (Vote for 1),ballots_cast,,3336
Multnomah,4608,President and Vice President (Vote for 1),candidate,Robert F Kennedy Jr/Nicole Shanahan,2
Multnomah,4608,President and Vice President (Vote for 1),candidate,Cornel West,0
Multnomah,4608,President and Vice President (Vote for 1),candidate,Chase Oliver/Mike ter Maat,0
Multnomah,4608,President and Vice President (Vote for 1),candidate,Randall Terry,0
Multnomah,4608,President and Vice President (Vote for 1),candidate,Donald J Trump/JD Vance,14
Multnomah,4608,President and Vice President (Vote for 1),candidate,Jill Stein/Rudolph Ware,1
Multnomah,4608,President and Vice President (Vote for 1),candidate,Kamala D Harris/Tim Walz,24
Multnomah,4608,President and Vice President (Vote for 1),writein,,0
Multnomah,4608,President and Vice President (Vote for 1),undervotes,,1
Multnomah,4608,President and Vice President (Vote for 1),overvotes,,0
Multnomah,4608,President and Vice President (Vote for 1),ballots_cast,,42
Multnomah,4701,President and Vice President (Vote for 1),candidate,Robert F Kennedy Jr/Nicole Shanahan,0
Multnomah,4701,President and Vice President (Vote for 1),candidate,Cornel West,0
Multnomah,4701,President and Vice President (Vote for 1),candidate,Chase Oliver/Mike ter Maat,0
Multnomah,4701,President and Vice President (Vote for 1),candidate,Randall Terry,0
Multnomah,4701,President and Vice President (Vote for 1),candidate,Donald J Trump/JD Vance,32
Multnomah,4701,President and Vice President (Vote for 1),candidate,Jill Stein/Rudolph Ware,0
Multnomah,4701,President and Vice President (Vote for 1),candidate,Kamala D Harris/Tim Walz,28
Multnomah,4701,President and Vice President (Vote for 1),writein,,0
Multnomah,4701,President and Vice President (Vote for 1),undervotes,,0
Multnomah,4701,President and Vice President (Vote for 1),overvotes,,0
Multnomah,4701,President and Vice President (Vote for 1),ballots_cast,,60
Multnomah,4702,President and Vice President (Vote for 1),candidate,Robert F Kennedy Jr/Nicole Shanahan,31
Multnomah,4702,President and Vice President (Vote for 1),candidate,Cornel West,11
Multnomah,4702,President and Vice President (Vote for 1),candidate,Chase Oliver/Mike ter Maat,4
Multnomah,4702,President and Vice President (Vote for 1),candidate,Randall Terry,2
Multnomah,4702,President and Vice President (Vote for 1),candidate,Donald J Trump/JD Vance,425
Multnomah,4702,President and Vice President (Vote for 1),candidate,Jill Stein/Rudolph Ware,16
Multnomah,4702,President and Vice President (Vote for 1),candidate,Kamala D Harris/Tim Walz,1355
Multnomah,4702,President and Vice President (Vote for 1),writein,,11
Multnomah,4702,President and Vice President (Vote for 1),undervotes,,35
Multnomah,4702,President and Vice President (Vote for 1),overvotes,,1
Multnomah,4702,President and Vice President (Vote for 1),ballots_cast,,1891
Multnomah,4703,President and Vice President (Vote for 1),candidate,Robert F Kennedy Jr/Nicole Shanahan,47
Multnomah,4703,President and Vice President (Vote for 1),candidate,Cornel West,11
Multnomah,4703,President and Vice President (Vote for 1),candidate,Chase Oliver/Mike ter Maat,9
Multnomah,4703,President and Vice President (Vote for 1),candidate,Randall Terry,1
Multnomah,4703,President and Vice President (Vote for 1),candidate,Donald J Trump/JD Vance,1312
Multnomah,4703,President and Vice President (Vote for 1),candidate,Jill Stein/Rudolph Ware,35
Multnomah,4703,President and Vice President (Vote for 1),candidate,Kamala D Harris/Tim Walz,2822
Multnomah,4703,President and Vice President (Vote for 1),writein,,13
Multnomah,4703,President and Vice President (Vote for 1),undervotes,,61
Multnomah,4703,President and Vice President (Vote for 1),overvotes,,1
Multnomah,4703,President and Vice President (Vote for 1),ballots_cast,,4312
Multnomah,4704,President and Vice President (Vote for 1),candidate,Robert F Kennedy Jr/Nicole Shanahan,48
Multnomah,4704,President and Vice President (Vote for 1),candidate,Cornel West,15
Multnomah,4704,President and Vice President (Vote for 1),candidate,Chase Oliver/Mike ter Maat,17
Multnomah,4704,President and Vice President (Vote for 1),candidate,Randall Terry,8
Multnomah,4704,President and Vice President (Vote for 1),candidate,Donald J Trump/JD Vance,1164
Multnomah,4704,President and Vice President (Vote for 1),candidate,Jill Stein/Rudolph Ware,40
Multnomah,4704,President and Vice President (Vote for 1),candidate,Kamala D Harris/Tim Walz,1814
Multnomah,4704,President and Vice President (Vote for 1),writein,,15
Multnomah,4704,President and Vice President (Vote for 1),undervotes,,47
Multnomah,4704,President and Vice President (Vote for 1),overvotes,,2
Multnomah,4704,President and Vice President (Vote for 1),ballots_cast,,3170
Multnomah,4705,President and Vice President (Vote for 1),candidate,Robert F Kennedy Jr/Nicole Shanahan,17
Multnomah,4705,President and Vice President (Vote for 1),candidate,Cornel West,14
Multnomah,4705,President and Vice President (Vote for 1),candidate,Chase Oliver/Mike ter Maat,10
Multnomah,4705,President and Vice President (Vote for 1),candidate,Randall Terry,4
Multnomah,4705,President and Vice President (Vote for 1),candidate,Donald J Trump/JD Vance,812
Multnomah,4705,President and Vice President (Vote for 1),candidate,Jill Stein/Rudolph Ware,41
Multnomah,4705,President and Vice President (Vote for 1),candidate,Kamala D Harris/Tim Walz,2072
Multnomah,4705,President and Vice President (Vote for 1),writein,,28
Multnomah,4705,President and Vice President (Vote for 1),undervotes,,53
Multnomah,4705,President and Vice President (Vote for 1),overvotes,,3
Multnomah,4705,President and Vice President (Vote for 1),ballots_cast,,3054
Multnomah,4706,President and Vice President (Vote for 1),candidate,Robert F Kennedy Jr/Nicole Shanahan,43
Multnomah,4706,President and Vice President (Vote for 1),candidate,Cornel West,13
Multnomah,4706,President and Vice President (Vote for 1),candidate,Chase Oliver/Mike ter Maat,11
Multnomah,4706,President and Vice President (Vote for 1),candidate,Randall Terry,2
Multnomah,4706,President and Vice President (Vote for 1),candidate,Donald J Trump/JD Vance,716
Multnomah,4706,President and Vice President (Vote for 1),candidate,Jill Stein/Rudolph Ware,29
Multnomah,4706,President and Vice President (Vote for 1),candidate,Kamala D Harris/Tim Walz,1846
Multnomah,4706,President and Vice President (Vote for 1),writein,,12
Multnomah,4706,President and Vice President (Vote for 1),undervotes,,39
Multnomah,4706,President and Vice President (Vote for 1),overvotes,,2
Multnomah,4706,President and Vice President (Vote for 1),ballots_cast,,2713
Multnomah,4707,President and Vice President (Vote for 1),candidate,Robert F Kennedy Jr/Nicole Shanahan,73
Multnomah,4707,President and Vice President (Vote for 1),candidate,Cornel West,20
Multnomah,4707,President and Vice President (Vote for 1),candidate,Chase Oliver/Mike ter Maat,9
Multnomah,4707,President and Vice President (Vote for 1),candidate,Randall Terry,4
Multnomah,4707,President and Vice President (Vote for 1),candidate,Donald J Trump/JD Vance,1090
Multnomah,4707,President and Vice President (Vote for 1),candidate,Jill Stein/Rudolph Ware,83
Multnomah,4707,President and Vice President (Vote for 1),candidate,Kamala D Harris/Tim Walz,3405
Multnomah,4707,President and Vice President (Vote for 1),writein,,34
Multnomah,4707,President and Vice President (Vote for 1),undervotes,,61
Multnomah,4707,President and Vice President (Vote for 1),overvotes,,3
Multnomah,4707,President and Vice President (Vote for 1),ballots_cast,,4782
Multnomah,4708,President and Vice President (Vote for 1),candidate,Robert F Kennedy Jr/Nicole Shanahan,58
Multnomah,4708,President and Vice President (Vote for 1),candidate,Cornel West,24
Multnomah,4708,President and Vice President (Vote for 1),candidate,Chase Oliver/Mike ter Maat,18
Multnomah,4708,President and Vice President (Vote for 1),candidate,Randall Terry,5
Multnomah,4708,President and Vice President (Vote for 1),candidate,Donald J Trump/JD Vance,1432
Multnomah,4708,President and Vice President (Vote for 1),candidate,Jill Stein/Rudolph Ware,61
Multnomah,4708,President and Vice President (Vote for 1),candidate,Kamala D Harris/Tim Walz,3081
Multnomah,4708,President and Vice President (Vote for 1),writein,,33
Multnomah,4708,President and Vice President (Vote for 1),undervotes,,58
Multnomah,4708,President and Vice President (Vote for 1),overvotes,,1
Multnomah,4708,President and Vice President (Vote for 1),ballots_cast,,4771
Multnomah,4709,President and Vice President (Vote for 1),candidate,Robert F Kennedy Jr/Nicole Shanahan,16
Multnomah,4709,President and Vice President (Vote for 1),candidate,Cornel West,6
Multnomah,4709,President and Vice President (Vote for 1),candidate,Chase Oliver/Mike ter Maat,3
Multnomah,4709,President and Vice President (Vote for 1),candidate,Randall Terry,2
Multnomah,4709,President and Vice President (Vote for 1),candidate,Donald J Trump/JD Vance,269
Multnomah,4709,President and Vice President (Vote for 1),candidate,Jill Stein/Rudolph Ware,10
Multnomah,4709,President and Vice President (Vote for 1),candidate,Kamala D Harris/Tim Walz,596
Multnomah,4709,President and Vice President (Vote for 1),writein,,6
Multnomah,4709,President and Vice President (Vote for 1),undervotes,,8
Multnomah,4709,President and Vice President (Vote for 1),overvotes,,0
Multnomah,4709,President and Vice President (Vote for 1),ballots_cast,,916
Multnomah,4710,President and Vice President (Vote for 1),candidate,Robert F Kennedy Jr/Nicole Shanahan,11
Multnomah,4710,President and Vice President (Vote for 1),candidate,Cornel West,11
Multnomah,4710,President and Vice President (Vote for 1),candidate,Chase Oliver/Mike ter Maat,2
Multnomah,4710,President and Vice President (Vote for 1),candidate,Randall Terry,0
Multnomah,4710,President and Vice President (Vote for 1),candidate,Donald J Trump/JD Vance,307
Multnomah,4710,President and Vice President (Vote for 1),candidate,Jill Stein/Rudolph Ware,20
Multnomah,4710,President and Vice President (Vote for 1),candidate,Kamala D Harris/Tim Walz,765
Multnomah,4710,President and Vice President (Vote for 1),writein,,9
Multnomah,4710,President and Vice President (Vote for 1),undervotes,,12
Multnomah,4710,President and Vice President (Vote for 1),overvotes,,3
Multnomah,4710,President and Vice President (Vote for 1),ballots_cast,,1140
Multnomah,4801,President and Vice President (Vote for 1),candidate,Robert F Kennedy Jr/Nicole Shanahan,9
Multnomah,4801,President and Vice President (Vote for 1),candidate,Cornel West,3
Multnomah,4801,President and Vice President (Vote for 1),candidate,Chase Oliver/Mike ter Maat,4
Multnomah,4801,President and Vice President (Vote for 1),candidate,Randall Terry,0
Multnomah,4801,President and Vice President (Vote for 1),candidate,Donald J Trump/JD Vance,166
Multnomah,4801,President and Vice President (Vote for 1),candidate,Jill Stein/Rudolph Ware,7
Multnomah,4801,President and Vice President (Vote for 1),candidate,Kamala D Harris/Tim Walz,381
Multnomah,4801,President and Vice President (Vote for 1),writein,,3
Multnomah,4801,President and Vice President (Vote for 1),undervotes,,8
Multnomah,4801,President and Vice President (Vote for 1),overvotes,,0
Multnomah,4801,President and Vice President (Vote for 1),ballots_cast,,581
Multnomah,4802,President and Vice President (Vote for 1),candidate,Robert F Kennedy Jr/Nicole Shanahan,62
Multnomah,4802,President and Vice President (Vote for 1),candidate,Cornel West,23
Multnomah,4802,President and Vice President (Vote for 1),candidate,Chase Oliver/Mike ter Maat,17
Multnomah,4802,President and Vice President (Vote for 1),candidate,Randall Terry,2
Multnomah,4802,President and Vice President (Vote for 1),candidate,Donald J Trump/JD Vance,1297
Multnomah,4802,President and Vice President (Vote for 1),candidate,Jill Stein/Rudolph Ware,63
Multnomah,4802,President and Vice President (Vote for 1),candidate,Kamala D Harris/Tim Walz,2807
Multnomah,4802,President and Vice President (Vote for 1),writein,,25
Multnomah,4802,President and Vice President (Vote for 1),undervotes,,52
Multnomah,4802,President and Vice President (Vote for 1),overvotes,,5
Multnomah,4802,President and Vice President (Vote for 1),ballots_cast,,4353
Multnomah,4803,President and Vice President (Vote for 1),candidate,Robert F Kennedy Jr/Nicole Shanahan,29
Multnomah,4803,President and Vice President (Vote for 1),candidate,Cornel West,9
Multnomah,4803,President and Vice President (Vote for 1),candidate,Chase Oliver/Mike ter Maat,7
Multnomah,4803,President and Vice President (Vote for 1),candidate,Randall Terry,2
Multnomah,4803,President and Vice President (Vote for 1),candidate,Donald J Trump/JD Vance,970
Multnomah,4803,President and Vice President (Vote for 1),candidate,Jill Stein/Rudolph Ware,25
Multnomah,4803,President and Vice President (Vote for 1),candidate,Kamala D Harris/Tim Walz,1495
Multnomah,4803,President and Vice President (Vote for 1),writein,,16
Multnomah,4803,President and Vice President (Vote for 1),undervotes,,24
Multnomah,4803,President and Vice President (Vote for 1),overvotes,,5
Multnomah,4803,President and Vice President (Vote for 1),ballots_cast,,2582
Multnomah,4804,President and Vice President (Vote for 1),candidate,Robert F Kennedy Jr/Nicole Shanahan,61
Multnomah,4804,President and Vice President (Vote for 1),candidate,Cornel West,26
Multnomah,4804,President and Vice President (Vote for 1),candidate,Chase Oliver/Mike ter Maat,13
Multnomah,4804,President and Vice President (Vote for 1),candidate,Randall Terry,2
Multnomah,4804,President and Vice President (Vote for 1),candidate,Donald J Trump/JD Vance,1643
Multnomah,4804,President and Vice President (Vote for 1),candidate,Jill Stein/Rudolph Ware,64
Multnomah,4804,President and Vice President (Vote for 1),candidate,Kamala D Harris/Tim Walz,2685
Multnomah,4804,President and Vice President (Vote for 1),writein,,26
Multnomah,4804,President and Vice President (Vote for 1),undervotes,,47
Multnomah,4804,President and Vice President (Vote for 1),overvotes,,0
Multnomah,4804,President and Vice President (Vote for 1),ballots_cast,,4567
Multnomah,4805,President and Vice President (Vote for 1),candidate,Robert F Kennedy Jr/Nicole Shanahan,4
Multnomah,4805,President and Vice President (Vote for 1),candidate,Cornel West,1
Multnomah,4805,President and Vice President (Vote for 1),candidate,Chase Oliver/Mike ter Maat,0
Multnomah,4805,President and Vice President (Vote for 1),candidate,Randall Terry,0
Multnomah,4805,President and Vice President (Vote for 1),candidate,Donald J Trump/JD Vance,93
Multnomah,4805,President and Vice President (Vote for 1),candidate,Jill Stein/Rudolph Ware,1
Multnomah,4805,President and Vice President (Vote for 1),candidate,Kamala D Harris/Tim Walz,117
Multnomah,4805,President and Vice President (Vote for 1),writein,,1
Multnomah,4805,President and Vice President (Vote for 1),undervotes,,4
Multnomah,4805,President and Vice President (Vote for 1),overvotes,,0
Multnomah,4805,President and Vice President (Vote for 1),ballots_cast,,221
Multnomah,4806,President and Vice President (Vote for 1),candidate,Robert F Kennedy Jr/Nicole Shanahan,72
Multnomah,4806,President and Vice President (Vote for 1),candidate,Cornel West,16
Multnomah,4806,President and Vice President (Vote for 1),candidate,Chase Oliver/Mike ter Maat,18
Multnomah,4806,President and Vice President (Vote for 1),candidate,Randall Terry,3
Multnomah,4806,President and Vice President (Vote for 1),candidate,Donald J Trump/JD Vance,1807
Multnomah,4806,President and Vice President (Vote for 1),candidate,Jill Stein/Rudolph Ware,55
Multnomah,4806,President and Vice President (Vote for 1),candidate,Kamala D Harris/Tim Walz,2935
Multnomah,4806,President and Vice President (Vote for 1),writein,,35
Multnomah,4806,President and Vice President (Vote for 1),undervotes,,59
Multnomah,4806,President and Vice President (Vote for 1),overvotes,,4
Multnomah,4806,President and Vice President (Vote for 1),ballots_cast,,5004
Multnomah,4807,President and Vice President (Vote for 1),candidate,Robert F Kennedy Jr/Nicole Shanahan,3
Multnomah,4807,President and Vice President (Vote for 1),candidate,Cornel West,2
Multnomah,4807,President and Vice President (Vote for 1),candidate,Chase Oliver/Mike ter Maat,1
Multnomah,4807,President and Vice President (Vote for 1),candidate,Randall Terry,0
Multnomah,4807,President and Vice President (Vote for 1),candidate,Donald J Trump/JD Vance,155
Multnomah,4807,President and Vice President (Vote for 1),candidate,Jill Stein/Rudolph Ware,1
Multnomah,4807,President and Vice President (Vote for 1),candidate,Kamala D Harris/Tim Walz,128
Multnomah,4807,President and Vice President (Vote for 1),writein,,1
Multnomah,4807,President and Vice President (Vote for 1),undervotes,,3
Multnomah,4807,President and Vice President (Vote for 1),overvotes,,0
Multnomah,4807,President and Vice President (Vote for 1),ballots_cast,,294
Multnomah,4808,President and Vice President (Vote for 1),candidate,Robert F Kennedy Jr/Nicole Shanahan,25
Multnomah,4808,President and Vice President (Vote for 1),candidate,Cornel West,3
Multnomah,4808,President and Vice President (Vote for 1),candidate,Chase Oliver/Mike ter Maat,3
Multnomah,4808,President and Vice President (Vote for 1),candidate,Randall Terry,6
Multnomah,4808,President and Vice President (Vote for 1),candidate,Donald J Trump/JD Vance,760
Multnomah,4808,President and Vice President (Vote for 1),candidate,Jill Stein/Rudolph Ware,11
Multnomah,4808,President and Vice President (Vote for 1),candidate,Kamala D Harris/Tim Walz,912
Multnomah,4808,President and Vice President (Vote for 1),writein,,11
Multnomah,4808,President and Vice President (Vote for 1),undervotes,,19
Multnomah,4808,President and Vice President (Vote for 1),overvotes,,0
Multnomah,4808,President and Vice President (Vote for 1),ballots_cast,,1750
Multnomah,4809,President and Vice President (Vote for 1),candidate,Robert F Kennedy Jr/Nicole Shanahan,1
Multnomah,4809,President and Vice President (Vote for 1),candidate,Cornel West,0
Multnomah,4809,President and Vice President (Vote for 1),candidate,Chase Oliver/Mike ter Maat,0
Multnomah,4809,President and Vice President (Vote for 1),candidate,Randall Terry,0
Multnomah,4809,President and Vice President (Vote for 1),candidate,Donald J Trump/JD Vance,7
Multnomah,4809,President and Vice President (Vote for 1),candidate,Jill Stein/Rudolph Ware,0
Multnomah,4809,President and Vice President (Vote for 1),candidate,Kamala D Harris/Tim Walz,1
Multnomah,4809,President and Vice President (Vote for 1),writein,,1
Multnomah,4809,President and Vice President (Vote for 1),undervotes,,1
Multnomah,4809,President and Vice President (Vote for 1),overvotes,,0
Multnomah,4809,President and Vice President (Vote for 1),ballots_cast,,11
Multnomah,4901,President and Vice President (Vote for 1),candidate,Robert F Kennedy Jr/Nicole Shanahan,3
Multnomah,4901,President and Vice President (Vote for 1),candidate,Cornel West,0
Multnomah,4901,President and Vice President (Vote for 1),candidate,Chase Oliver/Mike ter Maat,0
Multnomah,4901,President and Vice President (Vote for 1),candidate,Randall Terry,0
Multnomah,4901,President and Vice President (Vote for 1),candidate,Donald J Trump/JD Vance,28
Multnomah,4901,President and Vice President (Vote for 1),candidate,Jill Stein/Rudolph Ware,4
Multnomah,4901,President and Vice President (Vote for 1),candidate,Kamala D Harris/Tim Walz,41
Multnomah,4901,President and Vice President (Vote for 1),writein,,2
Multnomah,4901,President and Vice President (Vote for 1),undervotes,,2
Multnomah,4901,President and Vice President (Vote for 1),overvotes,,0
Multnomah,4901,President and Vice President (Vote for 1),ballots_cast,,80
Multnomah,4902,President and Vice President (Vote for 1),candidate,Robert F Kennedy Jr/Nicole Shanahan,5
Multnomah,4902,President and Vice President (Vote for 1),candidate,Cornel West,0
Multnomah,4902,President and Vice President (Vote for 1),candidate,Chase Oliver/Mike ter Maat,1
Multnomah,4902,President and Vice President (Vote for 1),candidate,Randall Terry,1
Multnomah,4902,President and Vice President (Vote for 1),candidate,Donald J Trump/JD Vance,101
Multnomah,4902,President and Vice President (Vote for 1),candidate,Jill Stein/Rudolph Ware,6
Multnomah,4902,President and Vice President (Vote for 1),candidate,Kamala D Harris/Tim Walz,150
Multnomah,4902,President and Vice President (Vote for 1),writein,,0
Multnomah,4902,President and Vice President (Vote for 1),undervotes,,6
Multnomah,4902,President and Vice President (Vote for 1),overvotes,,0
Multnomah,4902,President and Vice President (Vote for 1),ballots_cast,,270
Multnomah,4903,President and Vice President (Vote for 1),candidate,Robert F Kennedy Jr/Nicole Shanahan,57
Multnomah,4903,President and Vice President (Vote for 1),candidate,Cornel West,4
Multnomah,4903,President and Vice President (Vote for 1),candidate,Chase Oliver/Mike ter Maat,20
Multnomah,4903,President and Vice President (Vote for 1),candidate,Randall Terry,2
Multnomah,4903,President and Vice President (Vote for 1),candidate,Donald J Trump/JD Vance,1625
Multnomah,4903,President and Vice President (Vote for 1),candidate,Jill Stein/Rudolph Ware,34
Multnomah,4903,President and Vice President (Vote for 1),candidate,Kamala D Harris/Tim Walz,2433
Multnomah,4903,President and Vice President (Vote for 1),writein,,30
Multnomah,4903,President and Vice President (Vote for 1),undervotes,,61
Multnomah,4903,President and Vice President (Vote for 1),overvotes,,1
Multnomah,4903,President and Vice President (Vote for 1),ballots_cast,,4267
Multnomah,4904,President and Vice President (Vote for 1),candidate,Robert F Kennedy Jr/Nicole Shanahan,17
Multnomah,4904,President and Vice President (Vote for 1),candidate,Cornel West,2
Multnomah,4904,President and Vice President (Vote for 1),candidate,Chase Oliver/Mike ter Maat,5
Multnomah,4904,President and Vice President (Vote for 1),candidate,Randall Terry,0
Multnomah,4904,President and Vice President (Vote for 1),candidate,Donald J Trump/JD Vance,536
Multnomah,4904,President and Vice President (Vote for 1),candidate,Jill Stein/Rudolph Ware,7
Multnomah,4904,President and Vice President (Vote for 1),candidate,Kamala D Harris/Tim Walz,723
Multnomah,4904,President and Vice President (Vote for 1),writein,,6
Multnomah,4904,President and Vice President (Vote for 1),undervotes,,10
Multnomah,4904,President and Vice President (Vote for 1),overvotes,,0
Multnomah,4904,President and Vice President (Vote for 1),ballots_cast,,1306
Multnomah,4905,President and Vice President (Vote for 1),candidate,Robert F Kennedy Jr/Nicole Shanahan,99
Multnomah,4905,President and Vice President (Vote for 1),candidate,Cornel West,11
Multnomah,4905,President and Vice President (Vote for 1),candidate,Chase Oliver/Mike ter Maat,27
Multnomah,4905,President and Vice President (Vote for 1),candidate,Randall Terry,2
Multnomah,4905,President and Vice President (Vote for 1),candidate,Donald J Trump/JD Vance,2720
Multnomah,4905,President and Vice President (Vote for 1),candidate,Jill Stein/Rudolph Ware,36
Multnomah,4905,President and Vice President (Vote for 1),candidate,Kamala D Harris/Tim Walz,2983
Multnomah,4905,President and Vice President (Vote for 1),writein,,35
Multnomah,4905,President and Vice President (Vote for 1),undervotes,,81
Multnomah,4905,President and Vice President (Vote for 1),overvotes,,2
Multnomah,4905,President and Vice President (Vote for 1),ballots_cast,,5996
Multnomah,4906,President and Vice President (Vote for 1),candidate,Robert F Kennedy Jr/Nicole Shanahan,44
Multnomah,4906,President and Vice President (Vote for 1),candidate,Cornel West,3
Multnomah,4906,President and Vice President (Vote for 1),candidate,Chase Oliver/Mike ter Maat,9
Multnomah,4906,President and Vice President (Vote for 1),candidate,Randall Terry,2
Multnomah,4906,President and Vice President (Vote for 1),candidate,Donald J Trump/JD Vance,943
Multnomah,4906,President and Vice President (Vote for 1),candidate,Jill Stein/Rudolph Ware,16
Multnomah,4906,President and Vice President (Vote for 1),candidate,Kamala D Harris/Tim Walz,1115
Multnomah,4906,President and Vice President (Vote for 1),writein,,21
Multnomah,4906,President and Vice President (Vote for 1),undervotes,,19
Multnomah,4906,President and Vice President (Vote for 1),overvotes,,0
Multnomah,4906,President and Vice President (Vote for 1),ballots_cast,,2172
Multnomah,4907,President and Vice President (Vote for 1),candidate,Robert F Kennedy Jr/Nicole Shanahan,80
Multnomah,4907,President and Vice President (Vote for 1),candidate,Cornel West,10
Multnomah,4907,President and Vice President (Vote for 1),candidate,Chase Oliver/Mike ter Maat,5
Multnomah,4907,President and Vice President (Vote for 1),candidate,Randall Terry,1
Multnomah,4907,President and Vice President (Vote for 1),candidate,Donald J Trump/JD Vance,1387
Multnomah,4907,President and Vice President (Vote for 1),candidate,Jill Stein/Rudolph Ware,29
Multnomah,4907,President and Vice President (Vote for 1),candidate,Kamala D Harris/Tim Walz,1976
Multnomah,4907,President and Vice President (Vote for 1),writein,,19
Multnomah,4907,President and Vice President (Vote for 1),undervotes,,41
Multnomah,4907,President and Vice President (Vote for 1),overvotes,,1
Multnomah,4907,President and Vice President (Vote for 1),ballots_cast,,3549
Multnomah,4908,President and Vice President (Vote for 1),candidate,Robert F Kennedy Jr/Nicole Shanahan,85
Multnomah,4908,President and Vice President (Vote for 1),candidate,Cornel West,15
Multnomah,4908,President and Vice President (Vote for 1),candidate,Chase Oliver/Mike ter Maat,26
Multnomah,4908,President and Vice President (Vote for 1),candidate,Randall Terry,2
Multnomah,4908,President and Vice President (Vote for 1),candidate,Donald J Trump/JD Vance,2071
Multnomah,4908,President and Vice President (Vote for 1),candidate,Jill Stein/Rudolph Ware,45
Multnomah,4908,President and Vice President (Vote for 1),candidate,Kamala D Harris/Tim Walz,2943
Multnomah,4908,President and Vice President (Vote for 1),writein,,32
Multnomah,4908,President and Vice President (Vote for 1),undervotes,,57
Multnomah,4908,President and Vice President (Vote for 1),overvotes,,3
Multnomah,4908,President and Vice President (Vote for 1),ballots_cast,,5279
Multnomah,4909,President and Vice President (Vote for 1),candidate,Robert F Kennedy Jr/Nicole Shanahan,53
Multnomah,4909,President and Vice President (Vote for 1),candidate,Cornel West,7
Multnomah,4909,President and Vice President (Vote for 1),candidate,Chase Oliver/Mike ter Maat,3
Multnomah,4909,President and Vice President (Vote for 1),candidate,Randall Terry,3
Multnomah,4909,President and Vice President (Vote for 1),candidate,Donald J Trump/JD Vance,1221
Multnomah,4909,President and Vice President (Vote for 1),candidate,Jill Stein/Rudolph Ware,32
Multnomah,4909,President and Vice President (Vote for 1),candidate,Kamala D Harris/Tim Walz,2264
Multnomah,4909,President and Vice President (Vote for 1),writein,,19
Multnomah,4909,President and Vice President (Vote for 1),undervotes,,43
Multnomah,4909,President and Vice President (Vote for 1),overvotes,,3
Multnomah,4909,President and Vice President (Vote for 1),ballots_cast,,3648
Multnomah,4910,President and Vice President (Vote for 1),candidate,Robert F Kennedy Jr/Nicole Shanahan,5
Multnomah,4910,President and Vice President (Vote for 1),candidate,Cornel West,1
Multnomah,4910,President and Vice President (Vote for 1),candidate,Chase Oliver/Mike ter Maat,1
Multnomah,4910,President and Vice President (Vote for 1),candidate,Randall Terry,1
Multnomah,4910,President and Vice President (Vote for 1),candidate,Donald J Trump/JD Vance,86
Multnomah,4910,President and Vice President (Vote for 1),candidate,Jill Stein/Rudolph Ware,1
Multnomah,4910,President and Vice President (Vote for 1),candidate,Kamala D Harris/Tim Walz,144
Multnomah,4910,President and Vice President (Vote for 1),writein,,1
Multnomah,4910,President and Vice President (Vote for 1),undervotes,,0
Multnomah,4910,President and Vice President (Vote for 1),overvotes,,0
Multnomah,4910,President and Vice President (Vote for 1),ballots_cast,,240
Multnomah,5001,President and Vice President (Vote for 1),candidate,Robert F Kennedy Jr/Nicole Shanahan,1
Multnomah,5001,President and Vice President (Vote for 1),candidate,Cornel West,1
Multnomah,5001,President and Vice President (Vote for 1),candidate,Chase Oliver/Mike ter Maat,1
Multnomah,5001,President and Vice President (Vote for 1),candidate,Randall Terry,0
Multnomah,5001,President and Vice President (Vote for 1),candidate,Donald J Trump/JD Vance,45
Multnomah,5001,President and Vice President (Vote for 1),candidate,Jill Stein/Rudolph Ware,1
Multnomah,5001,President and Vice President (Vote for 1),candidate,Kamala D Harris/Tim Walz,45
Multnomah,5001,President and Vice President (Vote for 1),writein,,0
Multnomah,5001,President and Vice President (Vote for 1),undervotes,,0
Multnomah,5001,President and Vice President (Vote for 1),overvotes,,0
Multnomah,5001,President and Vice President (Vote for 1),ballots_cast,,94
Multnomah,5002,President and Vice President (Vote for 1),candidate,Robert F Kennedy Jr/Nicole Shanahan,74
Multnomah,5002,President and Vice President (Vote for 1),candidate,Cornel West,8
Multnomah,5002,President and Vice President (Vote for 1),candidate,Chase Oliver/Mike ter Maat,21
Multnomah,5002,President and Vice President (Vote for 1),candidate,Randall Terry,5
Multnomah,5002,President and Vice President (Vote for 1),candidate,Donald J Trump/JD Vance,1745
Multnomah,5002,President and Vice President (Vote for 1),candidate,Jill Stein/Rudolph Ware,38
Multnomah,5002,President and Vice President (Vote for 1),candidate,Kamala D Harris/Tim Walz,2549
Multnomah,5002,President and Vice President (Vote for 1),writein,,21
Multnomah,5002,President and Vice President (Vote for 1),undervotes,,44
Multnomah,5002,President and Vice President (Vote for 1),overvotes,,5
Multnomah,5002,President and Vice President (Vote for 1),ballots_cast,,4510
Multnomah,5003,President and Vice President (Vote for 1),candidate,Robert F Kennedy Jr/Nicole Shanahan,8
Multnomah,5003,President and Vice President (Vote for 1),candidate,Cornel West,0
Multnomah,5003,President and Vice President (Vote for 1),candidate,Chase Oliver/Mike ter Maat,4
Multnomah,5003,President and Vice President (Vote for 1),candidate,Randall Terry,0
Multnomah,5003,President and Vice President (Vote for 1),candidate,Donald J Trump/JD Vance,130
Multnomah,5003,President and Vice President (Vote for 1),candidate,Jill Stein/Rudolph Ware,11
Multnomah,5003,President and Vice President (Vote for 1),candidate,Kamala D Harris/Tim Walz,196
Multnomah,5003,President and Vice President (Vote for 1),writein,,1
Multnomah,5003,President and Vice President (Vote for 1),undervotes,,4
Multnomah,5003,President and Vice President (Vote for 1),overvotes,,2
Multnomah,5003,President and Vice President (Vote for 1),ballots_cast,,356
Multnomah,5004,President and Vice President (Vote for 1),candidate,Robert F Kennedy Jr/Nicole Shanahan,53
Multnomah,5004,President and Vice President (Vote for 1),candidate,Cornel West,5
Multnomah,5004,President and Vice President (Vote for 1),candidate,Chase Oliver/Mike ter Maat,6
Multnomah,5004,President and Vice President (Vote for 1),candidate,Randall Terry,6
Multnomah,5004,President and Vice President (Vote for 1),candidate,Donald J Trump/JD Vance,1433
Multnomah,5004,President and Vice President (Vote for 1),candidate,Jill Stein/Rudolph Ware,26
Multnomah,5004,President and Vice President (Vote for 1),candidate,Kamala D Harris/Tim Walz,1690
Multnomah,5004,President and Vice President (Vote for 1),writein,,18
Multnomah,5004,President and Vice President (Vote for 1),undervotes,,33
Multnomah,5004,President and Vice President (Vote for 1),overvotes,,1
Multnomah,5004,President and Vice President (Vote for 1),ballots_cast,,3271
Multnomah,5005,President and Vice President (Vote for 1),candidate,Robert F Kennedy Jr/Nicole Shanahan,90
Multnomah,5005,President and Vice President (Vote for 1),candidate,Cornel West,13
Multnomah,5005,President and Vice President (Vote for 1),candidate,Chase Oliver/Mike ter Maat,25
Multnomah,5005,President and Vice President (Vote for 1),candidate,Randall Terry,6
Multnomah,5005,President and Vice President (Vote for 1),candidate,Donald J Trump/JD Vance,1986
Multnomah,5005,President and Vice President (Vote for 1),candidate,Jill Stein/Rudolph Ware,45
Multnomah,5005,President and Vice President (Vote for 1),candidate,Kamala D Harris/Tim Walz,3012
Multnomah,5005,President and Vice President (Vote for 1),writein,,33
Multnomah,5005,President and Vice President (Vote for 1),undervotes,,62
Multnomah,5005,President and Vice President (Vote for 1),overvotes,,2
Multnomah,5005,President and Vice President (Vote for 1),ballots_cast,,5274
Multnomah,5006,President and Vice President (Vote for 1),candidate,Robert F Kennedy Jr/Nicole Shanahan,72
Multnomah,5006,President and Vice President (Vote for 1),candidate,Cornel West,4
Multnomah,5006,President and Vice President (Vote for 1),candidate,Chase Oliver/Mike ter Maat,30
Multnomah,5006,President and Vice President (Vote for 1),candidate,Randall Terry,4
Multnomah,5006,President and Vice President (Vote for 1),candidate,Donald J Trump/JD Vance,2115
Multnomah,5006,President and Vice President (Vote for 1),candidate,Jill Stein/Rudolph Ware,42
Multnomah,5006,President and Vice President (Vote for 1),candidate,Kamala D Harris/Tim Walz,2753
Multnomah,5006,President and Vice President (Vote for 1),writein,,32
Multnomah,5006,President and Vice President (Vote for 1),undervotes,,77
Multnomah,5006,President and Vice President (Vote for 1),overvotes,,1
Multnomah,5006,President and Vice President (Vote for 1),ballots_cast,,5130
Multnomah,5007,President and Vice President (Vote for 1),candidate,Robert F Kennedy Jr/Nicole Shanahan,110
Multnomah,5007,President and Vice President (Vote for 1),candidate,Cornel West,13
Multnomah,5007,President and Vice President (Vote for 1),candidate,Chase Oliver/Mike ter Maat,23
Multnomah,5007,President and Vice President (Vote for 1),candidate,Randall Terry,4
Multnomah,5007,President and Vice President (Vote for 1),candidate,Donald J Trump/JD Vance,2367
Multnomah,5007,President and Vice President (Vote for 1),candidate,Jill Stein/Rudolph Ware,36
Multnomah,5007,President and Vice President (Vote for 1),candidate,Kamala D Harris/Tim Walz,2896
Multnomah,5007,President and Vice President (Vote for 1),writein,,31
Multnomah,5007,President and Vice President (Vote for 1),undervotes,,45
Multnomah,5007,President and Vice President (Vote for 1),overvotes,,1
Multnomah,5007,President and Vice President (Vote for 1),ballots_cast,,5526
Multnomah,5008,President and Vice President (Vote for 1),candidate,Robert F Kennedy Jr/Nicole Shanahan,82
Multnomah,5008,President and Vice President (Vote for 1),candidate,Cornel West,10
Multnomah,5008,President and Vice President (Vote for 1),candidate,Chase Oliver/Mike ter Maat,11
Multnomah,5008,President and Vice President (Vote for 1),candidate,Randall Terry,4
Multnomah,5008,President and Vice President (Vote for 1),candidate,Donald J Trump/JD Vance,2513
Multnomah,5008,President and Vice President (Vote for 1),candidate,Jill Stein/Rudolph Ware,42
Multnomah,5008,President and Vice President (Vote for 1),candidate,Kamala D Harris/Tim Walz,2503
Multnomah,5008,President and Vice President (Vote for 1),writein,,31
Multnomah,5008,President and Vice President (Vote for 1),undervotes,,74
Multnomah,5008,President and Vice President (Vote for 1),overvotes,,1
Multnomah,5008,President and Vice President (Vote for 1),ballots_cast,,5271
Multnomah,5009,President and Vice President (Vote for 1),candidate,Robert F Kennedy Jr/Nicole Shanahan,4
Multnomah,5009,President and Vice President (Vote for 1),candidate,Cornel West,0
Multnomah,5009,President and Vice President (Vote for 1),candidate,Chase Oliver/Mike ter Maat,1
Multnomah,5009,President and Vice President (Vote for 1),candidate,Randall Terry,0
Multnomah,5009,President and Vice President (Vote for 1),candidate,Donald J Trump/JD Vance,118
Multnomah,5009,President and Vice President (Vote for 1),candidate,Jill Stein/Rudolph Ware,0
Multnomah,5009,President and Vice President (Vote for 1),candidate,Kamala D Harris/Tim Walz,72
Multnomah,5009,President and Vice President (Vote for 1),writein,,2
Multnomah,5009,President and Vice President (Vote for 1),undervotes,,4
Multnomah,5009,President and Vice President (Vote for 1),overvotes,,0
Multnomah,5009,President and Vice President (Vote for 1),ballots_cast,,201
Multnomah,5201,President and Vice President (Vote for 1),candidate,Robert F Kennedy Jr/Nicole Shanahan,42
Multnomah,5201,President and Vice President (Vote for 1),candidate,Cornel West,0
Multnomah,5201,President and Vice President (Vote for 1),candidate,Chase Oliver/Mike ter Maat,8
Multnomah,5201,President and Vice President (Vote for 1),candidate,Randall Terry,2
Multnomah,5201,President and Vice President (Vote for 1),candidate,Donald J Trump/JD Vance,1133
Multnomah,5201,President and Vice President (Vote for 1),candidate,Jill Stein/Rudolph Ware,17
Multnomah,5201,President and Vice President (Vote for 1),candidate,Kamala D Harris/Tim Walz,981
Multnomah,5201,President and Vice President (Vote for 1),writein,,12
Multnomah,5201,President and Vice President (Vote for 1),undervotes,,19
Multnomah,5201,President and Vice President (Vote for 1),overvotes,,0
Multnomah,5201,President and Vice President (Vote for 1),ballots_cast,,2214
Multnomah,5202,President and Vice President (Vote for 1),candidate,Robert F Kennedy Jr/Nicole Shanahan,52
Multnomah,5202,President and Vice President (Vote for 1),candidate,Cornel West,6
Multnomah,5202,President and Vice President (Vote for 1),candidate,Chase Oliver/Mike ter Maat,12
Multnomah,5202,President and Vice President (Vote for 1),candidate,Randall Terry,3
Multnomah,5202,President and Vice President (Vote for 1),candidate,Donald J Trump/JD Vance,2246
Multnomah,5202,President and Vice President (Vote for 1),candidate,Jill Stein/Rudolph Ware,31
Multnomah,5202,President and Vice President (Vote for 1),candidate,Kamala D Harris/Tim Walz,1908
Multnomah,5202,President and Vice President (Vote for 1),writein,,30
Multnomah,5202,President and Vice President (Vote for 1),undervotes,,40
Multnomah,5202,President and Vice President (Vote for 1),overvotes,,0
Multnomah,5202,President and Vice President (Vote for 1),ballots_cast,,4328
Multnomah,2801,"State Senator, 14th District (Vote for 1)",candidate,Katy Brumbelow,530
Multnomah,2801,"State Senator, 14th District (Vote for 1)",candidate,Kate Lieber,5728
Multnomah,2801,"State Senator, 14th District (Vote for 1)",writein,,24
Multnomah,2801,"State Senator, 14th District (Vote for 1)",undervotes,,652
Multnomah,2801,"State Senator, 14th District (Vote for 1)",overvotes,,0
Multnomah,2801,"State Senator, 14th District (Vote for 1)",ballots_cast,,6934
Multnomah,2802,"State Senator, 14th District (Vote for 1)",candidate,Katy Brumbelow,117
Multnomah,2802,"State Senator, 14th District (Vote for 1)",candidate,Kate Lieber,793
Multnomah,2802,"State Senator, 14th District (Vote for 1)",writein,,6
Multnomah,2802,"State Senator, 14th District (Vote for 1)",undervotes,,136
Multnomah,2802,"State Senator, 14th District (Vote for 1)",overvotes,,0
Multnomah,2802,"State Senator, 14th District (Vote for 1)",ballots_cast,,1052
Multnomah,2803,"State Senator, 14th District (Vote for 1)",candidate,Katy Brumbelow,197
Multnomah,2803,"State Senator, 14th District (Vote for 1)",candidate,Kate Lieber,2018
Multnomah,2803,"State Senator, 14th District (Vote for 1)",writein,,8
Multnomah,2803,"State Senator, 14th District (Vote for 1)",undervotes,,189
Multnomah,2803,"State Senator, 14th District (Vote for 1)",overvotes,,1
Multnomah,2803,"State Senator, 14th District (Vote for 1)",ballots_cast,,2413
Multnomah,2804,"State Senator, 14th District (Vote for 1)",candidate,Katy Brumbelow,563
Multnomah,2804,"State Senator, 14th District (Vote for 1)",candidate,Kate Lieber,5084
Multnomah,2804,"State Senator, 14th District (Vote for 1)",writein,,26
Multnomah,2804,"State Senator, 14th District (Vote for 1)",undervotes,,682
Multnomah,2804,"State Senator, 14th District (Vote for 1)",overvotes,,1
Multnomah,2804,"State Senator, 14th District (Vote for 1)",ballots_cast,,6356
Multnomah,2805,"State Senator, 14th District (Vote for 1)",candidate,Katy Brumbelow,701
Multnomah,2805,"State Senator, 14th District (Vote for 1)",candidate,Kate Lieber,6216
Multnomah,2805,"State Senator, 14th District (Vote for 1)",writein,,50
Multnomah,2805,"State Senator, 14th District (Vote for 1)",undervotes,,765
Multnomah,2805,"State Senator, 14th District (Vote for 1)",overvotes,,2
Multnomah,2805,"State Senator, 14th District (Vote for 1)",ballots_cast,,7734
Multnomah,2806,"State Senator, 14th District (Vote for 1)",candidate,Katy Brumbelow,635
Multnomah,2806,"State Senator, 14th District (Vote for 1)",candidate,Kate Lieber,6479
Multnomah,2806,"State Senator, 14th District (Vote for 1)",writein,,27
Multnomah,2806,"State Senator, 14th District (Vote for 1)",undervotes,,657
Multnomah,2806,"State Senator, 14th District (Vote for 1)",overvotes,,0
Multnomah,2806,"State Senator, 14th District (Vote for 1)",ballots_cast,,7798
Multnomah,4101,"State Senator, 21st District (Vote for 1)",candidate,Kathleen Taylor,1956
Multnomah,4101,"State Senator, 21st District (Vote for 1)",writein,,34
Multnomah,4101,"State Senator, 21st District (Vote for 1)",undervotes,,823
Multnomah,4101,"State Senator, 21st District (Vote for 1)",overvotes,,0
Multnomah,4101,"State Senator, 21st District (Vote for 1)",ballots_cast,,2813
Multnomah,4102,"State Senator, 21st District (Vote for 1)",candidate,Kathleen Taylor,2055
Multnomah,4102,"State Senator, 21st District (Vote for 1)",writein,,30
Multnomah,4102,"State Senator, 21st District (Vote for 1)",undervotes,,829
Multnomah,4102,"State Senator, 21st District (Vote for 1)",overvotes,,0
Multnomah,4102,"State Senator, 21st District (Vote for 1)",ballots_cast,,2914
Multnomah,4103,"State Senator, 21st District (Vote for 1)",candidate,Kathleen Taylor,2435
Multnomah,4103,"State Senator, 21st District (Vote for 1)",writein,,23
Multnomah,4103,"State Senator, 21st District (Vote for 1)",undervotes,,1017
Multnomah,4103,"State Senator, 21st District (Vote for 1)",overvotes,,0
Multnomah,4103,"State Senator, 21st District (Vote for 1)",ballots_cast,,3475
Multnomah,4104,"State Senator, 21st District (Vote for 1)",candidate,Kathleen Taylor,3410
Multnomah,4104,"State Senator, 21st District (Vote for 1)",writein,,72
Multnomah,4104,"State Senator, 21st District (Vote for 1)",undervotes,,1591
Multnomah,4104,"State Senator, 21st District (Vote for 1)",overvotes,,0
Multnomah,4104,"State Senator, 21st District (Vote for 1)",ballots_cast,,5073
Multnomah,4105,"State Senator, 21st District (Vote for 1)",candidate,Kathleen Taylor,4604
Multnomah,4105,"State Senator, 21st District (Vote for 1)",writein,,48
Multnomah,4105,"State Senator, 21st District (Vote for 1)",undervotes,,1750
Multnomah,4105,"State Senator, 21st District (Vote for 1)",overvotes,,0
Multnomah,4105,"State Senator, 21st District (Vote for 1)",ballots_cast,,6402
Multnomah,4201,"State Senator, 21st District (Vote for 1)",candidate,Kathleen Taylor,3403
Multnomah,4201,"State Senator, 21st District (Vote for 1)",writein,,52
Multnomah,4201,"State Senator, 21st District (Vote for 1)",undervotes,,1607
Multnomah,4201,"State Senator, 21st District (Vote for 1)",overvotes,,0
Multnomah,4201,"State Senator, 21st District (Vote for 1)",ballots_cast,,5062
Multnomah,4202,"State Senator, 21st District (Vote for 1)",candidate,Kathleen Taylor,5207
Multnomah,4202,"State Senator, 21st District (Vote for 1)",writein,,66
Multnomah,4202,"State Senator, 21st District (Vote for 1)",undervotes,,2315
Multnomah,4202,"State Senator, 21st District (Vote for 1)",overvotes,,0
Multnomah,4202,"State Senator, 21st District (Vote for 1)",ballots_cast,,7588
Multnomah,4203,"State Senator, 21st District (Vote for 1)",candidate,Kathleen Taylor,4506
Multnomah,4203,"State Senator, 21st District (Vote for 1)",writein,,68
Multnomah,4203,"State Senator, 21st District (Vote for 1)",undervotes,,2176
Multnomah,4203,"State Senator, 21st District (Vote for 1)",overvotes,,0
Multnomah,4203,"State Senator, 21st District (Vote for 1)",ballots_cast,,6750
Multnomah,4204,"State Senator, 21st District (Vote for 1)",candidate,Kathleen Taylor,4361
Multnomah,4204,"State Senator, 21st District (Vote for 1)",writein,,83
Multnomah,4204,"State Senator, 21st District (Vote for 1)",undervotes,,2167
Multnomah,4204,"State Senator, 21st District (Vote for 1)",overvotes,,0
Multnomah,4204,"State Senator, 21st District (Vote for 1)",ballots_cast,,6611
Multnomah,4205,"State Senator, 21st District (Vote for 1)",candidate,Kathleen Taylor,4418
Multnomah,4205,"State Senator, 21st District (Vote for 1)",writein,,79
Multnomah,4205,"State Senator, 21st District (Vote for 1)",undervotes,,2162
Multnomah,4205,"State Senator, 21st District (Vote for 1)",overvotes,,0
Multnomah,4205,"State Senator, 21st District (Vote for 1)",ballots_cast,,6659
Multnomah,4206,"State Senator, 21st District (Vote for 1)",candidate,Kathleen Taylor,3380
Multnomah,4206,"State Senator, 21st District (Vote for 1)",writein,,66
Multnomah,4206,"State Senator, 21st District (Vote for 1)",undervotes,,1601
Multnomah,4206,"State Senator, 21st District (Vote for 1)",overvotes,,0
Multnomah,4206,"State Senator, 21st District (Vote for 1)",ballots_cast,,5047
Multnomah,4207,"State Senator, 21st District (Vote for 1)",candidate,Kathleen Taylor,2176
Multnomah,4207,"State Senator, 21st District (Vote for 1)",writein,,34
Multnomah,4207,"State Senator, 21st District (Vote for 1)",undervotes,,1059
Multnomah,4207,"State Senator, 21st District (Vote for 1)",overvotes,,0
Multnomah,4207,"State Senator, 21st District (Vote for 1)",ballots_cast,,3269
Multnomah,4208,"State Senator, 21st District (Vote for 1)",candidate,Kathleen Taylor,2079
Multnomah,4208,"State Senator, 21st District (Vote for 1)",writein,,30
Multnomah,4208,"State Senator, 21st District (Vote for 1)",undervotes,,988
Multnomah,4208,"State Senator, 21st District (Vote for 1)",overvotes,,0
Multnomah,4208,"State Senator, 21st District (Vote for 1)",ballots_cast,,3097
Multnomah,4301,"State Senator, 22nd District (Vote for 1)",candidate,Lew Frederick,3313
Multnomah,4301,"State Senator, 22nd District (Vote for 1)",candidate,Michael Saperstein,243
Multnomah,4301,"State Senator, 22nd District (Vote for 1)",writein,,12
Multnomah,4301,"State Senator, 22nd District (Vote for 1)",undervotes,,226
Multnomah,4301,"State Senator, 22nd District (Vote for 1)",overvotes,,2
Multnomah,4301,"State Senator, 22nd District (Vote for 1)",ballots_cast,,3796
Multnomah,4302,"State Senator, 22nd District (Vote for 1)",candidate,Lew Frederick,4593
Multnomah,4302,"State Senator, 22nd District (Vote for 1)",candidate,Michael Saperstein,312
Multnomah,4302,"State Senator, 22nd District (Vote for 1)",writein,,10
Multnomah,4302,"State Senator, 22nd District (Vote for 1)",undervotes,,364
Multnomah,4302,"State Senator, 22nd District (Vote for 1)",overvotes,,1
Multnomah,4302,"State Senator, 22nd District (Vote for 1)",ballots_cast,,5280
Multnomah,4303,"State Senator, 22nd District (Vote for 1)",candidate,Lew Frederick,6085
Multnomah,4303,"State Senator, 22nd District (Vote for 1)",candidate,Michael Saperstein,344
Multnomah,4303,"State Senator, 22nd District (Vote for 1)",writein,,16
Multnomah,4303,"State Senator, 22nd District (Vote for 1)",undervotes,,416
Multnomah,4303,"State Senator, 22nd District (Vote for 1)",overvotes,,0
Multnomah,4303,"State Senator, 22nd District (Vote for 1)",ballots_cast,,6861
Multnomah,4304,"State Senator, 22nd District (Vote for 1)",candidate,Lew Frederick,5632
Multnomah,4304,"State Senator, 22nd District (Vote for 1)",candidate,Michael Saperstein,376
Multnomah,4304,"State Senator, 22nd District (Vote for 1)",writein,,11
Multnomah,4304,"State Senator, 22nd District (Vote for 1)",undervotes,,389
Multnomah,4304,"State Senator, 22nd District (Vote for 1)",overvotes,,0
Multnomah,4304,"State Senator, 22nd District (Vote for 1)",ballots_cast,,6408
Multnomah,4305,"State Senator, 22nd District (Vote for 1)",candidate,Lew Frederick,6013
Multnomah,4305,"State Senator, 22nd District (Vote for 1)",candidate,Michael Saperstein,450
Multnomah,4305,"State Senator, 22nd District (Vote for 1)",writein,,12
Multnomah,4305,"State Senator, 22nd District (Vote for 1)",undervotes,,387
Multnomah,4305,"State Senator, 22nd District (Vote for 1)",overvotes,,0
Multnomah,4305,"State Senator, 22nd District (Vote for 1)",ballots_cast,,6862
Multnomah,4306,"State Senator, 22nd District (Vote for 1)",candidate,Lew Frederick,5686
Multnomah,4306,"State Senator, 22nd District (Vote for 1)",candidate,Michael Saperstein,515
Multnomah,4306,"State Senator, 22nd District (Vote for 1)",writein,,10
Multnomah,4306,"State Senator, 22nd District (Vote for 1)",undervotes,,461
Multnomah,4306,"State Senator, 22nd District (Vote for 1)",overvotes,,0
Multnomah,4306,"State Senator, 22nd District (Vote for 1)",ballots_cast,,6672
Multnomah,4307,"State Senator, 22nd District (Vote for 1)",candidate,Lew Frederick,5960
Multnomah,4307,"State Senator, 22nd District (Vote for 1)",candidate,Michael Saperstein,565
Multnomah,4307,"State Senator, 22nd District (Vote for 1)",writein,,10
Multnomah,4307,"State Senator, 22nd District (Vote for 1)",undervotes,,396
Multnomah,4307,"State Senator, 22nd District (Vote for 1)",overvotes,,0
Multnomah,4307,"State Senator, 22nd District (Vote for 1)",ballots_cast,,6931
Multnomah,4401,"State Senator, 22nd District (Vote for 1)",candidate,Lew Frederick,3464
Multnomah,4401,"State Senator, 22nd District (Vote for 1)",candidate,Michael Saperstein,541
Multnomah,4401,"State Senator, 22nd District (Vote for 1)",writein,,12
Multnomah,4401,"State Senator, 22nd District (Vote for 1)",undervotes,,265
Multnomah,4401,"State Senator, 22nd District (Vote for 1)",overvotes,,1
Multnomah,4401,"State Senator, 22nd District (Vote for 1)",ballots_cast,,4283
Multnomah,4402,"State Senator, 22nd District (Vote for 1)",candidate,Lew Frederick,4567
Multnomah,4402,"State Senator, 22nd District (Vote for 1)",candidate,Michael Saperstein,662
Multnomah,4402,"State Senator, 22nd District (Vote for 1)",writein,,14
Multnomah,4402,"State Senator, 22nd District (Vote for 1)",undervotes,,398
Multnomah,4402,"State Senator, 22nd District (Vote for 1)",overvotes,,0
Multnomah,4402,"State Senator, 22nd District (Vote for 1)",ballots_cast,,5641
Multnomah,4403,"State Senator, 22nd District (Vote for 1)",candidate,Lew Frederick,5505
Multnomah,4403,"State Senator, 22nd District (Vote for 1)",candidate,Michael Saperstein,756
Multnomah,4403,"State Senator, 22nd District (Vote for 1)",writein,,14
Multnomah,4403,"State Senator, 22nd District (Vote for 1)",undervotes,,476
Multnomah,4403,"State Senator, 22nd District (Vote for 1)",overvotes,,0
Multnomah,4403,"State Senator, 22nd District (Vote for 1)",ballots_cast,,6751
Multnomah,4404,"State Senator, 22nd District (Vote for 1)",candidate,Lew Frederick,5416
Multnomah,4404,"State Senator, 22nd District (Vote for 1)",candidate,Michael Saperstein,555
Multnomah,4404,"State Senator, 22nd District (Vote for 1)",writein,,8
Multnomah,4404,"State Senator, 22nd District (Vote for 1)",undervotes,,440
Multnomah,4404,"State Senator, 22nd District (Vote for 1)",overvotes,,0
Multnomah,4404,"State Senator, 22nd District (Vote for 1)",ballots_cast,,6419
Multnomah,4405,"State Senator, 22nd District (Vote for 1)",candidate,Lew Frederick,6441
Multnomah,4405,"State Senator, 22nd District (Vote for 1)",candidate,Michael Saperstein,518
Multnomah,4405,"State Senator, 22nd District (Vote for 1)",writein,,11
Multnomah,4405,"State Senator, 22nd District (Vote for 1)",undervotes,,473
Multnomah,4405,"State Senator, 22nd District (Vote for 1)",overvotes,,0
Multnomah,4405,"State Senator, 22nd District (Vote for 1)",ballots_cast,,7443
Multnomah,4406,"State Senator, 22nd District (Vote for 1)",candidate,Lew Frederick,4166
Multnomah,4406,"State Senator, 22nd District (Vote for 1)",candidate,Michael Saperstein,991
Multnomah,4406,"State Senator, 22nd District (Vote for 1)",writein,,9
Multnomah,4406,"State Senator, 22nd District (Vote for 1)",undervotes,,447
Multnomah,4406,"State Senator, 22nd District (Vote for 1)",overvotes,,1
Multnomah,4406,"State Senator, 22nd District (Vote for 1)",ballots_cast,,5614
Multnomah,4407,"State Senator, 22nd District (Vote for 1)",candidate,Lew Frederick,18
Multnomah,4407,"State Senator, 22nd District (Vote for 1)",candidate,Michael Saperstein,10
Multnomah,4407,"State Senator, 22nd District (Vote for 1)",writein,,0
Multnomah,4407,"State Senator, 22nd District (Vote for 1)",undervotes,,1
Multnomah,4407,"State Senator, 22nd District (Vote for 1)",overvotes,,0
Multnomah,4407,"State Senator, 22nd District (Vote for 1)",ballots_cast,,29
Multnomah,4501,"State Senator, 23rd District (Vote for 1)",candidate,Khanh Pham,6193
Multnomah,4501,"State Senator, 23rd District (Vote for 1)",writein,,63
Multnomah,4501,"State Senator, 23rd District (Vote for 1)",undervotes,,2098
Multnomah,4501,"State Senator, 23rd District (Vote for 1)",overvotes,,0
Multnomah,4501,"State Senator, 23rd District (Vote for 1)",ballots_cast,,8354
Multnomah,4502,"State Senator, 23rd District (Vote for 1)",candidate,Khanh Pham,5778
Multnomah,4502,"State Senator, 23rd District (Vote for 1)",writein,,69
Multnomah,4502,"State Senator, 23rd District (Vote for 1)",undervotes,,1826
Multnomah,4502,"State Senator, 23rd District (Vote for 1)",overvotes,,0
Multnomah,4502,"State Senator, 23rd District (Vote for 1)",ballots_cast,,7673
Multnomah,4503,"State Senator, 23rd District (Vote for 1)",candidate,Khanh Pham,5043
Multnomah,4503,"State Senator, 23rd District (Vote for 1)",writein,,107
Multnomah,4503,"State Senator, 23rd District (Vote for 1)",undervotes,,1920
Multnomah,4503,"State Senator, 23rd District (Vote for 1)",overvotes,,0
Multnomah,4503,"State Senator, 23rd District (Vote for 1)",ballots_cast,,7070
Multnomah,4504,"State Senator, 23rd District (Vote for 1)",candidate,Khanh Pham,379
Multnomah,4504,"State Senator, 23rd District (Vote for 1)",writein,,15
Multnomah,4504,"State Senator, 23rd District (Vote for 1)",undervotes,,140
Multnomah,4504,"State Senator, 23rd District (Vote for 1)",overvotes,,0
Multnomah,4504,"State Senator, 23rd District (Vote for 1)",ballots_cast,,534
Multnomah,4505,"State Senator, 23rd District (Vote for 1)",candidate,Khanh Pham,1675
Multnomah,4505,"State Senator, 23rd District (Vote for 1)",writein,,29
Multnomah,4505,"State Senator, 23rd District (Vote for 1)",undervotes,,553
Multnomah,4505,"State Senator, 23rd District (Vote for 1)",overvotes,,0
Multnomah,4505,"State Senator, 23rd District (Vote for 1)",ballots_cast,,2257
Multnomah,4506,"State Senator, 23rd District (Vote for 1)",candidate,Khanh Pham,5311
Multnomah,4506,"State Senator, 23rd District (Vote for 1)",writein,,118
Multnomah,4506,"State Senator, 23rd District (Vote for 1)",undervotes,,1825
Multnomah,4506,"State Senator, 23rd District (Vote for 1)",overvotes,,0
Multnomah,4506,"State Senator, 23rd District (Vote for 1)",ballots_cast,,7254
Multnomah,4507,"State Senator, 23rd District (Vote for 1)",candidate,Khanh Pham,202
Multnomah,4507,"State Senator, 23rd District (Vote for 1)",writein,,4
Multnomah,4507,"State Senator, 23rd District (Vote for 1)",undervotes,,85
Multnomah,4507,"State Senator, 23rd District (Vote for 1)",overvotes,,0
Multnomah,4507,"State Senator, 23rd District (Vote for 1)",ballots_cast,,291
Multnomah,4508,"State Senator, 23rd District (Vote for 1)",candidate,Khanh Pham,3628
Multnomah,4508,"State Senator, 23rd District (Vote for 1)",writein,,198
Multnomah,4508,"State Senator, 23rd District (Vote for 1)",undervotes,,1667
Multnomah,4508,"State Senator, 23rd District (Vote for 1)",overvotes,,0
Multnomah,4508,"State Senator, 23rd District (Vote for 1)",ballots_cast,,5493
Multnomah,4509,"State Senator, 23rd District (Vote for 1)",candidate,Khanh Pham,537
Multnomah,4509,"State Senator, 23rd District (Vote for 1)",writein,,14
Multnomah,4509,"State Senator, 23rd District (Vote for 1)",undervotes,,293
Multnomah,4509,"State Senator, 23rd District (Vote for 1)",overvotes,,0
Multnomah,4509,"State Senator, 23rd District (Vote for 1)",ballots_cast,,844
Multnomah,4601,"State Senator, 23rd District (Vote for 1)",candidate,Khanh Pham,4843
Multnomah,4601,"State Senator, 23rd District (Vote for 1)",writein,,88
Multnomah,4601,"State Senator, 23rd District (Vote for 1)",undervotes,,1403
Multnomah,4601,"State Senator, 23rd District (Vote for 1)",overvotes,,0
Multnomah,4601,"State Senator, 23rd District (Vote for 1)",ballots_cast,,6334
Multnomah,4602,"State Senator, 23rd District (Vote for 1)",candidate,Khanh Pham,4327
Multnomah,4602,"State Senator, 23rd District (Vote for 1)",writein,,99
Multnomah,4602,"State Senator, 23rd District (Vote for 1)",undervotes,,1317
Multnomah,4602,"State Senator, 23rd District (Vote for 1)",overvotes,,0
Multnomah,4602,"State Senator, 23rd District (Vote for 1)",ballots_cast,,5743
Multnomah,4603,"State Senator, 23rd District (Vote for 1)",candidate,Khanh Pham,2952
Multnomah,4603,"State Senator, 23rd District (Vote for 1)",writein,,72
Multnomah,4603,"State Senator, 23rd District (Vote for 1)",undervotes,,1039
Multnomah,4603,"State Senator, 23rd District (Vote for 1)",overvotes,,0
Multnomah,4603,"State Senator, 23rd District (Vote for 1)",ballots_cast,,4063
Multnomah,4604,"State Senator, 23rd District (Vote for 1)",candidate,Khanh Pham,4356
Multnomah,4604,"State Senator, 23rd District (Vote for 1)",writein,,120
Multnomah,4604,"State Senator, 23rd District (Vote for 1)",undervotes,,1550
Multnomah,4604,"State Senator, 23rd District (Vote for 1)",overvotes,,0
Multnomah,4604,"State Senator, 23rd District (Vote for 1)",ballots_cast,,6026
Multnomah,4605,"State Senator, 23rd District (Vote for 1)",candidate,Khanh Pham,3250
Multnomah,4605,"State Senator, 23rd District (Vote for 1)",writein,,135
Multnomah,4605,"State Senator, 23rd District (Vote for 1)",undervotes,,1226
Multnomah,4605,"State Senator, 23rd District (Vote for 1)",overvotes,,0
Multnomah,4605,"State Senator, 23rd District (Vote for 1)",ballots_cast,,4611
Multnomah,4606,"State Senator, 23rd District (Vote for 1)",candidate,Khanh Pham,3204
Multnomah,4606,"State Senator, 23rd District (Vote for 1)",writein,,130
Multnomah,4606,"State Senator, 23rd District (Vote for 1)",undervotes,,1229
Multnomah,4606,"State Senator, 23rd District (Vote for 1)",overvotes,,0
Multnomah,4606,"State Senator, 23rd District (Vote for 1)",ballots_cast,,4563
Multnomah,4607,"State Senator, 23rd District (Vote for 1)",candidate,Khanh Pham,2300
Multnomah,4607,"State Senator, 23rd District (Vote for 1)",writein,,108
Multnomah,4607,"State Senator, 23rd District (Vote for 1)",undervotes,,921
Multnomah,4607,"State Senator, 23rd District (Vote for 1)",overvotes,,0
Multnomah,4607,"State Senator, 23rd District (Vote for 1)",ballots_cast,,3329
Multnomah,4608,"State Senator, 23rd District (Vote for 1)",candidate,Khanh Pham,23
Multnomah,4608,"State Senator, 23rd District (Vote for 1)",writein,,3
Multnomah,4608,"State Senator, 23rd District (Vote for 1)",undervotes,,16
Multnomah,4608,"State Senator, 23rd District (Vote for 1)",overvotes,,0
Multnomah,4608,"State Senator, 23rd District (Vote for 1)",ballots_cast,,42
Multnomah,4901,"State Senator, 25th District (Vote for 1)",candidate,Chris Gorsek,45
Multnomah,4901,"State Senator, 25th District (Vote for 1)",candidate,Raymond E Love,32
Multnomah,4901,"State Senator, 25th District (Vote for 1)",writein,,0
Multnomah,4901,"State Senator, 25th District (Vote for 1)",undervotes,,3
Multnomah,4901,"State Senator, 25th District (Vote for 1)",overvotes,,0
Multnomah,4901,"State Senator, 25th District (Vote for 1)",ballots_cast,,80
Multnomah,4902,"State Senator, 25th District (Vote for 1)",candidate,Chris Gorsek,141
Multnomah,4902,"State Senator, 25th District (Vote for 1)",candidate,Raymond E Love,112
Multnomah,4902,"State Senator, 25th District (Vote for 1)",writein,,0
Multnomah,4902,"State Senator, 25th District (Vote for 1)",undervotes,,15
Multnomah,4902,"State Senator, 25th District (Vote for 1)",overvotes,,1
Multnomah,4902,"State Senator, 25th District (Vote for 1)",ballots_cast,,269
Multnomah,4903,"State Senator, 25th District (Vote for 1)",candidate,Chris Gorsek,2283
Multnomah,4903,"State Senator, 25th District (Vote for 1)",candidate,Raymond E Love,1665
Multnomah,4903,"State Senator, 25th District (Vote for 1)",writein,,10
Multnomah,4903,"State Senator, 25th District (Vote for 1)",undervotes,,302
Multnomah,4903,"State Senator, 25th District (Vote for 1)",overvotes,,0
Multnomah,4903,"State Senator, 25th District (Vote for 1)",ballots_cast,,4260
Multnomah,4904,"State Senator, 25th District (Vote for 1)",candidate,Chris Gorsek,686
Multnomah,4904,"State Senator, 25th District (Vote for 1)",candidate,Raymond E Love,519
Multnomah,4904,"State Senator, 25th District (Vote for 1)",writein,,3
Multnomah,4904,"State Senator, 25th District (Vote for 1)",undervotes,,92
Multnomah,4904,"State Senator, 25th District (Vote for 1)",overvotes,,0
Multnomah,4904,"State Senator, 25th District (Vote for 1)",ballots_cast,,1300
Multnomah,4905,"State Senator, 25th District (Vote for 1)",candidate,Chris Gorsek,2864
Multnomah,4905,"State Senator, 25th District (Vote for 1)",candidate,Raymond E Love,2750
Multnomah,4905,"State Senator, 25th District (Vote for 1)",writein,,13
Multnomah,4905,"State Senator, 25th District (Vote for 1)",undervotes,,354
Multnomah,4905,"State Senator, 25th District (Vote for 1)",overvotes,,2
Multnomah,4905,"State Senator, 25th District (Vote for 1)",ballots_cast,,5983
Multnomah,4906,"State Senator, 25th District (Vote for 1)",candidate,Chris Gorsek,1063
Multnomah,4906,"State Senator, 25th District (Vote for 1)",candidate,Raymond E Love,927
Multnomah,4906,"State Senator, 25th District (Vote for 1)",writein,,9
Multnomah,4906,"State Senator, 25th District (Vote for 1)",undervotes,,168
Multnomah,4906,"State Senator, 25th District (Vote for 1)",overvotes,,2
Multnomah,4906,"State Senator, 25th District (Vote for 1)",ballots_cast,,2169
Multnomah,4907,"State Senator, 25th District (Vote for 1)",candidate,Chris Gorsek,1898
Multnomah,4907,"State Senator, 25th District (Vote for 1)",candidate,Raymond E Love,1385
Multnomah,4907,"State Senator, 25th District (Vote for 1)",writein,,9
Multnomah,4907,"State Senator, 25th District (Vote for 1)",undervotes,,256
Multnomah,4907,"State Senator, 25th District (Vote for 1)",overvotes,,0
Multnomah,4907,"State Senator, 25th District (Vote for 1)",ballots_cast,,3548
Multnomah,4908,"State Senator, 25th District (Vote for 1)",candidate,Chris Gorsek,2792
Multnomah,4908,"State Senator, 25th District (Vote for 1)",candidate,Raymond E Love,2061
Multnomah,4908,"State Senator, 25th District (Vote for 1)",writein,,7
Multnomah,4908,"State Senator, 25th District (Vote for 1)",undervotes,,410
Multnomah,4908,"State Senator, 25th District (Vote for 1)",overvotes,,1
Multnomah,4908,"State Senator, 25th District (Vote for 1)",ballots_cast,,5271
Multnomah,4909,"State Senator, 25th District (Vote for 1)",candidate,Chris Gorsek,2178
Multnomah,4909,"State Senator, 25th District (Vote for 1)",candidate,Raymond E Love,1170
Multnomah,4909,"State Senator, 25th District (Vote for 1)",writein,,13
Multnomah,4909,"State Senator, 25th District (Vote for 1)",undervotes,,281
Multnomah,4909,"State Senator, 25th District (Vote for 1)",overvotes,,0
Multnomah,4909,"State Senator, 25th District (Vote for 1)",ballots_cast,,3642
Multnomah,4910,"State Senator, 25th District (Vote for 1)",candidate,Chris Gorsek,139
Multnomah,4910,"State Senator, 25th District (Vote for 1)",candidate,Raymond E Love,75
Multnomah,4910,"State Senator, 25th District (Vote for 1)",writein,,1
Multnomah,4910,"State Senator, 25th District (Vote for 1)",undervotes,,25
Multnomah,4910,"State Senator, 25th District (Vote for 1)",overvotes,,0
Multnomah,4910,"State Senator, 25th District (Vote for 1)",ballots_cast,,240
Multnomah,5001,"State Senator, 25th District (Vote for 1)",candidate,Chris Gorsek,48
Multnomah,5001,"State Senator, 25th District (Vote for 1)",candidate,Raymond E Love,43
Multnomah,5001,"State Senator, 25th District (Vote for 1)",writein,,0
Multnomah,5001,"State Senator, 25th District (Vote for 1)",undervotes,,3
Multnomah,5001,"State Senator, 25th District (Vote for 1)",overvotes,,0
Multnomah,5001,"State Senator, 25th District (Vote for 1)",ballots_cast,,94
Multnomah,5002,"State Senator, 25th District (Vote for 1)",candidate,Chris Gorsek,2484
Multnomah,5002,"State Senator, 25th District (Vote for 1)",candidate,Raymond E Love,1676
Multnomah,5002,"State Senator, 25th District (Vote for 1)",writein,,11
Multnomah,5002,"State Senator, 25th District (Vote for 1)",undervotes,,331
Multnomah,5002,"State Senator, 25th District (Vote for 1)",overvotes,,0
Multnomah,5002,"State Senator, 25th District (Vote for 1)",ballots_cast,,4502
Multnomah,5003,"State Senator, 25th District (Vote for 1)",candidate,Chris Gorsek,211
Multnomah,5003,"State Senator, 25th District (Vote for 1)",candidate,Raymond E Love,119
Multnomah,5003,"State Senator, 25th District (Vote for 1)",writein,,3
Multnomah,5003,"State Senator, 25th District (Vote for 1)",undervotes,,23
Multnomah,5003,"State Senator, 25th District (Vote for 1)",overvotes,,0
Multnomah,5003,"State Senator, 25th District (Vote for 1)",ballots_cast,,356
Multnomah,5004,"State Senator, 25th District (Vote for 1)",candidate,Chris Gorsek,1578
Multnomah,5004,"State Senator, 25th District (Vote for 1)",candidate,Raymond E Love,1425
Multnomah,5004,"State Senator, 25th District (Vote for 1)",writein,,5
Multnomah,5004,"State Senator, 25th District (Vote for 1)",undervotes,,261
Multnomah,5004,"State Senator, 25th District (Vote for 1)",overvotes,,0
Multnomah,5004,"State Senator, 25th District (Vote for 1)",ballots_cast,,3269
Multnomah,5005,"State Senator, 25th District (Vote for 1)",candidate,Chris Gorsek,2873
Multnomah,5005,"State Senator, 25th District (Vote for 1)",candidate,Raymond E Love,1978
Multnomah,5005,"State Senator, 25th District (Vote for 1)",writein,,13
Multnomah,5005,"State Senator, 25th District (Vote for 1)",undervotes,,402
Multnomah,5005,"State Senator, 25th District (Vote for 1)",overvotes,,3
Multnomah,5005,"State Senator, 25th District (Vote for 1)",ballots_cast,,5269
Multnomah,5006,"State Senator, 25th District (Vote for 1)",candidate,Chris Gorsek,2639
Multnomah,5006,"State Senator, 25th District (Vote for 1)",candidate,Raymond E Love,2183
Multnomah,5006,"State Senator, 25th District (Vote for 1)",writein,,15
Multnomah,5006,"State Senator, 25th District (Vote for 1)",undervotes,,282
Multnomah,5006,"State Senator, 25th District (Vote for 1)",overvotes,,1
Multnomah,5006,"State Senator, 25th District (Vote for 1)",ballots_cast,,5120
Multnomah,5007,"State Senator, 25th District (Vote for 1)",candidate,Chris Gorsek,2829
Multnomah,5007,"State Senator, 25th District (Vote for 1)",candidate,Raymond E Love,2270
Multnomah,5007,"State Senator, 25th District (Vote for 1)",writein,,7
Multnomah,5007,"State Senator, 25th District (Vote for 1)",undervotes,,411
Multnomah,5007,"State Senator, 25th District (Vote for 1)",overvotes,,0
Multnomah,5007,"State Senator, 25th District (Vote for 1)",ballots_cast,,5517
Multnomah,5008,"State Senator, 25th District (Vote for 1)",candidate,Chris Gorsek,2431
Multnomah,5008,"State Senator, 25th District (Vote for 1)",candidate,Raymond E Love,2425
Multnomah,5008,"State Senator, 25th District (Vote for 1)",writein,,11
Multnomah,5008,"State Senator, 25th District (Vote for 1)",undervotes,,394
Multnomah,5008,"State Senator, 25th District (Vote for 1)",overvotes,,0
Multnomah,5008,"State Senator, 25th District (Vote for 1)",ballots_cast,,5261
Multnomah,5009,"State Senator, 25th District (Vote for 1)",candidate,Chris Gorsek,71
Multnomah,5009,"State Senator, 25th District (Vote for 1)",candidate,Raymond E Love,121
Multnomah,5009,"State Senator, 25th District (Vote for 1)",writein,,0
Multnomah,5009,"State Senator, 25th District (Vote for 1)",undervotes,,8
Multnomah,5009,"State Senator, 25th District (Vote for 1)",overvotes,,0
Multnomah,5009,"State Senator, 25th District (Vote for 1)",ballots_cast,,200
Multnomah,2801,"State Representative, 28th District (Vote for 1)",candidate,Dacia Grayber,5739
Multnomah,2801,"State Representative, 28th District (Vote for 1)",candidate,Charles (Chick) Mengis,674
Multnomah,2801,"State Representative, 28th District (Vote for 1)",writein,,10
Multnomah,2801,"State Representative, 28th District (Vote for 1)",undervotes,,511
Multnomah,2801,"State Representative, 28th District (Vote for 1)",overvotes,,0
Multnomah,2801,"State Representative, 28th District (Vote for 1)",ballots_cast,,6934
Multnomah,2802,"State Representative, 28th District (Vote for 1)",candidate,Dacia Grayber,771
Multnomah,2802,"State Representative, 28th District (Vote for 1)",candidate,Charles (Chick) Mengis,193
Multnomah,2802,"State Representative, 28th District (Vote for 1)",writein,,3
Multnomah,2802,"State Representative, 28th District (Vote for 1)",undervotes,,84
Multnomah,2802,"State Representative, 28th District (Vote for 1)",overvotes,,1
Multnomah,2802,"State Representative, 28th District (Vote for 1)",ballots_cast,,1052
Multnomah,2803,"State Representative, 28th District (Vote for 1)",candidate,Dacia Grayber,2085
Multnomah,2803,"State Representative, 28th District (Vote for 1)",candidate,Charles (Chick) Mengis,177
Multnomah,2803,"State Representative, 28th District (Vote for 1)",writein,,5
Multnomah,2803,"State Representative, 28th District (Vote for 1)",undervotes,,144
Multnomah,2803,"State Representative, 28th District (Vote for 1)",overvotes,,2
Multnomah,2803,"State Representative, 28th District (Vote for 1)",ballots_cast,,2413
Multnomah,2804,"State Representative, 28th District (Vote for 1)",candidate,Dacia Grayber,5053
Multnomah,2804,"State Representative, 28th District (Vote for 1)",candidate,Charles (Chick) Mengis,804
Multnomah,2804,"State Representative, 28th District (Vote for 1)",writein,,5
Multnomah,2804,"State Representative, 28th District (Vote for 1)",undervotes,,494
Multnomah,2804,"State Representative, 28th District (Vote for 1)",overvotes,,0
Multnomah,2804,"State Representative, 28th District (Vote for 1)",ballots_cast,,6356
Multnomah,2805,"State Representative, 28th District (Vote for 1)",candidate,Dacia Grayber,6218
Multnomah,2805,"State Representative, 28th District (Vote for 1)",candidate,Charles (Chick) Mengis,942
Multnomah,2805,"State Representative, 28th District (Vote for 1)",writein,,16
Multnomah,2805,"State Representative, 28th District (Vote for 1)",undervotes,,558
Multnomah,2805,"State Representative, 28th District (Vote for 1)",overvotes,,0
Multnomah,2805,"State Representative, 28th District (Vote for 1)",ballots_cast,,7734
Multnomah,2806,"State Representative, 28th District (Vote for 1)",candidate,Dacia Grayber,6540
Multnomah,2806,"State Representative, 28th District (Vote for 1)",candidate,Charles (Chick) Mengis,778
Multnomah,2806,"State Representative, 28th District (Vote for 1)",writein,,10
Multnomah,2806,"State Representative, 28th District (Vote for 1)",undervotes,,470
Multnomah,2806,"State Representative, 28th District (Vote for 1)",overvotes,,0
Multnomah,2806,"State Representative, 28th District (Vote for 1)",ballots_cast,,7798
Multnomah,3101,"State Representative, 31st District (Vote for 1)",candidate,Jordan Gutierrez,936
Multnomah,3101,"State Representative, 31st District (Vote for 1)",candidate,Darcey Edwards,675
Multnomah,3101,"State Representative, 31st District (Vote for 1)",candidate,Robert Miller,62
Multnomah,3101,"State Representative, 31st District (Vote for 1)",writein,,15
Multnomah,3101,"State Representative, 31st District (Vote for 1)",undervotes,,179
Multnomah,3101,"State Representative, 31st District (Vote for 1)",overvotes,,0
Multnomah,3101,"State Representative, 31st District (Vote for 1)",ballots_cast,,1867
Multnomah,3301,"State Representative, 33rd District (Vote for 1)",candidate,Stan Baumhofer,265
Multnomah,3301,"State Representative, 33rd District (Vote for 1)",candidate,Thomas J Busse,25
Multnomah,3301,"State Representative, 33rd District (Vote for 1)",candidate,Shannon Jones Isadore,729
Multnomah,3301,"State Representative, 33rd District (Vote for 1)",writein,,2
Multnomah,3301,"State Representative, 33rd District (Vote for 1)",undervotes,,84
Multnomah,3301,"State Representative, 33rd District (Vote for 1)",overvotes,,0
Multnomah,3301,"State Representative, 33rd District (Vote for 1)",ballots_cast,,1105
Multnomah,3302,"State Representative, 33rd District (Vote for 1)",candidate,Stan Baumhofer,688
Multnomah,3302,"State Representative, 33rd District (Vote for 1)",candidate,Thomas J Busse,222
Multnomah,3302,"State Representative, 33rd District (Vote for 1)",candidate,Shannon Jones Isadore,5476
Multnomah,3302,"State Representative, 33rd District (Vote for 1)",writein,,8
Multnomah,3302,"State Representative, 33rd District (Vote for 1)",undervotes,,508
Multnomah,3302,"State Representative, 33rd District (Vote for 1)",overvotes,,1
Multnomah,3302,"State Representative, 33rd District (Vote for 1)",ballots_cast,,6903
Multnomah,3303,"State Representative, 33rd District (Vote for 1)",candidate,Stan Baumhofer,576
Multnomah,3303,"State Representative, 33rd District (Vote for 1)",candidate,Thomas J Busse,244
Multnomah,3303,"State Representative, 33rd District (Vote for 1)",candidate,Shannon Jones Isadore,5028
Multnomah,3303,"State Representative, 33rd District (Vote for 1)",writein,,14
Multnomah,3303,"State Representative, 33rd District (Vote for 1)",undervotes,,481
Multnomah,3303,"State Representative, 33rd District (Vote for 1)",overvotes,,1
Multnomah,3303,"State Representative, 33rd District (Vote for 1)",ballots_cast,,6344
Multnomah,3304,"State Representative, 33rd District (Vote for 1)",candidate,Stan Baumhofer,1005
Multnomah,3304,"State Representative, 33rd District (Vote for 1)",candidate,Thomas J Busse,233
Multnomah,3304,"State Representative, 33rd District (Vote for 1)",candidate,Shannon Jones Isadore,5556
Multnomah,3304,"State Representative, 33rd District (Vote for 1)",writein,,11
Multnomah,3304,"State Representative, 33rd District (Vote for 1)",undervotes,,542
Multnomah,3304,"State Representative, 33rd District (Vote for 1)",overvotes,,0
Multnomah,3304,"State Representative, 33rd District (Vote for 1)",ballots_cast,,7347
Multnomah,3305,"State Representative, 33rd District (Vote for 1)",candidate,Stan Baumhofer,9
Multnomah,3305,"State Representative, 33rd District (Vote for 1)",candidate,Thomas J Busse,0
Multnomah,3305,"State Representative, 33rd District (Vote for 1)",candidate,Shannon Jones Isadore,22
Multnomah,3305,"State Representative, 33rd District (Vote for 1)",writein,,0
Multnomah,3305,"State Representative, 33rd District (Vote for 1)",undervotes,,1
Multnomah,3305,"State Representative, 33rd District (Vote for 1)",overvotes,,0
Multnomah,3305,"State Representative, 33rd District (Vote for 1)",ballots_cast,,32
Multnomah,3306,"State Representative, 33rd District (Vote for 1)",candidate,Stan Baumhofer,548
Multnomah,3306,"State Representative, 33rd District (Vote for 1)",candidate,Thomas J Busse,212
Multnomah,3306,"State Representative, 33rd District (Vote for 1)",candidate,Shannon Jones Isadore,4277
Multnomah,3306,"State Representative, 33rd District (Vote for 1)",writein,,8
Multnomah,3306,"State Representative, 33rd District (Vote for 1)",undervotes,,393
Multnomah,3306,"State Representative, 33rd District (Vote for 1)",overvotes,,0
Multnomah,3306,"State Representative, 33rd District (Vote for 1)",ballots_cast,,5438
Multnomah,3307,"State Representative, 33rd District (Vote for 1)",candidate,Stan Baumhofer,442
Multnomah,3307,"State Representative, 33rd District (Vote for 1)",candidate,Thomas J Busse,146
Multnomah,3307,"State Representative, 33rd District (Vote for 1)",candidate,Shannon Jones Isadore,3842
Multnomah,3307,"State Representative, 33rd District (Vote for 1)",writein,,8
Multnomah,3307,"State Representative, 33rd District (Vote for 1)",undervotes,,322
Multnomah,3307,"State Representative, 33rd District (Vote for 1)",overvotes,,0
Multnomah,3307,"State Representative, 33rd District (Vote for 1)",ballots_cast,,4760
Multnomah,3308,"State Representative, 33rd District (Vote for 1)",candidate,Stan Baumhofer,312
Multnomah,3308,"State Representative, 33rd District (Vote for 1)",candidate,Thomas J Busse,108
Multnomah,3308,"State Representative, 33rd District (Vote for 1)",candidate,Shannon Jones Isadore,2525
Multnomah,3308,"State Representative, 33rd District (Vote for 1)",writein,,6
Multnomah,3308,"State Representative, 33rd District (Vote for 1)",undervotes,,190
Multnomah,3308,"State Representative, 33rd District (Vote for 1)",overvotes,,1
Multnomah,3308,"State Representative, 33rd District (Vote for 1)",ballots_cast,,3142
Multnomah,3401,"State Representative, 34th District (Vote for 1)",candidate,John Verbeek,102
Multnomah,3401,"State Representative, 34th District (Vote for 1)",candidate,Lisa Reynolds,515
Multnomah,3401,"State Representative, 34th District (Vote for 1)",writein,,1
Multnomah,3401,"State Representative, 34th District (Vote for 1)",undervotes,,46
Multnomah,3401,"State Representative, 34th District (Vote for 1)",overvotes,,0
Multnomah,3401,"State Representative, 34th District (Vote for 1)",ballots_cast,,664
Multnomah,3402,"State Representative, 34th District (Vote for 1)",candidate,John Verbeek,36
Multnomah,3402,"State Representative, 34th District (Vote for 1)",candidate,Lisa Reynolds,97
Multnomah,3402,"State Representative, 34th District (Vote for 1)",writein,,0
Multnomah,3402,"State Representative, 34th District (Vote for 1)",undervotes,,12
Multnomah,3402,"State Representative, 34th District (Vote for 1)",overvotes,,0
Multnomah,3402,"State Representative, 34th District (Vote for 1)",ballots_cast,,145
Multnomah,3801,"State Representative, 38th District (Vote for 1)",candidate,Daniel Nguyen,675
Multnomah,3801,"State Representative, 38th District (Vote for 1)",writein,,21
Multnomah,3801,"State Representative, 38th District (Vote for 1)",undervotes,,366
Multnomah,3801,"State Representative, 38th District (Vote for 1)",overvotes,,0
Multnomah,3801,"State Representative, 38th District (Vote for 1)",ballots_cast,,1062
Multnomah,3802,"State Representative, 38th District (Vote for 1)",candidate,Daniel Nguyen,1356
Multnomah,3802,"State Representative, 38th District (Vote for 1)",writein,,34
Multnomah,3802,"State Representative, 38th District (Vote for 1)",undervotes,,440
Multnomah,3802,"State Representative, 38th District (Vote for 1)",overvotes,,0
Multnomah,3802,"State Representative, 38th District (Vote for 1)",ballots_cast,,1830
Multnomah,3803,"State Representative, 38th District (Vote for 1)",candidate,Daniel Nguyen,5458
Multnomah,3803,"State Representative, 38th District (Vote for 1)",writein,,78
Multnomah,3803,"State Representative, 38th District (Vote for 1)",undervotes,,1963
Multnomah,3803,"State Representative, 38th District (Vote for 1)",overvotes,,0
Multnomah,3803,"State Representative, 38th District (Vote for 1)",ballots_cast,,7499
Multnomah,3804,"State Representative, 38th District (Vote for 1)",candidate,Daniel Nguyen,2190
Multnomah,3804,"State Representative, 38th District (Vote for 1)",writein,,39
Multnomah,3804,"State Representative, 38th District (Vote for 1)",undervotes,,798
Multnomah,3804,"State Representative, 38th District (Vote for 1)",overvotes,,0
Multnomah,3804,"State Representative, 38th District (Vote for 1)",ballots_cast,,3027
Multnomah,3805,"State Representative, 38th District (Vote for 1)",candidate,Daniel Nguyen,4631
Multnomah,3805,"State Representative, 38th District (Vote for 1)",writein,,57
Multnomah,3805,"State Representative, 38th District (Vote for 1)",undervotes,,1430
Multnomah,3805,"State Representative, 38th District (Vote for 1)",overvotes,,0
Multnomah,3805,"State Representative, 38th District (Vote for 1)",ballots_cast,,6118
Multnomah,3806,"State Representative, 38th District (Vote for 1)",candidate,Daniel Nguyen,95
Multnomah,3806,"State Representative, 38th District (Vote for 1)",writein,,0
Multnomah,3806,"State Representative, 38th District (Vote for 1)",undervotes,,26
Multnomah,3806,"State Representative, 38th District (Vote for 1)",overvotes,,0
Multnomah,3806,"State Representative, 38th District (Vote for 1)",ballots_cast,,121
Multnomah,4101,"State Representative, 41st District (Vote for 1)",candidate,Mark F Gamba,2308
Multnomah,4101,"State Representative, 41st District (Vote for 1)",candidate,Elvis Clark,317
Multnomah,4101,"State Representative, 41st District (Vote for 1)",writein,,2
Multnomah,4101,"State Representative, 41st District (Vote for 1)",undervotes,,186
Multnomah,4101,"State Representative, 41st District (Vote for 1)",overvotes,,0
Multnomah,4101,"State Representative, 41st District (Vote for 1)",ballots_cast,,2813
Multnomah,4102,"State Representative, 41st District (Vote for 1)",candidate,Mark F Gamba,2408
Multnomah,4102,"State Representative, 41st District (Vote for 1)",candidate,Elvis Clark,293
Multnomah,4102,"State Representative, 41st District (Vote for 1)",writein,,5
Multnomah,4102,"State Representative, 41st District (Vote for 1)",undervotes,,208
Multnomah,4102,"State Representative, 41st District (Vote for 1)",overvotes,,0
Multnomah,4102,"State Representative, 41st District (Vote for 1)",ballots_cast,,2914
Multnomah,4103,"State Representative, 41st District (Vote for 1)",candidate,Mark F Gamba,2787
Multnomah,4103,"State Representative, 41st District (Vote for 1)",candidate,Elvis Clark,414
Multnomah,4103,"State Representative, 41st District (Vote for 1)",writein,,3
Multnomah,4103,"State Representative, 41st District (Vote for 1)",undervotes,,271
Multnomah,4103,"State Representative, 41st District (Vote for 1)",overvotes,,0
Multnomah,4103,"State Representative, 41st District (Vote for 1)",ballots_cast,,3475
Multnomah,4104,"State Representative, 41st District (Vote for 1)",candidate,Mark F Gamba,4238
Multnomah,4104,"State Representative, 41st District (Vote for 1)",candidate,Elvis Clark,507
Multnomah,4104,"State Representative, 41st District (Vote for 1)",writein,,7
Multnomah,4104,"State Representative, 41st District (Vote for 1)",undervotes,,320
Multnomah,4104,"State Representative, 41st District (Vote for 1)",overvotes,,1
Multnomah,4104,"State Representative, 41st District (Vote for 1)",ballots_cast,,5073
Multnomah,4105,"State Representative, 41st District (Vote for 1)",candidate,Mark F Gamba,5383
Multnomah,4105,"State Representative, 41st District (Vote for 1)",candidate,Elvis Clark,574
Multnomah,4105,"State Representative, 41st District (Vote for 1)",writein,,4
Multnomah,4105,"State Representative, 41st District (Vote for 1)",undervotes,,441
Multnomah,4105,"State Representative, 41st District (Vote for 1)",overvotes,,0
Multnomah,4105,"State Representative, 41st District (Vote for 1)",ballots_cast,,6402
Multnomah,4201,"State Representative, 42nd District (Vote for 1)",candidate,Rob Nosse,3795
Multnomah,4201,"State Representative, 42nd District (Vote for 1)",writein,,44
Multnomah,4201,"State Representative, 42nd District (Vote for 1)",undervotes,,1223
Multnomah,4201,"State Representative, 42nd District (Vote for 1)",overvotes,,0
Multnomah,4201,"State Representative, 42nd District (Vote for 1)",ballots_cast,,5062
Multnomah,4202,"State Representative, 42nd District (Vote for 1)",candidate,Rob Nosse,5853
Multnomah,4202,"State Representative, 42nd District (Vote for 1)",writein,,70
Multnomah,4202,"State Representative, 42nd District (Vote for 1)",undervotes,,1665
Multnomah,4202,"State Representative, 42nd District (Vote for 1)",overvotes,,0
Multnomah,4202,"State Representative, 42nd District (Vote for 1)",ballots_cast,,7588
Multnomah,4203,"State Representative, 42nd District (Vote for 1)",candidate,Rob Nosse,5025
Multnomah,4203,"State Representative, 42nd District (Vote for 1)",writein,,90
Multnomah,4203,"State Representative, 42nd District (Vote for 1)",undervotes,,1635
Multnomah,4203,"State Representative, 42nd District (Vote for 1)",overvotes,,0
Multnomah,4203,"State Representative, 42nd District (Vote for 1)",ballots_cast,,6750
Multnomah,4204,"State Representative, 42nd District (Vote for 1)",candidate,Rob Nosse,4970
Multnomah,4204,"State Representative, 42nd District (Vote for 1)",writein,,89
Multnomah,4204,"State Representative, 42nd District (Vote for 1)",undervotes,,1552
Multnomah,4204,"State Representative, 42nd District (Vote for 1)",overvotes,,0
Multnomah,4204,"State Representative, 42nd District (Vote for 1)",ballots_cast,,6611
Multnomah,4205,"State Representative, 42nd District (Vote for 1)",candidate,Rob Nosse,4910
Multnomah,4205,"State Representative, 42nd District (Vote for 1)",writein,,69
Multnomah,4205,"State Representative, 42nd District (Vote for 1)",undervotes,,1680
Multnomah,4205,"State Representative, 42nd District (Vote for 1)",overvotes,,0
Multnomah,4205,"State Representative, 42nd District (Vote for 1)",ballots_cast,,6659
Multnomah,4206,"State Representative, 42nd District (Vote for 1)",candidate,Rob Nosse,3732
Multnomah,4206,"State Representative, 42nd District (Vote for 1)",writein,,54
Multnomah,4206,"State Representative, 42nd District (Vote for 1)",undervotes,,1261
Multnomah,4206,"State Representative, 42nd District (Vote for 1)",overvotes,,0
Multnomah,4206,"State Representative, 42nd District (Vote for 1)",ballots_cast,,5047
Multnomah,4207,"State Representative, 42nd District (Vote for 1)",candidate,Rob Nosse,2383
Multnomah,4207,"State Representative, 42nd District (Vote for 1)",writein,,39
Multnomah,4207,"State Representative, 42nd District (Vote for 1)",undervotes,,847
Multnomah,4207,"State Representative, 42nd District (Vote for 1)",overvotes,,0
Multnomah,4207,"State Representative, 42nd District (Vote for 1)",ballots_cast,,3269
Multnomah,4208,"State Representative, 42nd District (Vote for 1)",candidate,Rob Nosse,2273
Multnomah,4208,"State Representative, 42nd District (Vote for 1)",writein,,36
Multnomah,4208,"State Representative, 42nd District (Vote for 1)",undervotes,,788
Multnomah,4208,"State Representative, 42nd District (Vote for 1)",overvotes,,0
Multnomah,4208,"State Representative, 42nd District (Vote for 1)",ballots_cast,,3097
Multnomah,4301,"State Representative, 43rd District (Vote for 1)",candidate,Tim LeMaster,257
Multnomah,4301,"State Representative, 43rd District (Vote for 1)",candidate,Tawna Sanchez,3296
Multnomah,4301,"State Representative, 43rd District (Vote for 1)",writein,,11
Multnomah,4301,"State Representative, 43rd District (Vote for 1)",undervotes,,232
Multnomah,4301,"State Representative, 43rd District (Vote for 1)",overvotes,,0
Multnomah,4301,"State Representative, 43rd District (Vote for 1)",ballots_cast,,3796
Multnomah,4302,"State Representative, 43rd District (Vote for 1)",candidate,Tim LeMaster,327
Multnomah,4302,"State Representative, 43rd District (Vote for 1)",candidate,Tawna Sanchez,4617
Multnomah,4302,"State Representative, 43rd District (Vote for 1)",writein,,14
Multnomah,4302,"State Representative, 43rd District (Vote for 1)",undervotes,,322
Multnomah,4302,"State Representative, 43rd District (Vote for 1)",overvotes,,0
Multnomah,4302,"State Representative, 43rd District (Vote for 1)",ballots_cast,,5280
Multnomah,4303,"State Representative, 43rd District (Vote for 1)",candidate,Tim LeMaster,387
Multnomah,4303,"State Representative, 43rd District (Vote for 1)",candidate,Tawna Sanchez,6066
Multnomah,4303,"State Representative, 43rd District (Vote for 1)",writein,,17
Multnomah,4303,"State Representative, 43rd District (Vote for 1)",undervotes,,391
Multnomah,4303,"State Representative, 43rd District (Vote for 1)",overvotes,,0
Multnomah,4303,"State Representative, 43rd District (Vote for 1)",ballots_cast,,6861
Multnomah,4304,"State Representative, 43rd District (Vote for 1)",candidate,Tim LeMaster,420
Multnomah,4304,"State Representative, 43rd District (Vote for 1)",candidate,Tawna Sanchez,5595
Multnomah,4304,"State Representative, 43rd District (Vote for 1)",writein,,11
Multnomah,4304,"State Representative, 43rd District (Vote for 1)",undervotes,,382
Multnomah,4304,"State Representative, 43rd District (Vote for 1)",overvotes,,0
Multnomah,4304,"State Representative, 43rd District (Vote for 1)",ballots_cast,,6408
Multnomah,4305,"State Representative, 43rd District (Vote for 1)",candidate,Tim LeMaster,492
Multnomah,4305,"State Representative, 43rd District (Vote for 1)",candidate,Tawna Sanchez,6005
Multnomah,4305,"State Representative, 43rd District (Vote for 1)",writein,,16
Multnomah,4305,"State Representative, 43rd District (Vote for 1)",undervotes,,349
Multnomah,4305,"State Representative, 43rd District (Vote for 1)",overvotes,,0
Multnomah,4305,"State Representative, 43rd District (Vote for 1)",ballots_cast,,6862
Multnomah,4306,"State Representative, 43rd District (Vote for 1)",candidate,Tim LeMaster,615
Multnomah,4306,"State Representative, 43rd District (Vote for 1)",candidate,Tawna Sanchez,5591
Multnomah,4306,"State Representative, 43rd District (Vote for 1)",writein,,11
Multnomah,4306,"State Representative, 43rd District (Vote for 1)",undervotes,,455
Multnomah,4306,"State Representative, 43rd District (Vote for 1)",overvotes,,0
Multnomah,4306,"State Representative, 43rd District (Vote for 1)",ballots_cast,,6672
Multnomah,4307,"State Representative, 43rd District (Vote for 1)",candidate,Tim LeMaster,580
Multnomah,4307,"State Representative, 43rd District (Vote for 1)",candidate,Tawna Sanchez,5914
Multnomah,4307,"State Representative, 43rd District (Vote for 1)",writein,,17
Multnomah,4307,"State Representative, 43rd District (Vote for 1)",undervotes,,418
Multnomah,4307,"State Representative, 43rd District (Vote for 1)",overvotes,,2
Multnomah,4307,"State Representative, 43rd District (Vote for 1)",ballots_cast,,6931
Multnomah,4401,"State Representative, 44th District (Vote for 1)",candidate,Travis Nelson,3212
Multnomah,4401,"State Representative, 44th District (Vote for 1)",writein,,67
Multnomah,4401,"State Representative, 44th District (Vote for 1)",undervotes,,1004
Multnomah,4401,"State Representative, 44th District (Vote for 1)",overvotes,,0
Multnomah,4401,"State Representative, 44th District (Vote for 1)",ballots_cast,,4283
Multnomah,4402,"State Representative, 44th District (Vote for 1)",candidate,Travis Nelson,4280
Multnomah,4402,"State Representative, 44th District (Vote for 1)",writein,,88
Multnomah,4402,"State Representative, 44th District (Vote for 1)",undervotes,,1273
Multnomah,4402,"State Representative, 44th District (Vote for 1)",overvotes,,0
Multnomah,4402,"State Representative, 44th District (Vote for 1)",ballots_cast,,5641
Multnomah,4403,"State Representative, 44th District (Vote for 1)",candidate,Travis Nelson,5147
Multnomah,4403,"State Representative, 44th District (Vote for 1)",writein,,103
Multnomah,4403,"State Representative, 44th District (Vote for 1)",undervotes,,1501
Multnomah,4403,"State Representative, 44th District (Vote for 1)",overvotes,,0
Multnomah,4403,"State Representative, 44th District (Vote for 1)",ballots_cast,,6751
Multnomah,4404,"State Representative, 44th District (Vote for 1)",candidate,Travis Nelson,4870
Multnomah,4404,"State Representative, 44th District (Vote for 1)",writein,,53
Multnomah,4404,"State Representative, 44th District (Vote for 1)",undervotes,,1496
Multnomah,4404,"State Representative, 44th District (Vote for 1)",overvotes,,0
Multnomah,4404,"State Representative, 44th District (Vote for 1)",ballots_cast,,6419
Multnomah,4405,"State Representative, 44th District (Vote for 1)",candidate,Travis Nelson,5730
Multnomah,4405,"State Representative, 44th District (Vote for 1)",writein,,66
Multnomah,4405,"State Representative, 44th District (Vote for 1)",undervotes,,1647
Multnomah,4405,"State Representative, 44th District (Vote for 1)",overvotes,,0
Multnomah,4405,"State Representative, 44th District (Vote for 1)",ballots_cast,,7443
Multnomah,4406,"State Representative, 44th District (Vote for 1)",candidate,Travis Nelson,4029
Multnomah,4406,"State Representative, 44th District (Vote for 1)",writein,,96
Multnomah,4406,"State Representative, 44th District (Vote for 1)",undervotes,,1489
Multnomah,4406,"State Representative, 44th District (Vote for 1)",overvotes,,0
Multnomah,4406,"State Representative, 44th District (Vote for 1)",ballots_cast,,5614
Multnomah,4407,"State Representative, 44th District (Vote for 1)",candidate,Travis Nelson,13
Multnomah,4407,"State Representative, 44th District (Vote for 1)",writein,,1
Multnomah,4407,"State Representative, 44th District (Vote for 1)",undervotes,,15
Multnomah,4407,"State Representative, 44th District (Vote for 1)",overvotes,,0
Multnomah,4407,"State Representative, 44th District (Vote for 1)",ballots_cast,,29
Multnomah,4501,"State Representative, 45th District (Vote for 1)",candidate,Thuy Tran,6359
Multnomah,4501,"State Representative, 45th District (Vote for 1)",writein,,64
Multnomah,4501,"State Representative, 45th District (Vote for 1)",undervotes,,1931
Multnomah,4501,"State Representative, 45th District (Vote for 1)",overvotes,,0
Multnomah,4501,"State Representative, 45th District (Vote for 1)",ballots_cast,,8354
Multnomah,4502,"State Representative, 45th District (Vote for 1)",candidate,Thuy Tran,5872
Multnomah,4502,"State Representative, 45th District (Vote for 1)",writein,,66
Multnomah,4502,"State Representative, 45th District (Vote for 1)",undervotes,,1735
Multnomah,4502,"State Representative, 45th District (Vote for 1)",overvotes,,0
Multnomah,4502,"State Representative, 45th District (Vote for 1)",ballots_cast,,7673
Multnomah,4503,"State Representative, 45th District (Vote for 1)",candidate,Thuy Tran,5082
Multnomah,4503,"State Representative, 45th District (Vote for 1)",writein,,95
Multnomah,4503,"State Representative, 45th District (Vote for 1)",undervotes,,1893
Multnomah,4503,"State Representative, 45th District (Vote for 1)",overvotes,,0
Multnomah,4503,"State Representative, 45th District (Vote for 1)",ballots_cast,,7070
Multnomah,4504,"State Representative, 45th District (Vote for 1)",candidate,Thuy Tran,385
Multnomah,4504,"State Representative, 45th District (Vote for 1)",writein,,15
Multnomah,4504,"State Representative, 45th District (Vote for 1)",undervotes,,134
Multnomah,4504,"State Representative, 45th District (Vote for 1)",overvotes,,0
Multnomah,4504,"State Representative, 45th District (Vote for 1)",ballots_cast,,534
Multnomah,4505,"State Representative, 45th District (Vote for 1)",candidate,Thuy Tran,1686
Multnomah,4505,"State Representative, 45th District (Vote for 1)",writein,,32
Multnomah,4505,"State Representative, 45th District (Vote for 1)",undervotes,,539
Multnomah,4505,"State Representative, 45th District (Vote for 1)",overvotes,,0
Multnomah,4505,"State Representative, 45th District (Vote for 1)",ballots_cast,,2257
Multnomah,4506,"State Representative, 45th District (Vote for 1)",candidate,Thuy Tran,5312
Multnomah,4506,"State Representative, 45th District (Vote for 1)",writein,,102
Multnomah,4506,"State Representative, 45th District (Vote for 1)",undervotes,,1840
Multnomah,4506,"State Representative, 45th District (Vote for 1)",overvotes,,0
Multnomah,4506,"State Representative, 45th District (Vote for 1)",ballots_cast,,7254
Multnomah,4507,"State Representative, 45th District (Vote for 1)",candidate,Thuy Tran,197
Multnomah,4507,"State Representative, 45th District (Vote for 1)",writein,,4
Multnomah,4507,"State Representative, 45th District (Vote for 1)",undervotes,,90
Multnomah,4507,"State Representative, 45th District (Vote for 1)",overvotes,,0
Multnomah,4507,"State Representative, 45th District (Vote for 1)",ballots_cast,,291
Multnomah,4508,"State Representative, 45th District (Vote for 1)",candidate,Thuy Tran,3691
Multnomah,4508,"State Representative, 45th District (Vote for 1)",writein,,186
Multnomah,4508,"State Representative, 45th District (Vote for 1)",undervotes,,1616
Multnomah,4508,"State Representative, 45th District (Vote for 1)",overvotes,,0
Multnomah,4508,"State Representative, 45th District (Vote for 1)",ballots_cast,,5493
Multnomah,4509,"State Representative, 45th District (Vote for 1)",candidate,Thuy Tran,534
Multnomah,4509,"State Representative, 45th District (Vote for 1)",writein,,18
Multnomah,4509,"State Representative, 45th District (Vote for 1)",undervotes,,292
Multnomah,4509,"State Representative, 45th District (Vote for 1)",overvotes,,0
Multnomah,4509,"State Representative, 45th District (Vote for 1)",ballots_cast,,844
Multnomah,4601,"State Representative, 46th District (Vote for 1)",candidate,John Mark Alexander,507
Multnomah,4601,"State Representative, 46th District (Vote for 1)",candidate,Kevin Levy,189
Multnomah,4601,"State Representative, 46th District (Vote for 1)",candidate,Willy Chotzen,5073
Multnomah,4601,"State Representative, 46th District (Vote for 1)",candidate,Austin Daniel,157
Multnomah,4601,"State Representative, 46th District (Vote for 1)",writein,,7
Multnomah,4601,"State Representative, 46th District (Vote for 1)",undervotes,,401
Multnomah,4601,"State Representative, 46th District (Vote for 1)",overvotes,,0
Multnomah,4601,"State Representative, 46th District (Vote for 1)",ballots_cast,,6334
Multnomah,4602,"State Representative, 46th District (Vote for 1)",candidate,John Mark Alexander,482
Multnomah,4602,"State Representative, 46th District (Vote for 1)",candidate,Kevin Levy,201
Multnomah,4602,"State Representative, 46th District (Vote for 1)",candidate,Willy Chotzen,4559
Multnomah,4602,"State Representative, 46th District (Vote for 1)",candidate,Austin Daniel,149
Multnomah,4602,"State Representative, 46th District (Vote for 1)",writein,,6
Multnomah,4602,"State Representative, 46th District (Vote for 1)",undervotes,,344
Multnomah,4602,"State Representative, 46th District (Vote for 1)",overvotes,,2
Multnomah,4602,"State Representative, 46th District (Vote for 1)",ballots_cast,,5743
Multnomah,4603,"State Representative, 46th District (Vote for 1)",candidate,John Mark Alexander,397
Multnomah,4603,"State Representative, 46th District (Vote for 1)",candidate,Kevin Levy,145
Multnomah,4603,"State Representative, 46th District (Vote for 1)",candidate,Willy Chotzen,3122
Multnomah,4603,"State Representative, 46th District (Vote for 1)",candidate,Austin Daniel,112
Multnomah,4603,"State Representative, 46th District (Vote for 1)",writein,,4
Multnomah,4603,"State Representative, 46th District (Vote for 1)",undervotes,,283
Multnomah,4603,"State Representative, 46th District (Vote for 1)",overvotes,,0
Multnomah,4603,"State Representative, 46th District (Vote for 1)",ballots_cast,,4063
Multnomah,4604,"State Representative, 46th District (Vote for 1)",candidate,John Mark Alexander,787
Multnomah,4604,"State Representative, 46th District (Vote for 1)",candidate,Kevin Levy,214
Multnomah,4604,"State Representative, 46th District (Vote for 1)",candidate,Willy Chotzen,4468
Multnomah,4604,"State Representative, 46th District (Vote for 1)",candidate,Austin Daniel,189
Multnomah,4604,"State Representative, 46th District (Vote for 1)",writein,,6
Multnomah,4604,"State Representative, 46th District (Vote for 1)",undervotes,,362
Multnomah,4604,"State Representative, 46th District (Vote for 1)",overvotes,,0
Multnomah,4604,"State Representative, 46th District (Vote for 1)",ballots_cast,,6026
Multnomah,4605,"State Representative, 46th District (Vote for 1)",candidate,John Mark Alexander,804
Multnomah,4605,"State Representative, 46th District (Vote for 1)",candidate,Kevin Levy,223
Multnomah,4605,"State Representative, 46th District (Vote for 1)",candidate,Willy Chotzen,3087
Multnomah,4605,"State Representative, 46th District (Vote for 1)",candidate,Austin Daniel,151
Multnomah,4605,"State Representative, 46th District (Vote for 1)",writein,,18
Multnomah,4605,"State Representative, 46th District (Vote for 1)",undervotes,,328
Multnomah,4605,"State Representative, 46th District (Vote for 1)",overvotes,,0
Multnomah,4605,"State Representative, 46th District (Vote for 1)",ballots_cast,,4611
Multnomah,4606,"State Representative, 46th District (Vote for 1)",candidate,John Mark Alexander,835
Multnomah,4606,"State Representative, 46th District (Vote for 1)",candidate,Kevin Levy,160
Multnomah,4606,"State Representative, 46th District (Vote for 1)",candidate,Willy Chotzen,3035
Multnomah,4606,"State Representative, 46th District (Vote for 1)",candidate,Austin Daniel,130
Multnomah,4606,"State Representative, 46th District (Vote for 1)",writein,,13
Multnomah,4606,"State Representative, 46th District (Vote for 1)",undervotes,,388
Multnomah,4606,"State Representative, 46th District (Vote for 1)",overvotes,,2
Multnomah,4606,"State Representative, 46th District (Vote for 1)",ballots_cast,,4563
Multnomah,4607,"State Representative, 46th District (Vote for 1)",candidate,John Mark Alexander,585
Multnomah,4607,"State Representative, 46th District (Vote for 1)",candidate,Kevin Levy,119
Multnomah,4607,"State Representative, 46th District (Vote for 1)",candidate,Willy Chotzen,2179
Multnomah,4607,"State Representative, 46th District (Vote for 1)",candidate,Austin Daniel,151
Multnomah,4607,"State Representative, 46th District (Vote for 1)",writein,,4
Multnomah,4607,"State Representative, 46th District (Vote for 1)",undervotes,,290
Multnomah,4607,"State Representative, 46th District (Vote for 1)",overvotes,,1
Multnomah,4607,"State Representative, 46th District (Vote for 1)",ballots_cast,,3329
Multnomah,4608,"State Representative, 46th District (Vote for 1)",candidate,John Mark Alexander,17
Multnomah,4608,"State Representative, 46th District (Vote for 1)",candidate,Kevin Levy,1
Multnomah,4608,"State Representative, 46th District (Vote for 1)",candidate,Willy Chotzen,19
Multnomah,4608,"State Representative, 46th District (Vote for 1)",candidate,Austin Daniel,1
Multnomah,4608,"State Representative, 46th District (Vote for 1)",writein,,0
Multnomah,4608,"State Representative, 46th District (Vote for 1)",undervotes,,4
Multnomah,4608,"State Representative, 46th District (Vote for 1)",overvotes,,0
Multnomah,4608,"State Representative, 46th District (Vote for 1)",ballots_cast,,42
Multnomah,4701,"State Representative, 47th District (Vote for 1)",candidate,Andrea Valderrama,36
Multnomah,4701,"State Representative, 47th District (Vote for 1)",writein,,1
Multnomah,4701,"State Representative, 47th District (Vote for 1)",undervotes,,23
Multnomah,4701,"State Representative, 47th District (Vote for 1)",overvotes,,0
Multnomah,4701,"State Representative, 47th District (Vote for 1)",ballots_cast,,60
Multnomah,4702,"State Representative, 47th District (Vote for 1)",candidate,Andrea Valderrama,1145
Multnomah,4702,"State Representative, 47th District (Vote for 1)",writein,,31
Multnomah,4702,"State Representative, 47th District (Vote for 1)",undervotes,,710
Multnomah,4702,"State Representative, 47th District (Vote for 1)",overvotes,,0
Multnomah,4702,"State Representative, 47th District (Vote for 1)",ballots_cast,,1886
Multnomah,4703,"State Representative, 47th District (Vote for 1)",candidate,Andrea Valderrama,2775
Multnomah,4703,"State Representative, 47th District (Vote for 1)",writein,,103
Multnomah,4703,"State Representative, 47th District (Vote for 1)",undervotes,,1431
Multnomah,4703,"State Representative, 47th District (Vote for 1)",overvotes,,0
Multnomah,4703,"State Representative, 47th District (Vote for 1)",ballots_cast,,4309
Multnomah,4704,"State Representative, 47th District (Vote for 1)",candidate,Andrea Valderrama,1955
Multnomah,4704,"State Representative, 47th District (Vote for 1)",writein,,89
Multnomah,4704,"State Representative, 47th District (Vote for 1)",undervotes,,1119
Multnomah,4704,"State Representative, 47th District (Vote for 1)",overvotes,,0
Multnomah,4704,"State Representative, 47th District (Vote for 1)",ballots_cast,,3163
Multnomah,4705,"State Representative, 47th District (Vote for 1)",candidate,Andrea Valderrama,1819
Multnomah,4705,"State Representative, 47th District (Vote for 1)",writein,,160
Multnomah,4705,"State Representative, 47th District (Vote for 1)",undervotes,,1068
Multnomah,4705,"State Representative, 47th District (Vote for 1)",overvotes,,1
Multnomah,4705,"State Representative, 47th District (Vote for 1)",ballots_cast,,3048
Multnomah,4706,"State Representative, 47th District (Vote for 1)",candidate,Andrea Valderrama,1647
Multnomah,4706,"State Representative, 47th District (Vote for 1)",writein,,62
Multnomah,4706,"State Representative, 47th District (Vote for 1)",undervotes,,996
Multnomah,4706,"State Representative, 47th District (Vote for 1)",overvotes,,0
Multnomah,4706,"State Representative, 47th District (Vote for 1)",ballots_cast,,2705
Multnomah,4707,"State Representative, 47th District (Vote for 1)",candidate,Andrea Valderrama,3038
Multnomah,4707,"State Representative, 47th District (Vote for 1)",writein,,154
Multnomah,4707,"State Representative, 47th District (Vote for 1)",undervotes,,1578
Multnomah,4707,"State Representative, 47th District (Vote for 1)",overvotes,,0
Multnomah,4707,"State Representative, 47th District (Vote for 1)",ballots_cast,,4770
Multnomah,4708,"State Representative, 47th District (Vote for 1)",candidate,Andrea Valderrama,3030
Multnomah,4708,"State Representative, 47th District (Vote for 1)",writein,,141
Multnomah,4708,"State Representative, 47th District (Vote for 1)",undervotes,,1586
Multnomah,4708,"State Representative, 47th District (Vote for 1)",overvotes,,0
Multnomah,4708,"State Representative, 47th District (Vote for 1)",ballots_cast,,4757
Multnomah,4709,"State Representative, 47th District (Vote for 1)",candidate,Andrea Valderrama,589
Multnomah,4709,"State Representative, 47th District (Vote for 1)",writein,,17
Multnomah,4709,"State Representative, 47th District (Vote for 1)",undervotes,,305
Multnomah,4709,"State Representative, 47th District (Vote for 1)",overvotes,,0
Multnomah,4709,"State Representative, 47th District (Vote for 1)",ballots_cast,,911
Multnomah,4710,"State Representative, 47th District (Vote for 1)",candidate,Andrea Valderrama,720
Multnomah,4710,"State Representative, 47th District (Vote for 1)",writein,,26
Multnomah,4710,"State Representative, 47th District (Vote for 1)",undervotes,,388
Multnomah,4710,"State Representative, 47th District (Vote for 1)",overvotes,,0
Multnomah,4710,"State Representative, 47th District (Vote for 1)",ballots_cast,,1134
Multnomah,4801,"State Representative, 48th District (Vote for 1)",candidate,Hoa H Nguyen,368
Multnomah,4801,"State Representative, 48th District (Vote for 1)",candidate,John Masterman,162
Multnomah,4801,"State Representative, 48th District (Vote for 1)",writein,,3
Multnomah,4801,"State Representative, 48th District (Vote for 1)",undervotes,,48
Multnomah,4801,"State Representative, 48th District (Vote for 1)",overvotes,,0
Multnomah,4801,"State Representative, 48th District (Vote for 1)",ballots_cast,,581
Multnomah,4802,"State Representative, 48th District (Vote for 1)",candidate,Hoa H Nguyen,2717
Multnomah,4802,"State Representative, 48th District (Vote for 1)",candidate,John Masterman,1319
Multnomah,4802,"State Representative, 48th District (Vote for 1)",writein,,9
Multnomah,4802,"State Representative, 48th District (Vote for 1)",undervotes,,297
Multnomah,4802,"State Representative, 48th District (Vote for 1)",overvotes,,3
Multnomah,4802,"State Representative, 48th District (Vote for 1)",ballots_cast,,4345
Multnomah,4803,"State Representative, 48th District (Vote for 1)",candidate,Hoa H Nguyen,1434
Multnomah,4803,"State Representative, 48th District (Vote for 1)",candidate,John Masterman,937
Multnomah,4803,"State Representative, 48th District (Vote for 1)",writein,,6
Multnomah,4803,"State Representative, 48th District (Vote for 1)",undervotes,,197
Multnomah,4803,"State Representative, 48th District (Vote for 1)",overvotes,,1
Multnomah,4803,"State Representative, 48th District (Vote for 1)",ballots_cast,,2575
Multnomah,4804,"State Representative, 48th District (Vote for 1)",candidate,Hoa H Nguyen,2573
Multnomah,4804,"State Representative, 48th District (Vote for 1)",candidate,John Masterman,1666
Multnomah,4804,"State Representative, 48th District (Vote for 1)",writein,,17
Multnomah,4804,"State Representative, 48th District (Vote for 1)",undervotes,,304
Multnomah,4804,"State Representative, 48th District (Vote for 1)",overvotes,,0
Multnomah,4804,"State Representative, 48th District (Vote for 1)",ballots_cast,,4560
Multnomah,4805,"State Representative, 48th District (Vote for 1)",candidate,Hoa H Nguyen,100
Multnomah,4805,"State Representative, 48th District (Vote for 1)",candidate,John Masterman,98
Multnomah,4805,"State Representative, 48th District (Vote for 1)",writein,,1
Multnomah,4805,"State Representative, 48th District (Vote for 1)",undervotes,,22
Multnomah,4805,"State Representative, 48th District (Vote for 1)",overvotes,,0
Multnomah,4805,"State Representative, 48th District (Vote for 1)",ballots_cast,,221
Multnomah,4806,"State Representative, 48th District (Vote for 1)",candidate,Hoa H Nguyen,2760
Multnomah,4806,"State Representative, 48th District (Vote for 1)",candidate,John Masterman,1864
Multnomah,4806,"State Representative, 48th District (Vote for 1)",writein,,14
Multnomah,4806,"State Representative, 48th District (Vote for 1)",undervotes,,351
Multnomah,4806,"State Representative, 48th District (Vote for 1)",overvotes,,2
Multnomah,4806,"State Representative, 48th District (Vote for 1)",ballots_cast,,4991
Multnomah,4807,"State Representative, 48th District (Vote for 1)",candidate,Hoa H Nguyen,106
Multnomah,4807,"State Representative, 48th District (Vote for 1)",candidate,John Masterman,164
Multnomah,4807,"State Representative, 48th District (Vote for 1)",writein,,0
Multnomah,4807,"State Representative, 48th District (Vote for 1)",undervotes,,24
Multnomah,4807,"State Representative, 48th District (Vote for 1)",overvotes,,0
Multnomah,4807,"State Representative, 48th District (Vote for 1)",ballots_cast,,294
Multnomah,4808,"State Representative, 48th District (Vote for 1)",candidate,Hoa H Nguyen,832
Multnomah,4808,"State Representative, 48th District (Vote for 1)",candidate,John Masterman,769
Multnomah,4808,"State Representative, 48th District (Vote for 1)",writein,,7
Multnomah,4808,"State Representative, 48th District (Vote for 1)",undervotes,,140
Multnomah,4808,"State Representative, 48th District (Vote for 1)",overvotes,,0
Multnomah,4808,"State Representative, 48th District (Vote for 1)",ballots_cast,,1748
Multnomah,4809,"State Representative, 48th District (Vote for 1)",candidate,Hoa H Nguyen,8
Multnomah,4809,"State Representative, 48th District (Vote for 1)",candidate,John Masterman,3
Multnomah,4809,"State Representative, 48th District (Vote for 1)",writein,,0
Multnomah,4809,"State Representative, 48th District (Vote for 1)",undervotes,,0
Multnomah,4809,"State Representative, 48th District (Vote for 1)",overvotes,,0
Multnomah,4809,"State Representative, 48th District (Vote for 1)",ballots_cast,,11
Multnomah,4901,"State Representative, 49th District (Vote for 1)",candidate,Terry A Tipsord,33
Multnomah,4901,"State Representative, 49th District (Vote for 1)",candidate,Zach Hudson,44
Multnomah,4901,"State Representative, 49th District (Vote for 1)",writein,,0
Multnomah,4901,"State Representative, 49th District (Vote for 1)",undervotes,,3
Multnomah,4901,"State Representative, 49th District (Vote for 1)",overvotes,,0
Multnomah,4901,"State Representative, 49th District (Vote for 1)",ballots_cast,,80
Multnomah,4902,"State Representative, 49th District (Vote for 1)",candidate,Terry A Tipsord,113
Multnomah,4902,"State Representative, 49th District (Vote for 1)",candidate,Zach Hudson,136
Multnomah,4902,"State Representative, 49th District (Vote for 1)",writein,,0
Multnomah,4902,"State Representative, 49th District (Vote for 1)",undervotes,,20
Multnomah,4902,"State Representative, 49th District (Vote for 1)",overvotes,,0
Multnomah,4902,"State Representative, 49th District (Vote for 1)",ballots_cast,,269
Multnomah,4903,"State Representative, 49th District (Vote for 1)",candidate,Terry A Tipsord,1679
Multnomah,4903,"State Representative, 49th District (Vote for 1)",candidate,Zach Hudson,2218
Multnomah,4903,"State Representative, 49th District (Vote for 1)",writein,,8
Multnomah,4903,"State Representative, 49th District (Vote for 1)",undervotes,,355
Multnomah,4903,"State Representative, 49th District (Vote for 1)",overvotes,,0
Multnomah,4903,"State Representative, 49th District (Vote for 1)",ballots_cast,,4260
Multnomah,4904,"State Representative, 49th District (Vote for 1)",candidate,Terry A Tipsord,529
Multnomah,4904,"State Representative, 49th District (Vote for 1)",candidate,Zach Hudson,673
Multnomah,4904,"State Representative, 49th District (Vote for 1)",writein,,3
Multnomah,4904,"State Representative, 49th District (Vote for 1)",undervotes,,95
Multnomah,4904,"State Representative, 49th District (Vote for 1)",overvotes,,0
Multnomah,4904,"State Representative, 49th District (Vote for 1)",ballots_cast,,1300
Multnomah,4905,"State Representative, 49th District (Vote for 1)",candidate,Terry A Tipsord,2817
Multnomah,4905,"State Representative, 49th District (Vote for 1)",candidate,Zach Hudson,2759
Multnomah,4905,"State Representative, 49th District (Vote for 1)",writein,,15
Multnomah,4905,"State Representative, 49th District (Vote for 1)",undervotes,,391
Multnomah,4905,"State Representative, 49th District (Vote for 1)",overvotes,,1
Multnomah,4905,"State Representative, 49th District (Vote for 1)",ballots_cast,,5983
Multnomah,4906,"State Representative, 49th District (Vote for 1)",candidate,Terry A Tipsord,954
Multnomah,4906,"State Representative, 49th District (Vote for 1)",candidate,Zach Hudson,1031
Multnomah,4906,"State Representative, 49th District (Vote for 1)",writein,,11
Multnomah,4906,"State Representative, 49th District (Vote for 1)",undervotes,,172
Multnomah,4906,"State Representative, 49th District (Vote for 1)",overvotes,,1
Multnomah,4906,"State Representative, 49th District (Vote for 1)",ballots_cast,,2169
Multnomah,4907,"State Representative, 49th District (Vote for 1)",candidate,Terry A Tipsord,1386
Multnomah,4907,"State Representative, 49th District (Vote for 1)",candidate,Zach Hudson,1862
Multnomah,4907,"State Representative, 49th District (Vote for 1)",writein,,11
Multnomah,4907,"State Representative, 49th District (Vote for 1)",undervotes,,289
Multnomah,4907,"State Representative, 49th District (Vote for 1)",overvotes,,0
Multnomah,4907,"State Representative, 49th District (Vote for 1)",ballots_cast,,3548
Multnomah,4908,"State Representative, 49th District (Vote for 1)",candidate,Terry A Tipsord,2086
Multnomah,4908,"State Representative, 49th District (Vote for 1)",candidate,Zach Hudson,2745
Multnomah,4908,"State Representative, 49th District (Vote for 1)",writein,,12
Multnomah,4908,"State Representative, 49th District (Vote for 1)",undervotes,,426
Multnomah,4908,"State Representative, 49th District (Vote for 1)",overvotes,,2
Multnomah,4908,"State Representative, 49th District (Vote for 1)",ballots_cast,,5271
Multnomah,4909,"State Representative, 49th District (Vote for 1)",candidate,Terry A Tipsord,1166
Multnomah,4909,"State Representative, 49th District (Vote for 1)",candidate,Zach Hudson,2177
Multnomah,4909,"State Representative, 49th District (Vote for 1)",writein,,11
Multnomah,4909,"State Representative, 49th District (Vote for 1)",undervotes,,288
Multnomah,4909,"State Representative, 49th District (Vote for 1)",overvotes,,0
Multnomah,4909,"State Representative, 49th District (Vote for 1)",ballots_cast,,3642
Multnomah,4910,"State Representative, 49th District (Vote for 1)",candidate,Terry A Tipsord,75
Multnomah,4910,"State Representative, 49th District (Vote for 1)",candidate,Zach Hudson,139
Multnomah,4910,"State Representative, 49th District (Vote for 1)",writein,,0
Multnomah,4910,"State Representative, 49th District (Vote for 1)",undervotes,,26
Multnomah,4910,"State Representative, 49th District (Vote for 1)",overvotes,,0
Multnomah,4910,"State Representative, 49th District (Vote for 1)",ballots_cast,,240
Multnomah,5001,"State Representative, 50th District (Vote for 1)",candidate,Ricki Ruiz,44
Multnomah,5001,"State Representative, 50th District (Vote for 1)",candidate,Paul Drechsler,46
Multnomah,5001,"State Representative, 50th District (Vote for 1)",writein,,0
Multnomah,5001,"State Representative, 50th District (Vote for 1)",undervotes,,4
Multnomah,5001,"State Representative, 50th District (Vote for 1)",overvotes,,0
Multnomah,5001,"State Representative, 50th District (Vote for 1)",ballots_cast,,94
Multnomah,5002,"State Representative, 50th District (Vote for 1)",candidate,Ricki Ruiz,2507
Multnomah,5002,"State Representative, 50th District (Vote for 1)",candidate,Paul Drechsler,1668
Multnomah,5002,"State Representative, 50th District (Vote for 1)",writein,,13
Multnomah,5002,"State Representative, 50th District (Vote for 1)",undervotes,,314
Multnomah,5002,"State Representative, 50th District (Vote for 1)",overvotes,,0
Multnomah,5002,"State Representative, 50th District (Vote for 1)",ballots_cast,,4502
Multnomah,5003,"State Representative, 50th District (Vote for 1)",candidate,Ricki Ruiz,199
Multnomah,5003,"State Representative, 50th District (Vote for 1)",candidate,Paul Drechsler,130
Multnomah,5003,"State Representative, 50th District (Vote for 1)",writein,,5
Multnomah,5003,"State Representative, 50th District (Vote for 1)",undervotes,,22
Multnomah,5003,"State Representative, 50th District (Vote for 1)",overvotes,,0
Multnomah,5003,"State Representative, 50th District (Vote for 1)",ballots_cast,,356
Multnomah,5004,"State Representative, 50th District (Vote for 1)",candidate,Ricki Ruiz,1544
Multnomah,5004,"State Representative, 50th District (Vote for 1)",candidate,Paul Drechsler,1472
Multnomah,5004,"State Representative, 50th District (Vote for 1)",writein,,7
Multnomah,5004,"State Representative, 50th District (Vote for 1)",undervotes,,246
Multnomah,5004,"State Representative, 50th District (Vote for 1)",overvotes,,0
Multnomah,5004,"State Representative, 50th District (Vote for 1)",ballots_cast,,3269
Multnomah,5005,"State Representative, 50th District (Vote for 1)",candidate,Ricki Ruiz,2875
Multnomah,5005,"State Representative, 50th District (Vote for 1)",candidate,Paul Drechsler,2003
Multnomah,5005,"State Representative, 50th District (Vote for 1)",writein,,6
Multnomah,5005,"State Representative, 50th District (Vote for 1)",undervotes,,383
Multnomah,5005,"State Representative, 50th District (Vote for 1)",overvotes,,2
Multnomah,5005,"State Representative, 50th District (Vote for 1)",ballots_cast,,5269
Multnomah,5006,"State Representative, 50th District (Vote for 1)",candidate,Ricki Ruiz,2580
Multnomah,5006,"State Representative, 50th District (Vote for 1)",candidate,Paul Drechsler,2238
Multnomah,5006,"State Representative, 50th District (Vote for 1)",writein,,10
Multnomah,5006,"State Representative, 50th District (Vote for 1)",undervotes,,292
Multnomah,5006,"State Representative, 50th District (Vote for 1)",overvotes,,0
Multnomah,5006,"State Representative, 50th District (Vote for 1)",ballots_cast,,5120
Multnomah,5007,"State Representative, 50th District (Vote for 1)",candidate,Ricki Ruiz,2814
Multnomah,5007,"State Representative, 50th District (Vote for 1)",candidate,Paul Drechsler,2286
Multnomah,5007,"State Representative, 50th District (Vote for 1)",writein,,15
Multnomah,5007,"State Representative, 50th District (Vote for 1)",undervotes,,402
Multnomah,5007,"State Representative, 50th District (Vote for 1)",overvotes,,0
Multnomah,5007,"State Representative, 50th District (Vote for 1)",ballots_cast,,5517
Multnomah,5008,"State Representative, 50th District (Vote for 1)",candidate,Ricki Ruiz,2382
Multnomah,5008,"State Representative, 50th District (Vote for 1)",candidate,Paul Drechsler,2485
Multnomah,5008,"State Representative, 50th District (Vote for 1)",writein,,11
Multnomah,5008,"State Representative, 50th District (Vote for 1)",undervotes,,383
Multnomah,5008,"State Representative, 50th District (Vote for 1)",overvotes,,0
Multnomah,5008,"State Representative, 50th District (Vote for 1)",ballots_cast,,5261
Multnomah,5009,"State Representative, 50th District (Vote for 1)",candidate,Ricki Ruiz,69
Multnomah,5009,"State Representative, 50th District (Vote for 1)",candidate,Paul Drechsler,120
Multnomah,5009,"State Representative, 50th District (Vote for 1)",writein,,0
Multnomah,5009,"State Representative, 50th District (Vote for 1)",undervotes,,11
Multnomah,5009,"State Representative, 50th District (Vote for 1)",overvotes,,0
Multnomah,5009,"State Representative, 50th District (Vote for 1)",ballots_cast,,200
Multnomah,5201,"State Representative, 52nd District (Vote for 1)",candidate,Nick Walden Poublon,820
Multnomah,5201,"State Representative, 52nd District (Vote for 1)",candidate,Jeff Helfrich,1221
Multnomah,5201,"State Representative, 52nd District (Vote for 1)",writein,,1
Multnomah,5201,"State Representative, 52nd District (Vote for 1)",undervotes,,169
Multnomah,5201,"State Representative, 52nd District (Vote for 1)",overvotes,,0
Multnomah,5201,"State Representative, 52nd District (Vote for 1)",ballots_cast,,2211
Multnomah,5202,"State Representative, 52nd District (Vote for 1)",candidate,Nick Walden Poublon,1636
Multnomah,5202,"State Representative, 52nd District (Vote for 1)",candidate,Jeff Helfrich,2373
Multnomah,5202,"State Representative, 52nd District (Vote for 1)",writein,,9
Multnomah,5202,"State Representative, 52nd District (Vote for 1)",undervotes,,304
Multnomah,5202,"State Representative, 52nd District (Vote for 1)",overvotes,,0
Multnomah,5202,"State Representative, 52nd District (Vote for 1)",ballots_cast,,4322
