county,precinct_label,contest,type,choice,votes
Umatilla,"101-UMATILLA, OUTSIDE CITY",United States President and Vice President,candidate,Robert F Kennedy Jr/Nicole Shanahan (WTP),7
Umatilla,"101-UMATILLA, OUTSIDE CITY",United States President and Vice President,candidate,Cornel West (PRO),0
Umatilla,"101-UMATILLA, OUTSIDE CITY",United States President and Vice President,candidate,Chase Oliver/Mike ter Maat (LBT),0
Umatilla,"101-UMATILLA, OUTSIDE CITY",United States President and Vice President,candidate,Randall Terry (CON),2
Umatilla,"101-UMATILLA, OUTSIDE CITY",United States President and Vice President,candidate,Donald J Trump/JD Vance (REP),415
Umatilla,"101-UMATILLA, OUTSIDE CITY",United States President and Vice President,candidate,Jill Stein/Rudolph Ware (PGP),3
Umatilla,"101-UMATILLA, OUTSIDE CITY",United States President and Vice President,candidate,Kamala D Harris/Tim Walz (DEM),82
Umatilla,"101-UMATILLA, OUTSIDE CITY",United States President and Vice President,writein,,2
Umatilla,"101-UMATILLA, OUTSIDE CITY",United States President and Vice President,total_votes,,511
Umatilla,"101-UMATILLA, OUTSIDE CITY",United States President and Vice President,overvotes,,1
Umatilla,"101-UMATILLA, OUTSIDE CITY",United States President and Vice President,undervotes,,2
Umatilla,"102-UMATILLA, CITY OF",United States President and Vice President,candidate,Robert F Kennedy Jr/Nicole Shanahan (WTP),24
Umatilla,"102-UMATILLA, CITY OF",United States President and Vice President,candidate,Cornel West (PRO),2
Umatilla,"102-UMATILLA, CITY OF",United States President and Vice President,candidate,Chase Oliver/Mike ter Maat (LBT),12
Umatilla,"102-UMATILLA, CITY OF",United States President and Vice President,candidate,Randall Terry (CON),5
Umatilla,"102-UMATILLA, CITY OF",United States President and Vice President,candidate,Donald J Trump/JD Vance (REP),995
Umatilla,"102-UMATILLA, CITY OF",United States President and Vice President,candidate,Jill Stein/Rudolph Ware (PGP),8
Umatilla,"102-UMATILLA, CITY OF",United States President and Vice President,candidate,Kamala D Harris/Tim Walz (DEM),497
Umatilla,"102-UMATILLA, CITY OF",United States President and Vice President,writein,,10
Umatilla,"102-UMATILLA, CITY OF",United States President and Vice President,total_votes,,1553
Umatilla,"102-UMATILLA, CITY OF",United States President and Vice President,overvotes,,1
Umatilla,"102-UMATILLA, CITY OF",United States President and Vice President,undervotes,,7
Umatilla,"103-HERMISTON, OUTSIDE",United States President and Vice President,candidate,Robert F Kennedy Jr/Nicole Shanahan (WTP),13
Umatilla,"103-HERMISTON, OUTSIDE",United States President and Vice President,candidate,Cornel West (PRO),0
Umatilla,"103-HERMISTON, OUTSIDE",United States President and Vice President,candidate,Chase Oliver/Mike ter Maat (LBT),7
Umatilla,"103-HERMISTON, OUTSIDE",United States President and Vice President,candidate,Randall Terry (CON),1
Umatilla,"103-HERMISTON, OUTSIDE",United States President and Vice President,candidate,Donald J Trump/JD Vance (REP),964
Umatilla,"103-HERMISTON, OUTSIDE",United States President and Vice President,candidate,Jill Stein/Rudolph Ware (PGP),2
Umatilla,"103-HERMISTON, OUTSIDE",United States President and Vice President,candidate,Kamala D Harris/Tim Walz (DEM),267
Umatilla,"103-HERMISTON, OUTSIDE",United States President and Vice President,writein,,5
Umatilla,"103-HERMISTON, OUTSIDE",United States President and Vice President,total_votes,,1259
Umatilla,"103-HERMISTON, OUTSIDE",United States President and Vice President,overvotes,,2
Umatilla,"103-HERMISTON, OUTSIDE",United States President and Vice President,undervotes,,20
Umatilla,"104-HERMISTON, OUTSIDE",United States President and Vice President,candidate,Robert F Kennedy Jr/Nicole Shanahan (WTP),20
Umatilla,"104-HERMISTON, OUTSIDE",United States President and Vice President,candidate,Cornel West (PRO),0
Umatilla,"104-HERMISTON, OUTSIDE",United States President and Vice President,candidate,Chase Oliver/Mike ter Maat (LBT),5
Umatilla,"104-HERMISTON, OUTSIDE",United States President and Vice President,candidate,Randall Terry (CON),0
Umatilla,"104-HERMISTON, OUTSIDE",United States President and Vice President,candidate,Donald J Trump/JD Vance (REP),1167
Umatilla,"104-HERMISTON, OUTSIDE",United States President and Vice President,candidate,Jill Stein/Rudolph Ware (PGP),1
Umatilla,"104-HERMISTON, OUTSIDE",United States President and Vice President,candidate,Kamala D Harris/Tim Walz (DEM),271
Umatilla,"104-HERMISTON, OUTSIDE",United States President and Vice President,writein,,13
Umatilla,"104-HERMISTON, OUTSIDE",United States President and Vice President,total_votes,,1477
Umatilla,"104-HERMISTON, OUTSIDE",United States President and Vice President,overvotes,,1
Umatilla,"104-HERMISTON, OUTSIDE",United States President and Vice President,undervotes,,11
Umatilla,"105-HERMISTON, OUTSIDE",United States President and Vice President,candidate,Robert F Kennedy Jr/Nicole Shanahan (WTP),18
Umatilla,"105-HERMISTON, OUTSIDE",United States President and Vice President,candidate,Cornel West (PRO),3
Umatilla,"105-HERMISTON, OUTSIDE",United States President and Vice President,candidate,Chase Oliver/Mike ter Maat (LBT),4
Umatilla,"105-HERMISTON, OUTSIDE",United States President and Vice President,candidate,Randall Terry (CON),1
Umatilla,"105-HERMISTON, OUTSIDE",United States President and Vice President,candidate,Donald J Trump/JD Vance (REP),894
Umatilla,"105-HERMISTON, OUTSIDE",United States President and Vice President,candidate,Jill Stein/Rudolph Ware (PGP),2
Umatilla,"105-HERMISTON, OUTSIDE",United States President and Vice President,candidate,Kamala D Harris/Tim Walz (DEM),297
Umatilla,"105-HERMISTON, OUTSIDE",United States President and Vice President,writein,,11
Umatilla,"105-HERMISTON, OUTSIDE",United States President and Vice President,total_votes,,1230
Umatilla,"105-HERMISTON, OUTSIDE",United States President and Vice President,overvotes,,2
Umatilla,"105-HERMISTON, OUTSIDE",United States President and Vice President,undervotes,,11
Umatilla,"106C-STANFIELD, CITY OF",United States President and Vice President,candidate,Robert F Kennedy Jr/Nicole Shanahan (WTP),18
Umatilla,"106C-STANFIELD, CITY OF",United States President and Vice President,candidate,Cornel West (PRO),2
Umatilla,"106C-STANFIELD, CITY OF",United States President and Vice President,candidate,Chase Oliver/Mike ter Maat (LBT),5
Umatilla,"106C-STANFIELD, CITY OF",United States President and Vice President,candidate,Randall Terry (CON),1
Umatilla,"106C-STANFIELD, CITY OF",United States President and Vice President,candidate,Donald J Trump/JD Vance (REP),585
Umatilla,"106C-STANFIELD, CITY OF",United States President and Vice President,candidate,Jill Stein/Rudolph Ware (PGP),2
Umatilla,"106C-STANFIELD, CITY OF",United States President and Vice President,candidate,Kamala D Harris/Tim Walz (DEM),211
Umatilla,"106C-STANFIELD, CITY OF",United States President and Vice President,writein,,0
Umatilla,"106C-STANFIELD, CITY OF",United States President and Vice President,total_votes,,824
Umatilla,"106C-STANFIELD, CITY OF",United States President and Vice President,overvotes,,0
Umatilla,"106C-STANFIELD, CITY OF",United States President and Vice President,undervotes,,10
Umatilla,"106R-STANFIELD, OUTSIDE",United States President and Vice President,candidate,Robert F Kennedy Jr/Nicole Shanahan (WTP),3
Umatilla,"106R-STANFIELD, OUTSIDE",United States President and Vice President,candidate,Cornel West (PRO),0
Umatilla,"106R-STANFIELD, OUTSIDE",United States President and Vice President,candidate,Chase Oliver/Mike ter Maat (LBT),0
Umatilla,"106R-STANFIELD, OUTSIDE",United States President and Vice President,candidate,Randall Terry (CON),1
Umatilla,"106R-STANFIELD, OUTSIDE",United States President and Vice President,candidate,Donald J Trump/JD Vance (REP),262
Umatilla,"106R-STANFIELD, OUTSIDE",United States President and Vice President,candidate,Jill Stein/Rudolph Ware (PGP),3
Umatilla,"106R-STANFIELD, OUTSIDE",United States President and Vice President,candidate,Kamala D Harris/Tim Walz (DEM),59
Umatilla,"106R-STANFIELD, OUTSIDE",United States President and Vice President,writein,,4
Umatilla,"106R-STANFIELD, OUTSIDE",United States President and Vice President,total_votes,,332
Umatilla,"106R-STANFIELD, OUTSIDE",United States President and Vice President,overvotes,,0
Umatilla,"106R-STANFIELD, OUTSIDE",United States President and Vice President,undervotes,,1
Umatilla,"107C-ECHO, CITY OF",United States President and Vice President,candidate,Robert F Kennedy Jr/Nicole Shanahan (WTP),1
Umatilla,"107C-ECHO, CITY OF",United States President and Vice President,candidate,Cornel West (PRO),2
Umatilla,"107C-ECHO, CITY OF",United States President and Vice President,candidate,Chase Oliver/Mike ter Maat (LBT),2
Umatilla,"107C-ECHO, CITY OF",United States President and Vice President,candidate,Randall Terry (CON),0
Umatilla,"107C-ECHO, CITY OF",United States President and Vice President,candidate,Donald J Trump/JD Vance (REP),206
Umatilla,"107C-ECHO, CITY OF",United States President and Vice President,candidate,Jill Stein/Rudolph Ware (PGP),1
Umatilla,"107C-ECHO, CITY OF",United States President and Vice President,candidate,Kamala D Harris/Tim Walz (DEM),69
Umatilla,"107C-ECHO, CITY OF",United States President and Vice President,writein,,0
Umatilla,"107C-ECHO, CITY OF",United States President and Vice President,total_votes,,281
Umatilla,"107C-ECHO, CITY OF",United States President and Vice President,overvotes,,0
Umatilla,"107C-ECHO, CITY OF",United States President and Vice President,undervotes,,1
Umatilla,"107R-ECHO, OUTSIDE CITY",United States President and Vice President,candidate,Robert F Kennedy Jr/Nicole Shanahan (WTP),4
Umatilla,"107R-ECHO, OUTSIDE CITY",United States President and Vice President,candidate,Cornel West (PRO),0
Umatilla,"107R-ECHO, OUTSIDE CITY",United States President and Vice President,candidate,Chase Oliver/Mike ter Maat (LBT),2
Umatilla,"107R-ECHO, OUTSIDE CITY",United States President and Vice President,candidate,Randall Terry (CON),0
Umatilla,"107R-ECHO, OUTSIDE CITY",United States President and Vice President,candidate,Donald J Trump/JD Vance (REP),191
Umatilla,"107R-ECHO, OUTSIDE CITY",United States President and Vice President,candidate,Jill Stein/Rudolph Ware (PGP),1
Umatilla,"107R-ECHO, OUTSIDE CITY",United States President and Vice President,candidate,Kamala D Harris/Tim Walz (DEM),29
Umatilla,"107R-ECHO, OUTSIDE CITY",United States President and Vice President,writein,,0
Umatilla,"107R-ECHO, OUTSIDE CITY",United States President and Vice President,total_votes,,227
Umatilla,"107R-ECHO, OUTSIDE CITY",United States President and Vice President,overvotes,,0
Umatilla,"107R-ECHO, OUTSIDE CITY",United States President and Vice President,undervotes,,2
Umatilla,"108C-HELIX, CITY OF",United States President and Vice President,candidate,Robert F Kennedy Jr/Nicole Shanahan (WTP),2
Umatilla,"108C-HELIX, CITY OF",United States President and Vice President,candidate,Cornel West (PRO),0
Umatilla,"108C-HELIX, CITY OF",United States President and Vice President,candidate,Chase Oliver/Mike ter Maat (LBT),1
Umatilla,"108C-HELIX, CITY OF",United States President and Vice President,candidate,Randall Terry (CON),0
Umatilla,"108C-HELIX, CITY OF",United States President and Vice President,candidate,Donald J Trump/JD Vance (REP),85
Umatilla,"108C-HELIX, CITY OF",United States President and Vice President,candidate,Jill Stein/Rudolph Ware (PGP),1
Umatilla,"108C-HELIX, CITY OF",United States President and Vice President,candidate,Kamala D Harris/Tim Walz (DEM),26
Umatilla,"108C-HELIX, CITY OF",United States President and Vice President,writein,,2
Umatilla,"108C-HELIX, CITY OF",United States President and Vice President,total_votes,,117
Umatilla,"108C-HELIX, CITY OF",United States President and Vice President,overvotes,,0
Umatilla,"108C-HELIX, CITY OF",United States President and Vice President,undervotes,,2
Umatilla,"108R-HELIX, OUTSIDE CITY",United States President and Vice President,candidate,Robert F Kennedy Jr/Nicole Shanahan (WTP),2
Umatilla,"108R-HELIX, OUTSIDE CITY",United States President and Vice President,candidate,Cornel West (PRO),0
Umatilla,"108R-HELIX, OUTSIDE CITY",United States President and Vice President,candidate,Chase Oliver/Mike ter Maat (LBT),0
Umatilla,"108R-HELIX, OUTSIDE CITY",United States President and Vice President,candidate,Randall Terry (CON),1
Umatilla,"108R-HELIX, OUTSIDE CITY",United States President and Vice President,candidate,Donald J Trump/JD Vance (REP),118
Umatilla,"108R-HELIX, OUTSIDE CITY",United States President and Vice President,candidate,Jill Stein/Rudolph Ware (PGP),0
Umatilla,"108R-HELIX, OUTSIDE CITY",United States President and Vice President,candidate,Kamala D Harris/Tim Walz (DEM),42
Umatilla,"108R-HELIX, OUTSIDE CITY",United States President and Vice President,writein,,2
Umatilla,"108R-HELIX, OUTSIDE CITY",United States President and Vice President,total_votes,,165
Umatilla,"108R-HELIX, OUTSIDE CITY",United States President and Vice President,overvotes,,0
Umatilla,"108R-HELIX, OUTSIDE CITY",United States President and Vice President,undervotes,,3
Umatilla,"109C-ADAMS, CITY OF",United States President and Vice President,candidate,Robert F Kennedy Jr/Nicole Shanahan (WTP),7
Umatilla,"109C-ADAMS, CITY OF",United States President and Vice President,candidate,Cornel West (PRO),0
Umatilla,"109C-ADAMS, CITY OF",United States President and Vice President,candidate,Chase Oliver/Mike ter Maat (LBT),1
Umatilla,"109C-ADAMS, CITY OF",United States President and Vice President,candidate,Randall Terry (CON),0
Umatilla,"109C-ADAMS, CITY OF",United States President and Vice President,candidate,Donald J Trump/JD Vance (REP),151
Umatilla,"109C-ADAMS, CITY OF",United States President and Vice President,candidate,Jill Stein/Rudolph Ware (PGP),0
Umatilla,"109C-ADAMS, CITY OF",United States President and Vice President,candidate,Kamala D Harris/Tim Walz (DEM),36
Umatilla,"109C-ADAMS, CITY OF",United States President and Vice President,writein,,1
Umatilla,"109C-ADAMS, CITY OF",United States President and Vice President,total_votes,,196
Umatilla,"109C-ADAMS, CITY OF",United States President and Vice President,overvotes,,0
Umatilla,"109C-ADAMS, CITY OF",United States President and Vice President,undervotes,,2
Umatilla,"109R-ADAMS, OUTSIDE CITY",United States President and Vice President,candidate,Robert F Kennedy Jr/Nicole Shanahan (WTP),2
Umatilla,"109R-ADAMS, OUTSIDE CITY",United States President and Vice President,candidate,Cornel West (PRO),0
Umatilla,"109R-ADAMS, OUTSIDE CITY",United States President and Vice President,candidate,Chase Oliver/Mike ter Maat (LBT),0
Umatilla,"109R-ADAMS, OUTSIDE CITY",United States President and Vice President,candidate,Randall Terry (CON),0
Umatilla,"109R-ADAMS, OUTSIDE CITY",United States President and Vice President,candidate,Donald J Trump/JD Vance (REP),42
Umatilla,"109R-ADAMS, OUTSIDE CITY",United States President and Vice President,candidate,Jill Stein/Rudolph Ware (PGP),0
Umatilla,"109R-ADAMS, OUTSIDE CITY",United States President and Vice President,candidate,Kamala D Harris/Tim Walz (DEM),12
Umatilla,"109R-ADAMS, OUTSIDE CITY",United States President and Vice President,writein,,1
Umatilla,"109R-ADAMS, OUTSIDE CITY",United States President and Vice President,total_votes,,57
Umatilla,"109R-ADAMS, OUTSIDE CITY",United States President and Vice President,overvotes,,0
Umatilla,"109R-ADAMS, OUTSIDE CITY",United States President and Vice President,undervotes,,0
Umatilla,"110-PENDLETON, OUTSIDE",United States President and Vice President,candidate,Robert F Kennedy Jr/Nicole Shanahan (WTP),11
Umatilla,"110-PENDLETON, OUTSIDE",United States President and Vice President,candidate,Cornel West (PRO),1
Umatilla,"110-PENDLETON, OUTSIDE",United States President and Vice President,candidate,Chase Oliver/Mike ter Maat (LBT),2
Umatilla,"110-PENDLETON, OUTSIDE",United States President and Vice President,candidate,Randall Terry (CON),0
Umatilla,"110-PENDLETON, OUTSIDE",United States President and Vice President,candidate,Donald J Trump/JD Vance (REP),721
Umatilla,"110-PENDLETON, OUTSIDE",United States President and Vice President,candidate,Jill Stein/Rudolph Ware (PGP),1
Umatilla,"110-PENDLETON, OUTSIDE",United States President and Vice President,candidate,Kamala D Harris/Tim Walz (DEM),212
Umatilla,"110-PENDLETON, OUTSIDE",United States President and Vice President,writein,,3
Umatilla,"110-PENDLETON, OUTSIDE",United States President and Vice President,total_votes,,951
Umatilla,"110-PENDLETON, OUTSIDE",United States President and Vice President,overvotes,,1
Umatilla,"110-PENDLETON, OUTSIDE",United States President and Vice President,undervotes,,9
Umatilla,"111-PENDLETON, OUTSIDE",United States President and Vice President,candidate,Robert F Kennedy Jr/Nicole Shanahan (WTP),28
Umatilla,"111-PENDLETON, OUTSIDE",United States President and Vice President,candidate,Cornel West (PRO),1
Umatilla,"111-PENDLETON, OUTSIDE",United States President and Vice President,candidate,Chase Oliver/Mike ter Maat (LBT),4
Umatilla,"111-PENDLETON, OUTSIDE",United States President and Vice President,candidate,Randall Terry (CON),2
Umatilla,"111-PENDLETON, OUTSIDE",United States President and Vice President,candidate,Donald J Trump/JD Vance (REP),794
Umatilla,"111-PENDLETON, OUTSIDE",United States President and Vice President,candidate,Jill Stein/Rudolph Ware (PGP),8
Umatilla,"111-PENDLETON, OUTSIDE",United States President and Vice President,candidate,Kamala D Harris/Tim Walz (DEM),662
Umatilla,"111-PENDLETON, OUTSIDE",United States President and Vice President,writein,,3
Umatilla,"111-PENDLETON, OUTSIDE",United States President and Vice President,total_votes,,1502
Umatilla,"111-PENDLETON, OUTSIDE",United States President and Vice President,overvotes,,2
Umatilla,"111-PENDLETON, OUTSIDE",United States President and Vice President,undervotes,,8
Umatilla,"112-MEACHAM, OUTSIDE CITY",United States President and Vice President,candidate,Robert F Kennedy Jr/Nicole Shanahan (WTP),3
Umatilla,"112-MEACHAM, OUTSIDE CITY",United States President and Vice President,candidate,Cornel West (PRO),0
Umatilla,"112-MEACHAM, OUTSIDE CITY",United States President and Vice President,candidate,Chase Oliver/Mike ter Maat (LBT),0
Umatilla,"112-MEACHAM, OUTSIDE CITY",United States President and Vice President,candidate,Randall Terry (CON),0
Umatilla,"112-MEACHAM, OUTSIDE CITY",United States President and Vice President,candidate,Donald J Trump/JD Vance (REP),89
Umatilla,"112-MEACHAM, OUTSIDE CITY",United States President and Vice President,candidate,Jill Stein/Rudolph Ware (PGP),0
Umatilla,"112-MEACHAM, OUTSIDE CITY",United States President and Vice President,candidate,Kamala D Harris/Tim Walz (DEM),15
Umatilla,"112-MEACHAM, OUTSIDE CITY",United States President and Vice President,writein,,1
Umatilla,"112-MEACHAM, OUTSIDE CITY",United States President and Vice President,total_votes,,108
Umatilla,"112-MEACHAM, OUTSIDE CITY",United States President and Vice President,overvotes,,1
Umatilla,"112-MEACHAM, OUTSIDE CITY",United States President and Vice President,undervotes,,1
Umatilla,"113-PILOT ROCK, CITY OF",United States President and Vice President,candidate,Robert F Kennedy Jr/Nicole Shanahan (WTP),12
Umatilla,"113-PILOT ROCK, CITY OF",United States President and Vice President,candidate,Cornel West (PRO),1
Umatilla,"113-PILOT ROCK, CITY OF",United States President and Vice President,candidate,Chase Oliver/Mike ter Maat (LBT),3
Umatilla,"113-PILOT ROCK, CITY OF",United States President and Vice President,candidate,Randall Terry (CON),1
Umatilla,"113-PILOT ROCK, CITY OF",United States President and Vice President,candidate,Donald J Trump/JD Vance (REP),574
Umatilla,"113-PILOT ROCK, CITY OF",United States President and Vice President,candidate,Jill Stein/Rudolph Ware (PGP),1
Umatilla,"113-PILOT ROCK, CITY OF",United States President and Vice President,candidate,Kamala D Harris/Tim Walz (DEM),109
Umatilla,"113-PILOT ROCK, CITY OF",United States President and Vice President,writein,,1
Umatilla,"113-PILOT ROCK, CITY OF",United States President and Vice President,total_votes,,702
Umatilla,"113-PILOT ROCK, CITY OF",United States President and Vice President,overvotes,,1
Umatilla,"113-PILOT ROCK, CITY OF",United States President and Vice President,undervotes,,4
Umatilla,"114-PILOT ROCK, OUTSIDE",United States President and Vice President,candidate,Robert F Kennedy Jr/Nicole Shanahan (WTP),1
Umatilla,"114-PILOT ROCK, OUTSIDE",United States President and Vice President,candidate,Cornel West (PRO),0
Umatilla,"114-PILOT ROCK, OUTSIDE",United States President and Vice President,candidate,Chase Oliver/Mike ter Maat (LBT),1
Umatilla,"114-PILOT ROCK, OUTSIDE",United States President and Vice President,candidate,Randall Terry (CON),0
Umatilla,"114-PILOT ROCK, OUTSIDE",United States President and Vice President,candidate,Donald J Trump/JD Vance (REP),307
Umatilla,"114-PILOT ROCK, OUTSIDE",United States President and Vice President,candidate,Jill Stein/Rudolph Ware (PGP),0
Umatilla,"114-PILOT ROCK, OUTSIDE",United States President and Vice President,candidate,Kamala D Harris/Tim Walz (DEM),57
Umatilla,"114-PILOT ROCK, OUTSIDE",United States President and Vice President,writein,,0
Umatilla,"114-PILOT ROCK, OUTSIDE",United States President and Vice President,total_votes,,366
Umatilla,"114-PILOT ROCK, OUTSIDE",United States President and Vice President,overvotes,,0
Umatilla,"114-PILOT ROCK, OUTSIDE",United States President and Vice President,undervotes,,1
Umatilla,"115-PENDLETON, OUTSIDE",United States President and Vice President,candidate,Robert F Kennedy Jr/Nicole Shanahan (WTP),3
Umatilla,"115-PENDLETON, OUTSIDE",United States President and Vice President,candidate,Cornel West (PRO),0
Umatilla,"115-PENDLETON, OUTSIDE",United States President and Vice President,candidate,Chase Oliver/Mike ter Maat (LBT),0
Umatilla,"115-PENDLETON, OUTSIDE",United States President and Vice President,candidate,Randall Terry (CON),0
Umatilla,"115-PENDLETON, OUTSIDE",United States President and Vice President,candidate,Donald J Trump/JD Vance (REP),193
Umatilla,"115-PENDLETON, OUTSIDE",United States President and Vice President,candidate,Jill Stein/Rudolph Ware (PGP),1
Umatilla,"115-PENDLETON, OUTSIDE",United States President and Vice President,candidate,Kamala D Harris/Tim Walz (DEM),50
Umatilla,"115-PENDLETON, OUTSIDE",United States President and Vice President,writein,,2
Umatilla,"115-PENDLETON, OUTSIDE",United States President and Vice President,total_votes,,249
Umatilla,"115-PENDLETON, OUTSIDE",United States President and Vice President,overvotes,,0
Umatilla,"115-PENDLETON, OUTSIDE",United States President and Vice President,undervotes,,2
Umatilla,"116-ATHENA, OUTSIDE CITY",United States President and Vice President,candidate,Robert F Kennedy Jr/Nicole Shanahan (WTP),5
Umatilla,"116-ATHENA, OUTSIDE CITY",United States President and Vice President,candidate,Cornel West (PRO),0
Umatilla,"116-ATHENA, OUTSIDE CITY",United States President and Vice President,candidate,Chase Oliver/Mike ter Maat (LBT),0
Umatilla,"116-ATHENA, OUTSIDE CITY",United States President and Vice President,candidate,Randall Terry (CON),0
Umatilla,"116-ATHENA, OUTSIDE CITY",United States President and Vice President,candidate,Donald J Trump/JD Vance (REP),77
Umatilla,"116-ATHENA, OUTSIDE CITY",United States President and Vice President,candidate,Jill Stein/Rudolph Ware (PGP),1
Umatilla,"116-ATHENA, OUTSIDE CITY",United States President and Vice President,candidate,Kamala D Harris/Tim Walz (DEM),49
Umatilla,"116-ATHENA, OUTSIDE CITY",United States President and Vice President,writein,,0
Umatilla,"116-ATHENA, OUTSIDE CITY",United States President and Vice President,total_votes,,132
Umatilla,"116-ATHENA, OUTSIDE CITY",United States President and Vice President,overvotes,,0
Umatilla,"116-ATHENA, OUTSIDE CITY",United States President and Vice President,undervotes,,0
Umatilla,"117C-UKIAH, CITY OF",United States President and Vice President,candidate,Robert F Kennedy Jr/Nicole Shanahan (WTP),1
Umatilla,"117C-UKIAH, CITY OF",United States President and Vice President,candidate,Cornel West (PRO),0
Umatilla,"117C-UKIAH, CITY OF",United States President and Vice President,candidate,Chase Oliver/Mike ter Maat (LBT),0
Umatilla,"117C-UKIAH, CITY OF",United States President and Vice President,candidate,Randall Terry (CON),0
Umatilla,"117C-UKIAH, CITY OF",United States President and Vice President,candidate,Donald J Trump/JD Vance (REP),75
Umatilla,"117C-UKIAH, CITY OF",United States President and Vice President,candidate,Jill Stein/Rudolph Ware (PGP),0
Umatilla,"117C-UKIAH, CITY OF",United States President and Vice President,candidate,Kamala D Harris/Tim Walz (DEM),19
Umatilla,"117C-UKIAH, CITY OF",United States President and Vice President,writein,,2
Umatilla,"117C-UKIAH, CITY OF",United States President and Vice President,total_votes,,97
Umatilla,"117C-UKIAH, CITY OF",United States President and Vice President,overvotes,,0
Umatilla,"117C-UKIAH, CITY OF",United States President and Vice President,undervotes,,0
Umatilla,"117R-UKIAH, OUTSIDE CITY",United States President and Vice President,candidate,Robert F Kennedy Jr/Nicole Shanahan (WTP),1
Umatilla,"117R-UKIAH, OUTSIDE CITY",United States President and Vice President,candidate,Cornel West (PRO),0
Umatilla,"117R-UKIAH, OUTSIDE CITY",United States President and Vice President,candidate,Chase Oliver/Mike ter Maat (LBT),0
Umatilla,"117R-UKIAH, OUTSIDE CITY",United States President and Vice President,candidate,Randall Terry (CON),0
Umatilla,"117R-UKIAH, OUTSIDE CITY",United States President and Vice President,candidate,Donald J Trump/JD Vance (REP),23
Umatilla,"117R-UKIAH, OUTSIDE CITY",United States President and Vice President,candidate,Jill Stein/Rudolph Ware (PGP),0
Umatilla,"117R-UKIAH, OUTSIDE CITY",United States President and Vice President,candidate,Kamala D Harris/Tim Walz (DEM),10
Umatilla,"117R-UKIAH, OUTSIDE CITY",United States President and Vice President,writein,,0
Umatilla,"117R-UKIAH, OUTSIDE CITY",United States President and Vice President,total_votes,,34
Umatilla,"117R-UKIAH, OUTSIDE CITY",United States President and Vice President,overvotes,,0
Umatilla,"117R-UKIAH, OUTSIDE CITY",United States President and Vice President,undervotes,,0
Umatilla,"119-UMAPINE, OUTSIDE CITY",United States President and Vice President,candidate,Robert F Kennedy Jr/Nicole Shanahan (WTP),2
Umatilla,"119-UMAPINE, OUTSIDE CITY",United States President and Vice President,candidate,Cornel West (PRO),0
Umatilla,"119-UMAPINE, OUTSIDE CITY",United States President and Vice President,candidate,Chase Oliver/Mike ter Maat (LBT),0
Umatilla,"119-UMAPINE, OUTSIDE CITY",United States President and Vice President,candidate,Randall Terry (CON),0
Umatilla,"119-UMAPINE, OUTSIDE CITY",United States President and Vice President,candidate,Donald J Trump/JD Vance (REP),96
Umatilla,"119-UMAPINE, OUTSIDE CITY",United States President and Vice President,candidate,Jill Stein/Rudolph Ware (PGP),0
Umatilla,"119-UMAPINE, OUTSIDE CITY",United States President and Vice President,candidate,Kamala D Harris/Tim Walz (DEM),34
Umatilla,"119-UMAPINE, OUTSIDE CITY",United States President and Vice President,writein,,0
Umatilla,"119-UMAPINE, OUTSIDE CITY",United States President and Vice President,total_votes,,132
Umatilla,"119-UMAPINE, OUTSIDE CITY",United States President and Vice President,overvotes,,0
Umatilla,"119-UMAPINE, OUTSIDE CITY",United States President and Vice President,undervotes,,0
Umatilla,"120-MILTON-FRWTR, OUTSIDE",United States President and Vice President,candidate,Robert F Kennedy Jr/Nicole Shanahan (WTP),21
Umatilla,"120-MILTON-FRWTR, OUTSIDE",United States President and Vice President,candidate,Cornel West (PRO),1
Umatilla,"120-MILTON-FRWTR, OUTSIDE",United States President and Vice President,candidate,Chase Oliver/Mike ter Maat (LBT),1
Umatilla,"120-MILTON-FRWTR, OUTSIDE",United States President and Vice President,candidate,Randall Terry (CON),0
Umatilla,"120-MILTON-FRWTR, OUTSIDE",United States President and Vice President,candidate,Donald J Trump/JD Vance (REP),780
Umatilla,"120-MILTON-FRWTR, OUTSIDE",United States President and Vice President,candidate,Jill Stein/Rudolph Ware (PGP),2
Umatilla,"120-MILTON-FRWTR, OUTSIDE",United States President and Vice President,candidate,Kamala D Harris/Tim Walz (DEM),221
Umatilla,"120-MILTON-FRWTR, OUTSIDE",United States President and Vice President,writein,,4
Umatilla,"120-MILTON-FRWTR, OUTSIDE",United States President and Vice President,total_votes,,1030
Umatilla,"120-MILTON-FRWTR, OUTSIDE",United States President and Vice President,overvotes,,1
Umatilla,"120-MILTON-FRWTR, OUTSIDE",United States President and Vice President,undervotes,,10
Umatilla,"121-MILTON-FRWTR, OUTSIDE",United States President and Vice President,candidate,Robert F Kennedy Jr/Nicole Shanahan (WTP),4
Umatilla,"121-MILTON-FRWTR, OUTSIDE",United States President and Vice President,candidate,Cornel West (PRO),0
Umatilla,"121-MILTON-FRWTR, OUTSIDE",United States President and Vice President,candidate,Chase Oliver/Mike ter Maat (LBT),4
Umatilla,"121-MILTON-FRWTR, OUTSIDE",United States President and Vice President,candidate,Randall Terry (CON),1
Umatilla,"121-MILTON-FRWTR, OUTSIDE",United States President and Vice President,candidate,Donald J Trump/JD Vance (REP),314
Umatilla,"121-MILTON-FRWTR, OUTSIDE",United States President and Vice President,candidate,Jill Stein/Rudolph Ware (PGP),1
Umatilla,"121-MILTON-FRWTR, OUTSIDE",United States President and Vice President,candidate,Kamala D Harris/Tim Walz (DEM),102
Umatilla,"121-MILTON-FRWTR, OUTSIDE",United States President and Vice President,writein,,0
Umatilla,"121-MILTON-FRWTR, OUTSIDE",United States President and Vice President,total_votes,,426
Umatilla,"121-MILTON-FRWTR, OUTSIDE",United States President and Vice President,overvotes,,0
Umatilla,"121-MILTON-FRWTR, OUTSIDE",United States President and Vice President,undervotes,,7
Umatilla,"123-MILTON-FRWTR, OUTSIDE",United States President and Vice President,candidate,Robert F Kennedy Jr/Nicole Shanahan (WTP),8
Umatilla,"123-MILTON-FRWTR, OUTSIDE",United States President and Vice President,candidate,Cornel West (PRO),1
Umatilla,"123-MILTON-FRWTR, OUTSIDE",United States President and Vice President,candidate,Chase Oliver/Mike ter Maat (LBT),3
Umatilla,"123-MILTON-FRWTR, OUTSIDE",United States President and Vice President,candidate,Randall Terry (CON),0
Umatilla,"123-MILTON-FRWTR, OUTSIDE",United States President and Vice President,candidate,Donald J Trump/JD Vance (REP),465
Umatilla,"123-MILTON-FRWTR, OUTSIDE",United States President and Vice President,candidate,Jill Stein/Rudolph Ware (PGP),4
Umatilla,"123-MILTON-FRWTR, OUTSIDE",United States President and Vice President,candidate,Kamala D Harris/Tim Walz (DEM),146
Umatilla,"123-MILTON-FRWTR, OUTSIDE",United States President and Vice President,writein,,0
Umatilla,"123-MILTON-FRWTR, OUTSIDE",United States President and Vice President,total_votes,,627
Umatilla,"123-MILTON-FRWTR, OUTSIDE",United States President and Vice President,overvotes,,0
Umatilla,"123-MILTON-FRWTR, OUTSIDE",United States President and Vice President,undervotes,,1
Umatilla,"124C-ATHENA, CITY OF",United States President and Vice President,candidate,Robert F Kennedy Jr/Nicole Shanahan (WTP),13
Umatilla,"124C-ATHENA, CITY OF",United States President and Vice President,candidate,Cornel West (PRO),0
Umatilla,"124C-ATHENA, CITY OF",United States President and Vice President,candidate,Chase Oliver/Mike ter Maat (LBT),3
Umatilla,"124C-ATHENA, CITY OF",United States President and Vice President,candidate,Randall Terry (CON),0
Umatilla,"124C-ATHENA, CITY OF",United States President and Vice President,candidate,Donald J Trump/JD Vance (REP),488
Umatilla,"124C-ATHENA, CITY OF",United States President and Vice President,candidate,Jill Stein/Rudolph Ware (PGP),5
Umatilla,"124C-ATHENA, CITY OF",United States President and Vice President,candidate,Kamala D Harris/Tim Walz (DEM),156
Umatilla,"124C-ATHENA, CITY OF",United States President and Vice President,writein,,2
Umatilla,"124C-ATHENA, CITY OF",United States President and Vice President,total_votes,,667
Umatilla,"124C-ATHENA, CITY OF",United States President and Vice President,overvotes,,0
Umatilla,"124C-ATHENA, CITY OF",United States President and Vice President,undervotes,,4
Umatilla,"124R-ATHENA, OUTSIDE CITY",United States President and Vice President,candidate,Robert F Kennedy Jr/Nicole Shanahan (WTP),2
Umatilla,"124R-ATHENA, OUTSIDE CITY",United States President and Vice President,candidate,Cornel West (PRO),0
Umatilla,"124R-ATHENA, OUTSIDE CITY",United States President and Vice President,candidate,Chase Oliver/Mike ter Maat (LBT),3
Umatilla,"124R-ATHENA, OUTSIDE CITY",United States President and Vice President,candidate,Randall Terry (CON),0
Umatilla,"124R-ATHENA, OUTSIDE CITY",United States President and Vice President,candidate,Donald J Trump/JD Vance (REP),142
Umatilla,"124R-ATHENA, OUTSIDE CITY",United States President and Vice President,candidate,Jill Stein/Rudolph Ware (PGP),1
Umatilla,"124R-ATHENA, OUTSIDE CITY",United States President and Vice President,candidate,Kamala D Harris/Tim Walz (DEM),27
Umatilla,"124R-ATHENA, OUTSIDE CITY",United States President and Vice President,writein,,0
Umatilla,"124R-ATHENA, OUTSIDE CITY",United States President and Vice President,total_votes,,175
Umatilla,"124R-ATHENA, OUTSIDE CITY",United States President and Vice President,overvotes,,0
Umatilla,"124R-ATHENA, OUTSIDE CITY",United States President and Vice President,undervotes,,3
Umatilla,"125C-WESTON, CITY OF",United States President and Vice President,candidate,Robert F Kennedy Jr/Nicole Shanahan (WTP),7
Umatilla,"125C-WESTON, CITY OF",United States President and Vice President,candidate,Cornel West (PRO),0
Umatilla,"125C-WESTON, CITY OF",United States President and Vice President,candidate,Chase Oliver/Mike ter Maat (LBT),1
Umatilla,"125C-WESTON, CITY OF",United States President and Vice President,candidate,Randall Terry (CON),1
Umatilla,"125C-WESTON, CITY OF",United States President and Vice President,candidate,Donald J Trump/JD Vance (REP),245
Umatilla,"125C-WESTON, CITY OF",United States President and Vice President,candidate,Jill Stein/Rudolph Ware (PGP),1
Umatilla,"125C-WESTON, CITY OF",United States President and Vice President,candidate,Kamala D Harris/Tim Walz (DEM),75
Umatilla,"125C-WESTON, CITY OF",United States President and Vice President,writein,,1
Umatilla,"125C-WESTON, CITY OF",United States President and Vice President,total_votes,,331
Umatilla,"125C-WESTON, CITY OF",United States President and Vice President,overvotes,,2
Umatilla,"125C-WESTON, CITY OF",United States President and Vice President,undervotes,,3
Umatilla,"125R-WESTON, OUTSIDE CITY",United States President and Vice President,candidate,Robert F Kennedy Jr/Nicole Shanahan (WTP),6
Umatilla,"125R-WESTON, OUTSIDE CITY",United States President and Vice President,candidate,Cornel West (PRO),0
Umatilla,"125R-WESTON, OUTSIDE CITY",United States President and Vice President,candidate,Chase Oliver/Mike ter Maat (LBT),0
Umatilla,"125R-WESTON, OUTSIDE CITY",United States President and Vice President,candidate,Randall Terry (CON),1
Umatilla,"125R-WESTON, OUTSIDE CITY",United States President and Vice President,candidate,Donald J Trump/JD Vance (REP),237
Umatilla,"125R-WESTON, OUTSIDE CITY",United States President and Vice President,candidate,Jill Stein/Rudolph Ware (PGP),1
Umatilla,"125R-WESTON, OUTSIDE CITY",United States President and Vice President,candidate,Kamala D Harris/Tim Walz (DEM),62
Umatilla,"125R-WESTON, OUTSIDE CITY",United States President and Vice President,writein,,0
Umatilla,"125R-WESTON, OUTSIDE CITY",United States President and Vice President,total_votes,,307
Umatilla,"125R-WESTON, OUTSIDE CITY",United States President and Vice President,overvotes,,0
Umatilla,"125R-WESTON, OUTSIDE CITY",United States President and Vice President,undervotes,,2
Umatilla,"126-HERMISTON, CITY OF",United States President and Vice President,candidate,Robert F Kennedy Jr/Nicole Shanahan (WTP),19
Umatilla,"126-HERMISTON, CITY OF",United States President and Vice President,candidate,Cornel West (PRO),1
Umatilla,"126-HERMISTON, CITY OF",United States President and Vice President,candidate,Chase Oliver/Mike ter Maat (LBT),3
Umatilla,"126-HERMISTON, CITY OF",United States President and Vice President,candidate,Randall Terry (CON),1
Umatilla,"126-HERMISTON, CITY OF",United States President and Vice President,candidate,Donald J Trump/JD Vance (REP),735
Umatilla,"126-HERMISTON, CITY OF",United States President and Vice President,candidate,Jill Stein/Rudolph Ware (PGP),10
Umatilla,"126-HERMISTON, CITY OF",United States President and Vice President,candidate,Kamala D Harris/Tim Walz (DEM),418
Umatilla,"126-HERMISTON, CITY OF",United States President and Vice President,writein,,3
Umatilla,"126-HERMISTON, CITY OF",United States President and Vice President,total_votes,,1190
Umatilla,"126-HERMISTON, CITY OF",United States President and Vice President,overvotes,,1
Umatilla,"126-HERMISTON, CITY OF",United States President and Vice President,undervotes,,4
Umatilla,"127-HERMISTON, CITY OF",United States President and Vice President,candidate,Robert F Kennedy Jr/Nicole Shanahan (WTP),12
Umatilla,"127-HERMISTON, CITY OF",United States President and Vice President,candidate,Cornel West (PRO),2
Umatilla,"127-HERMISTON, CITY OF",United States President and Vice President,candidate,Chase Oliver/Mike ter Maat (LBT),0
Umatilla,"127-HERMISTON, CITY OF",United States President and Vice President,candidate,Randall Terry (CON),1
Umatilla,"127-HERMISTON, CITY OF",United States President and Vice President,candidate,Donald J Trump/JD Vance (REP),379
Umatilla,"127-HERMISTON, CITY OF",United States President and Vice President,candidate,Jill Stein/Rudolph Ware (PGP),3
Umatilla,"127-HERMISTON, CITY OF",United States President and Vice President,candidate,Kamala D Harris/Tim Walz (DEM),173
Umatilla,"127-HERMISTON, CITY OF",United States President and Vice President,writein,,5
Umatilla,"127-HERMISTON, CITY OF",United States President and Vice President,total_votes,,575
Umatilla,"127-HERMISTON, CITY OF",United States President and Vice President,overvotes,,0
Umatilla,"127-HERMISTON, CITY OF",United States President and Vice President,undervotes,,7
Umatilla,"128-HERMISTON, CITY OF",United States President and Vice President,candidate,Robert F Kennedy Jr/Nicole Shanahan (WTP),30
Umatilla,"128-HERMISTON, CITY OF",United States President and Vice President,candidate,Cornel West (PRO),1
Umatilla,"128-HERMISTON, CITY OF",United States President and Vice President,candidate,Chase Oliver/Mike ter Maat (LBT),6
Umatilla,"128-HERMISTON, CITY OF",United States President and Vice President,candidate,Randall Terry (CON),0
Umatilla,"128-HERMISTON, CITY OF",United States President and Vice President,candidate,Donald J Trump/JD Vance (REP),944
Umatilla,"128-HERMISTON, CITY OF",United States President and Vice President,candidate,Jill Stein/Rudolph Ware (PGP),3
Umatilla,"128-HERMISTON, CITY OF",United States President and Vice President,candidate,Kamala D Harris/Tim Walz (DEM),543
Umatilla,"128-HERMISTON, CITY OF",United States President and Vice President,writein,,4
Umatilla,"128-HERMISTON, CITY OF",United States President and Vice President,total_votes,,1531
Umatilla,"128-HERMISTON, CITY OF",United States President and Vice President,overvotes,,3
Umatilla,"128-HERMISTON, CITY OF",United States President and Vice President,undervotes,,13
Umatilla,"129-HERMISTON, CITY OF",United States President and Vice President,candidate,Robert F Kennedy Jr/Nicole Shanahan (WTP),24
Umatilla,"129-HERMISTON, CITY OF",United States President and Vice President,candidate,Cornel West (PRO),2
Umatilla,"129-HERMISTON, CITY OF",United States President and Vice President,candidate,Chase Oliver/Mike ter Maat (LBT),2
Umatilla,"129-HERMISTON, CITY OF",United States President and Vice President,candidate,Randall Terry (CON),3
Umatilla,"129-HERMISTON, CITY OF",United States President and Vice President,candidate,Donald J Trump/JD Vance (REP),699
Umatilla,"129-HERMISTON, CITY OF",United States President and Vice President,candidate,Jill Stein/Rudolph Ware (PGP),5
Umatilla,"129-HERMISTON, CITY OF",United States President and Vice President,candidate,Kamala D Harris/Tim Walz (DEM),428
Umatilla,"129-HERMISTON, CITY OF",United States President and Vice President,writein,,6
Umatilla,"129-HERMISTON, CITY OF",United States President and Vice President,total_votes,,1169
Umatilla,"129-HERMISTON, CITY OF",United States President and Vice President,overvotes,,1
Umatilla,"129-HERMISTON, CITY OF",United States President and Vice President,undervotes,,8
Umatilla,"130-HERMISTON, CITY OF",United States President and Vice President,candidate,Robert F Kennedy Jr/Nicole Shanahan (WTP),38
Umatilla,"130-HERMISTON, CITY OF",United States President and Vice President,candidate,Cornel West (PRO),1
Umatilla,"130-HERMISTON, CITY OF",United States President and Vice President,candidate,Chase Oliver/Mike ter Maat (LBT),9
Umatilla,"130-HERMISTON, CITY OF",United States President and Vice President,candidate,Randall Terry (CON),3
Umatilla,"130-HERMISTON, CITY OF",United States President and Vice President,candidate,Donald J Trump/JD Vance (REP),991
Umatilla,"130-HERMISTON, CITY OF",United States President and Vice President,candidate,Jill Stein/Rudolph Ware (PGP),8
Umatilla,"130-HERMISTON, CITY OF",United States President and Vice President,candidate,Kamala D Harris/Tim Walz (DEM),478
Umatilla,"130-HERMISTON, CITY OF",United States President and Vice President,writein,,8
Umatilla,"130-HERMISTON, CITY OF",United States President and Vice President,total_votes,,1536
Umatilla,"130-HERMISTON, CITY OF",United States President and Vice President,overvotes,,2
Umatilla,"130-HERMISTON, CITY OF",United States President and Vice President,undervotes,,10
Umatilla,"131-MILTON-FRWTR, CITY OF",United States President and Vice President,candidate,Robert F Kennedy Jr/Nicole Shanahan (WTP),6
Umatilla,"131-MILTON-FRWTR, CITY OF",United States President and Vice President,candidate,Cornel West (PRO),0
Umatilla,"131-MILTON-FRWTR, CITY OF",United States President and Vice President,candidate,Chase Oliver/Mike ter Maat (LBT),1
Umatilla,"131-MILTON-FRWTR, CITY OF",United States President and Vice President,candidate,Randall Terry (CON),0
Umatilla,"131-MILTON-FRWTR, CITY OF",United States President and Vice President,candidate,Donald J Trump/JD Vance (REP),300
Umatilla,"131-MILTON-FRWTR, CITY OF",United States President and Vice President,candidate,Jill Stein/Rudolph Ware (PGP),3
Umatilla,"131-MILTON-FRWTR, CITY OF",United States President and Vice President,candidate,Kamala D Harris/Tim Walz (DEM),181
Umatilla,"131-MILTON-FRWTR, CITY OF",United States President and Vice President,writein,,0
Umatilla,"131-MILTON-FRWTR, CITY OF",United States President and Vice President,total_votes,,491
Umatilla,"131-MILTON-FRWTR, CITY OF",United States President and Vice President,overvotes,,1
Umatilla,"131-MILTON-FRWTR, CITY OF",United States President and Vice President,undervotes,,8
Umatilla,"132-MILTON-FRWTR, CITY OF",United States President and Vice President,candidate,Robert F Kennedy Jr/Nicole Shanahan (WTP),8
Umatilla,"132-MILTON-FRWTR, CITY OF",United States President and Vice President,candidate,Cornel West (PRO),0
Umatilla,"132-MILTON-FRWTR, CITY OF",United States President and Vice President,candidate,Chase Oliver/Mike ter Maat (LBT),2
Umatilla,"132-MILTON-FRWTR, CITY OF",United States President and Vice President,candidate,Randall Terry (CON),1
Umatilla,"132-MILTON-FRWTR, CITY OF",United States President and Vice President,candidate,Donald J Trump/JD Vance (REP),509
Umatilla,"132-MILTON-FRWTR, CITY OF",United States President and Vice President,candidate,Jill Stein/Rudolph Ware (PGP),5
Umatilla,"132-MILTON-FRWTR, CITY OF",United States President and Vice President,candidate,Kamala D Harris/Tim Walz (DEM),319
Umatilla,"132-MILTON-FRWTR, CITY OF",United States President and Vice President,writein,,3
Umatilla,"132-MILTON-FRWTR, CITY OF",United States President and Vice President,total_votes,,847
Umatilla,"132-MILTON-FRWTR, CITY OF",United States President and Vice President,overvotes,,1
Umatilla,"132-MILTON-FRWTR, CITY OF",United States President and Vice President,undervotes,,7
Umatilla,"133-MILTON-FRWTR, CITY OF",United States President and Vice President,candidate,Robert F Kennedy Jr/Nicole Shanahan (WTP),11
Umatilla,"133-MILTON-FRWTR, CITY OF",United States President and Vice President,candidate,Cornel West (PRO),0
Umatilla,"133-MILTON-FRWTR, CITY OF",United States President and Vice President,candidate,Chase Oliver/Mike ter Maat (LBT),4
Umatilla,"133-MILTON-FRWTR, CITY OF",United States President and Vice President,candidate,Randall Terry (CON),0
Umatilla,"133-MILTON-FRWTR, CITY OF",United States President and Vice President,candidate,Donald J Trump/JD Vance (REP),362
Umatilla,"133-MILTON-FRWTR, CITY OF",United States President and Vice President,candidate,Jill Stein/Rudolph Ware (PGP),0
Umatilla,"133-MILTON-FRWTR, CITY OF",United States President and Vice President,candidate,Kamala D Harris/Tim Walz (DEM),213
Umatilla,"133-MILTON-FRWTR, CITY OF",United States President and Vice President,writein,,3
Umatilla,"133-MILTON-FRWTR, CITY OF",United States President and Vice President,total_votes,,593
Umatilla,"133-MILTON-FRWTR, CITY OF",United States President and Vice President,overvotes,,0
Umatilla,"133-MILTON-FRWTR, CITY OF",United States President and Vice President,undervotes,,5
Umatilla,"136-PENDLETON, CITY OF",United States President and Vice President,candidate,Robert F Kennedy Jr/Nicole Shanahan (WTP),25
Umatilla,"136-PENDLETON, CITY OF",United States President and Vice President,candidate,Cornel West (PRO),0
Umatilla,"136-PENDLETON, CITY OF",United States President and Vice President,candidate,Chase Oliver/Mike ter Maat (LBT),4
Umatilla,"136-PENDLETON, CITY OF",United States President and Vice President,candidate,Randall Terry (CON),1
Umatilla,"136-PENDLETON, CITY OF",United States President and Vice President,candidate,Donald J Trump/JD Vance (REP),605
Umatilla,"136-PENDLETON, CITY OF",United States President and Vice President,candidate,Jill Stein/Rudolph Ware (PGP),9
Umatilla,"136-PENDLETON, CITY OF",United States President and Vice President,candidate,Kamala D Harris/Tim Walz (DEM),253
Umatilla,"136-PENDLETON, CITY OF",United States President and Vice President,writein,,8
Umatilla,"136-PENDLETON, CITY OF",United States President and Vice President,total_votes,,905
Umatilla,"136-PENDLETON, CITY OF",United States President and Vice President,overvotes,,0
Umatilla,"136-PENDLETON, CITY OF",United States President and Vice President,undervotes,,3
Umatilla,"137-PENDLETON, CITY OF",United States President and Vice President,candidate,Robert F Kennedy Jr/Nicole Shanahan (WTP),22
Umatilla,"137-PENDLETON, CITY OF",United States President and Vice President,candidate,Cornel West (PRO),3
Umatilla,"137-PENDLETON, CITY OF",United States President and Vice President,candidate,Chase Oliver/Mike ter Maat (LBT),1
Umatilla,"137-PENDLETON, CITY OF",United States President and Vice President,candidate,Randall Terry (CON),2
Umatilla,"137-PENDLETON, CITY OF",United States President and Vice President,candidate,Donald J Trump/JD Vance (REP),648
Umatilla,"137-PENDLETON, CITY OF",United States President and Vice President,candidate,Jill Stein/Rudolph Ware (PGP),8
Umatilla,"137-PENDLETON, CITY OF",United States President and Vice President,candidate,Kamala D Harris/Tim Walz (DEM),425
Umatilla,"137-PENDLETON, CITY OF",United States President and Vice President,writein,,5
Umatilla,"137-PENDLETON, CITY OF",United States President and Vice President,total_votes,,1114
Umatilla,"137-PENDLETON, CITY OF",United States President and Vice President,overvotes,,1
Umatilla,"137-PENDLETON, CITY OF",United States President and Vice President,undervotes,,5
Umatilla,"138-PENDLETON, CITY OF",United States President and Vice President,candidate,Robert F Kennedy Jr/Nicole Shanahan (WTP),24
Umatilla,"138-PENDLETON, CITY OF",United States President and Vice President,candidate,Cornel West (PRO),1
Umatilla,"138-PENDLETON, CITY OF",United States President and Vice President,candidate,Chase Oliver/Mike ter Maat (LBT),6
Umatilla,"138-PENDLETON, CITY OF",United States President and Vice President,candidate,Randall Terry (CON),3
Umatilla,"138-PENDLETON, CITY OF",United States President and Vice President,candidate,Donald J Trump/JD Vance (REP),564
Umatilla,"138-PENDLETON, CITY OF",United States President and Vice President,candidate,Jill Stein/Rudolph Ware (PGP),8
Umatilla,"138-PENDLETON, CITY OF",United States President and Vice President,candidate,Kamala D Harris/Tim Walz (DEM),441
Umatilla,"138-PENDLETON, CITY OF",United States President and Vice President,writein,,2
Umatilla,"138-PENDLETON, CITY OF",United States President and Vice President,total_votes,,1049
Umatilla,"138-PENDLETON, CITY OF",United States President and Vice President,overvotes,,0
Umatilla,"138-PENDLETON, CITY OF",United States President and Vice President,undervotes,,9
Umatilla,"139-PENDLETON, CITY OF",United States President and Vice President,candidate,Robert F Kennedy Jr/Nicole Shanahan (WTP),16
Umatilla,"139-PENDLETON, CITY OF",United States President and Vice President,candidate,Cornel West (PRO),0
Umatilla,"139-PENDLETON, CITY OF",United States President and Vice President,candidate,Chase Oliver/Mike ter Maat (LBT),8
Umatilla,"139-PENDLETON, CITY OF",United States President and Vice President,candidate,Randall Terry (CON),0
Umatilla,"139-PENDLETON, CITY OF",United States President and Vice President,candidate,Donald J Trump/JD Vance (REP),463
Umatilla,"139-PENDLETON, CITY OF",United States President and Vice President,candidate,Jill Stein/Rudolph Ware (PGP),3
Umatilla,"139-PENDLETON, CITY OF",United States President and Vice President,candidate,Kamala D Harris/Tim Walz (DEM),480
Umatilla,"139-PENDLETON, CITY OF",United States President and Vice President,writein,,6
Umatilla,"139-PENDLETON, CITY OF",United States President and Vice President,total_votes,,976
Umatilla,"139-PENDLETON, CITY OF",United States President and Vice President,overvotes,,0
Umatilla,"139-PENDLETON, CITY OF",United States President and Vice President,undervotes,,16
Umatilla,"141-PENDLETON, CITY OF",United States President and Vice President,candidate,Robert F Kennedy Jr/Nicole Shanahan (WTP),28
Umatilla,"141-PENDLETON, CITY OF",United States President and Vice President,candidate,Cornel West (PRO),2
Umatilla,"141-PENDLETON, CITY OF",United States President and Vice President,candidate,Chase Oliver/Mike ter Maat (LBT),7
Umatilla,"141-PENDLETON, CITY OF",United States President and Vice President,candidate,Randall Terry (CON),2
Umatilla,"141-PENDLETON, CITY OF",United States President and Vice President,candidate,Donald J Trump/JD Vance (REP),925
Umatilla,"141-PENDLETON, CITY OF",United States President and Vice President,candidate,Jill Stein/Rudolph Ware (PGP),7
Umatilla,"141-PENDLETON, CITY OF",United States President and Vice President,candidate,Kamala D Harris/Tim Walz (DEM),429
Umatilla,"141-PENDLETON, CITY OF",United States President and Vice President,writein,,12
Umatilla,"141-PENDLETON, CITY OF",United States President and Vice President,total_votes,,1412
Umatilla,"141-PENDLETON, CITY OF",United States President and Vice President,overvotes,,0
Umatilla,"141-PENDLETON, CITY OF",United States President and Vice President,undervotes,,17
Umatilla,"142-PENDLETON, CITY OF",United States President and Vice President,candidate,Robert F Kennedy Jr/Nicole Shanahan (WTP),18
Umatilla,"142-PENDLETON, CITY OF",United States President and Vice President,candidate,Cornel West (PRO),0
Umatilla,"142-PENDLETON, CITY OF",United States President and Vice President,candidate,Chase Oliver/Mike ter Maat (LBT),0
Umatilla,"142-PENDLETON, CITY OF",United States President and Vice President,candidate,Randall Terry (CON),0
Umatilla,"142-PENDLETON, CITY OF",United States President and Vice President,candidate,Donald J Trump/JD Vance (REP),444
Umatilla,"142-PENDLETON, CITY OF",United States President and Vice President,candidate,Jill Stein/Rudolph Ware (PGP),1
Umatilla,"142-PENDLETON, CITY OF",United States President and Vice President,candidate,Kamala D Harris/Tim Walz (DEM),195
Umatilla,"142-PENDLETON, CITY OF",United States President and Vice President,writein,,6
Umatilla,"142-PENDLETON, CITY OF",United States President and Vice President,total_votes,,664
Umatilla,"142-PENDLETON, CITY OF",United States President and Vice President,overvotes,,1
Umatilla,"142-PENDLETON, CITY OF",United States President and Vice President,undervotes,,11
Umatilla,"143-PENDLETON, CITY OF",United States President and Vice President,candidate,Robert F Kennedy Jr/Nicole Shanahan (WTP),21
Umatilla,"143-PENDLETON, CITY OF",United States President and Vice President,candidate,Cornel West (PRO),1
Umatilla,"143-PENDLETON, CITY OF",United States President and Vice President,candidate,Chase Oliver/Mike ter Maat (LBT),1
Umatilla,"143-PENDLETON, CITY OF",United States President and Vice President,candidate,Randall Terry (CON),1
Umatilla,"143-PENDLETON, CITY OF",United States President and Vice President,candidate,Donald J Trump/JD Vance (REP),710
Umatilla,"143-PENDLETON, CITY OF",United States President and Vice President,candidate,Jill Stein/Rudolph Ware (PGP),1
Umatilla,"143-PENDLETON, CITY OF",United States President and Vice President,candidate,Kamala D Harris/Tim Walz (DEM),371
Umatilla,"143-PENDLETON, CITY OF",United States President and Vice President,writein,,2
Umatilla,"143-PENDLETON, CITY OF",United States President and Vice President,total_votes,,1108
Umatilla,"143-PENDLETON, CITY OF",United States President and Vice President,overvotes,,0
Umatilla,"143-PENDLETON, CITY OF",United States President and Vice President,undervotes,,14
Umatilla,"101-UMATILLA, OUTSIDE CITY","State Senator, 29th District",candidate,Tania Wildbill (NAV),53
Umatilla,"101-UMATILLA, OUTSIDE CITY","State Senator, 29th District",candidate,Todd Nash (REP),401
Umatilla,"101-UMATILLA, OUTSIDE CITY","State Senator, 29th District",writein,,6
Umatilla,"101-UMATILLA, OUTSIDE CITY","State Senator, 29th District",total_votes,,460
Umatilla,"101-UMATILLA, OUTSIDE CITY","State Senator, 29th District",overvotes,,0
Umatilla,"101-UMATILLA, OUTSIDE CITY","State Senator, 29th District",undervotes,,54
Umatilla,"102-UMATILLA, CITY OF","State Senator, 29th District",candidate,Tania Wildbill (NAV),254
Umatilla,"102-UMATILLA, CITY OF","State Senator, 29th District",candidate,Todd Nash (REP),1073
Umatilla,"102-UMATILLA, CITY OF","State Senator, 29th District",writein,,12
Umatilla,"102-UMATILLA, CITY OF","State Senator, 29th District",total_votes,,1339
Umatilla,"102-UMATILLA, CITY OF","State Senator, 29th District",overvotes,,0
Umatilla,"102-UMATILLA, CITY OF","State Senator, 29th District",undervotes,,222
Umatilla,"103-HERMISTON, OUTSIDE","State Senator, 29th District",candidate,Tania Wildbill (NAV),131
Umatilla,"103-HERMISTON, OUTSIDE","State Senator, 29th District",candidate,Todd Nash (REP),985
Umatilla,"103-HERMISTON, OUTSIDE","State Senator, 29th District",writein,,3
Umatilla,"103-HERMISTON, OUTSIDE","State Senator, 29th District",total_votes,,1119
Umatilla,"103-HERMISTON, OUTSIDE","State Senator, 29th District",overvotes,,0
Umatilla,"103-HERMISTON, OUTSIDE","State Senator, 29th District",undervotes,,161
Umatilla,"104-HERMISTON, OUTSIDE","State Senator, 29th District",candidate,Tania Wildbill (NAV),143
Umatilla,"104-HERMISTON, OUTSIDE","State Senator, 29th District",candidate,Todd Nash (REP),1164
Umatilla,"104-HERMISTON, OUTSIDE","State Senator, 29th District",writein,,3
Umatilla,"104-HERMISTON, OUTSIDE","State Senator, 29th District",total_votes,,1310
Umatilla,"104-HERMISTON, OUTSIDE","State Senator, 29th District",overvotes,,1
Umatilla,"104-HERMISTON, OUTSIDE","State Senator, 29th District",undervotes,,176
Umatilla,"105-HERMISTON, OUTSIDE","State Senator, 29th District",candidate,Tania Wildbill (NAV),169
Umatilla,"105-HERMISTON, OUTSIDE","State Senator, 29th District",candidate,Todd Nash (REP),900
Umatilla,"105-HERMISTON, OUTSIDE","State Senator, 29th District",writein,,8
Umatilla,"105-HERMISTON, OUTSIDE","State Senator, 29th District",total_votes,,1077
Umatilla,"105-HERMISTON, OUTSIDE","State Senator, 29th District",overvotes,,0
Umatilla,"105-HERMISTON, OUTSIDE","State Senator, 29th District",undervotes,,165
Umatilla,"106C-STANFIELD, CITY OF","State Senator, 29th District",candidate,Tania Wildbill (NAV),143
Umatilla,"106C-STANFIELD, CITY OF","State Senator, 29th District",candidate,Todd Nash (REP),582
Umatilla,"106C-STANFIELD, CITY OF","State Senator, 29th District",writein,,2
Umatilla,"106C-STANFIELD, CITY OF","State Senator, 29th District",total_votes,,727
Umatilla,"106C-STANFIELD, CITY OF","State Senator, 29th District",overvotes,,0
Umatilla,"106C-STANFIELD, CITY OF","State Senator, 29th District",undervotes,,107
Umatilla,"106R-STANFIELD, OUTSIDE","State Senator, 29th District",candidate,Tania Wildbill (NAV),31
Umatilla,"106R-STANFIELD, OUTSIDE","State Senator, 29th District",candidate,Todd Nash (REP),266
Umatilla,"106R-STANFIELD, OUTSIDE","State Senator, 29th District",writein,,1
Umatilla,"106R-STANFIELD, OUTSIDE","State Senator, 29th District",total_votes,,298
Umatilla,"106R-STANFIELD, OUTSIDE","State Senator, 29th District",overvotes,,0
Umatilla,"106R-STANFIELD, OUTSIDE","State Senator, 29th District",undervotes,,35
Umatilla,"107C-ECHO, CITY OF","State Senator, 29th District",candidate,Tania Wildbill (NAV),41
Umatilla,"107C-ECHO, CITY OF","State Senator, 29th District",candidate,Todd Nash (REP),210
Umatilla,"107C-ECHO, CITY OF","State Senator, 29th District",writein,,1
Umatilla,"107C-ECHO, CITY OF","State Senator, 29th District",total_votes,,252
Umatilla,"107C-ECHO, CITY OF","State Senator, 29th District",overvotes,,0
Umatilla,"107C-ECHO, CITY OF","State Senator, 29th District",undervotes,,30
Umatilla,"107R-ECHO, OUTSIDE CITY","State Senator, 29th District",candidate,Tania Wildbill (NAV),16
Umatilla,"107R-ECHO, OUTSIDE CITY","State Senator, 29th District",candidate,Todd Nash (REP),189
Umatilla,"107R-ECHO, OUTSIDE CITY","State Senator, 29th District",writein,,1
Umatilla,"107R-ECHO, OUTSIDE CITY","State Senator, 29th District",total_votes,,206
Umatilla,"107R-ECHO, OUTSIDE CITY","State Senator, 29th District",overvotes,,0
Umatilla,"107R-ECHO, OUTSIDE CITY","State Senator, 29th District",undervotes,,23
Umatilla,"108C-HELIX, CITY OF","State Senator, 29th District",candidate,Tania Wildbill (NAV),21
Umatilla,"108C-HELIX, CITY OF","State Senator, 29th District",candidate,Todd Nash (REP),78
Umatilla,"108C-HELIX, CITY OF","State Senator, 29th District",writein,,0
Umatilla,"108C-HELIX, CITY OF","State Senator, 29th District",total_votes,,99
Umatilla,"108C-HELIX, CITY OF","State Senator, 29th District",overvotes,,0
Umatilla,"108C-HELIX, CITY OF","State Senator, 29th District",undervotes,,20
Umatilla,"108R-HELIX, OUTSIDE CITY","State Senator, 29th District",candidate,Tania Wildbill (NAV),15
Umatilla,"108R-HELIX, OUTSIDE CITY","State Senator, 29th District",candidate,Todd Nash (REP),135
Umatilla,"108R-HELIX, OUTSIDE CITY","State Senator, 29th District",writein,,1
Umatilla,"108R-HELIX, OUTSIDE CITY","State Senator, 29th District",total_votes,,151
Umatilla,"108R-HELIX, OUTSIDE CITY","State Senator, 29th District",overvotes,,0
Umatilla,"108R-HELIX, OUTSIDE CITY","State Senator, 29th District",undervotes,,17
Umatilla,"109C-ADAMS, CITY OF","State Senator, 29th District",candidate,Tania Wildbill (NAV),33
Umatilla,"109C-ADAMS, CITY OF","State Senator, 29th District",candidate,Todd Nash (REP),142
Umatilla,"109C-ADAMS, CITY OF","State Senator, 29th District",writein,,1
Umatilla,"109C-ADAMS, CITY OF","State Senator, 29th District",total_votes,,176
Umatilla,"109C-ADAMS, CITY OF","State Senator, 29th District",overvotes,,0
Umatilla,"109C-ADAMS, CITY OF","State Senator, 29th District",undervotes,,22
Umatilla,"109R-ADAMS, OUTSIDE CITY","State Senator, 29th District",candidate,Tania Wildbill (NAV),8
Umatilla,"109R-ADAMS, OUTSIDE CITY","State Senator, 29th District",candidate,Todd Nash (REP),48
Umatilla,"109R-ADAMS, OUTSIDE CITY","State Senator, 29th District",writein,,0
Umatilla,"109R-ADAMS, OUTSIDE CITY","State Senator, 29th District",total_votes,,56
Umatilla,"109R-ADAMS, OUTSIDE CITY","State Senator, 29th District",overvotes,,0
Umatilla,"109R-ADAMS, OUTSIDE CITY","State Senator, 29th District",undervotes,,1
Umatilla,"110-PENDLETON, OUTSIDE","State Senator, 29th District",candidate,Tania Wildbill (NAV),127
Umatilla,"110-PENDLETON, OUTSIDE","State Senator, 29th District",candidate,Todd Nash (REP),754
Umatilla,"110-PENDLETON, OUTSIDE","State Senator, 29th District",writein,,1
Umatilla,"110-PENDLETON, OUTSIDE","State Senator, 29th District",total_votes,,882
Umatilla,"110-PENDLETON, OUTSIDE","State Senator, 29th District",overvotes,,0
Umatilla,"110-PENDLETON, OUTSIDE","State Senator, 29th District",undervotes,,79
Umatilla,"111-PENDLETON, OUTSIDE","State Senator, 29th District",candidate,Tania Wildbill (NAV),473
Umatilla,"111-PENDLETON, OUTSIDE","State Senator, 29th District",candidate,Todd Nash (REP),894
Umatilla,"111-PENDLETON, OUTSIDE","State Senator, 29th District",writein,,9
Umatilla,"111-PENDLETON, OUTSIDE","State Senator, 29th District",total_votes,,1376
Umatilla,"111-PENDLETON, OUTSIDE","State Senator, 29th District",overvotes,,0
Umatilla,"111-PENDLETON, OUTSIDE","State Senator, 29th District",undervotes,,135
Umatilla,"112-MEACHAM, OUTSIDE CITY","State Senator, 29th District",candidate,Tania Wildbill (NAV),14
Umatilla,"112-MEACHAM, OUTSIDE CITY","State Senator, 29th District",candidate,Todd Nash (REP),85
Umatilla,"112-MEACHAM, OUTSIDE CITY","State Senator, 29th District",writein,,2
Umatilla,"112-MEACHAM, OUTSIDE CITY","State Senator, 29th District",total_votes,,101
Umatilla,"112-MEACHAM, OUTSIDE CITY","State Senator, 29th District",overvotes,,0
Umatilla,"112-MEACHAM, OUTSIDE CITY","State Senator, 29th District",undervotes,,9
Umatilla,"113-PILOT ROCK, CITY OF","State Senator, 29th District",candidate,Tania Wildbill (NAV),120
Umatilla,"113-PILOT ROCK, CITY OF","State Senator, 29th District",candidate,Todd Nash (REP),507
Umatilla,"113-PILOT ROCK, CITY OF","State Senator, 29th District",writein,,5
Umatilla,"113-PILOT ROCK, CITY OF","State Senator, 29th District",total_votes,,632
Umatilla,"113-PILOT ROCK, CITY OF","State Senator, 29th District",overvotes,,0
Umatilla,"113-PILOT ROCK, CITY OF","State Senator, 29th District",undervotes,,74
Umatilla,"114-PILOT ROCK, OUTSIDE","State Senator, 29th District",candidate,Tania Wildbill (NAV),45
Umatilla,"114-PILOT ROCK, OUTSIDE","State Senator, 29th District",candidate,Todd Nash (REP),290
Umatilla,"114-PILOT ROCK, OUTSIDE","State Senator, 29th District",writein,,3
Umatilla,"114-PILOT ROCK, OUTSIDE","State Senator, 29th District",total_votes,,338
Umatilla,"114-PILOT ROCK, OUTSIDE","State Senator, 29th District",overvotes,,0
Umatilla,"114-PILOT ROCK, OUTSIDE","State Senator, 29th District",undervotes,,29
Umatilla,"115-PENDLETON, OUTSIDE","State Senator, 29th District",candidate,Tania Wildbill (NAV),36
Umatilla,"115-PENDLETON, OUTSIDE","State Senator, 29th District",candidate,Todd Nash (REP),184
Umatilla,"115-PENDLETON, OUTSIDE","State Senator, 29th District",writein,,1
Umatilla,"115-PENDLETON, OUTSIDE","State Senator, 29th District",total_votes,,221
Umatilla,"115-PENDLETON, OUTSIDE","State Senator, 29th District",overvotes,,0
Umatilla,"115-PENDLETON, OUTSIDE","State Senator, 29th District",undervotes,,30
Umatilla,"116-ATHENA, OUTSIDE CITY","State Senator, 29th District",candidate,Tania Wildbill (NAV),36
Umatilla,"116-ATHENA, OUTSIDE CITY","State Senator, 29th District",candidate,Todd Nash (REP),77
Umatilla,"116-ATHENA, OUTSIDE CITY","State Senator, 29th District",writein,,1
Umatilla,"116-ATHENA, OUTSIDE CITY","State Senator, 29th District",total_votes,,114
Umatilla,"116-ATHENA, OUTSIDE CITY","State Senator, 29th District",overvotes,,0
Umatilla,"116-ATHENA, OUTSIDE CITY","State Senator, 29th District",undervotes,,18
Umatilla,"117C-UKIAH, CITY OF","State Senator, 29th District",candidate,Tania Wildbill (NAV),17
Umatilla,"117C-UKIAH, CITY OF","State Senator, 29th District",candidate,Todd Nash (REP),66
Umatilla,"117C-UKIAH, CITY OF","State Senator, 29th District",writein,,2
Umatilla,"117C-UKIAH, CITY OF","State Senator, 29th District",total_votes,,85
Umatilla,"117C-UKIAH, CITY OF","State Senator, 29th District",overvotes,,0
Umatilla,"117C-UKIAH, CITY OF","State Senator, 29th District",undervotes,,12
Umatilla,"117R-UKIAH, OUTSIDE CITY","State Senator, 29th District",candidate,Tania Wildbill (NAV),7
Umatilla,"117R-UKIAH, OUTSIDE CITY","State Senator, 29th District",candidate,Todd Nash (REP),23
Umatilla,"117R-UKIAH, OUTSIDE CITY","State Senator, 29th District",writein,,0
Umatilla,"117R-UKIAH, OUTSIDE CITY","State Senator, 29th District",total_votes,,30
Umatilla,"117R-UKIAH, OUTSIDE CITY","State Senator, 29th District",overvotes,,0
Umatilla,"117R-UKIAH, OUTSIDE CITY","State Senator, 29th District",undervotes,,4
Umatilla,"119-UMAPINE, OUTSIDE CITY","State Senator, 29th District",candidate,Tania Wildbill (NAV),14
Umatilla,"119-UMAPINE, OUTSIDE CITY","State Senator, 29th District",candidate,Todd Nash (REP),98
Umatilla,"119-UMAPINE, OUTSIDE CITY","State Senator, 29th District",writein,,2
Umatilla,"119-UMAPINE, OUTSIDE CITY","State Senator, 29th District",total_votes,,114
Umatilla,"119-UMAPINE, OUTSIDE CITY","State Senator, 29th District",overvotes,,0
Umatilla,"119-UMAPINE, OUTSIDE CITY","State Senator, 29th District",undervotes,,18
Umatilla,"120-MILTON-FRWTR, OUTSIDE","State Senator, 29th District",candidate,Tania Wildbill (NAV),126
Umatilla,"120-MILTON-FRWTR, OUTSIDE","State Senator, 29th District",candidate,Todd Nash (REP),800
Umatilla,"120-MILTON-FRWTR, OUTSIDE","State Senator, 29th District",writein,,1
Umatilla,"120-MILTON-FRWTR, OUTSIDE","State Senator, 29th District",total_votes,,927
Umatilla,"120-MILTON-FRWTR, OUTSIDE","State Senator, 29th District",overvotes,,0
Umatilla,"120-MILTON-FRWTR, OUTSIDE","State Senator, 29th District",undervotes,,110
Umatilla,"121-MILTON-FRWTR, OUTSIDE","State Senator, 29th District",candidate,Tania Wildbill (NAV),47
Umatilla,"121-MILTON-FRWTR, OUTSIDE","State Senator, 29th District",candidate,Todd Nash (REP),335
Umatilla,"121-MILTON-FRWTR, OUTSIDE","State Senator, 29th District",writein,,0
Umatilla,"121-MILTON-FRWTR, OUTSIDE","State Senator, 29th District",total_votes,,382
Umatilla,"121-MILTON-FRWTR, OUTSIDE","State Senator, 29th District",overvotes,,0
Umatilla,"121-MILTON-FRWTR, OUTSIDE","State Senator, 29th District",undervotes,,51
Umatilla,"123-MILTON-FRWTR, OUTSIDE","State Senator, 29th District",candidate,Tania Wildbill (NAV),66
Umatilla,"123-MILTON-FRWTR, OUTSIDE","State Senator, 29th District",candidate,Todd Nash (REP),496
Umatilla,"123-MILTON-FRWTR, OUTSIDE","State Senator, 29th District",writein,,1
Umatilla,"123-MILTON-FRWTR, OUTSIDE","State Senator, 29th District",total_votes,,563
Umatilla,"123-MILTON-FRWTR, OUTSIDE","State Senator, 29th District",overvotes,,0
Umatilla,"123-MILTON-FRWTR, OUTSIDE","State Senator, 29th District",undervotes,,65
Umatilla,"124C-ATHENA, CITY OF","State Senator, 29th District",candidate,Tania Wildbill (NAV),121
Umatilla,"124C-ATHENA, CITY OF","State Senator, 29th District",candidate,Todd Nash (REP),494
Umatilla,"124C-ATHENA, CITY OF","State Senator, 29th District",writein,,2
Umatilla,"124C-ATHENA, CITY OF","State Senator, 29th District",total_votes,,617
Umatilla,"124C-ATHENA, CITY OF","State Senator, 29th District",overvotes,,1
Umatilla,"124C-ATHENA, CITY OF","State Senator, 29th District",undervotes,,53
Umatilla,"124R-ATHENA, OUTSIDE CITY","State Senator, 29th District",candidate,Tania Wildbill (NAV),14
Umatilla,"124R-ATHENA, OUTSIDE CITY","State Senator, 29th District",candidate,Todd Nash (REP),154
Umatilla,"124R-ATHENA, OUTSIDE CITY","State Senator, 29th District",writein,,2
Umatilla,"124R-ATHENA, OUTSIDE CITY","State Senator, 29th District",total_votes,,170
Umatilla,"124R-ATHENA, OUTSIDE CITY","State Senator, 29th District",overvotes,,0
Umatilla,"124R-ATHENA, OUTSIDE CITY","State Senator, 29th District",undervotes,,8
Umatilla,"125C-WESTON, CITY OF","State Senator, 29th District",candidate,Tania Wildbill (NAV),47
Umatilla,"125C-WESTON, CITY OF","State Senator, 29th District",candidate,Todd Nash (REP),251
Umatilla,"125C-WESTON, CITY OF","State Senator, 29th District",writein,,0
Umatilla,"125C-WESTON, CITY OF","State Senator, 29th District",total_votes,,298
Umatilla,"125C-WESTON, CITY OF","State Senator, 29th District",overvotes,,0
Umatilla,"125C-WESTON, CITY OF","State Senator, 29th District",undervotes,,38
Umatilla,"125R-WESTON, OUTSIDE CITY","State Senator, 29th District",candidate,Tania Wildbill (NAV),34
Umatilla,"125R-WESTON, OUTSIDE CITY","State Senator, 29th District",candidate,Todd Nash (REP),242
Umatilla,"125R-WESTON, OUTSIDE CITY","State Senator, 29th District",writein,,1
Umatilla,"125R-WESTON, OUTSIDE CITY","State Senator, 29th District",total_votes,,277
Umatilla,"125R-WESTON, OUTSIDE CITY","State Senator, 29th District",overvotes,,0
Umatilla,"125R-WESTON, OUTSIDE CITY","State Senator, 29th District",undervotes,,32
Umatilla,"126-HERMISTON, CITY OF","State Senator, 29th District",candidate,Tania Wildbill (NAV),184
Umatilla,"126-HERMISTON, CITY OF","State Senator, 29th District",candidate,Todd Nash (REP),804
Umatilla,"126-HERMISTON, CITY OF","State Senator, 29th District",writein,,2
Umatilla,"126-HERMISTON, CITY OF","State Senator, 29th District",total_votes,,990
Umatilla,"126-HERMISTON, CITY OF","State Senator, 29th District",overvotes,,0
Umatilla,"126-HERMISTON, CITY OF","State Senator, 29th District",undervotes,,204
Umatilla,"127-HERMISTON, CITY OF","State Senator, 29th District",candidate,Tania Wildbill (NAV),77
Umatilla,"127-HERMISTON, CITY OF","State Senator, 29th District",candidate,Todd Nash (REP),418
Umatilla,"127-HERMISTON, CITY OF","State Senator, 29th District",writein,,3
Umatilla,"127-HERMISTON, CITY OF","State Senator, 29th District",total_votes,,498
Umatilla,"127-HERMISTON, CITY OF","State Senator, 29th District",overvotes,,0
Umatilla,"127-HERMISTON, CITY OF","State Senator, 29th District",undervotes,,84
Umatilla,"128-HERMISTON, CITY OF","State Senator, 29th District",candidate,Tania Wildbill (NAV),245
Umatilla,"128-HERMISTON, CITY OF","State Senator, 29th District",candidate,Todd Nash (REP),1080
Umatilla,"128-HERMISTON, CITY OF","State Senator, 29th District",writein,,9
Umatilla,"128-HERMISTON, CITY OF","State Senator, 29th District",total_votes,,1334
Umatilla,"128-HERMISTON, CITY OF","State Senator, 29th District",overvotes,,0
Umatilla,"128-HERMISTON, CITY OF","State Senator, 29th District",undervotes,,213
Umatilla,"129-HERMISTON, CITY OF","State Senator, 29th District",candidate,Tania Wildbill (NAV),235
Umatilla,"129-HERMISTON, CITY OF","State Senator, 29th District",candidate,Todd Nash (REP),737
Umatilla,"129-HERMISTON, CITY OF","State Senator, 29th District",writein,,7
Umatilla,"129-HERMISTON, CITY OF","State Senator, 29th District",total_votes,,979
Umatilla,"129-HERMISTON, CITY OF","State Senator, 29th District",overvotes,,0
Umatilla,"129-HERMISTON, CITY OF","State Senator, 29th District",undervotes,,198
Umatilla,"130-HERMISTON, CITY OF","State Senator, 29th District",candidate,Tania Wildbill (NAV),245
Umatilla,"130-HERMISTON, CITY OF","State Senator, 29th District",candidate,Todd Nash (REP),1072
Umatilla,"130-HERMISTON, CITY OF","State Senator, 29th District",writein,,7
Umatilla,"130-HERMISTON, CITY OF","State Senator, 29th District",total_votes,,1324
Umatilla,"130-HERMISTON, CITY OF","State Senator, 29th District",overvotes,,1
Umatilla,"130-HERMISTON, CITY OF","State Senator, 29th District",undervotes,,222
Umatilla,"131-MILTON-FRWTR, CITY OF","State Senator, 29th District",candidate,Tania Wildbill (NAV),98
Umatilla,"131-MILTON-FRWTR, CITY OF","State Senator, 29th District",candidate,Todd Nash (REP),311
Umatilla,"131-MILTON-FRWTR, CITY OF","State Senator, 29th District",writein,,1
Umatilla,"131-MILTON-FRWTR, CITY OF","State Senator, 29th District",total_votes,,410
Umatilla,"131-MILTON-FRWTR, CITY OF","State Senator, 29th District",overvotes,,0
Umatilla,"131-MILTON-FRWTR, CITY OF","State Senator, 29th District",undervotes,,90
Umatilla,"132-MILTON-FRWTR, CITY OF","State Senator, 29th District",candidate,Tania Wildbill (NAV),142
Umatilla,"132-MILTON-FRWTR, CITY OF","State Senator, 29th District",candidate,Todd Nash (REP),577
Umatilla,"132-MILTON-FRWTR, CITY OF","State Senator, 29th District",writein,,1
Umatilla,"132-MILTON-FRWTR, CITY OF","State Senator, 29th District",total_votes,,720
Umatilla,"132-MILTON-FRWTR, CITY OF","State Senator, 29th District",overvotes,,0
Umatilla,"132-MILTON-FRWTR, CITY OF","State Senator, 29th District",undervotes,,132
Umatilla,"133-MILTON-FRWTR, CITY OF","State Senator, 29th District",candidate,Tania Wildbill (NAV),70
Umatilla,"133-MILTON-FRWTR, CITY OF","State Senator, 29th District",candidate,Todd Nash (REP),419
Umatilla,"133-MILTON-FRWTR, CITY OF","State Senator, 29th District",writein,,1
Umatilla,"133-MILTON-FRWTR, CITY OF","State Senator, 29th District",total_votes,,490
Umatilla,"133-MILTON-FRWTR, CITY OF","State Senator, 29th District",overvotes,,0
Umatilla,"133-MILTON-FRWTR, CITY OF","State Senator, 29th District",undervotes,,108
Umatilla,"136-PENDLETON, CITY OF","State Senator, 29th District",candidate,Tania Wildbill (NAV),194
Umatilla,"136-PENDLETON, CITY OF","State Senator, 29th District",candidate,Todd Nash (REP),605
Umatilla,"136-PENDLETON, CITY OF","State Senator, 29th District",writein,,7
Umatilla,"136-PENDLETON, CITY OF","State Senator, 29th District",total_votes,,806
Umatilla,"136-PENDLETON, CITY OF","State Senator, 29th District",overvotes,,0
Umatilla,"136-PENDLETON, CITY OF","State Senator, 29th District",undervotes,,101
Umatilla,"137-PENDLETON, CITY OF","State Senator, 29th District",candidate,Tania Wildbill (NAV),270
Umatilla,"137-PENDLETON, CITY OF","State Senator, 29th District",candidate,Todd Nash (REP),683
Umatilla,"137-PENDLETON, CITY OF","State Senator, 29th District",writein,,9
Umatilla,"137-PENDLETON, CITY OF","State Senator, 29th District",total_votes,,962
Umatilla,"137-PENDLETON, CITY OF","State Senator, 29th District",overvotes,,0
Umatilla,"137-PENDLETON, CITY OF","State Senator, 29th District",undervotes,,158
Umatilla,"138-PENDLETON, CITY OF","State Senator, 29th District",candidate,Tania Wildbill (NAV),298
Umatilla,"138-PENDLETON, CITY OF","State Senator, 29th District",candidate,Todd Nash (REP),626
Umatilla,"138-PENDLETON, CITY OF","State Senator, 29th District",writein,,3
Umatilla,"138-PENDLETON, CITY OF","State Senator, 29th District",total_votes,,927
Umatilla,"138-PENDLETON, CITY OF","State Senator, 29th District",overvotes,,0
Umatilla,"138-PENDLETON, CITY OF","State Senator, 29th District",undervotes,,131
Umatilla,"139-PENDLETON, CITY OF","State Senator, 29th District",candidate,Tania Wildbill (NAV),238
Umatilla,"139-PENDLETON, CITY OF","State Senator, 29th District",candidate,Todd Nash (REP),612
Umatilla,"139-PENDLETON, CITY OF","State Senator, 29th District",writein,,7
Umatilla,"139-PENDLETON, CITY OF","State Senator, 29th District",total_votes,,857
Umatilla,"139-PENDLETON, CITY OF","State Senator, 29th District",overvotes,,0
Umatilla,"139-PENDLETON, CITY OF","State Senator, 29th District",undervotes,,132
Umatilla,"141-PENDLETON, CITY OF","State Senator, 29th District",candidate,Tania Wildbill (NAV),237
Umatilla,"141-PENDLETON, CITY OF","State Senator, 29th District",candidate,Todd Nash (REP),995
Umatilla,"141-PENDLETON, CITY OF","State Senator, 29th District",writein,,8
Umatilla,"141-PENDLETON, CITY OF","State Senator, 29th District",total_votes,,1240
Umatilla,"141-PENDLETON, CITY OF","State Senator, 29th District",overvotes,,0
Umatilla,"141-PENDLETON, CITY OF","State Senator, 29th District",undervotes,,188
Umatilla,"142-PENDLETON, CITY OF","State Senator, 29th District",candidate,Tania Wildbill (NAV),101
Umatilla,"142-PENDLETON, CITY OF","State Senator, 29th District",candidate,Todd Nash (REP),486
Umatilla,"142-PENDLETON, CITY OF","State Senator, 29th District",writein,,2
Umatilla,"142-PENDLETON, CITY OF","State Senator, 29th District",total_votes,,589
Umatilla,"142-PENDLETON, CITY OF","State Senator, 29th District",overvotes,,0
Umatilla,"142-PENDLETON, CITY OF","State Senator, 29th District",undervotes,,87
Umatilla,"143-PENDLETON, CITY OF","State Senator, 29th District",candidate,Tania Wildbill (NAV),218
Umatilla,"143-PENDLETON, CITY OF","State Senator, 29th District",candidate,Todd Nash (REP),727
Umatilla,"143-PENDLETON, CITY OF","State Senator, 29th District",writein,,4
Umatilla,"143-PENDLETON, CITY OF","State Senator, 29th District",total_votes,,949
Umatilla,"143-PENDLETON, CITY OF","State Senator, 29th District",overvotes,,2
Umatilla,"143-PENDLETON, CITY OF","State Senator, 29th District",undervotes,,168
Umatilla,"101-UMATILLA, OUTSIDE CITY","State Representative, 57th District",candidate,Greg Smith (REP),386
Umatilla,"101-UMATILLA, OUTSIDE CITY","State Representative, 57th District",writein,,10
Umatilla,"101-UMATILLA, OUTSIDE CITY","State Representative, 57th District",total_votes,,396
Umatilla,"101-UMATILLA, OUTSIDE CITY","State Representative, 57th District",overvotes,,0
Umatilla,"101-UMATILLA, OUTSIDE CITY","State Representative, 57th District",undervotes,,118
Umatilla,"102-UMATILLA, CITY OF","State Representative, 57th District",candidate,Greg Smith (REP),1161
Umatilla,"102-UMATILLA, CITY OF","State Representative, 57th District",writein,,20
Umatilla,"102-UMATILLA, CITY OF","State Representative, 57th District",total_votes,,1181
Umatilla,"102-UMATILLA, CITY OF","State Representative, 57th District",overvotes,,0
Umatilla,"102-UMATILLA, CITY OF","State Representative, 57th District",undervotes,,380
Umatilla,"103-HERMISTON, OUTSIDE","State Representative, 57th District",candidate,Greg Smith (REP),910
Umatilla,"103-HERMISTON, OUTSIDE","State Representative, 57th District",writein,,18
Umatilla,"103-HERMISTON, OUTSIDE","State Representative, 57th District",total_votes,,928
Umatilla,"103-HERMISTON, OUTSIDE","State Representative, 57th District",overvotes,,0
Umatilla,"103-HERMISTON, OUTSIDE","State Representative, 57th District",undervotes,,277
Umatilla,"103-HERMISTON, OUTSIDE","State Representative, 58th District",candidate,Bobby Levy (REP),54
Umatilla,"103-HERMISTON, OUTSIDE","State Representative, 58th District",writein,,0
Umatilla,"103-HERMISTON, OUTSIDE","State Representative, 58th District",total_votes,,54
Umatilla,"103-HERMISTON, OUTSIDE","State Representative, 58th District",overvotes,,0
Umatilla,"103-HERMISTON, OUTSIDE","State Representative, 58th District",undervotes,,21
Umatilla,"104-HERMISTON, OUTSIDE","State Representative, 57th District",candidate,Greg Smith (REP),1131
Umatilla,"104-HERMISTON, OUTSIDE","State Representative, 57th District",writein,,21
Umatilla,"104-HERMISTON, OUTSIDE","State Representative, 57th District",total_votes,,1152
Umatilla,"104-HERMISTON, OUTSIDE","State Representative, 57th District",overvotes,,0
Umatilla,"104-HERMISTON, OUTSIDE","State Representative, 57th District",undervotes,,335
Umatilla,"105-HERMISTON, OUTSIDE","State Representative, 57th District",candidate,Greg Smith (REP),918
Umatilla,"105-HERMISTON, OUTSIDE","State Representative, 57th District",writein,,29
Umatilla,"105-HERMISTON, OUTSIDE","State Representative, 57th District",total_votes,,947
Umatilla,"105-HERMISTON, OUTSIDE","State Representative, 57th District",overvotes,,0
Umatilla,"105-HERMISTON, OUTSIDE","State Representative, 57th District",undervotes,,295
Umatilla,"106C-STANFIELD, CITY OF","State Representative, 58th District",candidate,Bobby Levy (REP),633
Umatilla,"106C-STANFIELD, CITY OF","State Representative, 58th District",writein,,5
Umatilla,"106C-STANFIELD, CITY OF","State Representative, 58th District",total_votes,,638
Umatilla,"106C-STANFIELD, CITY OF","State Representative, 58th District",overvotes,,0
Umatilla,"106C-STANFIELD, CITY OF","State Representative, 58th District",undervotes,,196
Umatilla,"106R-STANFIELD, OUTSIDE","State Representative, 57th District",candidate,Greg Smith (REP),73
Umatilla,"106R-STANFIELD, OUTSIDE","State Representative, 57th District",writein,,3
Umatilla,"106R-STANFIELD, OUTSIDE","State Representative, 57th District",total_votes,,76
Umatilla,"106R-STANFIELD, OUTSIDE","State Representative, 57th District",overvotes,,0
Umatilla,"106R-STANFIELD, OUTSIDE","State Representative, 57th District",undervotes,,29
Umatilla,"106R-STANFIELD, OUTSIDE","State Representative, 58th District",candidate,Bobby Levy (REP),181
Umatilla,"106R-STANFIELD, OUTSIDE","State Representative, 58th District",writein,,1
Umatilla,"106R-STANFIELD, OUTSIDE","State Representative, 58th District",total_votes,,182
Umatilla,"106R-STANFIELD, OUTSIDE","State Representative, 58th District",overvotes,,0
Umatilla,"106R-STANFIELD, OUTSIDE","State Representative, 58th District",undervotes,,46
Umatilla,"107C-ECHO, CITY OF","State Representative, 58th District",candidate,Bobby Levy (REP),216
Umatilla,"107C-ECHO, CITY OF","State Representative, 58th District",writein,,4
Umatilla,"107C-ECHO, CITY OF","State Representative, 58th District",total_votes,,220
Umatilla,"107C-ECHO, CITY OF","State Representative, 58th District",overvotes,,0
Umatilla,"107C-ECHO, CITY OF","State Representative, 58th District",undervotes,,62
Umatilla,"107R-ECHO, OUTSIDE CITY","State Representative, 58th District",candidate,Bobby Levy (REP),195
Umatilla,"107R-ECHO, OUTSIDE CITY","State Representative, 58th District",writein,,3
Umatilla,"107R-ECHO, OUTSIDE CITY","State Representative, 58th District",total_votes,,198
Umatilla,"107R-ECHO, OUTSIDE CITY","State Representative, 58th District",overvotes,,0
Umatilla,"107R-ECHO, OUTSIDE CITY","State Representative, 58th District",undervotes,,31
Umatilla,"108C-HELIX, CITY OF","State Representative, 57th District",candidate,Greg Smith (REP),88
Umatilla,"108C-HELIX, CITY OF","State Representative, 57th District",writein,,4
Umatilla,"108C-HELIX, CITY OF","State Representative, 57th District",total_votes,,92
Umatilla,"108C-HELIX, CITY OF","State Representative, 57th District",overvotes,,0
Umatilla,"108C-HELIX, CITY OF","State Representative, 57th District",undervotes,,27
Umatilla,"108R-HELIX, OUTSIDE CITY","State Representative, 57th District",candidate,Greg Smith (REP),81
Umatilla,"108R-HELIX, OUTSIDE CITY","State Representative, 57th District",writein,,9
Umatilla,"108R-HELIX, OUTSIDE CITY","State Representative, 57th District",total_votes,,90
Umatilla,"108R-HELIX, OUTSIDE CITY","State Representative, 57th District",overvotes,,0
Umatilla,"108R-HELIX, OUTSIDE CITY","State Representative, 57th District",undervotes,,36
Umatilla,"108R-HELIX, OUTSIDE CITY","State Representative, 58th District",candidate,Bobby Levy (REP),34
Umatilla,"108R-HELIX, OUTSIDE CITY","State Representative, 58th District",writein,,1
Umatilla,"108R-HELIX, OUTSIDE CITY","State Representative, 58th District",total_votes,,35
Umatilla,"108R-HELIX, OUTSIDE CITY","State Representative, 58th District",overvotes,,0
Umatilla,"108R-HELIX, OUTSIDE CITY","State Representative, 58th District",undervotes,,7
Umatilla,"109C-ADAMS, CITY OF","State Representative, 58th District",candidate,Bobby Levy (REP),144
Umatilla,"109C-ADAMS, CITY OF","State Representative, 58th District",writein,,1
Umatilla,"109C-ADAMS, CITY OF","State Representative, 58th District",total_votes,,145
Umatilla,"109C-ADAMS, CITY OF","State Representative, 58th District",overvotes,,0
Umatilla,"109C-ADAMS, CITY OF","State Representative, 58th District",undervotes,,53
Umatilla,"109R-ADAMS, OUTSIDE CITY","State Representative, 58th District",candidate,Bobby Levy (REP),49
Umatilla,"109R-ADAMS, OUTSIDE CITY","State Representative, 58th District",writein,,2
Umatilla,"109R-ADAMS, OUTSIDE CITY","State Representative, 58th District",total_votes,,51
Umatilla,"109R-ADAMS, OUTSIDE CITY","State Representative, 58th District",overvotes,,0
Umatilla,"109R-ADAMS, OUTSIDE CITY","State Representative, 58th District",undervotes,,6
Umatilla,"110-PENDLETON, OUTSIDE","State Representative, 58th District",candidate,Bobby Levy (REP),757
Umatilla,"110-PENDLETON, OUTSIDE","State Representative, 58th District",writein,,12
Umatilla,"110-PENDLETON, OUTSIDE","State Representative, 58th District",total_votes,,769
Umatilla,"110-PENDLETON, OUTSIDE","State Representative, 58th District",overvotes,,0
Umatilla,"110-PENDLETON, OUTSIDE","State Representative, 58th District",undervotes,,192
Umatilla,"111-PENDLETON, OUTSIDE","State Representative, 58th District",candidate,Bobby Levy (REP),1113
Umatilla,"111-PENDLETON, OUTSIDE","State Representative, 58th District",writein,,22
Umatilla,"111-PENDLETON, OUTSIDE","State Representative, 58th District",total_votes,,1135
Umatilla,"111-PENDLETON, OUTSIDE","State Representative, 58th District",overvotes,,0
Umatilla,"111-PENDLETON, OUTSIDE","State Representative, 58th District",undervotes,,376
Umatilla,"112-MEACHAM, OUTSIDE CITY","State Representative, 58th District",candidate,Bobby Levy (REP),87
Umatilla,"112-MEACHAM, OUTSIDE CITY","State Representative, 58th District",writein,,0
Umatilla,"112-MEACHAM, OUTSIDE CITY","State Representative, 58th District",total_votes,,87
Umatilla,"112-MEACHAM, OUTSIDE CITY","State Representative, 58th District",overvotes,,0
Umatilla,"112-MEACHAM, OUTSIDE CITY","State Representative, 58th District",undervotes,,23
Umatilla,"113-PILOT ROCK, CITY OF","State Representative, 58th District",candidate,Bobby Levy (REP),531
Umatilla,"113-PILOT ROCK, CITY OF","State Representative, 58th District",writein,,6
Umatilla,"113-PILOT ROCK, CITY OF","State Representative, 58th District",total_votes,,537
Umatilla,"113-PILOT ROCK, CITY OF","State Representative, 58th District",overvotes,,0
Umatilla,"113-PILOT ROCK, CITY OF","State Representative, 58th District",undervotes,,169
Umatilla,"114-PILOT ROCK, OUTSIDE","State Representative, 58th District",candidate,Bobby Levy (REP),297
Umatilla,"114-PILOT ROCK, OUTSIDE","State Representative, 58th District",writein,,2
Umatilla,"114-PILOT ROCK, OUTSIDE","State Representative, 58th District",total_votes,,299
Umatilla,"114-PILOT ROCK, OUTSIDE","State Representative, 58th District",overvotes,,0
Umatilla,"114-PILOT ROCK, OUTSIDE","State Representative, 58th District",undervotes,,68
Umatilla,"115-PENDLETON, OUTSIDE","State Representative, 57th District",candidate,Greg Smith (REP),7
Umatilla,"115-PENDLETON, OUTSIDE","State Representative, 57th District",writein,,0
Umatilla,"115-PENDLETON, OUTSIDE","State Representative, 57th District",total_votes,,7
Umatilla,"115-PENDLETON, OUTSIDE","State Representative, 57th District",overvotes,,0
Umatilla,"115-PENDLETON, OUTSIDE","State Representative, 57th District",undervotes,,2
Umatilla,"115-PENDLETON, OUTSIDE","State Representative, 58th District",candidate,Bobby Levy (REP),183
Umatilla,"115-PENDLETON, OUTSIDE","State Representative, 58th District",writein,,5
Umatilla,"115-PENDLETON, OUTSIDE","State Representative, 58th District",total_votes,,188
Umatilla,"115-PENDLETON, OUTSIDE","State Representative, 58th District",overvotes,,0
Umatilla,"115-PENDLETON, OUTSIDE","State Representative, 58th District",undervotes,,54
Umatilla,"116-ATHENA, OUTSIDE CITY","State Representative, 58th District",candidate,Bobby Levy (REP),81
Umatilla,"116-ATHENA, OUTSIDE CITY","State Representative, 58th District",writein,,3
Umatilla,"116-ATHENA, OUTSIDE CITY","State Representative, 58th District",total_votes,,84
Umatilla,"116-ATHENA, OUTSIDE CITY","State Representative, 58th District",overvotes,,0
Umatilla,"116-ATHENA, OUTSIDE CITY","State Representative, 58th District",undervotes,,48
Umatilla,"117C-UKIAH, CITY OF","State Representative, 58th District",candidate,Bobby Levy (REP),73
Umatilla,"117C-UKIAH, CITY OF","State Representative, 58th District",writein,,1
Umatilla,"117C-UKIAH, CITY OF","State Representative, 58th District",total_votes,,74
Umatilla,"117C-UKIAH, CITY OF","State Representative, 58th District",overvotes,,0
Umatilla,"117C-UKIAH, CITY OF","State Representative, 58th District",undervotes,,23
Umatilla,"117R-UKIAH, OUTSIDE CITY","State Representative, 58th District",candidate,Bobby Levy (REP),19
Umatilla,"117R-UKIAH, OUTSIDE CITY","State Representative, 58th District",writein,,0
Umatilla,"117R-UKIAH, OUTSIDE CITY","State Representative, 58th District",total_votes,,19
Umatilla,"117R-UKIAH, OUTSIDE CITY","State Representative, 58th District",overvotes,,0
Umatilla,"117R-UKIAH, OUTSIDE CITY","State Representative, 58th District",undervotes,,15
Umatilla,"119-UMAPINE, OUTSIDE CITY","State Representative, 57th District",candidate,Greg Smith (REP),96
Umatilla,"119-UMAPINE, OUTSIDE CITY","State Representative, 57th District",writein,,2
Umatilla,"119-UMAPINE, OUTSIDE CITY","State Representative, 57th District",total_votes,,98
Umatilla,"119-UMAPINE, OUTSIDE CITY","State Representative, 57th District",overvotes,,0
Umatilla,"119-UMAPINE, OUTSIDE CITY","State Representative, 57th District",undervotes,,34
Umatilla,"120-MILTON-FRWTR, OUTSIDE","State Representative, 57th District",candidate,Greg Smith (REP),501
Umatilla,"120-MILTON-FRWTR, OUTSIDE","State Representative, 57th District",writein,,3
Umatilla,"120-MILTON-FRWTR, OUTSIDE","State Representative, 57th District",total_votes,,504
Umatilla,"120-MILTON-FRWTR, OUTSIDE","State Representative, 57th District",overvotes,,1
Umatilla,"120-MILTON-FRWTR, OUTSIDE","State Representative, 57th District",undervotes,,144
Umatilla,"120-MILTON-FRWTR, OUTSIDE","State Representative, 58th District",candidate,Bobby Levy (REP),277
Umatilla,"120-MILTON-FRWTR, OUTSIDE","State Representative, 58th District",writein,,3
Umatilla,"120-MILTON-FRWTR, OUTSIDE","State Representative, 58th District",total_votes,,280
Umatilla,"120-MILTON-FRWTR, OUTSIDE","State Representative, 58th District",overvotes,,0
Umatilla,"120-MILTON-FRWTR, OUTSIDE","State Representative, 58th District",undervotes,,108
Umatilla,"121-MILTON-FRWTR, OUTSIDE","State Representative, 58th District",candidate,Bobby Levy (REP),331
Umatilla,"121-MILTON-FRWTR, OUTSIDE","State Representative, 58th District",writein,,5
Umatilla,"121-MILTON-FRWTR, OUTSIDE","State Representative, 58th District",total_votes,,336
Umatilla,"121-MILTON-FRWTR, OUTSIDE","State Representative, 58th District",overvotes,,0
Umatilla,"121-MILTON-FRWTR, OUTSIDE","State Representative, 58th District",undervotes,,97
Umatilla,"123-MILTON-FRWTR, OUTSIDE","State Representative, 57th District",candidate,Greg Smith (REP),67
Umatilla,"123-MILTON-FRWTR, OUTSIDE","State Representative, 57th District",writein,,0
Umatilla,"123-MILTON-FRWTR, OUTSIDE","State Representative, 57th District",total_votes,,67
Umatilla,"123-MILTON-FRWTR, OUTSIDE","State Representative, 57th District",overvotes,,0
Umatilla,"123-MILTON-FRWTR, OUTSIDE","State Representative, 57th District",undervotes,,25
Umatilla,"123-MILTON-FRWTR, OUTSIDE","State Representative, 58th District",candidate,Bobby Levy (REP),406
Umatilla,"123-MILTON-FRWTR, OUTSIDE","State Representative, 58th District",writein,,7
Umatilla,"123-MILTON-FRWTR, OUTSIDE","State Representative, 58th District",total_votes,,413
Umatilla,"123-MILTON-FRWTR, OUTSIDE","State Representative, 58th District",overvotes,,0
Umatilla,"123-MILTON-FRWTR, OUTSIDE","State Representative, 58th District",undervotes,,123
Umatilla,"124C-ATHENA, CITY OF","State Representative, 58th District",candidate,Bobby Levy (REP),510
Umatilla,"124C-ATHENA, CITY OF","State Representative, 58th District",writein,,8
Umatilla,"124C-ATHENA, CITY OF","State Representative, 58th District",total_votes,,518
Umatilla,"124C-ATHENA, CITY OF","State Representative, 58th District",overvotes,,0
Umatilla,"124C-ATHENA, CITY OF","State Representative, 58th District",undervotes,,153
Umatilla,"124R-ATHENA, OUTSIDE CITY","State Representative, 57th District",candidate,Greg Smith (REP),23
Umatilla,"124R-ATHENA, OUTSIDE CITY","State Representative, 57th District",writein,,0
Umatilla,"124R-ATHENA, OUTSIDE CITY","State Representative, 57th District",total_votes,,23
Umatilla,"124R-ATHENA, OUTSIDE CITY","State Representative, 57th District",overvotes,,0
Umatilla,"124R-ATHENA, OUTSIDE CITY","State Representative, 57th District",undervotes,,4
Umatilla,"124R-ATHENA, OUTSIDE CITY","State Representative, 58th District",candidate,Bobby Levy (REP),133
Umatilla,"124R-ATHENA, OUTSIDE CITY","State Representative, 58th District",writein,,1
Umatilla,"124R-ATHENA, OUTSIDE CITY","State Representative, 58th District",total_votes,,134
Umatilla,"124R-ATHENA, OUTSIDE CITY","State Representative, 58th District",overvotes,,0
Umatilla,"124R-ATHENA, OUTSIDE CITY","State Representative, 58th District",undervotes,,17
Umatilla,"125C-WESTON, CITY OF","State Representative, 58th District",candidate,Bobby Levy (REP),258
Umatilla,"125C-WESTON, CITY OF","State Representative, 58th District",writein,,2
Umatilla,"125C-WESTON, CITY OF","State Representative, 58th District",total_votes,,260
Umatilla,"125C-WESTON, CITY OF","State Representative, 58th District",overvotes,,1
Umatilla,"125C-WESTON, CITY OF","State Representative, 58th District",undervotes,,75
Umatilla,"125R-WESTON, OUTSIDE CITY","State Representative, 57th District",candidate,Greg Smith (REP),5
Umatilla,"125R-WESTON, OUTSIDE CITY","State Representative, 57th District",writein,,0
Umatilla,"125R-WESTON, OUTSIDE CITY","State Representative, 57th District",total_votes,,5
Umatilla,"125R-WESTON, OUTSIDE CITY","State Representative, 57th District",overvotes,,0
Umatilla,"125R-WESTON, OUTSIDE CITY","State Representative, 57th District",undervotes,,5
Umatilla,"125R-WESTON, OUTSIDE CITY","State Representative, 58th District",candidate,Bobby Levy (REP),227
Umatilla,"125R-WESTON, OUTSIDE CITY","State Representative, 58th District",writein,,2
Umatilla,"125R-WESTON, OUTSIDE CITY","State Representative, 58th District",total_votes,,229
Umatilla,"125R-WESTON, OUTSIDE CITY","State Representative, 58th District",overvotes,,0
Umatilla,"125R-WESTON, OUTSIDE CITY","State Representative, 58th District",undervotes,,70
Umatilla,"126-HERMISTON, CITY OF","State Representative, 57th District",candidate,Greg Smith (REP),844
Umatilla,"126-HERMISTON, CITY OF","State Representative, 57th District",writein,,20
Umatilla,"126-HERMISTON, CITY OF","State Representative, 57th District",total_votes,,864
Umatilla,"126-HERMISTON, CITY OF","State Representative, 57th District",overvotes,,0
Umatilla,"126-HERMISTON, CITY OF","State Representative, 57th District",undervotes,,330
Umatilla,"127-HERMISTON, CITY OF","State Representative, 57th District",candidate,Greg Smith (REP),433
Umatilla,"127-HERMISTON, CITY OF","State Representative, 57th District",writein,,4
Umatilla,"127-HERMISTON, CITY OF","State Representative, 57th District",total_votes,,437
Umatilla,"127-HERMISTON, CITY OF","State Representative, 57th District",overvotes,,0
Umatilla,"127-HERMISTON, CITY OF","State Representative, 57th District",undervotes,,145
Umatilla,"128-HERMISTON, CITY OF","State Representative, 57th District",candidate,Greg Smith (REP),1137
Umatilla,"128-HERMISTON, CITY OF","State Representative, 57th District",writein,,29
Umatilla,"128-HERMISTON, CITY OF","State Representative, 57th District",total_votes,,1166
Umatilla,"128-HERMISTON, CITY OF","State Representative, 57th District",overvotes,,0
Umatilla,"128-HERMISTON, CITY OF","State Representative, 57th District",undervotes,,381
Umatilla,"129-HERMISTON, CITY OF","State Representative, 57th District",candidate,Greg Smith (REP),839
Umatilla,"129-HERMISTON, CITY OF","State Representative, 57th District",writein,,27
Umatilla,"129-HERMISTON, CITY OF","State Representative, 57th District",total_votes,,866
Umatilla,"129-HERMISTON, CITY OF","State Representative, 57th District",overvotes,,0
Umatilla,"129-HERMISTON, CITY OF","State Representative, 57th District",undervotes,,311
Umatilla,"130-HERMISTON, CITY OF","State Representative, 57th District",candidate,Greg Smith (REP),1136
Umatilla,"130-HERMISTON, CITY OF","State Representative, 57th District",writein,,18
Umatilla,"130-HERMISTON, CITY OF","State Representative, 57th District",total_votes,,1154
Umatilla,"130-HERMISTON, CITY OF","State Representative, 57th District",overvotes,,0
Umatilla,"130-HERMISTON, CITY OF","State Representative, 57th District",undervotes,,393
Umatilla,"131-MILTON-FRWTR, CITY OF","State Representative, 57th District",candidate,Greg Smith (REP),281
Umatilla,"131-MILTON-FRWTR, CITY OF","State Representative, 57th District",writein,,1
Umatilla,"131-MILTON-FRWTR, CITY OF","State Representative, 57th District",total_votes,,282
Umatilla,"131-MILTON-FRWTR, CITY OF","State Representative, 57th District",overvotes,,0
Umatilla,"131-MILTON-FRWTR, CITY OF","State Representative, 57th District",undervotes,,111
Umatilla,"131-MILTON-FRWTR, CITY OF","State Representative, 58th District",candidate,Bobby Levy (REP),78
Umatilla,"131-MILTON-FRWTR, CITY OF","State Representative, 58th District",writein,,1
Umatilla,"131-MILTON-FRWTR, CITY OF","State Representative, 58th District",total_votes,,79
Umatilla,"131-MILTON-FRWTR, CITY OF","State Representative, 58th District",overvotes,,0
Umatilla,"131-MILTON-FRWTR, CITY OF","State Representative, 58th District",undervotes,,28
Umatilla,"132-MILTON-FRWTR, CITY OF","State Representative, 57th District",candidate,Greg Smith (REP),161
Umatilla,"132-MILTON-FRWTR, CITY OF","State Representative, 57th District",writein,,2
Umatilla,"132-MILTON-FRWTR, CITY OF","State Representative, 57th District",total_votes,,163
Umatilla,"132-MILTON-FRWTR, CITY OF","State Representative, 57th District",overvotes,,0
Umatilla,"132-MILTON-FRWTR, CITY OF","State Representative, 57th District",undervotes,,43
Umatilla,"132-MILTON-FRWTR, CITY OF","State Representative, 58th District",candidate,Bobby Levy (REP),454
Umatilla,"132-MILTON-FRWTR, CITY OF","State Representative, 58th District",writein,,9
Umatilla,"132-MILTON-FRWTR, CITY OF","State Representative, 58th District",total_votes,,463
Umatilla,"132-MILTON-FRWTR, CITY OF","State Representative, 58th District",overvotes,,0
Umatilla,"132-MILTON-FRWTR, CITY OF","State Representative, 58th District",undervotes,,183
Umatilla,"133-MILTON-FRWTR, CITY OF","State Representative, 57th District",candidate,Greg Smith (REP),431
Umatilla,"133-MILTON-FRWTR, CITY OF","State Representative, 57th District",writein,,7
Umatilla,"133-MILTON-FRWTR, CITY OF","State Representative, 57th District",total_votes,,438
Umatilla,"133-MILTON-FRWTR, CITY OF","State Representative, 57th District",overvotes,,0
Umatilla,"133-MILTON-FRWTR, CITY OF","State Representative, 57th District",undervotes,,160
Umatilla,"136-PENDLETON, CITY OF","State Representative, 58th District",candidate,Bobby Levy (REP),645
Umatilla,"136-PENDLETON, CITY OF","State Representative, 58th District",writein,,10
Umatilla,"136-PENDLETON, CITY OF","State Representative, 58th District",total_votes,,655
Umatilla,"136-PENDLETON, CITY OF","State Representative, 58th District",overvotes,,0
Umatilla,"136-PENDLETON, CITY OF","State Representative, 58th District",undervotes,,252
Umatilla,"137-PENDLETON, CITY OF","State Representative, 58th District",candidate,Bobby Levy (REP),753
Umatilla,"137-PENDLETON, CITY OF","State Representative, 58th District",writein,,24
Umatilla,"137-PENDLETON, CITY OF","State Representative, 58th District",total_votes,,777
Umatilla,"137-PENDLETON, CITY OF","State Representative, 58th District",overvotes,,1
Umatilla,"137-PENDLETON, CITY OF","State Representative, 58th District",undervotes,,342
Umatilla,"138-PENDLETON, CITY OF","State Representative, 58th District",candidate,Bobby Levy (REP),717
Umatilla,"138-PENDLETON, CITY OF","State Representative, 58th District",writein,,21
Umatilla,"138-PENDLETON, CITY OF","State Representative, 58th District",total_votes,,738
Umatilla,"138-PENDLETON, CITY OF","State Representative, 58th District",overvotes,,0
Umatilla,"138-PENDLETON, CITY OF","State Representative, 58th District",undervotes,,320
Umatilla,"139-PENDLETON, CITY OF","State Representative, 58th District",candidate,Bobby Levy (REP),684
Umatilla,"139-PENDLETON, CITY OF","State Representative, 58th District",writein,,16
Umatilla,"139-PENDLETON, CITY OF","State Representative, 58th District",total_votes,,700
Umatilla,"139-PENDLETON, CITY OF","State Representative, 58th District",overvotes,,0
Umatilla,"139-PENDLETON, CITY OF","State Representative, 58th District",undervotes,,289
Umatilla,"141-PENDLETON, CITY OF","State Representative, 58th District",candidate,Bobby Levy (REP),1008
Umatilla,"141-PENDLETON, CITY OF","State Representative, 58th District",writein,,18
Umatilla,"141-PENDLETON, CITY OF","State Representative, 58th District",total_votes,,1026
Umatilla,"141-PENDLETON, CITY OF","State Representative, 58th District",overvotes,,0
Umatilla,"141-PENDLETON, CITY OF","State Representative, 58th District",undervotes,,402
Umatilla,"142-PENDLETON, CITY OF","State Representative, 58th District",candidate,Bobby Levy (REP),488
Umatilla,"142-PENDLETON, CITY OF","State Representative, 58th District",writein,,8
Umatilla,"142-PENDLETON, CITY OF","State Representative, 58th District",total_votes,,496
Umatilla,"142-PENDLETON, CITY OF","State Representative, 58th District",overvotes,,0
Umatilla,"142-PENDLETON, CITY OF","State Representative, 58th District",undervotes,,180
Umatilla,"143-PENDLETON, CITY OF","State Representative, 58th District",candidate,Bobby Levy (REP),784
Umatilla,"143-PENDLETON, CITY OF","State Representative, 58th District",writein,,10
Umatilla,"143-PENDLETON, CITY OF","State Representative, 58th District",total_votes,,794
Umatilla,"143-PENDLETON, CITY OF","State Representative, 58th District",overvotes,,0
Umatilla,"143-PENDLETON, CITY OF","State Representative, 58th District",undervotes,,325
