county,precinct_label,contest,type,choice,votes
Washington,301,President,ballots_cast,,1727
Washington,301,President,registered,,2133
Washington,301,President,total_votes,,1707
Washington,301,President,candidate,Robert F Kennedy Jr/Nicole Shanahan,15
Washington,301,President,candidate,Cornel West,1
Washington,301,President,candidate,Chase Oliver/Mike ter Maat,15
Washington,301,President,candidate,Randall Terry,3
Washington,301,President,candidate,Donald J Trump/JD Vance,974
Washington,301,President,candidate,Jill Stein/Rudolph Ware,11
Washington,301,President,candidate,Kamala D Harris/Tim Walz,679
Washington,301,President,writein,,9
Washington,301,President,overvotes,,2
Washington,301,President,undervotes,,18
Washington,302,President,ballots_cast,,2559
Washington,302,President,registered,,3883
Washington,302,President,total_votes,,2536
Washington,302,President,candidate,Robert F Kennedy Jr/Nicole Shanahan,50
Washington,302,President,candidate,Cornel West,6
Washington,302,President,candidate,Chase Oliver/Mike ter Maat,10
Washington,302,President,candidate,Randall Terry,0
Washington,302,President,candidate,Donald J Trump/JD Vance,943
Washington,302,President,candidate,Jill Stein/Rudolph Ware,28
Washington,302,President,candidate,Kamala D Harris/Tim Walz,1484
Washington,302,President,writein,,15
Washington,302,President,overvotes,,3
Washington,302,President,undervotes,,20
Washington,303,President,ballots_cast,,332
Washington,303,President,registered,,448
Washington,303,President,total_votes,,329
Washington,303,President,candidate,Robert F Kennedy Jr/Nicole Shanahan,2
Washington,303,President,candidate,Cornel West,0
Washington,303,President,candidate,Chase Oliver/Mike ter Maat,0
Washington,303,President,candidate,Randall Terry,0
Washington,303,President,candidate,Donald J Trump/JD Vance,209
Washington,303,President,candidate,Jill Stein/Rudolph Ware,1
Washington,303,President,candidate,Kamala D Harris/Tim Walz,116
Washington,303,President,writein,,1
Washington,303,President,overvotes,,0
Washington,303,President,undervotes,,3
Washington,304,President,ballots_cast,,1077
Washington,304,President,registered,,1454
Washington,304,President,total_votes,,1064
Washington,304,President,candidate,Robert F Kennedy Jr/Nicole Shanahan,14
Washington,304,President,candidate,Cornel West,0
Washington,304,President,candidate,Chase Oliver/Mike ter Maat,5
Washington,304,President,candidate,Randall Terry,1
Washington,304,President,candidate,Donald J Trump/JD Vance,411
Washington,304,President,candidate,Jill Stein/Rudolph Ware,3
Washington,304,President,candidate,Kamala D Harris/Tim Walz,627
Washington,304,President,writein,,3
Washington,304,President,overvotes,,0
Washington,304,President,undervotes,,13
Washington,305,President,ballots_cast,,954
Washington,305,President,registered,,1317
Washington,305,President,total_votes,,946
Washington,305,President,candidate,Robert F Kennedy Jr/Nicole Shanahan,22
Washington,305,President,candidate,Cornel West,1
Washington,305,President,candidate,Chase Oliver/Mike ter Maat,7
Washington,305,President,candidate,Randall Terry,1
Washington,305,President,candidate,Donald J Trump/JD Vance,527
Washington,305,President,candidate,Jill Stein/Rudolph Ware,5
Washington,305,President,candidate,Kamala D Harris/Tim Walz,380
Washington,305,President,writein,,3
Washington,305,President,overvotes,,0
Washington,305,President,undervotes,,8
Washington,306,President,ballots_cast,,581
Washington,306,President,registered,,796
Washington,306,President,total_votes,,574
Washington,306,President,candidate,Robert F Kennedy Jr/Nicole Shanahan,8
Washington,306,President,candidate,Cornel West,1
Washington,306,President,candidate,Chase Oliver/Mike ter Maat,2
Washington,306,President,candidate,Randall Terry,0
Washington,306,President,candidate,Donald J Trump/JD Vance,115
Washington,306,President,candidate,Jill Stein/Rudolph Ware,9
Washington,306,President,candidate,Kamala D Harris/Tim Walz,433
Washington,306,President,writein,,6
Washington,306,President,overvotes,,0
Washington,306,President,undervotes,,7
Washington,307,President,ballots_cast,,4511
Washington,307,President,registered,,6439
Washington,307,President,total_votes,,4474
Washington,307,President,candidate,Robert F Kennedy Jr/Nicole Shanahan,71
Washington,307,President,candidate,Cornel West,8
Washington,307,President,candidate,Chase Oliver/Mike ter Maat,25
Washington,307,President,candidate,Randall Terry,5
Washington,307,President,candidate,Donald J Trump/JD Vance,1710
Washington,307,President,candidate,Jill Stein/Rudolph Ware,39
Washington,307,President,candidate,Kamala D Harris/Tim Walz,2577
Washington,307,President,writein,,39
Washington,307,President,overvotes,,1
Washington,307,President,undervotes,,36
Washington,308,President,ballots_cast,,149
Washington,308,President,registered,,188
Washington,308,President,total_votes,,145
Washington,308,President,candidate,Robert F Kennedy Jr/Nicole Shanahan,0
Washington,308,President,candidate,Cornel West,0
Washington,308,President,candidate,Chase Oliver/Mike ter Maat,0
Washington,308,President,candidate,Randall Terry,2
Washington,308,President,candidate,Donald J Trump/JD Vance,67
Washington,308,President,candidate,Jill Stein/Rudolph Ware,1
Washington,308,President,candidate,Kamala D Harris/Tim Walz,73
Washington,308,President,writein,,2
Washington,308,President,overvotes,,0
Washington,308,President,undervotes,,4
Washington,309,President,ballots_cast,,4322
Washington,309,President,registered,,5870
Washington,309,President,total_votes,,4273
Washington,309,President,candidate,Robert F Kennedy Jr/Nicole Shanahan,72
Washington,309,President,candidate,Cornel West,8
Washington,309,President,candidate,Chase Oliver/Mike ter Maat,26
Washington,309,President,candidate,Randall Terry,3
Washington,309,President,candidate,Donald J Trump/JD Vance,1440
Washington,309,President,candidate,Jill Stein/Rudolph Ware,47
Washington,309,President,candidate,Kamala D Harris/Tim Walz,2639
Washington,309,President,writein,,38
Washington,309,President,overvotes,,3
Washington,309,President,undervotes,,46
Washington,310,President,ballots_cast,,616
Washington,310,President,registered,,752
Washington,310,President,total_votes,,611
Washington,310,President,candidate,Robert F Kennedy Jr/Nicole Shanahan,13
Washington,310,President,candidate,Cornel West,0
Washington,310,President,candidate,Chase Oliver/Mike ter Maat,3
Washington,310,President,candidate,Randall Terry,0
Washington,310,President,candidate,Donald J Trump/JD Vance,307
Washington,310,President,candidate,Jill Stein/Rudolph Ware,5
Washington,310,President,candidate,Kamala D Harris/Tim Walz,278
Washington,310,President,writein,,5
Washington,310,President,overvotes,,1
Washington,310,President,undervotes,,4
Washington,311,President,ballots_cast,,688
Washington,311,President,registered,,858
Washington,311,President,total_votes,,681
Washington,311,President,candidate,Robert F Kennedy Jr/Nicole Shanahan,13
Washington,311,President,candidate,Cornel West,5
Washington,311,President,candidate,Chase Oliver/Mike ter Maat,4
Washington,311,President,candidate,Randall Terry,0
Washington,311,President,candidate,Donald J Trump/JD Vance,359
Washington,311,President,candidate,Jill Stein/Rudolph Ware,5
Washington,311,President,candidate,Kamala D Harris/Tim Walz,291
Washington,311,President,writein,,4
Washington,311,President,overvotes,,0
Washington,311,President,undervotes,,7
Washington,312,President,ballots_cast,,1707
Washington,312,President,registered,,2148
Washington,312,President,total_votes,,1694
Washington,312,President,candidate,Robert F Kennedy Jr/Nicole Shanahan,31
Washington,312,President,candidate,Cornel West,2
Washington,312,President,candidate,Chase Oliver/Mike ter Maat,8
Washington,312,President,candidate,Randall Terry,2
Washington,312,President,candidate,Donald J Trump/JD Vance,959
Washington,312,President,candidate,Jill Stein/Rudolph Ware,12
Washington,312,President,candidate,Kamala D Harris/Tim Walz,670
Washington,312,President,writein,,10
Washington,312,President,overvotes,,0
Washington,312,President,undervotes,,13
Washington,313,President,ballots_cast,,3
Washington,313,President,registered,,3
Washington,313,President,total_votes,,3
Washington,313,President,candidate,Robert F Kennedy Jr/Nicole Shanahan,0
Washington,313,President,candidate,Cornel West,0
Washington,313,President,candidate,Chase Oliver/Mike ter Maat,0
Washington,313,President,candidate,Randall Terry,0
Washington,313,President,candidate,Donald J Trump/JD Vance,1
Washington,313,President,candidate,Jill Stein/Rudolph Ware,0
Washington,313,President,candidate,Kamala D Harris/Tim Walz,2
Washington,313,President,writein,,0
Washington,313,President,overvotes,,0
Washington,313,President,undervotes,,0
Washington,314,President,ballots_cast,,311
Washington,314,President,registered,,385
Washington,314,President,total_votes,,305
Washington,314,President,candidate,Robert F Kennedy Jr/Nicole Shanahan,4
Washington,314,President,candidate,Cornel West,0
Washington,314,President,candidate,Chase Oliver/Mike ter Maat,0
Washington,314,President,candidate,Randall Terry,0
Washington,314,President,candidate,Donald J Trump/JD Vance,190
Washington,314,President,candidate,Jill Stein/Rudolph Ware,2
Washington,314,President,candidate,Kamala D Harris/Tim Walz,105
Washington,314,President,writein,,4
Washington,314,President,overvotes,,0
Washington,314,President,undervotes,,6
Washington,315,President,ballots_cast,,493
Washington,315,President,registered,,577
Washington,315,President,total_votes,,486
Washington,315,President,candidate,Robert F Kennedy Jr/Nicole Shanahan,9
Washington,315,President,candidate,Cornel West,3
Washington,315,President,candidate,Chase Oliver/Mike ter Maat,1
Washington,315,President,candidate,Randall Terry,0
Washington,315,President,candidate,Donald J Trump/JD Vance,228
Washington,315,President,candidate,Jill Stein/Rudolph Ware,5
Washington,315,President,candidate,Kamala D Harris/Tim Walz,232
Washington,315,President,writein,,8
Washington,315,President,overvotes,,0
Washington,315,President,undervotes,,7
Washington,316,President,ballots_cast,,1728
Washington,316,President,registered,,2086
Washington,316,President,total_votes,,1706
Washington,316,President,candidate,Robert F Kennedy Jr/Nicole Shanahan,34
Washington,316,President,candidate,Cornel West,2
Washington,316,President,candidate,Chase Oliver/Mike ter Maat,6
Washington,316,President,candidate,Randall Terry,3
Washington,316,President,candidate,Donald J Trump/JD Vance,933
Washington,316,President,candidate,Jill Stein/Rudolph Ware,13
Washington,316,President,candidate,Kamala D Harris/Tim Walz,704
Washington,316,President,writein,,11
Washington,316,President,overvotes,,1
Washington,316,President,undervotes,,21
Washington,317,President,ballots_cast,,170
Washington,317,President,registered,,290
Washington,317,President,total_votes,,167
Washington,317,President,candidate,Robert F Kennedy Jr/Nicole Shanahan,3
Washington,317,President,candidate,Cornel West,1
Washington,317,President,candidate,Chase Oliver/Mike ter Maat,2
Washington,317,President,candidate,Randall Terry,0
Washington,317,President,candidate,Donald J Trump/JD Vance,83
Washington,317,President,candidate,Jill Stein/Rudolph Ware,0
Washington,317,President,candidate,Kamala D Harris/Tim Walz,77
Washington,317,President,writein,,1
Washington,317,President,overvotes,,0
Washington,317,President,undervotes,,3
Washington,318,President,ballots_cast,,3767
Washington,318,President,registered,,5355
Washington,318,President,total_votes,,3735
Washington,318,President,candidate,Robert F Kennedy Jr/Nicole Shanahan,64
Washington,318,President,candidate,Cornel West,6
Washington,318,President,candidate,Chase Oliver/Mike ter Maat,23
Washington,318,President,candidate,Randall Terry,4
Washington,318,President,candidate,Donald J Trump/JD Vance,1250
Washington,318,President,candidate,Jill Stein/Rudolph Ware,37
Washington,318,President,candidate,Kamala D Harris/Tim Walz,2324
Washington,318,President,writein,,27
Washington,318,President,overvotes,,2
Washington,318,President,undervotes,,30
Washington,319,President,ballots_cast,,5213
Washington,319,President,registered,,7387
Washington,319,President,total_votes,,5171
Washington,319,President,candidate,Robert F Kennedy Jr/Nicole Shanahan,69
Washington,319,President,candidate,Cornel West,10
Washington,319,President,candidate,Chase Oliver/Mike ter Maat,15
Washington,319,President,candidate,Randall Terry,8
Washington,319,President,candidate,Donald J Trump/JD Vance,1627
Washington,319,President,candidate,Jill Stein/Rudolph Ware,75
Washington,319,President,candidate,Kamala D Harris/Tim Walz,3335
Washington,319,President,writein,,32
Washington,319,President,overvotes,,4
Washington,319,President,undervotes,,38
Washington,320,President,ballots_cast,,1780
Washington,320,President,registered,,2427
Washington,320,President,total_votes,,1760
Washington,320,President,candidate,Robert F Kennedy Jr/Nicole Shanahan,38
Washington,320,President,candidate,Cornel West,4
Washington,320,President,candidate,Chase Oliver/Mike ter Maat,12
Washington,320,President,candidate,Randall Terry,3
Washington,320,President,candidate,Donald J Trump/JD Vance,549
Washington,320,President,candidate,Jill Stein/Rudolph Ware,20
Washington,320,President,candidate,Kamala D Harris/Tim Walz,1121
Washington,320,President,writein,,13
Washington,320,President,overvotes,,0
Washington,320,President,undervotes,,20
Washington,321,President,ballots_cast,,328
Washington,321,President,registered,,449
Washington,321,President,total_votes,,321
Washington,321,President,candidate,Robert F Kennedy Jr/Nicole Shanahan,11
Washington,321,President,candidate,Cornel West,0
Washington,321,President,candidate,Chase Oliver/Mike ter Maat,4
Washington,321,President,candidate,Randall Terry,0
Washington,321,President,candidate,Donald J Trump/JD Vance,190
Washington,321,President,candidate,Jill Stein/Rudolph Ware,0
Washington,321,President,candidate,Kamala D Harris/Tim Walz,111
Washington,321,President,writein,,5
Washington,321,President,overvotes,,0
Washington,321,President,undervotes,,7
Washington,322,President,ballots_cast,,269
Washington,322,President,registered,,362
Washington,322,President,total_votes,,267
Washington,322,President,candidate,Robert F Kennedy Jr/Nicole Shanahan,6
Washington,322,President,candidate,Cornel West,1
Washington,322,President,candidate,Chase Oliver/Mike ter Maat,4
Washington,322,President,candidate,Randall Terry,0
Washington,322,President,candidate,Donald J Trump/JD Vance,134
Washington,322,President,candidate,Jill Stein/Rudolph Ware,0
Washington,322,President,candidate,Kamala D Harris/Tim Walz,122
Washington,322,President,writein,,0
Washington,322,President,overvotes,,0
Washington,322,President,undervotes,,2
Washington,324,President,ballots_cast,,520
Washington,324,President,registered,,688
Washington,324,President,total_votes,,517
Washington,324,President,candidate,Robert F Kennedy Jr/Nicole Shanahan,4
Washington,324,President,candidate,Cornel West,0
Washington,324,President,candidate,Chase Oliver/Mike ter Maat,3
Washington,324,President,candidate,Randall Terry,0
Washington,324,President,candidate,Donald J Trump/JD Vance,295
Washington,324,President,candidate,Jill Stein/Rudolph Ware,1
Washington,324,President,candidate,Kamala D Harris/Tim Walz,208
Washington,324,President,writein,,6
Washington,324,President,overvotes,,0
Washington,324,President,undervotes,,3
Washington,325,President,ballots_cast,,156
Washington,325,President,registered,,287
Washington,325,President,total_votes,,155
Washington,325,President,candidate,Robert F Kennedy Jr/Nicole Shanahan,2
Washington,325,President,candidate,Cornel West,0
Washington,325,President,candidate,Chase Oliver/Mike ter Maat,1
Washington,325,President,candidate,Randall Terry,1
Washington,325,President,candidate,Donald J Trump/JD Vance,36
Washington,325,President,candidate,Jill Stein/Rudolph Ware,1
Washington,325,President,candidate,Kamala D Harris/Tim Walz,114
Washington,325,President,writein,,0
Washington,325,President,overvotes,,0
Washington,325,President,undervotes,,1
Washington,326,President,ballots_cast,,1900
Washington,326,President,registered,,2390
Washington,326,President,total_votes,,1882
Washington,326,President,candidate,Robert F Kennedy Jr/Nicole Shanahan,30
Washington,326,President,candidate,Cornel West,1
Washington,326,President,candidate,Chase Oliver/Mike ter Maat,13
Washington,326,President,candidate,Randall Terry,4
Washington,326,President,candidate,Donald J Trump/JD Vance,1147
Washington,326,President,candidate,Jill Stein/Rudolph Ware,10
Washington,326,President,candidate,Kamala D Harris/Tim Walz,661
Washington,326,President,writein,,16
Washington,326,President,overvotes,,2
Washington,326,President,undervotes,,16
Washington,327,President,ballots_cast,,5329
Washington,327,President,registered,,7091
Washington,327,President,total_votes,,5283
Washington,327,President,candidate,Robert F Kennedy Jr/Nicole Shanahan,77
Washington,327,President,candidate,Cornel West,11
Washington,327,President,candidate,Chase Oliver/Mike ter Maat,32
Washington,327,President,candidate,Randall Terry,5
Washington,327,President,candidate,Donald J Trump/JD Vance,1624
Washington,327,President,candidate,Jill Stein/Rudolph Ware,67
Washington,327,President,candidate,Kamala D Harris/Tim Walz,3427
Washington,327,President,writein,,40
Washington,327,President,overvotes,,4
Washington,327,President,undervotes,,42
Washington,328,President,ballots_cast,,933
Washington,328,President,registered,,1236
Washington,328,President,total_votes,,923
Washington,328,President,candidate,Robert F Kennedy Jr/Nicole Shanahan,16
Washington,328,President,candidate,Cornel West,1
Washington,328,President,candidate,Chase Oliver/Mike ter Maat,7
Washington,328,President,candidate,Randall Terry,1
Washington,328,President,candidate,Donald J Trump/JD Vance,487
Washington,328,President,candidate,Jill Stein/Rudolph Ware,6
Washington,328,President,candidate,Kamala D Harris/Tim Walz,398
Washington,328,President,writein,,7
Washington,328,President,overvotes,,1
Washington,328,President,undervotes,,9
Washington,329,President,ballots_cast,,7717
Washington,329,President,registered,,10184
Washington,329,President,total_votes,,7649
Washington,329,President,candidate,Robert F Kennedy Jr/Nicole Shanahan,120
Washington,329,President,candidate,Cornel West,18
Washington,329,President,candidate,Chase Oliver/Mike ter Maat,56
Washington,329,President,candidate,Randall Terry,7
Washington,329,President,candidate,Donald J Trump/JD Vance,2087
Washington,329,President,candidate,Jill Stein/Rudolph Ware,88
Washington,329,President,candidate,Kamala D Harris/Tim Walz,5222
Washington,329,President,writein,,51
Washington,329,President,overvotes,,3
Washington,329,President,undervotes,,65
Washington,330,President,ballots_cast,,2157
Washington,330,President,registered,,2705
Washington,330,President,total_votes,,2137
Washington,330,President,candidate,Robert F Kennedy Jr/Nicole Shanahan,43
Washington,330,President,candidate,Cornel West,6
Washington,330,President,candidate,Chase Oliver/Mike ter Maat,8
Washington,330,President,candidate,Randall Terry,0
Washington,330,President,candidate,Donald J Trump/JD Vance,976
Washington,330,President,candidate,Jill Stein/Rudolph Ware,21
Washington,330,President,candidate,Kamala D Harris/Tim Walz,1071
Washington,330,President,writein,,12
Washington,330,President,overvotes,,1
Washington,330,President,undervotes,,19
Washington,331,President,ballots_cast,,2404
Washington,331,President,registered,,3344
Washington,331,President,total_votes,,2383
Washington,331,President,candidate,Robert F Kennedy Jr/Nicole Shanahan,17
Washington,331,President,candidate,Cornel West,7
Washington,331,President,candidate,Chase Oliver/Mike ter Maat,14
Washington,331,President,candidate,Randall Terry,1
Washington,331,President,candidate,Donald J Trump/JD Vance,608
Washington,331,President,candidate,Jill Stein/Rudolph Ware,42
Washington,331,President,candidate,Kamala D Harris/Tim Walz,1678
Washington,331,President,writein,,16
Washington,331,President,overvotes,,1
Washington,331,President,undervotes,,20
Washington,332,President,ballots_cast,,2555
Washington,332,President,registered,,3748
Washington,332,President,total_votes,,2533
Washington,332,President,candidate,Robert F Kennedy Jr/Nicole Shanahan,32
Washington,332,President,candidate,Cornel West,8
Washington,332,President,candidate,Chase Oliver/Mike ter Maat,18
Washington,332,President,candidate,Randall Terry,5
Washington,332,President,candidate,Donald J Trump/JD Vance,576
Washington,332,President,candidate,Jill Stein/Rudolph Ware,37
Washington,332,President,candidate,Kamala D Harris/Tim Walz,1846
Washington,332,President,writein,,11
Washington,332,President,overvotes,,1
Washington,332,President,undervotes,,21
Washington,333,President,ballots_cast,,3631
Washington,333,President,registered,,5535
Washington,333,President,total_votes,,3610
Washington,333,President,candidate,Robert F Kennedy Jr/Nicole Shanahan,43
Washington,333,President,candidate,Cornel West,15
Washington,333,President,candidate,Chase Oliver/Mike ter Maat,9
Washington,333,President,candidate,Randall Terry,3
Washington,333,President,candidate,Donald J Trump/JD Vance,816
Washington,333,President,candidate,Jill Stein/Rudolph Ware,60
Washington,333,President,candidate,Kamala D Harris/Tim Walz,2646
Washington,333,President,writein,,18
Washington,333,President,overvotes,,1
Washington,333,President,undervotes,,20
Washington,334,President,ballots_cast,,137
Washington,334,President,registered,,162
Washington,334,President,total_votes,,137
Washington,334,President,candidate,Robert F Kennedy Jr/Nicole Shanahan,2
Washington,334,President,candidate,Cornel West,1
Washington,334,President,candidate,Chase Oliver/Mike ter Maat,1
Washington,334,President,candidate,Randall Terry,0
Washington,334,President,candidate,Donald J Trump/JD Vance,80
Washington,334,President,candidate,Jill Stein/Rudolph Ware,0
Washington,334,President,candidate,Kamala D Harris/Tim Walz,53
Washington,334,President,writein,,0
Washington,334,President,overvotes,,0
Washington,334,President,undervotes,,0
Washington,335,President,ballots_cast,,4278
Washington,335,President,registered,,5422
Washington,335,President,total_votes,,4224
Washington,335,President,candidate,Robert F Kennedy Jr/Nicole Shanahan,86
Washington,335,President,candidate,Cornel West,7
Washington,335,President,candidate,Chase Oliver/Mike ter Maat,26
Washington,335,President,candidate,Randall Terry,7
Washington,335,President,candidate,Donald J Trump/JD Vance,1516
Washington,335,President,candidate,Jill Stein/Rudolph Ware,39
Washington,335,President,candidate,Kamala D Harris/Tim Walz,2504
Washington,335,President,writein,,39
Washington,335,President,overvotes,,1
Washington,335,President,undervotes,,53
Washington,336,President,ballots_cast,,2958
Washington,336,President,registered,,4133
Washington,336,President,total_votes,,2929
Washington,336,President,candidate,Robert F Kennedy Jr/Nicole Shanahan,58
Washington,336,President,candidate,Cornel West,7
Washington,336,President,candidate,Chase Oliver/Mike ter Maat,14
Washington,336,President,candidate,Randall Terry,3
Washington,336,President,candidate,Donald J Trump/JD Vance,1066
Washington,336,President,candidate,Jill Stein/Rudolph Ware,36
Washington,336,President,candidate,Kamala D Harris/Tim Walz,1714
Washington,336,President,writein,,31
Washington,336,President,overvotes,,1
Washington,336,President,undervotes,,28
Washington,337,President,ballots_cast,,1089
Washington,337,President,registered,,2080
Washington,337,President,total_votes,,1074
Washington,337,President,candidate,Robert F Kennedy Jr/Nicole Shanahan,19
Washington,337,President,candidate,Cornel West,4
Washington,337,President,candidate,Chase Oliver/Mike ter Maat,6
Washington,337,President,candidate,Randall Terry,0
Washington,337,President,candidate,Donald J Trump/JD Vance,375
Washington,337,President,candidate,Jill Stein/Rudolph Ware,14
Washington,337,President,candidate,Kamala D Harris/Tim Walz,647
Washington,337,President,writein,,9
Washington,337,President,overvotes,,6
Washington,337,President,undervotes,,9
Washington,338,President,ballots_cast,,5188
Washington,338,President,registered,,8503
Washington,338,President,total_votes,,5146
Washington,338,President,candidate,Robert F Kennedy Jr/Nicole Shanahan,92
Washington,338,President,candidate,Cornel West,6
Washington,338,President,candidate,Chase Oliver/Mike ter Maat,24
Washington,338,President,candidate,Randall Terry,7
Washington,338,President,candidate,Donald J Trump/JD Vance,2104
Washington,338,President,candidate,Jill Stein/Rudolph Ware,34
Washington,338,President,candidate,Kamala D Harris/Tim Walz,2854
Washington,338,President,writein,,25
Washington,338,President,overvotes,,6
Washington,338,President,undervotes,,36
Washington,339,President,ballots_cast,,4834
Washington,339,President,registered,,7722
Washington,339,President,total_votes,,4796
Washington,339,President,candidate,Robert F Kennedy Jr/Nicole Shanahan,89
Washington,339,President,candidate,Cornel West,7
Washington,339,President,candidate,Chase Oliver/Mike ter Maat,17
Washington,339,President,candidate,Randall Terry,4
Washington,339,President,candidate,Donald J Trump/JD Vance,1963
Washington,339,President,candidate,Jill Stein/Rudolph Ware,39
Washington,339,President,candidate,Kamala D Harris/Tim Walz,2654
Washington,339,President,writein,,23
Washington,339,President,overvotes,,5
Washington,339,President,undervotes,,33
Washington,340,President,ballots_cast,,6965
Washington,340,President,registered,,9050
Washington,340,President,total_votes,,6891
Washington,340,President,candidate,Robert F Kennedy Jr/Nicole Shanahan,118
Washington,340,President,candidate,Cornel West,13
Washington,340,President,candidate,Chase Oliver/Mike ter Maat,35
Washington,340,President,candidate,Randall Terry,9
Washington,340,President,candidate,Donald J Trump/JD Vance,2835
Washington,340,President,candidate,Jill Stein/Rudolph Ware,48
Washington,340,President,candidate,Kamala D Harris/Tim Walz,3797
Washington,340,President,writein,,36
Washington,340,President,overvotes,,3
Washington,340,President,undervotes,,71
Washington,341,President,ballots_cast,,306
Washington,341,President,registered,,403
Washington,341,President,total_votes,,304
Washington,341,President,candidate,Robert F Kennedy Jr/Nicole Shanahan,1
Washington,341,President,candidate,Cornel West,1
Washington,341,President,candidate,Chase Oliver/Mike ter Maat,4
Washington,341,President,candidate,Randall Terry,0
Washington,341,President,candidate,Donald J Trump/JD Vance,163
Washington,341,President,candidate,Jill Stein/Rudolph Ware,2
Washington,341,President,candidate,Kamala D Harris/Tim Walz,131
Washington,341,President,writein,,2
Washington,341,President,overvotes,,0
Washington,341,President,undervotes,,2
Washington,342,President,ballots_cast,,63
Washington,342,President,registered,,70
Washington,342,President,total_votes,,63
Washington,342,President,candidate,Robert F Kennedy Jr/Nicole Shanahan,1
Washington,342,President,candidate,Cornel West,1
Washington,342,President,candidate,Chase Oliver/Mike ter Maat,0
Washington,342,President,candidate,Randall Terry,0
Washington,342,President,candidate,Donald J Trump/JD Vance,33
Washington,342,President,candidate,Jill Stein/Rudolph Ware,0
Washington,342,President,candidate,Kamala D Harris/Tim Walz,28
Washington,342,President,writein,,0
Washington,342,President,overvotes,,0
Washington,342,President,undervotes,,0
Washington,343,President,ballots_cast,,2616
Washington,343,President,registered,,3433
Washington,343,President,total_votes,,2590
Washington,343,President,candidate,Robert F Kennedy Jr/Nicole Shanahan,49
Washington,343,President,candidate,Cornel West,5
Washington,343,President,candidate,Chase Oliver/Mike ter Maat,9
Washington,343,President,candidate,Randall Terry,1
Washington,343,President,candidate,Donald J Trump/JD Vance,938
Washington,343,President,candidate,Jill Stein/Rudolph Ware,28
Washington,343,President,candidate,Kamala D Harris/Tim Walz,1531
Washington,343,President,writein,,29
Washington,343,President,overvotes,,3
Washington,343,President,undervotes,,23
Washington,344,President,ballots_cast,,2809
Washington,344,President,registered,,4441
Washington,344,President,total_votes,,2785
Washington,344,President,candidate,Robert F Kennedy Jr/Nicole Shanahan,54
Washington,344,President,candidate,Cornel West,10
Washington,344,President,candidate,Chase Oliver/Mike ter Maat,15
Washington,344,President,candidate,Randall Terry,2
Washington,344,President,candidate,Donald J Trump/JD Vance,877
Washington,344,President,candidate,Jill Stein/Rudolph Ware,38
Washington,344,President,candidate,Kamala D Harris/Tim Walz,1767
Washington,344,President,writein,,22
Washington,344,President,overvotes,,2
Washington,344,President,undervotes,,22
Washington,345,President,ballots_cast,,27
Washington,345,President,registered,,32
Washington,345,President,total_votes,,27
Washington,345,President,candidate,Robert F Kennedy Jr/Nicole Shanahan,0
Washington,345,President,candidate,Cornel West,0
Washington,345,President,candidate,Chase Oliver/Mike ter Maat,0
Washington,345,President,candidate,Randall Terry,0
Washington,345,President,candidate,Donald J Trump/JD Vance,13
Washington,345,President,candidate,Jill Stein/Rudolph Ware,0
Washington,345,President,candidate,Kamala D Harris/Tim Walz,14
Washington,345,President,writein,,0
Washington,345,President,overvotes,,0
Washington,345,President,undervotes,,0
Washington,346,President,ballots_cast,,275
Washington,346,President,registered,,377
Washington,346,President,total_votes,,273
Washington,346,President,candidate,Robert F Kennedy Jr/Nicole Shanahan,4
Washington,346,President,candidate,Cornel West,1
Washington,346,President,candidate,Chase Oliver/Mike ter Maat,1
Washington,346,President,candidate,Randall Terry,0
Washington,346,President,candidate,Donald J Trump/JD Vance,141
Washington,346,President,candidate,Jill Stein/Rudolph Ware,1
Washington,346,President,candidate,Kamala D Harris/Tim Walz,125
Washington,346,President,writein,,0
Washington,346,President,overvotes,,0
Washington,346,President,undervotes,,2
Washington,347,President,ballots_cast,,55
Washington,347,President,registered,,65
Washington,347,President,total_votes,,55
Washington,347,President,candidate,Robert F Kennedy Jr/Nicole Shanahan,0
Washington,347,President,candidate,Cornel West,0
Washington,347,President,candidate,Chase Oliver/Mike ter Maat,0
Washington,347,President,candidate,Randall Terry,0
Washington,347,President,candidate,Donald J Trump/JD Vance,30
Washington,347,President,candidate,Jill Stein/Rudolph Ware,0
Washington,347,President,candidate,Kamala D Harris/Tim Walz,25
Washington,347,President,writein,,0
Washington,347,President,overvotes,,0
Washington,347,President,undervotes,,0
Washington,348,President,ballots_cast,,27
Washington,348,President,registered,,36
Washington,348,President,total_votes,,26
Washington,348,President,candidate,Robert F Kennedy Jr/Nicole Shanahan,1
Washington,348,President,candidate,Cornel West,0
Washington,348,President,candidate,Chase Oliver/Mike ter Maat,1
Washington,348,President,candidate,Randall Terry,0
Washington,348,President,candidate,Donald J Trump/JD Vance,8
Washington,348,President,candidate,Jill Stein/Rudolph Ware,0
Washington,348,President,candidate,Kamala D Harris/Tim Walz,16
Washington,348,President,writein,,0
Washington,348,President,overvotes,,0
Washington,348,President,undervotes,,1
Washington,349,President,ballots_cast,,577
Washington,349,President,registered,,799
Washington,349,President,total_votes,,574
Washington,349,President,candidate,Robert F Kennedy Jr/Nicole Shanahan,4
Washington,349,President,candidate,Cornel West,1
Washington,349,President,candidate,Chase Oliver/Mike ter Maat,1
Washington,349,President,candidate,Randall Terry,0
Washington,349,President,candidate,Donald J Trump/JD Vance,150
Washington,349,President,candidate,Jill Stein/Rudolph Ware,5
Washington,349,President,candidate,Kamala D Harris/Tim Walz,408
Washington,349,President,writein,,5
Washington,349,President,overvotes,,1
Washington,349,President,undervotes,,2
Washington,350,President,ballots_cast,,6380
Washington,350,President,registered,,8736
Washington,350,President,total_votes,,6339
Washington,350,President,candidate,Robert F Kennedy Jr/Nicole Shanahan,100
Washington,350,President,candidate,Cornel West,18
Washington,350,President,candidate,Chase Oliver/Mike ter Maat,28
Washington,350,President,candidate,Randall Terry,3
Washington,350,President,candidate,Donald J Trump/JD Vance,1520
Washington,350,President,candidate,Jill Stein/Rudolph Ware,70
Washington,350,President,candidate,Kamala D Harris/Tim Walz,4548
Washington,350,President,writein,,52
Washington,350,President,overvotes,,1
Washington,350,President,undervotes,,40
Washington,351,President,ballots_cast,,3182
Washington,351,President,registered,,5180
Washington,351,President,total_votes,,3158
Washington,351,President,candidate,Robert F Kennedy Jr/Nicole Shanahan,41
Washington,351,President,candidate,Cornel West,6
Washington,351,President,candidate,Chase Oliver/Mike ter Maat,15
Washington,351,President,candidate,Randall Terry,2
Washington,351,President,candidate,Donald J Trump/JD Vance,953
Washington,351,President,candidate,Jill Stein/Rudolph Ware,50
Washington,351,President,candidate,Kamala D Harris/Tim Walz,2062
Washington,351,President,writein,,29
Washington,351,President,overvotes,,4
Washington,351,President,undervotes,,20
Washington,352,President,ballots_cast,,1141
Washington,352,President,registered,,1942
Washington,352,President,total_votes,,1132
Washington,352,President,candidate,Robert F Kennedy Jr/Nicole Shanahan,15
Washington,352,President,candidate,Cornel West,9
Washington,352,President,candidate,Chase Oliver/Mike ter Maat,4
Washington,352,President,candidate,Randall Terry,1
Washington,352,President,candidate,Donald J Trump/JD Vance,208
Washington,352,President,candidate,Jill Stein/Rudolph Ware,20
Washington,352,President,candidate,Kamala D Harris/Tim Walz,869
Washington,352,President,writein,,6
Washington,352,President,overvotes,,1
Washington,352,President,undervotes,,8
Washington,353,President,ballots_cast,,2235
Washington,353,President,registered,,2816
Washington,353,President,total_votes,,2209
Washington,353,President,candidate,Robert F Kennedy Jr/Nicole Shanahan,26
Washington,353,President,candidate,Cornel West,7
Washington,353,President,candidate,Chase Oliver/Mike ter Maat,12
Washington,353,President,candidate,Randall Terry,0
Washington,353,President,candidate,Donald J Trump/JD Vance,424
Washington,353,President,candidate,Jill Stein/Rudolph Ware,18
Washington,353,President,candidate,Kamala D Harris/Tim Walz,1705
Washington,353,President,writein,,17
Washington,353,President,overvotes,,1
Washington,353,President,undervotes,,25
Washington,354,President,ballots_cast,,1816
Washington,354,President,registered,,2255
Washington,354,President,total_votes,,1798
Washington,354,President,candidate,Robert F Kennedy Jr/Nicole Shanahan,12
Washington,354,President,candidate,Cornel West,2
Washington,354,President,candidate,Chase Oliver/Mike ter Maat,7
Washington,354,President,candidate,Randall Terry,0
Washington,354,President,candidate,Donald J Trump/JD Vance,464
Washington,354,President,candidate,Jill Stein/Rudolph Ware,16
Washington,354,President,candidate,Kamala D Harris/Tim Walz,1286
Washington,354,President,writein,,11
Washington,354,President,overvotes,,3
Washington,354,President,undervotes,,15
Washington,355,President,ballots_cast,,1370
Washington,355,President,registered,,1790
Washington,355,President,total_votes,,1357
Washington,355,President,candidate,Robert F Kennedy Jr/Nicole Shanahan,16
Washington,355,President,candidate,Cornel West,4
Washington,355,President,candidate,Chase Oliver/Mike ter Maat,10
Washington,355,President,candidate,Randall Terry,4
Washington,355,President,candidate,Donald J Trump/JD Vance,309
Washington,355,President,candidate,Jill Stein/Rudolph Ware,14
Washington,355,President,candidate,Kamala D Harris/Tim Walz,992
Washington,355,President,writein,,8
Washington,355,President,overvotes,,1
Washington,355,President,undervotes,,12
Washington,356,President,ballots_cast,,1668
Washington,356,President,registered,,2500
Washington,356,President,total_votes,,1652
Washington,356,President,candidate,Robert F Kennedy Jr/Nicole Shanahan,24
Washington,356,President,candidate,Cornel West,7
Washington,356,President,candidate,Chase Oliver/Mike ter Maat,8
Washington,356,President,candidate,Randall Terry,5
Washington,356,President,candidate,Donald J Trump/JD Vance,530
Washington,356,President,candidate,Jill Stein/Rudolph Ware,20
Washington,356,President,candidate,Kamala D Harris/Tim Walz,1045
Washington,356,President,writein,,13
Washington,356,President,overvotes,,2
Washington,356,President,undervotes,,14
Washington,357,President,ballots_cast,,814
Washington,357,President,registered,,1354
Washington,357,President,total_votes,,807
Washington,357,President,candidate,Robert F Kennedy Jr/Nicole Shanahan,6
Washington,357,President,candidate,Cornel West,2
Washington,357,President,candidate,Chase Oliver/Mike ter Maat,1
Washington,357,President,candidate,Randall Terry,0
Washington,357,President,candidate,Donald J Trump/JD Vance,256
Washington,357,President,candidate,Jill Stein/Rudolph Ware,10
Washington,357,President,candidate,Kamala D Harris/Tim Walz,531
Washington,357,President,writein,,1
Washington,357,President,overvotes,,2
Washington,357,President,undervotes,,5
Washington,358,President,ballots_cast,,2537
Washington,358,President,registered,,3368
Washington,358,President,total_votes,,2514
Washington,358,President,candidate,Robert F Kennedy Jr/Nicole Shanahan,23
Washington,358,President,candidate,Cornel West,3
Washington,358,President,candidate,Chase Oliver/Mike ter Maat,14
Washington,358,President,candidate,Randall Terry,0
Washington,358,President,candidate,Donald J Trump/JD Vance,672
Washington,358,President,candidate,Jill Stein/Rudolph Ware,25
Washington,358,President,candidate,Kamala D Harris/Tim Walz,1756
Washington,358,President,writein,,21
Washington,358,President,overvotes,,0
Washington,358,President,undervotes,,23
Washington,359,President,ballots_cast,,2336
Washington,359,President,registered,,3149
Washington,359,President,total_votes,,2312
Washington,359,President,candidate,Robert F Kennedy Jr/Nicole Shanahan,23
Washington,359,President,candidate,Cornel West,8
Washington,359,President,candidate,Chase Oliver/Mike ter Maat,9
Washington,359,President,candidate,Randall Terry,4
Washington,359,President,candidate,Donald J Trump/JD Vance,551
Washington,359,President,candidate,Jill Stein/Rudolph Ware,30
Washington,359,President,candidate,Kamala D Harris/Tim Walz,1663
Washington,359,President,writein,,24
Washington,359,President,overvotes,,4
Washington,359,President,undervotes,,20
Washington,360,President,ballots_cast,,2850
Washington,360,President,registered,,4158
Washington,360,President,total_votes,,2824
Washington,360,President,candidate,Robert F Kennedy Jr/Nicole Shanahan,35
Washington,360,President,candidate,Cornel West,10
Washington,360,President,candidate,Chase Oliver/Mike ter Maat,17
Washington,360,President,candidate,Randall Terry,1
Washington,360,President,candidate,Donald J Trump/JD Vance,720
Washington,360,President,candidate,Jill Stein/Rudolph Ware,47
Washington,360,President,candidate,Kamala D Harris/Tim Walz,1979
Washington,360,President,writein,,15
Washington,360,President,overvotes,,1
Washington,360,President,undervotes,,25
Washington,361,President,ballots_cast,,2064
Washington,361,President,registered,,3060
Washington,361,President,total_votes,,2046
Washington,361,President,candidate,Robert F Kennedy Jr/Nicole Shanahan,25
Washington,361,President,candidate,Cornel West,3
Washington,361,President,candidate,Chase Oliver/Mike ter Maat,8
Washington,361,President,candidate,Randall Terry,1
Washington,361,President,candidate,Donald J Trump/JD Vance,412
Washington,361,President,candidate,Jill Stein/Rudolph Ware,30
Washington,361,President,candidate,Kamala D Harris/Tim Walz,1558
Washington,361,President,writein,,9
Washington,361,President,overvotes,,1
Washington,361,President,undervotes,,17
Washington,362,President,ballots_cast,,6348
Washington,362,President,registered,,7979
Washington,362,President,total_votes,,6283
Washington,362,President,candidate,Robert F Kennedy Jr/Nicole Shanahan,87
Washington,362,President,candidate,Cornel West,23
Washington,362,President,candidate,Chase Oliver/Mike ter Maat,43
Washington,362,President,candidate,Randall Terry,2
Washington,362,President,candidate,Donald J Trump/JD Vance,1537
Washington,362,President,candidate,Jill Stein/Rudolph Ware,60
Washington,362,President,candidate,Kamala D Harris/Tim Walz,4471
Washington,362,President,writein,,60
Washington,362,President,overvotes,,4
Washington,362,President,undervotes,,61
Washington,363,President,ballots_cast,,2946
Washington,363,President,registered,,3775
Washington,363,President,total_votes,,2910
Washington,363,President,candidate,Robert F Kennedy Jr/Nicole Shanahan,35
Washington,363,President,candidate,Cornel West,9
Washington,363,President,candidate,Chase Oliver/Mike ter Maat,20
Washington,363,President,candidate,Randall Terry,1
Washington,363,President,candidate,Donald J Trump/JD Vance,698
Washington,363,President,candidate,Jill Stein/Rudolph Ware,31
Washington,363,President,candidate,Kamala D Harris/Tim Walz,2097
Washington,363,President,writein,,19
Washington,363,President,overvotes,,3
Washington,363,President,undervotes,,33
Washington,364,President,ballots_cast,,4497
Washington,364,President,registered,,5420
Washington,364,President,total_votes,,4432
Washington,364,President,candidate,Robert F Kennedy Jr/Nicole Shanahan,63
Washington,364,President,candidate,Cornel West,13
Washington,364,President,candidate,Chase Oliver/Mike ter Maat,25
Washington,364,President,candidate,Randall Terry,4
Washington,364,President,candidate,Donald J Trump/JD Vance,997
Washington,364,President,candidate,Jill Stein/Rudolph Ware,69
Washington,364,President,candidate,Kamala D Harris/Tim Walz,3215
Washington,364,President,writein,,46
Washington,364,President,overvotes,,1
Washington,364,President,undervotes,,64
Washington,365,President,ballots_cast,,4651
Washington,365,President,registered,,5419
Washington,365,President,total_votes,,4592
Washington,365,President,candidate,Robert F Kennedy Jr/Nicole Shanahan,49
Washington,365,President,candidate,Cornel West,13
Washington,365,President,candidate,Chase Oliver/Mike ter Maat,24
Washington,365,President,candidate,Randall Terry,1
Washington,365,President,candidate,Donald J Trump/JD Vance,915
Washington,365,President,candidate,Jill Stein/Rudolph Ware,46
Washington,365,President,candidate,Kamala D Harris/Tim Walz,3510
Washington,365,President,writein,,34
Washington,365,President,overvotes,,0
Washington,365,President,undervotes,,59
Washington,366,President,ballots_cast,,1650
Washington,366,President,registered,,2203
Washington,366,President,total_votes,,1629
Washington,366,President,candidate,Robert F Kennedy Jr/Nicole Shanahan,21
Washington,366,President,candidate,Cornel West,4
Washington,366,President,candidate,Chase Oliver/Mike ter Maat,7
Washington,366,President,candidate,Randall Terry,0
Washington,366,President,candidate,Donald J Trump/JD Vance,287
Washington,366,President,candidate,Jill Stein/Rudolph Ware,26
Washington,366,President,candidate,Kamala D Harris/Tim Walz,1268
Washington,366,President,writein,,16
Washington,366,President,overvotes,,0
Washington,366,President,undervotes,,21
Washington,367,President,ballots_cast,,4294
Washington,367,President,registered,,5549
Washington,367,President,total_votes,,4251
Washington,367,President,candidate,Robert F Kennedy Jr/Nicole Shanahan,44
Washington,367,President,candidate,Cornel West,8
Washington,367,President,candidate,Chase Oliver/Mike ter Maat,24
Washington,367,President,candidate,Randall Terry,2
Washington,367,President,candidate,Donald J Trump/JD Vance,1024
Washington,367,President,candidate,Jill Stein/Rudolph Ware,85
Washington,367,President,candidate,Kamala D Harris/Tim Walz,3030
Washington,367,President,writein,,34
Washington,367,President,overvotes,,1
Washington,367,President,undervotes,,42
Washington,368,President,ballots_cast,,3813
Washington,368,President,registered,,4976
Washington,368,President,total_votes,,3783
Washington,368,President,candidate,Robert F Kennedy Jr/Nicole Shanahan,40
Washington,368,President,candidate,Cornel West,9
Washington,368,President,candidate,Chase Oliver/Mike ter Maat,22
Washington,368,President,candidate,Randall Terry,8
Washington,368,President,candidate,Donald J Trump/JD Vance,980
Washington,368,President,candidate,Jill Stein/Rudolph Ware,54
Washington,368,President,candidate,Kamala D Harris/Tim Walz,2639
Washington,368,President,writein,,31
Washington,368,President,overvotes,,2
Washington,368,President,undervotes,,28
Washington,369,President,ballots_cast,,1665
Washington,369,President,registered,,2140
Washington,369,President,total_votes,,1639
Washington,369,President,candidate,Robert F Kennedy Jr/Nicole Shanahan,23
Washington,369,President,candidate,Cornel West,2
Washington,369,President,candidate,Chase Oliver/Mike ter Maat,11
Washington,369,President,candidate,Randall Terry,1
Washington,369,President,candidate,Donald J Trump/JD Vance,496
Washington,369,President,candidate,Jill Stein/Rudolph Ware,19
Washington,369,President,candidate,Kamala D Harris/Tim Walz,1074
Washington,369,President,writein,,13
Washington,369,President,overvotes,,2
Washington,369,President,undervotes,,24
Washington,370,President,ballots_cast,,2108
Washington,370,President,registered,,2627
Washington,370,President,total_votes,,2078
Washington,370,President,candidate,Robert F Kennedy Jr/Nicole Shanahan,24
Washington,370,President,candidate,Cornel West,4
Washington,370,President,candidate,Chase Oliver/Mike ter Maat,7
Washington,370,President,candidate,Randall Terry,1
Washington,370,President,candidate,Donald J Trump/JD Vance,613
Washington,370,President,candidate,Jill Stein/Rudolph Ware,12
Washington,370,President,candidate,Kamala D Harris/Tim Walz,1392
Washington,370,President,writein,,25
Washington,370,President,overvotes,,1
Washington,370,President,undervotes,,29
Washington,371,President,ballots_cast,,2044
Washington,371,President,registered,,2542
Washington,371,President,total_votes,,2022
Washington,371,President,candidate,Robert F Kennedy Jr/Nicole Shanahan,29
Washington,371,President,candidate,Cornel West,7
Washington,371,President,candidate,Chase Oliver/Mike ter Maat,12
Washington,371,President,candidate,Randall Terry,6
Washington,371,President,candidate,Donald J Trump/JD Vance,475
Washington,371,President,candidate,Jill Stein/Rudolph Ware,5
Washington,371,President,candidate,Kamala D Harris/Tim Walz,1461
Washington,371,President,writein,,27
Washington,371,President,overvotes,,1
Washington,371,President,undervotes,,21
Washington,372,President,ballots_cast,,1712
Washington,372,President,registered,,1989
Washington,372,President,total_votes,,1689
Washington,372,President,candidate,Robert F Kennedy Jr/Nicole Shanahan,20
Washington,372,President,candidate,Cornel West,4
Washington,372,President,candidate,Chase Oliver/Mike ter Maat,8
Washington,372,President,candidate,Randall Terry,1
Washington,372,President,candidate,Donald J Trump/JD Vance,356
Washington,372,President,candidate,Jill Stein/Rudolph Ware,8
Washington,372,President,candidate,Kamala D Harris/Tim Walz,1275
Washington,372,President,writein,,17
Washington,372,President,overvotes,,2
Washington,372,President,undervotes,,21
Washington,373,President,ballots_cast,,330
Washington,373,President,registered,,418
Washington,373,President,total_votes,,326
Washington,373,President,candidate,Robert F Kennedy Jr/Nicole Shanahan,5
Washington,373,President,candidate,Cornel West,0
Washington,373,President,candidate,Chase Oliver/Mike ter Maat,2
Washington,373,President,candidate,Randall Terry,0
Washington,373,President,candidate,Donald J Trump/JD Vance,132
Washington,373,President,candidate,Jill Stein/Rudolph Ware,4
Washington,373,President,candidate,Kamala D Harris/Tim Walz,177
Washington,373,President,writein,,6
Washington,373,President,overvotes,,0
Washington,373,President,undervotes,,4
Washington,374,President,ballots_cast,,9
Washington,374,President,registered,,11
Washington,374,President,total_votes,,9
Washington,374,President,candidate,Robert F Kennedy Jr/Nicole Shanahan,0
Washington,374,President,candidate,Cornel West,0
Washington,374,President,candidate,Chase Oliver/Mike ter Maat,0
Washington,374,President,candidate,Randall Terry,0
Washington,374,President,candidate,Donald J Trump/JD Vance,4
Washington,374,President,candidate,Jill Stein/Rudolph Ware,0
Washington,374,President,candidate,Kamala D Harris/Tim Walz,5
Washington,374,President,writein,,0
Washington,374,President,overvotes,,0
Washington,374,President,undervotes,,0
Washington,375,President,ballots_cast,,279
Washington,375,President,registered,,324
Washington,375,President,total_votes,,272
Washington,375,President,candidate,Robert F Kennedy Jr/Nicole Shanahan,3
Washington,375,President,candidate,Cornel West,0
Washington,375,President,candidate,Chase Oliver/Mike ter Maat,0
Washington,375,President,candidate,Randall Terry,0
Washington,375,President,candidate,Donald J Trump/JD Vance,52
Washington,375,President,candidate,Jill Stein/Rudolph Ware,8
Washington,375,President,candidate,Kamala D Harris/Tim Walz,206
Washington,375,President,writein,,3
Washington,375,President,overvotes,,1
Washington,375,President,undervotes,,6
Washington,376,President,ballots_cast,,1786
Washington,376,President,registered,,2268
Washington,376,President,total_votes,,1764
Washington,376,President,candidate,Robert F Kennedy Jr/Nicole Shanahan,16
Washington,376,President,candidate,Cornel West,5
Washington,376,President,candidate,Chase Oliver/Mike ter Maat,7
Washington,376,President,candidate,Randall Terry,3
Washington,376,President,candidate,Donald J Trump/JD Vance,492
Washington,376,President,candidate,Jill Stein/Rudolph Ware,31
Washington,376,President,candidate,Kamala D Harris/Tim Walz,1199
Washington,376,President,writein,,11
Washington,376,President,overvotes,,1
Washington,376,President,undervotes,,21
Washington,377,President,ballots_cast,,2275
Washington,377,President,registered,,2804
Washington,377,President,total_votes,,2254
Washington,377,President,candidate,Robert F Kennedy Jr/Nicole Shanahan,25
Washington,377,President,candidate,Cornel West,6
Washington,377,President,candidate,Chase Oliver/Mike ter Maat,15
Washington,377,President,candidate,Randall Terry,2
Washington,377,President,candidate,Donald J Trump/JD Vance,595
Washington,377,President,candidate,Jill Stein/Rudolph Ware,31
Washington,377,President,candidate,Kamala D Harris/Tim Walz,1558
Washington,377,President,writein,,22
Washington,377,President,overvotes,,1
Washington,377,President,undervotes,,20
Washington,378,President,ballots_cast,,947
Washington,378,President,registered,,1115
Washington,378,President,total_votes,,940
Washington,378,President,candidate,Robert F Kennedy Jr/Nicole Shanahan,10
Washington,378,President,candidate,Cornel West,1
Washington,378,President,candidate,Chase Oliver/Mike ter Maat,2
Washington,378,President,candidate,Randall Terry,0
Washington,378,President,candidate,Donald J Trump/JD Vance,176
Washington,378,President,candidate,Jill Stein/Rudolph Ware,6
Washington,378,President,candidate,Kamala D Harris/Tim Walz,743
Washington,378,President,writein,,2
Washington,378,President,overvotes,,1
Washington,378,President,undervotes,,6
Washington,379,President,ballots_cast,,3866
Washington,379,President,registered,,5133
Washington,379,President,total_votes,,3815
Washington,379,President,candidate,Robert F Kennedy Jr/Nicole Shanahan,54
Washington,379,President,candidate,Cornel West,10
Washington,379,President,candidate,Chase Oliver/Mike ter Maat,15
Washington,379,President,candidate,Randall Terry,1
Washington,379,President,candidate,Donald J Trump/JD Vance,975
Washington,379,President,candidate,Jill Stein/Rudolph Ware,29
Washington,379,President,candidate,Kamala D Harris/Tim Walz,2705
Washington,379,President,writein,,26
Washington,379,President,overvotes,,6
Washington,379,President,undervotes,,45
Washington,380,President,ballots_cast,,3035
Washington,380,President,registered,,3630
Washington,380,President,total_votes,,3002
Washington,380,President,candidate,Robert F Kennedy Jr/Nicole Shanahan,30
Washington,380,President,candidate,Cornel West,4
Washington,380,President,candidate,Chase Oliver/Mike ter Maat,14
Washington,380,President,candidate,Randall Terry,2
Washington,380,President,candidate,Donald J Trump/JD Vance,815
Washington,380,President,candidate,Jill Stein/Rudolph Ware,35
Washington,380,President,candidate,Kamala D Harris/Tim Walz,2083
Washington,380,President,writein,,19
Washington,380,President,overvotes,,1
Washington,380,President,undervotes,,32
Washington,381,President,ballots_cast,,476
Washington,381,President,registered,,606
Washington,381,President,total_votes,,467
Washington,381,President,candidate,Robert F Kennedy Jr/Nicole Shanahan,5
Washington,381,President,candidate,Cornel West,1
Washington,381,President,candidate,Chase Oliver/Mike ter Maat,1
Washington,381,President,candidate,Randall Terry,0
Washington,381,President,candidate,Donald J Trump/JD Vance,120
Washington,381,President,candidate,Jill Stein/Rudolph Ware,4
Washington,381,President,candidate,Kamala D Harris/Tim Walz,333
Washington,381,President,writein,,3
Washington,381,President,overvotes,,0
Washington,381,President,undervotes,,9
Washington,382,President,ballots_cast,,3911
Washington,382,President,registered,,6108
Washington,382,President,total_votes,,3872
Washington,382,President,candidate,Robert F Kennedy Jr/Nicole Shanahan,74
Washington,382,President,candidate,Cornel West,10
Washington,382,President,candidate,Chase Oliver/Mike ter Maat,18
Washington,382,President,candidate,Randall Terry,5
Washington,382,President,candidate,Donald J Trump/JD Vance,1313
Washington,382,President,candidate,Jill Stein/Rudolph Ware,39
Washington,382,President,candidate,Kamala D Harris/Tim Walz,2394
Washington,382,President,writein,,19
Washington,382,President,overvotes,,5
Washington,382,President,undervotes,,34
Washington,383,President,ballots_cast,,1576
Washington,383,President,registered,,2002
Washington,383,President,total_votes,,1560
Washington,383,President,candidate,Robert F Kennedy Jr/Nicole Shanahan,17
Washington,383,President,candidate,Cornel West,6
Washington,383,President,candidate,Chase Oliver/Mike ter Maat,3
Washington,383,President,candidate,Randall Terry,0
Washington,383,President,candidate,Donald J Trump/JD Vance,318
Washington,383,President,candidate,Jill Stein/Rudolph Ware,20
Washington,383,President,candidate,Kamala D Harris/Tim Walz,1178
Washington,383,President,writein,,18
Washington,383,President,overvotes,,3
Washington,383,President,undervotes,,13
Washington,384,President,ballots_cast,,4511
Washington,384,President,registered,,5476
Washington,384,President,total_votes,,4472
Washington,384,President,candidate,Robert F Kennedy Jr/Nicole Shanahan,60
Washington,384,President,candidate,Cornel West,16
Washington,384,President,candidate,Chase Oliver/Mike ter Maat,20
Washington,384,President,candidate,Randall Terry,3
Washington,384,President,candidate,Donald J Trump/JD Vance,830
Washington,384,President,candidate,Jill Stein/Rudolph Ware,36
Washington,384,President,candidate,Kamala D Harris/Tim Walz,3478
Washington,384,President,writein,,29
Washington,384,President,overvotes,,0
Washington,384,President,undervotes,,39
Washington,385,President,ballots_cast,,776
Washington,385,President,registered,,878
Washington,385,President,total_votes,,762
Washington,385,President,candidate,Robert F Kennedy Jr/Nicole Shanahan,8
Washington,385,President,candidate,Cornel West,1
Washington,385,President,candidate,Chase Oliver/Mike ter Maat,4
Washington,385,President,candidate,Randall Terry,1
Washington,385,President,candidate,Donald J Trump/JD Vance,158
Washington,385,President,candidate,Jill Stein/Rudolph Ware,7
Washington,385,President,candidate,Kamala D Harris/Tim Walz,562
Washington,385,President,writein,,21
Washington,385,President,overvotes,,0
Washington,385,President,undervotes,,14
Washington,386,President,ballots_cast,,1955
Washington,386,President,registered,,2212
Washington,386,President,total_votes,,1928
Washington,386,President,candidate,Robert F Kennedy Jr/Nicole Shanahan,15
Washington,386,President,candidate,Cornel West,5
Washington,386,President,candidate,Chase Oliver/Mike ter Maat,6
Washington,386,President,candidate,Randall Terry,1
Washington,386,President,candidate,Donald J Trump/JD Vance,366
Washington,386,President,candidate,Jill Stein/Rudolph Ware,17
Washington,386,President,candidate,Kamala D Harris/Tim Walz,1495
Washington,386,President,writein,,23
Washington,386,President,overvotes,,0
Washington,386,President,undervotes,,27
Washington,387,President,ballots_cast,,21
Washington,387,President,registered,,46
Washington,387,President,total_votes,,21
Washington,387,President,candidate,Robert F Kennedy Jr/Nicole Shanahan,0
Washington,387,President,candidate,Cornel West,0
Washington,387,President,candidate,Chase Oliver/Mike ter Maat,0
Washington,387,President,candidate,Randall Terry,0
Washington,387,President,candidate,Donald J Trump/JD Vance,9
Washington,387,President,candidate,Jill Stein/Rudolph Ware,0
Washington,387,President,candidate,Kamala D Harris/Tim Walz,12
Washington,387,President,writein,,0
Washington,387,President,overvotes,,0
Washington,387,President,undervotes,,0
Washington,388,President,ballots_cast,,250
Washington,388,President,registered,,370
Washington,388,President,total_votes,,248
Washington,388,President,candidate,Robert F Kennedy Jr/Nicole Shanahan,1
Washington,388,President,candidate,Cornel West,2
Washington,388,President,candidate,Chase Oliver/Mike ter Maat,0
Washington,388,President,candidate,Randall Terry,0
Washington,388,President,candidate,Donald J Trump/JD Vance,61
Washington,388,President,candidate,Jill Stein/Rudolph Ware,2
Washington,388,President,candidate,Kamala D Harris/Tim Walz,181
Washington,388,President,writein,,1
Washington,388,President,overvotes,,0
Washington,388,President,undervotes,,2
Washington,389,President,ballots_cast,,7683
Washington,389,President,registered,,9689
Washington,389,President,total_votes,,7604
Washington,389,President,candidate,Robert F Kennedy Jr/Nicole Shanahan,88
Washington,389,President,candidate,Cornel West,11
Washington,389,President,candidate,Chase Oliver/Mike ter Maat,39
Washington,389,President,candidate,Randall Terry,3
Washington,389,President,candidate,Donald J Trump/JD Vance,2026
Washington,389,President,candidate,Jill Stein/Rudolph Ware,110
Washington,389,President,candidate,Kamala D Harris/Tim Walz,5246
Washington,389,President,writein,,81
Washington,389,President,overvotes,,1
Washington,389,President,undervotes,,78
Washington,390,President,ballots_cast,,2109
Washington,390,President,registered,,2643
Washington,390,President,total_votes,,2079
Washington,390,President,candidate,Robert F Kennedy Jr/Nicole Shanahan,26
Washington,390,President,candidate,Cornel West,1
Washington,390,President,candidate,Chase Oliver/Mike ter Maat,6
Washington,390,President,candidate,Randall Terry,0
Washington,390,President,candidate,Donald J Trump/JD Vance,584
Washington,390,President,candidate,Jill Stein/Rudolph Ware,13
Washington,390,President,candidate,Kamala D Harris/Tim Walz,1432
Washington,390,President,writein,,17
Washington,390,President,overvotes,,3
Washington,390,President,undervotes,,27
Washington,391,President,ballots_cast,,406
Washington,391,President,registered,,551
Washington,391,President,total_votes,,402
Washington,391,President,candidate,Robert F Kennedy Jr/Nicole Shanahan,1
Washington,391,President,candidate,Cornel West,0
Washington,391,President,candidate,Chase Oliver/Mike ter Maat,0
Washington,391,President,candidate,Randall Terry,0
Washington,391,President,candidate,Donald J Trump/JD Vance,69
Washington,391,President,candidate,Jill Stein/Rudolph Ware,2
Washington,391,President,candidate,Kamala D Harris/Tim Walz,327
Washington,391,President,writein,,3
Washington,391,President,overvotes,,0
Washington,391,President,undervotes,,4
Washington,392,President,ballots_cast,,112
Washington,392,President,registered,,155
Washington,392,President,total_votes,,109
Washington,392,President,candidate,Robert F Kennedy Jr/Nicole Shanahan,1
Washington,392,President,candidate,Cornel West,0
Washington,392,President,candidate,Chase Oliver/Mike ter Maat,1
Washington,392,President,candidate,Randall Terry,0
Washington,392,President,candidate,Donald J Trump/JD Vance,19
Washington,392,President,candidate,Jill Stein/Rudolph Ware,1
Washington,392,President,candidate,Kamala D Harris/Tim Walz,86
Washington,392,President,writein,,1
Washington,392,President,overvotes,,0
Washington,392,President,undervotes,,3
Washington,393,President,ballots_cast,,631
Washington,393,President,registered,,713
Washington,393,President,total_votes,,622
Washington,393,President,candidate,Robert F Kennedy Jr/Nicole Shanahan,5
Washington,393,President,candidate,Cornel West,2
Washington,393,President,candidate,Chase Oliver/Mike ter Maat,3
Washington,393,President,candidate,Randall Terry,0
Washington,393,President,candidate,Donald J Trump/JD Vance,97
Washington,393,President,candidate,Jill Stein/Rudolph Ware,8
Washington,393,President,candidate,Kamala D Harris/Tim Walz,503
Washington,393,President,writein,,4
Washington,393,President,overvotes,,0
Washington,393,President,undervotes,,9
Washington,394,President,ballots_cast,,249
Washington,394,President,registered,,353
Washington,394,President,total_votes,,249
Washington,394,President,candidate,Robert F Kennedy Jr/Nicole Shanahan,7
Washington,394,President,candidate,Cornel West,0
Washington,394,President,candidate,Chase Oliver/Mike ter Maat,2
Washington,394,President,candidate,Randall Terry,0
Washington,394,President,candidate,Donald J Trump/JD Vance,67
Washington,394,President,candidate,Jill Stein/Rudolph Ware,3
Washington,394,President,candidate,Kamala D Harris/Tim Walz,164
Washington,394,President,writein,,6
Washington,394,President,overvotes,,0
Washington,394,President,undervotes,,0
Washington,395,President,ballots_cast,,5420
Washington,395,President,registered,,7163
Washington,395,President,total_votes,,5371
Washington,395,President,candidate,Robert F Kennedy Jr/Nicole Shanahan,58
Washington,395,President,candidate,Cornel West,12
Washington,395,President,candidate,Chase Oliver/Mike ter Maat,33
Washington,395,President,candidate,Randall Terry,3
Washington,395,President,candidate,Donald J Trump/JD Vance,1433
Washington,395,President,candidate,Jill Stein/Rudolph Ware,57
Washington,395,President,candidate,Kamala D Harris/Tim Walz,3714
Washington,395,President,writein,,61
Washington,395,President,overvotes,,1
Washington,395,President,undervotes,,48
Washington,396,President,ballots_cast,,837
Washington,396,President,registered,,1093
Washington,396,President,total_votes,,823
Washington,396,President,candidate,Robert F Kennedy Jr/Nicole Shanahan,9
Washington,396,President,candidate,Cornel West,3
Washington,396,President,candidate,Chase Oliver/Mike ter Maat,8
Washington,396,President,candidate,Randall Terry,0
Washington,396,President,candidate,Donald J Trump/JD Vance,228
Washington,396,President,candidate,Jill Stein/Rudolph Ware,9
Washington,396,President,candidate,Kamala D Harris/Tim Walz,558
Washington,396,President,writein,,8
Washington,396,President,overvotes,,0
Washington,396,President,undervotes,,14
Washington,397,President,ballots_cast,,2944
Washington,397,President,registered,,3691
Washington,397,President,total_votes,,2920
Washington,397,President,candidate,Robert F Kennedy Jr/Nicole Shanahan,64
Washington,397,President,candidate,Cornel West,1
Washington,397,President,candidate,Chase Oliver/Mike ter Maat,10
Washington,397,President,candidate,Randall Terry,2
Washington,397,President,candidate,Donald J Trump/JD Vance,1023
Washington,397,President,candidate,Jill Stein/Rudolph Ware,28
Washington,397,President,candidate,Kamala D Harris/Tim Walz,1773
Washington,397,President,writein,,19
Washington,397,President,overvotes,,1
Washington,397,President,undervotes,,23
Washington,398,President,ballots_cast,,1774
Washington,398,President,registered,,2191
Washington,398,President,total_votes,,1754
Washington,398,President,candidate,Robert F Kennedy Jr/Nicole Shanahan,26
Washington,398,President,candidate,Cornel West,4
Washington,398,President,candidate,Chase Oliver/Mike ter Maat,12
Washington,398,President,candidate,Randall Terry,1
Washington,398,President,candidate,Donald J Trump/JD Vance,618
Washington,398,President,candidate,Jill Stein/Rudolph Ware,34
Washington,398,President,candidate,Kamala D Harris/Tim Walz,1032
Washington,398,President,writein,,27
Washington,398,President,overvotes,,0
Washington,398,President,undervotes,,20
Washington,399,President,ballots_cast,,2222
Washington,399,President,registered,,2860
Washington,399,President,total_votes,,2205
Washington,399,President,candidate,Robert F Kennedy Jr/Nicole Shanahan,20
Washington,399,President,candidate,Cornel West,6
Washington,399,President,candidate,Chase Oliver/Mike ter Maat,12
Washington,399,President,candidate,Randall Terry,4
Washington,399,President,candidate,Donald J Trump/JD Vance,605
Washington,399,President,candidate,Jill Stein/Rudolph Ware,20
Washington,399,President,candidate,Kamala D Harris/Tim Walz,1526
Washington,399,President,writein,,12
Washington,399,President,overvotes,,0
Washington,399,President,undervotes,,17
Washington,400,President,ballots_cast,,3530
Washington,400,President,registered,,4835
Washington,400,President,total_votes,,3485
Washington,400,President,candidate,Robert F Kennedy Jr/Nicole Shanahan,45
Washington,400,President,candidate,Cornel West,8
Washington,400,President,candidate,Chase Oliver/Mike ter Maat,14
Washington,400,President,candidate,Randall Terry,3
Washington,400,President,candidate,Donald J Trump/JD Vance,954
Washington,400,President,candidate,Jill Stein/Rudolph Ware,40
Washington,400,President,candidate,Kamala D Harris/Tim Walz,2400
Washington,400,President,writein,,21
Washington,400,President,overvotes,,5
Washington,400,President,undervotes,,40
Washington,401,President,ballots_cast,,1868
Washington,401,President,registered,,2186
Washington,401,President,total_votes,,1849
Washington,401,President,candidate,Robert F Kennedy Jr/Nicole Shanahan,22
Washington,401,President,candidate,Cornel West,4
Washington,401,President,candidate,Chase Oliver/Mike ter Maat,10
Washington,401,President,candidate,Randall Terry,0
Washington,401,President,candidate,Donald J Trump/JD Vance,345
Washington,401,President,candidate,Jill Stein/Rudolph Ware,14
Washington,401,President,candidate,Kamala D Harris/Tim Walz,1449
Washington,401,President,writein,,5
Washington,401,President,overvotes,,1
Washington,401,President,undervotes,,18
Washington,402,President,ballots_cast,,6434
Washington,402,President,registered,,8042
Washington,402,President,total_votes,,6356
Washington,402,President,candidate,Robert F Kennedy Jr/Nicole Shanahan,95
Washington,402,President,candidate,Cornel West,2
Washington,402,President,candidate,Chase Oliver/Mike ter Maat,26
Washington,402,President,candidate,Randall Terry,2
Washington,402,President,candidate,Donald J Trump/JD Vance,2125
Washington,402,President,candidate,Jill Stein/Rudolph Ware,79
Washington,402,President,candidate,Kamala D Harris/Tim Walz,3973
Washington,402,President,writein,,54
Washington,402,President,overvotes,,0
Washington,402,President,undervotes,,78
Washington,403,President,ballots_cast,,1378
Washington,403,President,registered,,1708
Washington,403,President,total_votes,,1367
Washington,403,President,candidate,Robert F Kennedy Jr/Nicole Shanahan,14
Washington,403,President,candidate,Cornel West,2
Washington,403,President,candidate,Chase Oliver/Mike ter Maat,6
Washington,403,President,candidate,Randall Terry,1
Washington,403,President,candidate,Donald J Trump/JD Vance,395
Washington,403,President,candidate,Jill Stein/Rudolph Ware,31
Washington,403,President,candidate,Kamala D Harris/Tim Walz,904
Washington,403,President,writein,,14
Washington,403,President,overvotes,,0
Washington,403,President,undervotes,,11
Washington,404,President,ballots_cast,,5930
Washington,404,President,registered,,7979
Washington,404,President,total_votes,,5864
Washington,404,President,candidate,Robert F Kennedy Jr/Nicole Shanahan,92
Washington,404,President,candidate,Cornel West,17
Washington,404,President,candidate,Chase Oliver/Mike ter Maat,35
Washington,404,President,candidate,Randall Terry,5
Washington,404,President,candidate,Donald J Trump/JD Vance,1688
Washington,404,President,candidate,Jill Stein/Rudolph Ware,61
Washington,404,President,candidate,Kamala D Harris/Tim Walz,3926
Washington,404,President,writein,,40
Washington,404,President,overvotes,,4
Washington,404,President,undervotes,,62
Washington,405,President,ballots_cast,,7583
Washington,405,President,registered,,9349
Washington,405,President,total_votes,,7490
Washington,405,President,candidate,Robert F Kennedy Jr/Nicole Shanahan,114
Washington,405,President,candidate,Cornel West,16
Washington,405,President,candidate,Chase Oliver/Mike ter Maat,37
Washington,405,President,candidate,Randall Terry,6
Washington,405,President,candidate,Donald J Trump/JD Vance,2175
Washington,405,President,candidate,Jill Stein/Rudolph Ware,50
Washington,405,President,candidate,Kamala D Harris/Tim Walz,5037
Washington,405,President,writein,,55
Washington,405,President,overvotes,,7
Washington,405,President,undervotes,,86
Washington,406,President,ballots_cast,,2042
Washington,406,President,registered,,2637
Washington,406,President,total_votes,,2022
Washington,406,President,candidate,Robert F Kennedy Jr/Nicole Shanahan,31
Washington,406,President,candidate,Cornel West,9
Washington,406,President,candidate,Chase Oliver/Mike ter Maat,10
Washington,406,President,candidate,Randall Terry,1
Washington,406,President,candidate,Donald J Trump/JD Vance,351
Washington,406,President,candidate,Jill Stein/Rudolph Ware,25
Washington,406,President,candidate,Kamala D Harris/Tim Walz,1575
Washington,406,President,writein,,20
Washington,406,President,overvotes,,0
Washington,406,President,undervotes,,20
Washington,407,President,ballots_cast,,873
Washington,407,President,registered,,993
Washington,407,President,total_votes,,858
Washington,407,President,candidate,Robert F Kennedy Jr/Nicole Shanahan,5
Washington,407,President,candidate,Cornel West,1
Washington,407,President,candidate,Chase Oliver/Mike ter Maat,4
Washington,407,President,candidate,Randall Terry,1
Washington,407,President,candidate,Donald J Trump/JD Vance,191
Washington,407,President,candidate,Jill Stein/Rudolph Ware,4
Washington,407,President,candidate,Kamala D Harris/Tim Walz,637
Washington,407,President,writein,,15
Washington,407,President,overvotes,,0
Washington,407,President,undervotes,,15
Washington,408,President,ballots_cast,,322
Washington,408,President,registered,,405
Washington,408,President,total_votes,,315
Washington,408,President,candidate,Robert F Kennedy Jr/Nicole Shanahan,5
Washington,408,President,candidate,Cornel West,3
Washington,408,President,candidate,Chase Oliver/Mike ter Maat,1
Washington,408,President,candidate,Randall Terry,0
Washington,408,President,candidate,Donald J Trump/JD Vance,66
Washington,408,President,candidate,Jill Stein/Rudolph Ware,3
Washington,408,President,candidate,Kamala D Harris/Tim Walz,235
Washington,408,President,writein,,2
Washington,408,President,overvotes,,1
Washington,408,President,undervotes,,6
Washington,409,President,ballots_cast,,4527
Washington,409,President,registered,,5979
Washington,409,President,total_votes,,4479
Washington,409,President,candidate,Robert F Kennedy Jr/Nicole Shanahan,46
Washington,409,President,candidate,Cornel West,9
Washington,409,President,candidate,Chase Oliver/Mike ter Maat,23
Washington,409,President,candidate,Randall Terry,4
Washington,409,President,candidate,Donald J Trump/JD Vance,1300
Washington,409,President,candidate,Jill Stein/Rudolph Ware,59
Washington,409,President,candidate,Kamala D Harris/Tim Walz,3006
Washington,409,President,writein,,32
Washington,409,President,overvotes,,4
Washington,409,President,undervotes,,44
Washington,410,President,ballots_cast,,1324
Washington,410,President,registered,,1739
Washington,410,President,total_votes,,1312
Washington,410,President,candidate,Robert F Kennedy Jr/Nicole Shanahan,14
Washington,410,President,candidate,Cornel West,10
Washington,410,President,candidate,Chase Oliver/Mike ter Maat,6
Washington,410,President,candidate,Randall Terry,0
Washington,410,President,candidate,Donald J Trump/JD Vance,433
Washington,410,President,candidate,Jill Stein/Rudolph Ware,26
Washington,410,President,candidate,Kamala D Harris/Tim Walz,810
Washington,410,President,writein,,13
Washington,410,President,overvotes,,0
Washington,410,President,undervotes,,12
Washington,411,President,ballots_cast,,1313
Washington,411,President,registered,,1764
Washington,411,President,total_votes,,1304
Washington,411,President,candidate,Robert F Kennedy Jr/Nicole Shanahan,26
Washington,411,President,candidate,Cornel West,0
Washington,411,President,candidate,Chase Oliver/Mike ter Maat,8
Washington,411,President,candidate,Randall Terry,2
Washington,411,President,candidate,Donald J Trump/JD Vance,359
Washington,411,President,candidate,Jill Stein/Rudolph Ware,34
Washington,411,President,candidate,Kamala D Harris/Tim Walz,866
Washington,411,President,writein,,9
Washington,411,President,overvotes,,2
Washington,411,President,undervotes,,7
Washington,412,President,ballots_cast,,1762
Washington,412,President,registered,,2223
Washington,412,President,total_votes,,1740
Washington,412,President,candidate,Robert F Kennedy Jr/Nicole Shanahan,25
Washington,412,President,candidate,Cornel West,3
Washington,412,President,candidate,Chase Oliver/Mike ter Maat,15
Washington,412,President,candidate,Randall Terry,1
Washington,412,President,candidate,Donald J Trump/JD Vance,556
Washington,412,President,candidate,Jill Stein/Rudolph Ware,30
Washington,412,President,candidate,Kamala D Harris/Tim Walz,1102
Washington,412,President,writein,,8
Washington,412,President,overvotes,,1
Washington,412,President,undervotes,,21
Washington,413,President,ballots_cast,,1460
Washington,413,President,registered,,1875
Washington,413,President,total_votes,,1443
Washington,413,President,candidate,Robert F Kennedy Jr/Nicole Shanahan,22
Washington,413,President,candidate,Cornel West,2
Washington,413,President,candidate,Chase Oliver/Mike ter Maat,13
Washington,413,President,candidate,Randall Terry,7
Washington,413,President,candidate,Donald J Trump/JD Vance,427
Washington,413,President,candidate,Jill Stein/Rudolph Ware,14
Washington,413,President,candidate,Kamala D Harris/Tim Walz,949
Washington,413,President,writein,,9
Washington,413,President,overvotes,,1
Washington,413,President,undervotes,,16
Washington,414,President,ballots_cast,,527
Washington,414,President,registered,,662
Washington,414,President,total_votes,,524
Washington,414,President,candidate,Robert F Kennedy Jr/Nicole Shanahan,8
Washington,414,President,candidate,Cornel West,0
Washington,414,President,candidate,Chase Oliver/Mike ter Maat,1
Washington,414,President,candidate,Randall Terry,0
Washington,414,President,candidate,Donald J Trump/JD Vance,177
Washington,414,President,candidate,Jill Stein/Rudolph Ware,4
Washington,414,President,candidate,Kamala D Harris/Tim Walz,331
Washington,414,President,writein,,3
Washington,414,President,overvotes,,0
Washington,414,President,undervotes,,3
Washington,415,President,ballots_cast,,852
Washington,415,President,registered,,1188
Washington,415,President,total_votes,,843
Washington,415,President,candidate,Robert F Kennedy Jr/Nicole Shanahan,13
Washington,415,President,candidate,Cornel West,0
Washington,415,President,candidate,Chase Oliver/Mike ter Maat,5
Washington,415,President,candidate,Randall Terry,2
Washington,415,President,candidate,Donald J Trump/JD Vance,265
Washington,415,President,candidate,Jill Stein/Rudolph Ware,7
Washington,415,President,candidate,Kamala D Harris/Tim Walz,544
Washington,415,President,writein,,7
Washington,415,President,overvotes,,0
Washington,415,President,undervotes,,9
Washington,416,President,ballots_cast,,847
Washington,416,President,registered,,1124
Washington,416,President,total_votes,,840
Washington,416,President,candidate,Robert F Kennedy Jr/Nicole Shanahan,7
Washington,416,President,candidate,Cornel West,2
Washington,416,President,candidate,Chase Oliver/Mike ter Maat,1
Washington,416,President,candidate,Randall Terry,0
Washington,416,President,candidate,Donald J Trump/JD Vance,239
Washington,416,President,candidate,Jill Stein/Rudolph Ware,24
Washington,416,President,candidate,Kamala D Harris/Tim Walz,564
Washington,416,President,writein,,3
Washington,416,President,overvotes,,0
Washington,416,President,undervotes,,7
Washington,417,President,ballots_cast,,409
Washington,417,President,registered,,588
Washington,417,President,total_votes,,405
Washington,417,President,candidate,Robert F Kennedy Jr/Nicole Shanahan,12
Washington,417,President,candidate,Cornel West,2
Washington,417,President,candidate,Chase Oliver/Mike ter Maat,0
Washington,417,President,candidate,Randall Terry,0
Washington,417,President,candidate,Donald J Trump/JD Vance,135
Washington,417,President,candidate,Jill Stein/Rudolph Ware,4
Washington,417,President,candidate,Kamala D Harris/Tim Walz,252
Washington,417,President,writein,,0
Washington,417,President,overvotes,,0
Washington,417,President,undervotes,,4
Washington,418,President,ballots_cast,,3034
Washington,418,President,registered,,3816
Washington,418,President,total_votes,,3008
Washington,418,President,candidate,Robert F Kennedy Jr/Nicole Shanahan,51
Washington,418,President,candidate,Cornel West,8
Washington,418,President,candidate,Chase Oliver/Mike ter Maat,15
Washington,418,President,candidate,Randall Terry,2
Washington,418,President,candidate,Donald J Trump/JD Vance,868
Washington,418,President,candidate,Jill Stein/Rudolph Ware,43
Washington,418,President,candidate,Kamala D Harris/Tim Walz,1990
Washington,418,President,writein,,31
Washington,418,President,overvotes,,0
Washington,418,President,undervotes,,26
Washington,419,President,ballots_cast,,1800
Washington,419,President,registered,,2104
Washington,419,President,total_votes,,1776
Washington,419,President,candidate,Robert F Kennedy Jr/Nicole Shanahan,25
Washington,419,President,candidate,Cornel West,3
Washington,419,President,candidate,Chase Oliver/Mike ter Maat,5
Washington,419,President,candidate,Randall Terry,0
Washington,419,President,candidate,Donald J Trump/JD Vance,534
Washington,419,President,candidate,Jill Stein/Rudolph Ware,3
Washington,419,President,candidate,Kamala D Harris/Tim Walz,1194
Washington,419,President,writein,,12
Washington,419,President,overvotes,,4
Washington,419,President,undervotes,,20
Washington,420,President,ballots_cast,,3232
Washington,420,President,registered,,4148
Washington,420,President,total_votes,,3193
Washington,420,President,candidate,Robert F Kennedy Jr/Nicole Shanahan,64
Washington,420,President,candidate,Cornel West,2
Washington,420,President,candidate,Chase Oliver/Mike ter Maat,18
Washington,420,President,candidate,Randall Terry,3
Washington,420,President,candidate,Donald J Trump/JD Vance,1058
Washington,420,President,candidate,Jill Stein/Rudolph Ware,20
Washington,420,President,candidate,Kamala D Harris/Tim Walz,1998
Washington,420,President,writein,,30
Washington,420,President,overvotes,,1
Washington,420,President,undervotes,,38
Washington,421,President,ballots_cast,,500
Washington,421,President,registered,,665
Washington,421,President,total_votes,,490
Washington,421,President,candidate,Robert F Kennedy Jr/Nicole Shanahan,6
Washington,421,President,candidate,Cornel West,3
Washington,421,President,candidate,Chase Oliver/Mike ter Maat,1
Washington,421,President,candidate,Randall Terry,0
Washington,421,President,candidate,Donald J Trump/JD Vance,132
Washington,421,President,candidate,Jill Stein/Rudolph Ware,18
Washington,421,President,candidate,Kamala D Harris/Tim Walz,322
Washington,421,President,writein,,8
Washington,421,President,overvotes,,1
Washington,421,President,undervotes,,9
Washington,422,President,ballots_cast,,17
Washington,422,President,registered,,21
Washington,422,President,total_votes,,17
Washington,422,President,candidate,Robert F Kennedy Jr/Nicole Shanahan,0
Washington,422,President,candidate,Cornel West,0
Washington,422,President,candidate,Chase Oliver/Mike ter Maat,0
Washington,422,President,candidate,Randall Terry,0
Washington,422,President,candidate,Donald J Trump/JD Vance,14
Washington,422,President,candidate,Jill Stein/Rudolph Ware,0
Washington,422,President,candidate,Kamala D Harris/Tim Walz,3
Washington,422,President,writein,,0
Washington,422,President,overvotes,,0
Washington,422,President,undervotes,,0
Washington,423,President,ballots_cast,,3059
Washington,423,President,registered,,4495
Washington,423,President,total_votes,,3019
Washington,423,President,candidate,Robert F Kennedy Jr/Nicole Shanahan,53
Washington,423,President,candidate,Cornel West,9
Washington,423,President,candidate,Chase Oliver/Mike ter Maat,16
Washington,423,President,candidate,Randall Terry,5
Washington,423,President,candidate,Donald J Trump/JD Vance,906
Washington,423,President,candidate,Jill Stein/Rudolph Ware,25
Washington,423,President,candidate,Kamala D Harris/Tim Walz,1985
Washington,423,President,writein,,20
Washington,423,President,overvotes,,1
Washington,423,President,undervotes,,39
Washington,424,President,ballots_cast,,4668
Washington,424,President,registered,,5850
Washington,424,President,total_votes,,4600
Washington,424,President,candidate,Robert F Kennedy Jr/Nicole Shanahan,78
Washington,424,President,candidate,Cornel West,5
Washington,424,President,candidate,Chase Oliver/Mike ter Maat,14
Washington,424,President,candidate,Randall Terry,7
Washington,424,President,candidate,Donald J Trump/JD Vance,1845
Washington,424,President,candidate,Jill Stein/Rudolph Ware,39
Washington,424,President,candidate,Kamala D Harris/Tim Walz,2566
Washington,424,President,writein,,46
Washington,424,President,overvotes,,1
Washington,424,President,undervotes,,67
Washington,425,President,ballots_cast,,683
Washington,425,President,registered,,821
Washington,425,President,total_votes,,674
Washington,425,President,candidate,Robert F Kennedy Jr/Nicole Shanahan,7
Washington,425,President,candidate,Cornel West,0
Washington,425,President,candidate,Chase Oliver/Mike ter Maat,1
Washington,425,President,candidate,Randall Terry,0
Washington,425,President,candidate,Donald J Trump/JD Vance,364
Washington,425,President,candidate,Jill Stein/Rudolph Ware,4
Washington,425,President,candidate,Kamala D Harris/Tim Walz,293
Washington,425,President,writein,,5
Washington,425,President,overvotes,,0
Washington,425,President,undervotes,,9
Washington,426,President,ballots_cast,,438
Washington,426,President,registered,,568
Washington,426,President,total_votes,,431
Washington,426,President,candidate,Robert F Kennedy Jr/Nicole Shanahan,8
Washington,426,President,candidate,Cornel West,2
Washington,426,President,candidate,Chase Oliver/Mike ter Maat,2
Washington,426,President,candidate,Randall Terry,0
Washington,426,President,candidate,Donald J Trump/JD Vance,224
Washington,426,President,candidate,Jill Stein/Rudolph Ware,2
Washington,426,President,candidate,Kamala D Harris/Tim Walz,191
Washington,426,President,writein,,2
Washington,426,President,overvotes,,0
Washington,426,President,undervotes,,7
Washington,427,President,ballots_cast,,1303
Washington,427,President,registered,,1637
Washington,427,President,total_votes,,1283
Washington,427,President,candidate,Robert F Kennedy Jr/Nicole Shanahan,18
Washington,427,President,candidate,Cornel West,0
Washington,427,President,candidate,Chase Oliver/Mike ter Maat,9
Washington,427,President,candidate,Randall Terry,0
Washington,427,President,candidate,Donald J Trump/JD Vance,402
Washington,427,President,candidate,Jill Stein/Rudolph Ware,30
Washington,427,President,candidate,Kamala D Harris/Tim Walz,816
Washington,427,President,writein,,8
Washington,427,President,overvotes,,0
Washington,427,President,undervotes,,20
Washington,428,President,ballots_cast,,1361
Washington,428,President,registered,,1967
Washington,428,President,total_votes,,1351
Washington,428,President,candidate,Robert F Kennedy Jr/Nicole Shanahan,16
Washington,428,President,candidate,Cornel West,3
Washington,428,President,candidate,Chase Oliver/Mike ter Maat,11
Washington,428,President,candidate,Randall Terry,1
Washington,428,President,candidate,Donald J Trump/JD Vance,437
Washington,428,President,candidate,Jill Stein/Rudolph Ware,15
Washington,428,President,candidate,Kamala D Harris/Tim Walz,859
Washington,428,President,writein,,9
Washington,428,President,overvotes,,0
Washington,428,President,undervotes,,10
Washington,429,President,ballots_cast,,2703
Washington,429,President,registered,,3785
Washington,429,President,total_votes,,2681
Washington,429,President,candidate,Robert F Kennedy Jr/Nicole Shanahan,42
Washington,429,President,candidate,Cornel West,7
Washington,429,President,candidate,Chase Oliver/Mike ter Maat,19
Washington,429,President,candidate,Randall Terry,1
Washington,429,President,candidate,Donald J Trump/JD Vance,870
Washington,429,President,candidate,Jill Stein/Rudolph Ware,32
Washington,429,President,candidate,Kamala D Harris/Tim Walz,1689
Washington,429,President,writein,,21
Washington,429,President,overvotes,,1
Washington,429,President,undervotes,,21
Washington,430,President,ballots_cast,,2319
Washington,430,President,registered,,2835
Washington,430,President,total_votes,,2287
Washington,430,President,candidate,Robert F Kennedy Jr/Nicole Shanahan,45
Washington,430,President,candidate,Cornel West,2
Washington,430,President,candidate,Chase Oliver/Mike ter Maat,11
Washington,430,President,candidate,Randall Terry,2
Washington,430,President,candidate,Donald J Trump/JD Vance,1143
Washington,430,President,candidate,Jill Stein/Rudolph Ware,19
Washington,430,President,candidate,Kamala D Harris/Tim Walz,1039
Washington,430,President,writein,,26
Washington,430,President,overvotes,,0
Washington,430,President,undervotes,,32
Washington,431,President,ballots_cast,,776
Washington,431,President,registered,,945
Washington,431,President,total_votes,,764
Washington,431,President,candidate,Robert F Kennedy Jr/Nicole Shanahan,12
Washington,431,President,candidate,Cornel West,2
Washington,431,President,candidate,Chase Oliver/Mike ter Maat,5
Washington,431,President,candidate,Randall Terry,0
Washington,431,President,candidate,Donald J Trump/JD Vance,400
Washington,431,President,candidate,Jill Stein/Rudolph Ware,4
Washington,431,President,candidate,Kamala D Harris/Tim Walz,331
Washington,431,President,writein,,10
Washington,431,President,overvotes,,0
Washington,431,President,undervotes,,12
Washington,432,President,ballots_cast,,306
Washington,432,President,registered,,401
Washington,432,President,total_votes,,305
Washington,432,President,candidate,Robert F Kennedy Jr/Nicole Shanahan,6
Washington,432,President,candidate,Cornel West,3
Washington,432,President,candidate,Chase Oliver/Mike ter Maat,1
Washington,432,President,candidate,Randall Terry,0
Washington,432,President,candidate,Donald J Trump/JD Vance,97
Washington,432,President,candidate,Jill Stein/Rudolph Ware,3
Washington,432,President,candidate,Kamala D Harris/Tim Walz,194
Washington,432,President,writein,,1
Washington,432,President,overvotes,,0
Washington,432,President,undervotes,,1
Washington,433,President,ballots_cast,,2174
Washington,433,President,registered,,2698
Washington,433,President,total_votes,,2148
Washington,433,President,candidate,Robert F Kennedy Jr/Nicole Shanahan,35
Washington,433,President,candidate,Cornel West,1
Washington,433,President,candidate,Chase Oliver/Mike ter Maat,16
Washington,433,President,candidate,Randall Terry,1
Washington,433,President,candidate,Donald J Trump/JD Vance,761
Washington,433,President,candidate,Jill Stein/Rudolph Ware,12
Washington,433,President,candidate,Kamala D Harris/Tim Walz,1312
Washington,433,President,writein,,10
Washington,433,President,overvotes,,1
Washington,433,President,undervotes,,25
Washington,434,President,ballots_cast,,4411
Washington,434,President,registered,,5831
Washington,434,President,total_votes,,4376
Washington,434,President,candidate,Robert F Kennedy Jr/Nicole Shanahan,52
Washington,434,President,candidate,Cornel West,10
Washington,434,President,candidate,Chase Oliver/Mike ter Maat,20
Washington,434,President,candidate,Randall Terry,2
Washington,434,President,candidate,Donald J Trump/JD Vance,1372
Washington,434,President,candidate,Jill Stein/Rudolph Ware,61
Washington,434,President,candidate,Kamala D Harris/Tim Walz,2835
Washington,434,President,writein,,24
Washington,434,President,overvotes,,2
Washington,434,President,undervotes,,33
Washington,435,President,ballots_cast,,4142
Washington,435,President,registered,,5143
Washington,435,President,total_votes,,4098
Washington,435,President,candidate,Robert F Kennedy Jr/Nicole Shanahan,78
Washington,435,President,candidate,Cornel West,6
Washington,435,President,candidate,Chase Oliver/Mike ter Maat,24
Washington,435,President,candidate,Randall Terry,8
Washington,435,President,candidate,Donald J Trump/JD Vance,1519
Washington,435,President,candidate,Jill Stein/Rudolph Ware,31
Washington,435,President,candidate,Kamala D Harris/Tim Walz,2393
Washington,435,President,writein,,39
Washington,435,President,overvotes,,0
Washington,435,President,undervotes,,44
Washington,436,President,ballots_cast,,2244
Washington,436,President,registered,,2612
Washington,436,President,total_votes,,2211
Washington,436,President,candidate,Robert F Kennedy Jr/Nicole Shanahan,32
Washington,436,President,candidate,Cornel West,4
Washington,436,President,candidate,Chase Oliver/Mike ter Maat,11
Washington,436,President,candidate,Randall Terry,0
Washington,436,President,candidate,Donald J Trump/JD Vance,824
Washington,436,President,candidate,Jill Stein/Rudolph Ware,12
Washington,436,President,candidate,Kamala D Harris/Tim Walz,1302
Washington,436,President,writein,,26
Washington,436,President,overvotes,,0
Washington,436,President,undervotes,,33
Washington,437,President,ballots_cast,,63
Washington,437,President,registered,,82
Washington,437,President,total_votes,,61
Washington,437,President,candidate,Robert F Kennedy Jr/Nicole Shanahan,3
Washington,437,President,candidate,Cornel West,0
Washington,437,President,candidate,Chase Oliver/Mike ter Maat,0
Washington,437,President,candidate,Randall Terry,0
Washington,437,President,candidate,Donald J Trump/JD Vance,17
Washington,437,President,candidate,Jill Stein/Rudolph Ware,1
Washington,437,President,candidate,Kamala D Harris/Tim Walz,40
Washington,437,President,writein,,0
Washington,437,President,overvotes,,0
Washington,437,President,undervotes,,2
Washington,438,President,ballots_cast,,494
Washington,438,President,registered,,641
Washington,438,President,total_votes,,491
Washington,438,President,candidate,Robert F Kennedy Jr/Nicole Shanahan,3
Washington,438,President,candidate,Cornel West,2
Washington,438,President,candidate,Chase Oliver/Mike ter Maat,4
Washington,438,President,candidate,Randall Terry,0
Washington,438,President,candidate,Donald J Trump/JD Vance,292
Washington,438,President,candidate,Jill Stein/Rudolph Ware,1
Washington,438,President,candidate,Kamala D Harris/Tim Walz,186
Washington,438,President,writein,,3
Washington,438,President,overvotes,,0
Washington,438,President,undervotes,,3
Washington,439,President,ballots_cast,,2379
Washington,439,President,registered,,3122
Washington,439,President,total_votes,,2363
Washington,439,President,candidate,Robert F Kennedy Jr/Nicole Shanahan,29
Washington,439,President,candidate,Cornel West,3
Washington,439,President,candidate,Chase Oliver/Mike ter Maat,6
Washington,439,President,candidate,Randall Terry,2
Washington,439,President,candidate,Donald J Trump/JD Vance,592
Washington,439,President,candidate,Jill Stein/Rudolph Ware,44
Washington,439,President,candidate,Kamala D Harris/Tim Walz,1667
Washington,439,President,writein,,20
Washington,439,President,overvotes,,0
Washington,439,President,undervotes,,16
Washington,440,President,ballots_cast,,1466
Washington,440,President,registered,,2096
Washington,440,President,total_votes,,1449
Washington,440,President,candidate,Robert F Kennedy Jr/Nicole Shanahan,21
Washington,440,President,candidate,Cornel West,3
Washington,440,President,candidate,Chase Oliver/Mike ter Maat,11
Washington,440,President,candidate,Randall Terry,0
Washington,440,President,candidate,Donald J Trump/JD Vance,455
Washington,440,President,candidate,Jill Stein/Rudolph Ware,24
Washington,440,President,candidate,Kamala D Harris/Tim Walz,928
Washington,440,President,writein,,7
Washington,440,President,overvotes,,1
Washington,440,President,undervotes,,16
Washington,441,President,ballots_cast,,70
Washington,441,President,registered,,87
Washington,441,President,total_votes,,70
Washington,441,President,candidate,Robert F Kennedy Jr/Nicole Shanahan,1
Washington,441,President,candidate,Cornel West,0
Washington,441,President,candidate,Chase Oliver/Mike ter Maat,0
Washington,441,President,candidate,Randall Terry,0
Washington,441,President,candidate,Donald J Trump/JD Vance,12
Washington,441,President,candidate,Jill Stein/Rudolph Ware,3
Washington,441,President,candidate,Kamala D Harris/Tim Walz,52
Washington,441,President,writein,,2
Washington,441,President,overvotes,,0
Washington,441,President,undervotes,,0
Washington,442,President,ballots_cast,,2719
Washington,442,President,registered,,3394
Washington,442,President,total_votes,,2679
Washington,442,President,candidate,Robert F Kennedy Jr/Nicole Shanahan,54
Washington,442,President,candidate,Cornel West,2
Washington,442,President,candidate,Chase Oliver/Mike ter Maat,7
Washington,442,President,candidate,Randall Terry,3
Washington,442,President,candidate,Donald J Trump/JD Vance,1042
Washington,442,President,candidate,Jill Stein/Rudolph Ware,32
Washington,442,President,candidate,Kamala D Harris/Tim Walz,1513
Washington,442,President,writein,,26
Washington,442,President,overvotes,,2
Washington,442,President,undervotes,,38
Washington,443,President,ballots_cast,,11
Washington,443,President,registered,,11
Washington,443,President,total_votes,,11
Washington,443,President,candidate,Robert F Kennedy Jr/Nicole Shanahan,0
Washington,443,President,candidate,Cornel West,0
Washington,443,President,candidate,Chase Oliver/Mike ter Maat,0
Washington,443,President,candidate,Randall Terry,0
Washington,443,President,candidate,Donald J Trump/JD Vance,11
Washington,443,President,candidate,Jill Stein/Rudolph Ware,0
Washington,443,President,candidate,Kamala D Harris/Tim Walz,0
Washington,443,President,writein,,0
Washington,443,President,overvotes,,0
Washington,443,President,undervotes,,0
Washington,444,President,ballots_cast,,121
Washington,444,President,registered,,150
Washington,444,President,total_votes,,119
Washington,444,President,candidate,Robert F Kennedy Jr/Nicole Shanahan,1
Washington,444,President,candidate,Cornel West,1
Washington,444,President,candidate,Chase Oliver/Mike ter Maat,0
Washington,444,President,candidate,Randall Terry,0
Washington,444,President,candidate,Donald J Trump/JD Vance,65
Washington,444,President,candidate,Jill Stein/Rudolph Ware,1
Washington,444,President,candidate,Kamala D Harris/Tim Walz,51
Washington,444,President,writein,,0
Washington,444,President,overvotes,,0
Washington,444,President,undervotes,,2
Washington,445,President,ballots_cast,,1
Washington,445,President,registered,,1
Washington,445,President,total_votes,,1
Washington,445,President,candidate,Robert F Kennedy Jr/Nicole Shanahan,0
Washington,445,President,candidate,Cornel West,0
Washington,445,President,candidate,Chase Oliver/Mike ter Maat,0
Washington,445,President,candidate,Randall Terry,0
Washington,445,President,candidate,Donald J Trump/JD Vance,1
Washington,445,President,candidate,Jill Stein/Rudolph Ware,0
Washington,445,President,candidate,Kamala D Harris/Tim Walz,0
Washington,445,President,writein,,0
Washington,445,President,overvotes,,0
Washington,445,President,undervotes,,0
Washington,446,President,ballots_cast,,107
Washington,446,President,registered,,197
Washington,446,President,total_votes,,106
Washington,446,President,candidate,Robert F Kennedy Jr/Nicole Shanahan,1
Washington,446,President,candidate,Cornel West,0
Washington,446,President,candidate,Chase Oliver/Mike ter Maat,0
Washington,446,President,candidate,Randall Terry,0
Washington,446,President,candidate,Donald J Trump/JD Vance,36
Washington,446,President,candidate,Jill Stein/Rudolph Ware,2
Washington,446,President,candidate,Kamala D Harris/Tim Walz,66
Washington,446,President,writein,,1
Washington,446,President,overvotes,,0
Washington,446,President,undervotes,,1
Washington,447,President,ballots_cast,,285
Washington,447,President,registered,,344
Washington,447,President,total_votes,,278
Washington,447,President,candidate,Robert F Kennedy Jr/Nicole Shanahan,6
Washington,447,President,candidate,Cornel West,0
Washington,447,President,candidate,Chase Oliver/Mike ter Maat,1
Washington,447,President,candidate,Randall Terry,2
Washington,447,President,candidate,Donald J Trump/JD Vance,150
Washington,447,President,candidate,Jill Stein/Rudolph Ware,1
Washington,447,President,candidate,Kamala D Harris/Tim Walz,115
Washington,447,President,writein,,3
Washington,447,President,overvotes,,1
Washington,447,President,undervotes,,6
Washington,448,President,ballots_cast,,773
Washington,448,President,registered,,956
Washington,448,President,total_votes,,763
Washington,448,President,candidate,Robert F Kennedy Jr/Nicole Shanahan,10
Washington,448,President,candidate,Cornel West,2
Washington,448,President,candidate,Chase Oliver/Mike ter Maat,6
Washington,448,President,candidate,Randall Terry,0
Washington,448,President,candidate,Donald J Trump/JD Vance,253
Washington,448,President,candidate,Jill Stein/Rudolph Ware,5
Washington,448,President,candidate,Kamala D Harris/Tim Walz,478
Washington,448,President,writein,,9
Washington,448,President,overvotes,,1
Washington,448,President,undervotes,,9
Washington,449,President,ballots_cast,,293
Washington,449,President,registered,,346
Washington,449,President,total_votes,,291
Washington,449,President,candidate,Robert F Kennedy Jr/Nicole Shanahan,4
Washington,449,President,candidate,Cornel West,0
Washington,449,President,candidate,Chase Oliver/Mike ter Maat,1
Washington,449,President,candidate,Randall Terry,0
Washington,449,President,candidate,Donald J Trump/JD Vance,147
Washington,449,President,candidate,Jill Stein/Rudolph Ware,1
Washington,449,President,candidate,Kamala D Harris/Tim Walz,133
Washington,449,President,writein,,5
Washington,449,President,overvotes,,0
Washington,449,President,undervotes,,2
Washington,450,President,ballots_cast,,170
Washington,450,President,registered,,208
Washington,450,President,total_votes,,169
Washington,450,President,candidate,Robert F Kennedy Jr/Nicole Shanahan,4
Washington,450,President,candidate,Cornel West,0
Washington,450,President,candidate,Chase Oliver/Mike ter Maat,0
Washington,450,President,candidate,Randall Terry,0
Washington,450,President,candidate,Donald J Trump/JD Vance,117
Washington,450,President,candidate,Jill Stein/Rudolph Ware,1
Washington,450,President,candidate,Kamala D Harris/Tim Walz,47
Washington,450,President,writein,,0
Washington,450,President,overvotes,,0
Washington,450,President,undervotes,,1
Washington,451,President,ballots_cast,,1071
Washington,451,President,registered,,1450
Washington,451,President,total_votes,,1055
Washington,451,President,candidate,Robert F Kennedy Jr/Nicole Shanahan,9
Washington,451,President,candidate,Cornel West,0
Washington,451,President,candidate,Chase Oliver/Mike ter Maat,5
Washington,451,President,candidate,Randall Terry,0
Washington,451,President,candidate,Donald J Trump/JD Vance,303
Washington,451,President,candidate,Jill Stein/Rudolph Ware,11
Washington,451,President,candidate,Kamala D Harris/Tim Walz,717
Washington,451,President,writein,,10
Washington,451,President,overvotes,,0
Washington,451,President,undervotes,,16
Washington,452,President,ballots_cast,,100
Washington,452,President,registered,,131
Washington,452,President,total_votes,,97
Washington,452,President,candidate,Robert F Kennedy Jr/Nicole Shanahan,1
Washington,452,President,candidate,Cornel West,4
Washington,452,President,candidate,Chase Oliver/Mike ter Maat,1
Washington,452,President,candidate,Randall Terry,1
Washington,452,President,candidate,Donald J Trump/JD Vance,45
Washington,452,President,candidate,Jill Stein/Rudolph Ware,0
Washington,452,President,candidate,Kamala D Harris/Tim Walz,45
Washington,452,President,writein,,0
Washington,452,President,overvotes,,1
Washington,452,President,undervotes,,2
Washington,453,President,ballots_cast,,11
Washington,453,President,registered,,13
Washington,453,President,total_votes,,11
Washington,453,President,candidate,Robert F Kennedy Jr/Nicole Shanahan,0
Washington,453,President,candidate,Cornel West,0
Washington,453,President,candidate,Chase Oliver/Mike ter Maat,0
Washington,453,President,candidate,Randall Terry,0
Washington,453,President,candidate,Donald J Trump/JD Vance,6
Washington,453,President,candidate,Jill Stein/Rudolph Ware,0
Washington,453,President,candidate,Kamala D Harris/Tim Walz,5
Washington,453,President,writein,,0
Washington,453,President,overvotes,,0
Washington,453,President,undervotes,,0
Washington,454,President,ballots_cast,,19
Washington,454,President,registered,,27
Washington,454,President,total_votes,,19
Washington,454,President,candidate,Robert F Kennedy Jr/Nicole Shanahan,0
Washington,454,President,candidate,Cornel West,0
Washington,454,President,candidate,Chase Oliver/Mike ter Maat,0
Washington,454,President,candidate,Randall Terry,0
Washington,454,President,candidate,Donald J Trump/JD Vance,17
Washington,454,President,candidate,Jill Stein/Rudolph Ware,0
Washington,454,President,candidate,Kamala D Harris/Tim Walz,2
Washington,454,President,writein,,0
Washington,454,President,overvotes,,0
Washington,454,President,undervotes,,0
Washington,455,President,ballots_cast,,1491
Washington,455,President,registered,,2157
Washington,455,President,total_votes,,1474
Washington,455,President,candidate,Robert F Kennedy Jr/Nicole Shanahan,21
Washington,455,President,candidate,Cornel West,4
Washington,455,President,candidate,Chase Oliver/Mike ter Maat,8
Washington,455,President,candidate,Randall Terry,2
Washington,455,President,candidate,Donald J Trump/JD Vance,346
Washington,455,President,candidate,Jill Stein/Rudolph Ware,10
Washington,455,President,candidate,Kamala D Harris/Tim Walz,1074
Washington,455,President,writein,,9
Washington,455,President,overvotes,,4
Washington,455,President,undervotes,,13
Washington,456,President,ballots_cast,,7
Washington,456,President,registered,,8
Washington,456,President,total_votes,,7
Washington,456,President,candidate,Robert F Kennedy Jr/Nicole Shanahan,0
Washington,456,President,candidate,Cornel West,0
Washington,456,President,candidate,Chase Oliver/Mike ter Maat,0
Washington,456,President,candidate,Randall Terry,0
Washington,456,President,candidate,Donald J Trump/JD Vance,0
Washington,456,President,candidate,Jill Stein/Rudolph Ware,0
Washington,456,President,candidate,Kamala D Harris/Tim Walz,7
Washington,456,President,writein,,0
Washington,456,President,overvotes,,0
Washington,456,President,undervotes,,0
Washington,349,"State Senator, 14th District",ballots_cast,,573
Washington,349,"State Senator, 14th District",registered,,799
Washington,349,"State Senator, 14th District",total_votes,,504
Washington,349,"State Senator, 14th District",candidate,Katy Brumbelow,103
Washington,349,"State Senator, 14th District",candidate,Kate Lieber,393
Washington,349,"State Senator, 14th District",writein,,8
Washington,349,"State Senator, 14th District",overvotes,,0
Washington,349,"State Senator, 14th District",undervotes,,69
Washington,350,"State Senator, 14th District",ballots_cast,,6361
Washington,350,"State Senator, 14th District",registered,,8736
Washington,350,"State Senator, 14th District",total_votes,,5519
Washington,350,"State Senator, 14th District",candidate,Katy Brumbelow,1083
Washington,350,"State Senator, 14th District",candidate,Kate Lieber,4401
Washington,350,"State Senator, 14th District",writein,,35
Washington,350,"State Senator, 14th District",overvotes,,1
Washington,350,"State Senator, 14th District",undervotes,,841
Washington,353,"State Senator, 14th District",ballots_cast,,2219
Washington,353,"State Senator, 14th District",registered,,2816
Washington,353,"State Senator, 14th District",total_votes,,1955
Washington,353,"State Senator, 14th District",candidate,Katy Brumbelow,325
Washington,353,"State Senator, 14th District",candidate,Kate Lieber,1614
Washington,353,"State Senator, 14th District",writein,,16
Washington,353,"State Senator, 14th District",overvotes,,1
Washington,353,"State Senator, 14th District",undervotes,,263
Washington,354,"State Senator, 14th District",ballots_cast,,1811
Washington,354,"State Senator, 14th District",registered,,2255
Washington,354,"State Senator, 14th District",total_votes,,1551
Washington,354,"State Senator, 14th District",candidate,Katy Brumbelow,277
Washington,354,"State Senator, 14th District",candidate,Kate Lieber,1260
Washington,354,"State Senator, 14th District",writein,,14
Washington,354,"State Senator, 14th District",overvotes,,0
Washington,354,"State Senator, 14th District",undervotes,,260
Washington,362,"State Senator, 14th District",ballots_cast,,6315
Washington,362,"State Senator, 14th District",registered,,7979
Washington,362,"State Senator, 14th District",total_votes,,5484
Washington,362,"State Senator, 14th District",candidate,Katy Brumbelow,1149
Washington,362,"State Senator, 14th District",candidate,Kate Lieber,4297
Washington,362,"State Senator, 14th District",writein,,38
Washington,362,"State Senator, 14th District",overvotes,,1
Washington,362,"State Senator, 14th District",undervotes,,830
Washington,365,"State Senator, 14th District",ballots_cast,,4622
Washington,365,"State Senator, 14th District",registered,,5419
Washington,365,"State Senator, 14th District",total_votes,,4029
Washington,365,"State Senator, 14th District",candidate,Katy Brumbelow,670
Washington,365,"State Senator, 14th District",candidate,Kate Lieber,3333
Washington,365,"State Senator, 14th District",writein,,26
Washington,365,"State Senator, 14th District",overvotes,,0
Washington,365,"State Senator, 14th District",undervotes,,593
Washington,372,"State Senator, 14th District",ballots_cast,,1701
Washington,372,"State Senator, 14th District",registered,,1989
Washington,372,"State Senator, 14th District",total_votes,,1468
Washington,372,"State Senator, 14th District",candidate,Katy Brumbelow,240
Washington,372,"State Senator, 14th District",candidate,Kate Lieber,1224
Washington,372,"State Senator, 14th District",writein,,4
Washington,372,"State Senator, 14th District",overvotes,,0
Washington,372,"State Senator, 14th District",undervotes,,233
Washington,375,"State Senator, 14th District",ballots_cast,,279
Washington,375,"State Senator, 14th District",registered,,324
Washington,375,"State Senator, 14th District",total_votes,,244
Washington,375,"State Senator, 14th District",candidate,Katy Brumbelow,37
Washington,375,"State Senator, 14th District",candidate,Kate Lieber,206
Washington,375,"State Senator, 14th District",writein,,1
Washington,375,"State Senator, 14th District",overvotes,,0
Washington,375,"State Senator, 14th District",undervotes,,35
Washington,378,"State Senator, 14th District",ballots_cast,,937
Washington,378,"State Senator, 14th District",registered,,1115
Washington,378,"State Senator, 14th District",total_votes,,807
Washington,378,"State Senator, 14th District",candidate,Katy Brumbelow,115
Washington,378,"State Senator, 14th District",candidate,Kate Lieber,679
Washington,378,"State Senator, 14th District",writein,,13
Washington,378,"State Senator, 14th District",overvotes,,0
Washington,378,"State Senator, 14th District",undervotes,,130
Washington,379,"State Senator, 14th District",ballots_cast,,3854
Washington,379,"State Senator, 14th District",registered,,5133
Washington,379,"State Senator, 14th District",total_votes,,3347
Washington,379,"State Senator, 14th District",candidate,Katy Brumbelow,672
Washington,379,"State Senator, 14th District",candidate,Kate Lieber,2643
Washington,379,"State Senator, 14th District",writein,,32
Washington,379,"State Senator, 14th District",overvotes,,1
Washington,379,"State Senator, 14th District",undervotes,,506
Washington,380,"State Senator, 14th District",ballots_cast,,3025
Washington,380,"State Senator, 14th District",registered,,3630
Washington,380,"State Senator, 14th District",total_votes,,2607
Washington,380,"State Senator, 14th District",candidate,Katy Brumbelow,559
Washington,380,"State Senator, 14th District",candidate,Kate Lieber,2015
Washington,380,"State Senator, 14th District",writein,,33
Washington,380,"State Senator, 14th District",overvotes,,0
Washington,380,"State Senator, 14th District",undervotes,,418
Washington,383,"State Senator, 14th District",ballots_cast,,1566
Washington,383,"State Senator, 14th District",registered,,2002
Washington,383,"State Senator, 14th District",total_votes,,1375
Washington,383,"State Senator, 14th District",candidate,Katy Brumbelow,249
Washington,383,"State Senator, 14th District",candidate,Kate Lieber,1121
Washington,383,"State Senator, 14th District",writein,,5
Washington,383,"State Senator, 14th District",overvotes,,0
Washington,383,"State Senator, 14th District",undervotes,,191
Washington,384,"State Senator, 14th District",ballots_cast,,4477
Washington,384,"State Senator, 14th District",registered,,5476
Washington,384,"State Senator, 14th District",total_votes,,3963
Washington,384,"State Senator, 14th District",candidate,Katy Brumbelow,621
Washington,384,"State Senator, 14th District",candidate,Kate Lieber,3324
Washington,384,"State Senator, 14th District",writein,,18
Washington,384,"State Senator, 14th District",overvotes,,0
Washington,384,"State Senator, 14th District",undervotes,,514
Washington,385,"State Senator, 14th District",ballots_cast,,770
Washington,385,"State Senator, 14th District",registered,,878
Washington,385,"State Senator, 14th District",total_votes,,642
Washington,385,"State Senator, 14th District",candidate,Katy Brumbelow,115
Washington,385,"State Senator, 14th District",candidate,Kate Lieber,522
Washington,385,"State Senator, 14th District",writein,,5
Washington,385,"State Senator, 14th District",overvotes,,0
Washington,385,"State Senator, 14th District",undervotes,,128
Washington,386,"State Senator, 14th District",ballots_cast,,1936
Washington,386,"State Senator, 14th District",registered,,2212
Washington,386,"State Senator, 14th District",total_votes,,1672
Washington,386,"State Senator, 14th District",candidate,Katy Brumbelow,241
Washington,386,"State Senator, 14th District",candidate,Kate Lieber,1410
Washington,386,"State Senator, 14th District",writein,,21
Washington,386,"State Senator, 14th District",overvotes,,0
Washington,386,"State Senator, 14th District",undervotes,,264
Washington,388,"State Senator, 14th District",ballots_cast,,250
Washington,388,"State Senator, 14th District",registered,,370
Washington,388,"State Senator, 14th District",total_votes,,223
Washington,388,"State Senator, 14th District",candidate,Katy Brumbelow,45
Washington,388,"State Senator, 14th District",candidate,Kate Lieber,177
Washington,388,"State Senator, 14th District",writein,,1
Washington,388,"State Senator, 14th District",overvotes,,0
Washington,388,"State Senator, 14th District",undervotes,,27
Washington,391,"State Senator, 14th District",ballots_cast,,405
Washington,391,"State Senator, 14th District",registered,,551
Washington,391,"State Senator, 14th District",total_votes,,365
Washington,391,"State Senator, 14th District",candidate,Katy Brumbelow,45
Washington,391,"State Senator, 14th District",candidate,Kate Lieber,318
Washington,391,"State Senator, 14th District",writein,,2
Washington,391,"State Senator, 14th District",overvotes,,0
Washington,391,"State Senator, 14th District",undervotes,,40
Washington,392,"State Senator, 14th District",ballots_cast,,112
Washington,392,"State Senator, 14th District",registered,,155
Washington,392,"State Senator, 14th District",total_votes,,91
Washington,392,"State Senator, 14th District",candidate,Katy Brumbelow,14
Washington,392,"State Senator, 14th District",candidate,Kate Lieber,77
Washington,392,"State Senator, 14th District",writein,,0
Washington,392,"State Senator, 14th District",overvotes,,0
Washington,392,"State Senator, 14th District",undervotes,,21
Washington,393,"State Senator, 14th District",ballots_cast,,626
Washington,393,"State Senator, 14th District",registered,,713
Washington,393,"State Senator, 14th District",total_votes,,568
Washington,393,"State Senator, 14th District",candidate,Katy Brumbelow,72
Washington,393,"State Senator, 14th District",candidate,Kate Lieber,493
Washington,393,"State Senator, 14th District",writein,,3
Washington,393,"State Senator, 14th District",overvotes,,0
Washington,393,"State Senator, 14th District",undervotes,,58
Washington,401,"State Senator, 14th District",ballots_cast,,1860
Washington,401,"State Senator, 14th District",registered,,2186
Washington,401,"State Senator, 14th District",total_votes,,1644
Washington,401,"State Senator, 14th District",candidate,Katy Brumbelow,246
Washington,401,"State Senator, 14th District",candidate,Kate Lieber,1388
Washington,401,"State Senator, 14th District",writein,,10
Washington,401,"State Senator, 14th District",overvotes,,0
Washington,401,"State Senator, 14th District",undervotes,,216
Washington,406,"State Senator, 14th District",ballots_cast,,2033
Washington,406,"State Senator, 14th District",registered,,2637
Washington,406,"State Senator, 14th District",total_votes,,1788
Washington,406,"State Senator, 14th District",candidate,Katy Brumbelow,255
Washington,406,"State Senator, 14th District",candidate,Kate Lieber,1521
Washington,406,"State Senator, 14th District",writein,,12
Washington,406,"State Senator, 14th District",overvotes,,0
Washington,406,"State Senator, 14th District",undervotes,,245
Washington,408,"State Senator, 14th District",ballots_cast,,322
Washington,408,"State Senator, 14th District",registered,,405
Washington,408,"State Senator, 14th District",total_votes,,267
Washington,408,"State Senator, 14th District",candidate,Katy Brumbelow,39
Washington,408,"State Senator, 14th District",candidate,Kate Lieber,221
Washington,408,"State Senator, 14th District",writein,,7
Washington,408,"State Senator, 14th District",overvotes,,0
Washington,408,"State Senator, 14th District",undervotes,,55
Washington,455,"State Senator, 14th District",ballots_cast,,1486
Washington,455,"State Senator, 14th District",registered,,2157
Washington,455,"State Senator, 14th District",total_votes,,1292
Washington,455,"State Senator, 14th District",candidate,Katy Brumbelow,234
Washington,455,"State Senator, 14th District",candidate,Kate Lieber,1047
Washington,455,"State Senator, 14th District",writein,,11
Washington,455,"State Senator, 14th District",overvotes,,0
Washington,455,"State Senator, 14th District",undervotes,,194
Washington,302,"State Senator, 18th District",ballots_cast,,2551
Washington,302,"State Senator, 18th District",registered,,3883
Washington,302,"State Senator, 18th District",total_votes,,2368
Washington,302,"State Senator, 18th District",candidate,Brian Pierson,948
Washington,302,"State Senator, 18th District",candidate,Winsvey E Campos,1418
Washington,302,"State Senator, 18th District",writein,,2
Washington,302,"State Senator, 18th District",overvotes,,1
Washington,302,"State Senator, 18th District",undervotes,,182
Washington,303,"State Senator, 18th District",ballots_cast,,330
Washington,303,"State Senator, 18th District",registered,,448
Washington,303,"State Senator, 18th District",total_votes,,309
Washington,303,"State Senator, 18th District",candidate,Brian Pierson,205
Washington,303,"State Senator, 18th District",candidate,Winsvey E Campos,104
Washington,303,"State Senator, 18th District",writein,,0
Washington,303,"State Senator, 18th District",overvotes,,0
Washington,303,"State Senator, 18th District",undervotes,,21
Washington,304,"State Senator, 18th District",ballots_cast,,1076
Washington,304,"State Senator, 18th District",registered,,1454
Washington,304,"State Senator, 18th District",total_votes,,1009
Washington,304,"State Senator, 18th District",candidate,Brian Pierson,449
Washington,304,"State Senator, 18th District",candidate,Winsvey E Campos,560
Washington,304,"State Senator, 18th District",writein,,0
Washington,304,"State Senator, 18th District",overvotes,,0
Washington,304,"State Senator, 18th District",undervotes,,67
Washington,318,"State Senator, 18th District",ballots_cast,,3750
Washington,318,"State Senator, 18th District",registered,,5355
Washington,318,"State Senator, 18th District",total_votes,,3501
Washington,318,"State Senator, 18th District",candidate,Brian Pierson,1343
Washington,318,"State Senator, 18th District",candidate,Winsvey E Campos,2156
Washington,318,"State Senator, 18th District",writein,,2
Washington,318,"State Senator, 18th District",overvotes,,0
Washington,318,"State Senator, 18th District",undervotes,,249
Washington,319,"State Senator, 18th District",ballots_cast,,5196
Washington,319,"State Senator, 18th District",registered,,7387
Washington,319,"State Senator, 18th District",total_votes,,4809
Washington,319,"State Senator, 18th District",candidate,Brian Pierson,1710
Washington,319,"State Senator, 18th District",candidate,Winsvey E Campos,3094
Washington,319,"State Senator, 18th District",writein,,5
Washington,319,"State Senator, 18th District",overvotes,,0
Washington,319,"State Senator, 18th District",undervotes,,387
Washington,320,"State Senator, 18th District",ballots_cast,,1778
Washington,320,"State Senator, 18th District",registered,,2427
Washington,320,"State Senator, 18th District",total_votes,,1645
Washington,320,"State Senator, 18th District",candidate,Brian Pierson,598
Washington,320,"State Senator, 18th District",candidate,Winsvey E Campos,1046
Washington,320,"State Senator, 18th District",writein,,1
Washington,320,"State Senator, 18th District",overvotes,,0
Washington,320,"State Senator, 18th District",undervotes,,133
Washington,322,"State Senator, 18th District",ballots_cast,,269
Washington,322,"State Senator, 18th District",registered,,362
Washington,322,"State Senator, 18th District",total_votes,,252
Washington,322,"State Senator, 18th District",candidate,Brian Pierson,138
Washington,322,"State Senator, 18th District",candidate,Winsvey E Campos,113
Washington,322,"State Senator, 18th District",writein,,1
Washington,322,"State Senator, 18th District",overvotes,,0
Washington,322,"State Senator, 18th District",undervotes,,17
Washington,327,"State Senator, 18th District",ballots_cast,,5317
Washington,327,"State Senator, 18th District",registered,,7091
Washington,327,"State Senator, 18th District",total_votes,,4890
Washington,327,"State Senator, 18th District",candidate,Brian Pierson,1757
Washington,327,"State Senator, 18th District",candidate,Winsvey E Campos,3124
Washington,327,"State Senator, 18th District",writein,,9
Washington,327,"State Senator, 18th District",overvotes,,0
Washington,327,"State Senator, 18th District",undervotes,,427
Washington,351,"State Senator, 18th District",ballots_cast,,3169
Washington,351,"State Senator, 18th District",registered,,5180
Washington,351,"State Senator, 18th District",total_votes,,2891
Washington,351,"State Senator, 18th District",candidate,Brian Pierson,964
Washington,351,"State Senator, 18th District",candidate,Winsvey E Campos,1924
Washington,351,"State Senator, 18th District",writein,,3
Washington,351,"State Senator, 18th District",overvotes,,0
Washington,351,"State Senator, 18th District",undervotes,,278
Washington,352,"State Senator, 18th District",ballots_cast,,1138
Washington,352,"State Senator, 18th District",registered,,1942
Washington,352,"State Senator, 18th District",total_votes,,1056
Washington,352,"State Senator, 18th District",candidate,Brian Pierson,207
Washington,352,"State Senator, 18th District",candidate,Winsvey E Campos,848
Washington,352,"State Senator, 18th District",writein,,1
Washington,352,"State Senator, 18th District",overvotes,,0
Washington,352,"State Senator, 18th District",undervotes,,82
Washington,355,"State Senator, 18th District",ballots_cast,,1364
Washington,355,"State Senator, 18th District",registered,,1790
Washington,355,"State Senator, 18th District",total_votes,,1272
Washington,355,"State Senator, 18th District",candidate,Brian Pierson,376
Washington,355,"State Senator, 18th District",candidate,Winsvey E Campos,895
Washington,355,"State Senator, 18th District",writein,,1
Washington,355,"State Senator, 18th District",overvotes,,0
Washington,355,"State Senator, 18th District",undervotes,,92
Washington,356,"State Senator, 18th District",ballots_cast,,1662
Washington,356,"State Senator, 18th District",registered,,2500
Washington,356,"State Senator, 18th District",total_votes,,1534
Washington,356,"State Senator, 18th District",candidate,Brian Pierson,579
Washington,356,"State Senator, 18th District",candidate,Winsvey E Campos,953
Washington,356,"State Senator, 18th District",writein,,2
Washington,356,"State Senator, 18th District",overvotes,,0
Washington,356,"State Senator, 18th District",undervotes,,128
Washington,357,"State Senator, 18th District",ballots_cast,,813
Washington,357,"State Senator, 18th District",registered,,1354
Washington,357,"State Senator, 18th District",total_votes,,724
Washington,357,"State Senator, 18th District",candidate,Brian Pierson,237
Washington,357,"State Senator, 18th District",candidate,Winsvey E Campos,487
Washington,357,"State Senator, 18th District",writein,,0
Washington,357,"State Senator, 18th District",overvotes,,0
Washington,357,"State Senator, 18th District",undervotes,,89
Washington,359,"State Senator, 18th District",ballots_cast,,2324
Washington,359,"State Senator, 18th District",registered,,3149
Washington,359,"State Senator, 18th District",total_votes,,2139
Washington,359,"State Senator, 18th District",candidate,Brian Pierson,634
Washington,359,"State Senator, 18th District",candidate,Winsvey E Campos,1502
Washington,359,"State Senator, 18th District",writein,,3
Washington,359,"State Senator, 18th District",overvotes,,0
Washington,359,"State Senator, 18th District",undervotes,,185
Washington,360,"State Senator, 18th District",ballots_cast,,2836
Washington,360,"State Senator, 18th District",registered,,4158
Washington,360,"State Senator, 18th District",total_votes,,2646
Washington,360,"State Senator, 18th District",candidate,Brian Pierson,805
Washington,360,"State Senator, 18th District",candidate,Winsvey E Campos,1838
Washington,360,"State Senator, 18th District",writein,,3
Washington,360,"State Senator, 18th District",overvotes,,1
Washington,360,"State Senator, 18th District",undervotes,,189
Washington,361,"State Senator, 18th District",ballots_cast,,2052
Washington,361,"State Senator, 18th District",registered,,3060
Washington,361,"State Senator, 18th District",total_votes,,1904
Washington,361,"State Senator, 18th District",candidate,Brian Pierson,446
Washington,361,"State Senator, 18th District",candidate,Winsvey E Campos,1456
Washington,361,"State Senator, 18th District",writein,,2
Washington,361,"State Senator, 18th District",overvotes,,0
Washington,361,"State Senator, 18th District",undervotes,,148
Washington,382,"State Senator, 18th District",ballots_cast,,3905
Washington,382,"State Senator, 18th District",registered,,6108
Washington,382,"State Senator, 18th District",total_votes,,3597
Washington,382,"State Senator, 18th District",candidate,Brian Pierson,1356
Washington,382,"State Senator, 18th District",candidate,Winsvey E Campos,2237
Washington,382,"State Senator, 18th District",writein,,4
Washington,382,"State Senator, 18th District",overvotes,,0
Washington,382,"State Senator, 18th District",undervotes,,308
Washington,389,"State Senator, 18th District",ballots_cast,,7639
Washington,389,"State Senator, 18th District",registered,,9689
Washington,389,"State Senator, 18th District",total_votes,,7031
Washington,389,"State Senator, 18th District",candidate,Brian Pierson,2441
Washington,389,"State Senator, 18th District",candidate,Winsvey E Campos,4584
Washington,389,"State Senator, 18th District",writein,,6
Washington,389,"State Senator, 18th District",overvotes,,0
Washington,389,"State Senator, 18th District",undervotes,,608
Washington,398,"State Senator, 18th District",ballots_cast,,1773
Washington,398,"State Senator, 18th District",registered,,2191
Washington,398,"State Senator, 18th District",total_votes,,1644
Washington,398,"State Senator, 18th District",candidate,Brian Pierson,748
Washington,398,"State Senator, 18th District",candidate,Winsvey E Campos,896
Washington,398,"State Senator, 18th District",writein,,0
Washington,398,"State Senator, 18th District",overvotes,,0
Washington,398,"State Senator, 18th District",undervotes,,129
Washington,412,"State Senator, 18th District",ballots_cast,,1749
Washington,412,"State Senator, 18th District",registered,,2223
Washington,412,"State Senator, 18th District",total_votes,,1610
Washington,412,"State Senator, 18th District",candidate,Brian Pierson,658
Washington,412,"State Senator, 18th District",candidate,Winsvey E Campos,952
Washington,412,"State Senator, 18th District",writein,,0
Washington,412,"State Senator, 18th District",overvotes,,0
Washington,412,"State Senator, 18th District",undervotes,,139
Washington,416,"State Senator, 18th District",ballots_cast,,846
Washington,416,"State Senator, 18th District",registered,,1124
Washington,416,"State Senator, 18th District",total_votes,,773
Washington,416,"State Senator, 18th District",candidate,Brian Pierson,276
Washington,416,"State Senator, 18th District",candidate,Winsvey E Campos,497
Washington,416,"State Senator, 18th District",writein,,0
Washington,416,"State Senator, 18th District",overvotes,,0
Washington,416,"State Senator, 18th District",undervotes,,73
Washington,418,"State Senator, 18th District",ballots_cast,,3030
Washington,418,"State Senator, 18th District",registered,,3816
Washington,418,"State Senator, 18th District",total_votes,,2821
Washington,418,"State Senator, 18th District",candidate,Brian Pierson,1075
Washington,418,"State Senator, 18th District",candidate,Winsvey E Campos,1745
Washington,418,"State Senator, 18th District",writein,,1
Washington,418,"State Senator, 18th District",overvotes,,0
Washington,418,"State Senator, 18th District",undervotes,,209
Washington,426,"State Senator, 18th District",ballots_cast,,436
Washington,426,"State Senator, 18th District",registered,,568
Washington,426,"State Senator, 18th District",total_votes,,413
Washington,426,"State Senator, 18th District",candidate,Brian Pierson,254
Washington,426,"State Senator, 18th District",candidate,Winsvey E Campos,157
Washington,426,"State Senator, 18th District",writein,,2
Washington,426,"State Senator, 18th District",overvotes,,0
Washington,426,"State Senator, 18th District",undervotes,,23
Washington,429,"State Senator, 18th District",ballots_cast,,2699
Washington,429,"State Senator, 18th District",registered,,3785
Washington,429,"State Senator, 18th District",total_votes,,2496
Washington,429,"State Senator, 18th District",candidate,Brian Pierson,949
Washington,429,"State Senator, 18th District",candidate,Winsvey E Campos,1545
Washington,429,"State Senator, 18th District",writein,,2
Washington,429,"State Senator, 18th District",overvotes,,0
Washington,429,"State Senator, 18th District",undervotes,,203
Washington,430,"State Senator, 18th District",ballots_cast,,2310
Washington,430,"State Senator, 18th District",registered,,2835
Washington,430,"State Senator, 18th District",total_votes,,2132
Washington,430,"State Senator, 18th District",candidate,Brian Pierson,1243
Washington,430,"State Senator, 18th District",candidate,Winsvey E Campos,885
Washington,430,"State Senator, 18th District",writein,,4
Washington,430,"State Senator, 18th District",overvotes,,0
Washington,430,"State Senator, 18th District",undervotes,,178
Washington,431,"State Senator, 18th District",ballots_cast,,775
Washington,431,"State Senator, 18th District",registered,,945
Washington,431,"State Senator, 18th District",total_votes,,737
Washington,431,"State Senator, 18th District",candidate,Brian Pierson,474
Washington,431,"State Senator, 18th District",candidate,Winsvey E Campos,263
Washington,431,"State Senator, 18th District",writein,,0
Washington,431,"State Senator, 18th District",overvotes,,0
Washington,431,"State Senator, 18th District",undervotes,,38
Washington,434,"State Senator, 18th District",ballots_cast,,4401
Washington,434,"State Senator, 18th District",registered,,5831
Washington,434,"State Senator, 18th District",total_votes,,4109
Washington,434,"State Senator, 18th District",candidate,Brian Pierson,1510
Washington,434,"State Senator, 18th District",candidate,Winsvey E Campos,2592
Washington,434,"State Senator, 18th District",writein,,7
Washington,434,"State Senator, 18th District",overvotes,,1
Washington,434,"State Senator, 18th District",undervotes,,291
Washington,440,"State Senator, 18th District",ballots_cast,,1461
Washington,440,"State Senator, 18th District",registered,,2096
Washington,440,"State Senator, 18th District",total_votes,,1346
Washington,440,"State Senator, 18th District",candidate,Brian Pierson,474
Washington,440,"State Senator, 18th District",candidate,Winsvey E Campos,868
Washington,440,"State Senator, 18th District",writein,,4
Washington,440,"State Senator, 18th District",overvotes,,0
Washington,440,"State Senator, 18th District",undervotes,,115
Washington,446,"State Senator, 18th District",ballots_cast,,107
Washington,446,"State Senator, 18th District",registered,,197
Washington,446,"State Senator, 18th District",total_votes,,96
Washington,446,"State Senator, 18th District",candidate,Brian Pierson,36
Washington,446,"State Senator, 18th District",candidate,Winsvey E Campos,60
Washington,446,"State Senator, 18th District",writein,,0
Washington,446,"State Senator, 18th District",overvotes,,0
Washington,446,"State Senator, 18th District",undervotes,,11
Washington,449,"State Senator, 18th District",ballots_cast,,293
Washington,449,"State Senator, 18th District",registered,,346
Washington,449,"State Senator, 18th District",total_votes,,283
Washington,449,"State Senator, 18th District",candidate,Brian Pierson,174
Washington,449,"State Senator, 18th District",candidate,Winsvey E Campos,109
Washington,449,"State Senator, 18th District",writein,,0
Washington,449,"State Senator, 18th District",overvotes,,0
Washington,449,"State Senator, 18th District",undervotes,,10
Washington,452,"State Senator, 18th District",ballots_cast,,99
Washington,452,"State Senator, 18th District",registered,,131
Washington,452,"State Senator, 18th District",total_votes,,91
Washington,452,"State Senator, 18th District",candidate,Brian Pierson,50
Washington,452,"State Senator, 18th District",candidate,Winsvey E Campos,41
Washington,452,"State Senator, 18th District",writein,,0
Washington,452,"State Senator, 18th District",overvotes,,0
Washington,452,"State Senator, 18th District",undervotes,,8
Washington,456,"State Senator, 18th District",ballots_cast,,7
Washington,456,"State Senator, 18th District",registered,,8
Washington,456,"State Senator, 18th District",total_votes,,7
Washington,456,"State Senator, 18th District",candidate,Brian Pierson,0
Washington,456,"State Senator, 18th District",candidate,Winsvey E Campos,7
Washington,456,"State Senator, 18th District",writein,,0
Washington,456,"State Senator, 18th District",overvotes,,0
Washington,456,"State Senator, 18th District",undervotes,,0
Washington,395,"State Representative, 25th District",ballots_cast,,5402
Washington,395,"State Representative, 25th District",registered,,7163
Washington,395,"State Representative, 25th District",total_votes,,4991
Washington,395,"State Representative, 25th District",candidate,Ben Bowman,3510
Washington,395,"State Representative, 25th District",candidate,Bob Niemeyer,1471
Washington,395,"State Representative, 25th District",writein,,10
Washington,395,"State Representative, 25th District",overvotes,,0
Washington,395,"State Representative, 25th District",undervotes,,411
Washington,399,"State Representative, 25th District",ballots_cast,,2213
Washington,399,"State Representative, 25th District",registered,,2860
Washington,399,"State Representative, 25th District",total_votes,,2039
Washington,399,"State Representative, 25th District",candidate,Ben Bowman,1429
Washington,399,"State Representative, 25th District",candidate,Bob Niemeyer,604
Washington,399,"State Representative, 25th District",writein,,6
Washington,399,"State Representative, 25th District",overvotes,,0
Washington,399,"State Representative, 25th District",undervotes,,174
Washington,400,"State Representative, 25th District",ballots_cast,,3519
Washington,400,"State Representative, 25th District",registered,,4835
Washington,400,"State Representative, 25th District",total_votes,,3281
Washington,400,"State Representative, 25th District",candidate,Ben Bowman,2330
Washington,400,"State Representative, 25th District",candidate,Bob Niemeyer,948
Washington,400,"State Representative, 25th District",writein,,3
Washington,400,"State Representative, 25th District",overvotes,,0
Washington,400,"State Representative, 25th District",undervotes,,238
Washington,402,"State Representative, 25th District",ballots_cast,,6413
Washington,402,"State Representative, 25th District",registered,,8042
Washington,402,"State Representative, 25th District",total_votes,,6000
Washington,402,"State Representative, 25th District",candidate,Ben Bowman,3756
Washington,402,"State Representative, 25th District",candidate,Bob Niemeyer,2241
Washington,402,"State Representative, 25th District",writein,,3
Washington,402,"State Representative, 25th District",overvotes,,0
Washington,402,"State Representative, 25th District",undervotes,,413
Washington,404,"State Representative, 25th District",ballots_cast,,5913
Washington,404,"State Representative, 25th District",registered,,7979
Washington,404,"State Representative, 25th District",total_votes,,5515
Washington,404,"State Representative, 25th District",candidate,Ben Bowman,3802
Washington,404,"State Representative, 25th District",candidate,Bob Niemeyer,1704
Washington,404,"State Representative, 25th District",writein,,9
Washington,404,"State Representative, 25th District",overvotes,,0
Washington,404,"State Representative, 25th District",undervotes,,398
Washington,405,"State Representative, 25th District",ballots_cast,,7546
Washington,405,"State Representative, 25th District",registered,,9349
Washington,405,"State Representative, 25th District",total_votes,,7026
Washington,405,"State Representative, 25th District",candidate,Ben Bowman,4707
Washington,405,"State Representative, 25th District",candidate,Bob Niemeyer,2305
Washington,405,"State Representative, 25th District",writein,,14
Washington,405,"State Representative, 25th District",overvotes,,1
Washington,405,"State Representative, 25th District",undervotes,,519
Washington,409,"State Representative, 25th District",ballots_cast,,4511
Washington,409,"State Representative, 25th District",registered,,5979
Washington,409,"State Representative, 25th District",total_votes,,4185
Washington,409,"State Representative, 25th District",candidate,Ben Bowman,2859
Washington,409,"State Representative, 25th District",candidate,Bob Niemeyer,1319
Washington,409,"State Representative, 25th District",writein,,7
Washington,409,"State Representative, 25th District",overvotes,,1
Washington,409,"State Representative, 25th District",undervotes,,325
Washington,410,"State Representative, 25th District",ballots_cast,,1322
Washington,410,"State Representative, 25th District",registered,,1739
Washington,410,"State Representative, 25th District",total_votes,,1217
Washington,410,"State Representative, 25th District",candidate,Ben Bowman,790
Washington,410,"State Representative, 25th District",candidate,Bob Niemeyer,420
Washington,410,"State Representative, 25th District",writein,,7
Washington,410,"State Representative, 25th District",overvotes,,0
Washington,410,"State Representative, 25th District",undervotes,,105
Washington,414,"State Representative, 25th District",ballots_cast,,525
Washington,414,"State Representative, 25th District",registered,,662
Washington,414,"State Representative, 25th District",total_votes,,482
Washington,414,"State Representative, 25th District",candidate,Ben Bowman,309
Washington,414,"State Representative, 25th District",candidate,Bob Niemeyer,173
Washington,414,"State Representative, 25th District",writein,,0
Washington,414,"State Representative, 25th District",overvotes,,0
Washington,414,"State Representative, 25th District",undervotes,,43
Washington,417,"State Representative, 25th District",ballots_cast,,408
Washington,417,"State Representative, 25th District",registered,,588
Washington,417,"State Representative, 25th District",total_votes,,373
Washington,417,"State Representative, 25th District",candidate,Ben Bowman,240
Washington,417,"State Representative, 25th District",candidate,Bob Niemeyer,132
Washington,417,"State Representative, 25th District",writein,,1
Washington,417,"State Representative, 25th District",overvotes,,0
Washington,417,"State Representative, 25th District",undervotes,,35
Washington,421,"State Representative, 25th District",ballots_cast,,499
Washington,421,"State Representative, 25th District",registered,,665
Washington,421,"State Representative, 25th District",total_votes,,451
Washington,421,"State Representative, 25th District",candidate,Ben Bowman,308
Washington,421,"State Representative, 25th District",candidate,Bob Niemeyer,143
Washington,421,"State Representative, 25th District",writein,,0
Washington,421,"State Representative, 25th District",overvotes,,0
Washington,421,"State Representative, 25th District",undervotes,,48
Washington,441,"State Representative, 25th District",ballots_cast,,70
Washington,441,"State Representative, 25th District",registered,,87
Washington,441,"State Representative, 25th District",total_votes,,69
Washington,441,"State Representative, 25th District",candidate,Ben Bowman,56
Washington,441,"State Representative, 25th District",candidate,Bob Niemeyer,13
Washington,441,"State Representative, 25th District",writein,,0
Washington,441,"State Representative, 25th District",overvotes,,0
Washington,441,"State Representative, 25th District",undervotes,,1
Washington,397,"State Representative, 26th District",ballots_cast,,2943
Washington,397,"State Representative, 26th District",registered,,3691
Washington,397,"State Representative, 26th District",total_votes,,2793
Washington,397,"State Representative, 26th District",candidate,Courtney Neron,1599
Washington,397,"State Representative, 26th District",candidate,Jason E Fields,1190
Washington,397,"State Representative, 26th District",writein,,4
Washington,397,"State Representative, 26th District",overvotes,,0
Washington,397,"State Representative, 26th District",undervotes,,150
Washington,411,"State Representative, 26th District",ballots_cast,,1311
Washington,411,"State Representative, 26th District",registered,,1764
Washington,411,"State Representative, 26th District",total_votes,,1203
Washington,411,"State Representative, 26th District",candidate,Courtney Neron,807
Washington,411,"State Representative, 26th District",candidate,Jason E Fields,395
Washington,411,"State Representative, 26th District",writein,,1
Washington,411,"State Representative, 26th District",overvotes,,0
Washington,411,"State Representative, 26th District",undervotes,,108
Washington,413,"State Representative, 26th District",ballots_cast,,1455
Washington,413,"State Representative, 26th District",registered,,1875
Washington,413,"State Representative, 26th District",total_votes,,1364
Washington,413,"State Representative, 26th District",candidate,Courtney Neron,869
Washington,413,"State Representative, 26th District",candidate,Jason E Fields,495
Washington,413,"State Representative, 26th District",writein,,0
Washington,413,"State Representative, 26th District",overvotes,,1
Washington,413,"State Representative, 26th District",undervotes,,90
Washington,415,"State Representative, 26th District",ballots_cast,,850
Washington,415,"State Representative, 26th District",registered,,1188
Washington,415,"State Representative, 26th District",total_votes,,795
Washington,415,"State Representative, 26th District",candidate,Courtney Neron,505
Washington,415,"State Representative, 26th District",candidate,Jason E Fields,288
Washington,415,"State Representative, 26th District",writein,,2
Washington,415,"State Representative, 26th District",overvotes,,0
Washington,415,"State Representative, 26th District",undervotes,,55
Washington,419,"State Representative, 26th District",ballots_cast,,1789
Washington,419,"State Representative, 26th District",registered,,2104
Washington,419,"State Representative, 26th District",total_votes,,1670
Washington,419,"State Representative, 26th District",candidate,Courtney Neron,1062
Washington,419,"State Representative, 26th District",candidate,Jason E Fields,607
Washington,419,"State Representative, 26th District",writein,,1
Washington,419,"State Representative, 26th District",overvotes,,0
Washington,419,"State Representative, 26th District",undervotes,,119
Washington,424,"State Representative, 26th District",ballots_cast,,4657
Washington,424,"State Representative, 26th District",registered,,5850
Washington,424,"State Representative, 26th District",total_votes,,4363
Washington,424,"State Representative, 26th District",candidate,Courtney Neron,2302
Washington,424,"State Representative, 26th District",candidate,Jason E Fields,2059
Washington,424,"State Representative, 26th District",writein,,2
Washington,424,"State Representative, 26th District",overvotes,,0
Washington,424,"State Representative, 26th District",undervotes,,294
Washington,425,"State Representative, 26th District",ballots_cast,,683
Washington,425,"State Representative, 26th District",registered,,821
Washington,425,"State Representative, 26th District",total_votes,,653
Washington,425,"State Representative, 26th District",candidate,Courtney Neron,264
Washington,425,"State Representative, 26th District",candidate,Jason E Fields,389
Washington,425,"State Representative, 26th District",writein,,0
Washington,425,"State Representative, 26th District",overvotes,,0
Washington,425,"State Representative, 26th District",undervotes,,30
Washington,427,"State Representative, 26th District",ballots_cast,,1301
Washington,427,"State Representative, 26th District",registered,,1637
Washington,427,"State Representative, 26th District",total_votes,,1212
Washington,427,"State Representative, 26th District",candidate,Courtney Neron,757
Washington,427,"State Representative, 26th District",candidate,Jason E Fields,455
Washington,427,"State Representative, 26th District",writein,,0
Washington,427,"State Representative, 26th District",overvotes,,0
Washington,427,"State Representative, 26th District",undervotes,,89
Washington,432,"State Representative, 26th District",ballots_cast,,306
Washington,432,"State Representative, 26th District",registered,,401
Washington,432,"State Representative, 26th District",total_votes,,289
Washington,432,"State Representative, 26th District",candidate,Courtney Neron,192
Washington,432,"State Representative, 26th District",candidate,Jason E Fields,97
Washington,432,"State Representative, 26th District",writein,,0
Washington,432,"State Representative, 26th District",overvotes,,0
Washington,432,"State Representative, 26th District",undervotes,,17
Washington,435,"State Representative, 26th District",ballots_cast,,4132
Washington,435,"State Representative, 26th District",registered,,5143
Washington,435,"State Representative, 26th District",total_votes,,3893
Washington,435,"State Representative, 26th District",candidate,Courtney Neron,2195
Washington,435,"State Representative, 26th District",candidate,Jason E Fields,1692
Washington,435,"State Representative, 26th District",writein,,6
Washington,435,"State Representative, 26th District",overvotes,,0
Washington,435,"State Representative, 26th District",undervotes,,239
Washington,442,"State Representative, 26th District",ballots_cast,,2708
Washington,442,"State Representative, 26th District",registered,,3394
Washington,442,"State Representative, 26th District",total_votes,,2546
Washington,442,"State Representative, 26th District",candidate,Courtney Neron,1376
Washington,442,"State Representative, 26th District",candidate,Jason E Fields,1167
Washington,442,"State Representative, 26th District",writein,,3
Washington,442,"State Representative, 26th District",overvotes,,0
Washington,442,"State Representative, 26th District",undervotes,,162
Washington,447,"State Representative, 26th District",ballots_cast,,285
Washington,447,"State Representative, 26th District",registered,,344
Washington,447,"State Representative, 26th District",total_votes,,273
Washington,447,"State Representative, 26th District",candidate,Courtney Neron,106
Washington,447,"State Representative, 26th District",candidate,Jason E Fields,166
Washington,447,"State Representative, 26th District",writein,,1
Washington,447,"State Representative, 26th District",overvotes,,0
Washington,447,"State Representative, 26th District",undervotes,,12
Washington,448,"State Representative, 26th District",ballots_cast,,771
Washington,448,"State Representative, 26th District",registered,,956
Washington,448,"State Representative, 26th District",total_votes,,698
Washington,448,"State Representative, 26th District",candidate,Courtney Neron,422
Washington,448,"State Representative, 26th District",candidate,Jason E Fields,276
Washington,448,"State Representative, 26th District",writein,,0
Washington,448,"State Representative, 26th District",overvotes,,0
Washington,448,"State Representative, 26th District",undervotes,,73
Washington,453,"State Representative, 26th District",ballots_cast,,11
Washington,453,"State Representative, 26th District",registered,,13
Washington,453,"State Representative, 26th District",total_votes,,11
Washington,453,"State Representative, 26th District",candidate,Courtney Neron,5
Washington,453,"State Representative, 26th District",candidate,Jason E Fields,6
Washington,453,"State Representative, 26th District",writein,,0
Washington,453,"State Representative, 26th District",overvotes,,0
Washington,453,"State Representative, 26th District",undervotes,,0
Washington,454,"State Representative, 26th District",ballots_cast,,19
Washington,454,"State Representative, 26th District",registered,,27
Washington,454,"State Representative, 26th District",total_votes,,19
Washington,454,"State Representative, 26th District",candidate,Courtney Neron,1
Washington,454,"State Representative, 26th District",candidate,Jason E Fields,18
Washington,454,"State Representative, 26th District",writein,,0
Washington,454,"State Representative, 26th District",overvotes,,0
Washington,454,"State Representative, 26th District",undervotes,,0
Washington,349,"State Representative, 27th District",ballots_cast,,573
Washington,349,"State Representative, 27th District",registered,,799
Washington,349,"State Representative, 27th District",total_votes,,530
Washington,349,"State Representative, 27th District",candidate,Victoria Kingsbury,141
Washington,349,"State Representative, 27th District",candidate,Ken Helm,388
Washington,349,"State Representative, 27th District",writein,,1
Washington,349,"State Representative, 27th District",overvotes,,0
Washington,349,"State Representative, 27th District",undervotes,,43
Washington,350,"State Representative, 27th District",ballots_cast,,6361
Washington,350,"State Representative, 27th District",registered,,8736
Washington,350,"State Representative, 27th District",total_votes,,5812
Washington,350,"State Representative, 27th District",candidate,Victoria Kingsbury,1501
Washington,350,"State Representative, 27th District",candidate,Ken Helm,4303
Washington,350,"State Representative, 27th District",writein,,8
Washington,350,"State Representative, 27th District",overvotes,,1
Washington,350,"State Representative, 27th District",undervotes,,548
Washington,353,"State Representative, 27th District",ballots_cast,,2219
Washington,353,"State Representative, 27th District",registered,,2816
Washington,353,"State Representative, 27th District",total_votes,,2042
Washington,353,"State Representative, 27th District",candidate,Victoria Kingsbury,456
Washington,353,"State Representative, 27th District",candidate,Ken Helm,1581
Washington,353,"State Representative, 27th District",writein,,5
Washington,353,"State Representative, 27th District",overvotes,,0
Washington,353,"State Representative, 27th District",undervotes,,177
Washington,354,"State Representative, 27th District",ballots_cast,,1811
Washington,354,"State Representative, 27th District",registered,,2255
Washington,354,"State Representative, 27th District",total_votes,,1672
Washington,354,"State Representative, 27th District",candidate,Victoria Kingsbury,454
Washington,354,"State Representative, 27th District",candidate,Ken Helm,1217
Washington,354,"State Representative, 27th District",writein,,1
Washington,354,"State Representative, 27th District",overvotes,,0
Washington,354,"State Representative, 27th District",undervotes,,139
Washington,362,"State Representative, 27th District",ballots_cast,,6315
Washington,362,"State Representative, 27th District",registered,,7979
Washington,362,"State Representative, 27th District",total_votes,,5826
Washington,362,"State Representative, 27th District",candidate,Victoria Kingsbury,1609
Washington,362,"State Representative, 27th District",candidate,Ken Helm,4210
Washington,362,"State Representative, 27th District",writein,,7
Washington,362,"State Representative, 27th District",overvotes,,0
Washington,362,"State Representative, 27th District",undervotes,,489
Washington,365,"State Representative, 27th District",ballots_cast,,4622
Washington,365,"State Representative, 27th District",registered,,5419
Washington,365,"State Representative, 27th District",total_votes,,4268
Washington,365,"State Representative, 27th District",candidate,Victoria Kingsbury,1045
Washington,365,"State Representative, 27th District",candidate,Ken Helm,3220
Washington,365,"State Representative, 27th District",writein,,3
Washington,365,"State Representative, 27th District",overvotes,,0
Washington,365,"State Representative, 27th District",undervotes,,354
Washington,372,"State Representative, 27th District",ballots_cast,,1701
Washington,372,"State Representative, 27th District",registered,,1989
Washington,372,"State Representative, 27th District",total_votes,,1577
Washington,372,"State Representative, 27th District",candidate,Victoria Kingsbury,391
Washington,372,"State Representative, 27th District",candidate,Ken Helm,1186
Washington,372,"State Representative, 27th District",writein,,0
Washington,372,"State Representative, 27th District",overvotes,,0
Washington,372,"State Representative, 27th District",undervotes,,124
Washington,375,"State Representative, 27th District",ballots_cast,,279
Washington,375,"State Representative, 27th District",registered,,324
Washington,375,"State Representative, 27th District",total_votes,,254
Washington,375,"State Representative, 27th District",candidate,Victoria Kingsbury,60
Washington,375,"State Representative, 27th District",candidate,Ken Helm,194
Washington,375,"State Representative, 27th District",writein,,0
Washington,375,"State Representative, 27th District",overvotes,,0
Washington,375,"State Representative, 27th District",undervotes,,25
Washington,379,"State Representative, 27th District",ballots_cast,,3854
Washington,379,"State Representative, 27th District",registered,,5133
Washington,379,"State Representative, 27th District",total_votes,,3538
Washington,379,"State Representative, 27th District",candidate,Victoria Kingsbury,950
Washington,379,"State Representative, 27th District",candidate,Ken Helm,2587
Washington,379,"State Representative, 27th District",writein,,1
Washington,379,"State Representative, 27th District",overvotes,,0
Washington,379,"State Representative, 27th District",undervotes,,316
Washington,380,"State Representative, 27th District",ballots_cast,,3025
Washington,380,"State Representative, 27th District",registered,,3630
Washington,380,"State Representative, 27th District",total_votes,,2809
Washington,380,"State Representative, 27th District",candidate,Victoria Kingsbury,855
Washington,380,"State Representative, 27th District",candidate,Ken Helm,1950
Washington,380,"State Representative, 27th District",writein,,4
Washington,380,"State Representative, 27th District",overvotes,,0
Washington,380,"State Representative, 27th District",undervotes,,216
Washington,383,"State Representative, 27th District",ballots_cast,,1566
Washington,383,"State Representative, 27th District",registered,,2002
Washington,383,"State Representative, 27th District",total_votes,,1432
Washington,383,"State Representative, 27th District",candidate,Victoria Kingsbury,330
Washington,383,"State Representative, 27th District",candidate,Ken Helm,1101
Washington,383,"State Representative, 27th District",writein,,1
Washington,383,"State Representative, 27th District",overvotes,,0
Washington,383,"State Representative, 27th District",undervotes,,134
Washington,385,"State Representative, 27th District",ballots_cast,,770
Washington,385,"State Representative, 27th District",registered,,878
Washington,385,"State Representative, 27th District",total_votes,,687
Washington,385,"State Representative, 27th District",candidate,Victoria Kingsbury,192
Washington,385,"State Representative, 27th District",candidate,Ken Helm,493
Washington,385,"State Representative, 27th District",writein,,2
Washington,385,"State Representative, 27th District",overvotes,,0
Washington,385,"State Representative, 27th District",undervotes,,83
Washington,406,"State Representative, 27th District",ballots_cast,,2033
Washington,406,"State Representative, 27th District",registered,,2637
Washington,406,"State Representative, 27th District",total_votes,,1862
Washington,406,"State Representative, 27th District",candidate,Victoria Kingsbury,373
Washington,406,"State Representative, 27th District",candidate,Ken Helm,1488
Washington,406,"State Representative, 27th District",writein,,1
Washington,406,"State Representative, 27th District",overvotes,,0
Washington,406,"State Representative, 27th District",undervotes,,171
Washington,408,"State Representative, 27th District",ballots_cast,,322
Washington,408,"State Representative, 27th District",registered,,405
Washington,408,"State Representative, 27th District",total_votes,,292
Washington,408,"State Representative, 27th District",candidate,Victoria Kingsbury,79
Washington,408,"State Representative, 27th District",candidate,Ken Helm,212
Washington,408,"State Representative, 27th District",writein,,1
Washington,408,"State Representative, 27th District",overvotes,,0
Washington,408,"State Representative, 27th District",undervotes,,30
Washington,455,"State Representative, 27th District",ballots_cast,,1486
Washington,455,"State Representative, 27th District",registered,,2157
Washington,455,"State Representative, 27th District",total_votes,,1356
Washington,455,"State Representative, 27th District",candidate,Victoria Kingsbury,344
Washington,455,"State Representative, 27th District",candidate,Ken Helm,1012
Washington,455,"State Representative, 27th District",writein,,0
Washington,455,"State Representative, 27th District",overvotes,,0
Washington,455,"State Representative, 27th District",undervotes,,130
Washington,378,"State Representative, 28th District",ballots_cast,,937
Washington,378,"State Representative, 28th District",registered,,1115
Washington,378,"State Representative, 28th District",total_votes,,851
Washington,378,"State Representative, 28th District",candidate,Dacia Grayber,679
Washington,378,"State Representative, 28th District",candidate,Charles (Chick) Mengis,169
Washington,378,"State Representative, 28th District",writein,,3
Washington,378,"State Representative, 28th District",overvotes,,0
Washington,378,"State Representative, 28th District",undervotes,,86
Washington,384,"State Representative, 28th District",ballots_cast,,4477
Washington,384,"State Representative, 28th District",registered,,5476
Washington,384,"State Representative, 28th District",total_votes,,4152
Washington,384,"State Representative, 28th District",candidate,Dacia Grayber,3302
Washington,384,"State Representative, 28th District",candidate,Charles (Chick) Mengis,847
Washington,384,"State Representative, 28th District",writein,,3
Washington,384,"State Representative, 28th District",overvotes,,0
Washington,384,"State Representative, 28th District",undervotes,,325
Washington,386,"State Representative, 28th District",ballots_cast,,1936
Washington,386,"State Representative, 28th District",registered,,2212
Washington,386,"State Representative, 28th District",total_votes,,1763
Washington,386,"State Representative, 28th District",candidate,Dacia Grayber,1367
Washington,386,"State Representative, 28th District",candidate,Charles (Chick) Mengis,392
Washington,386,"State Representative, 28th District",writein,,4
Washington,386,"State Representative, 28th District",overvotes,,0
Washington,386,"State Representative, 28th District",undervotes,,173
Washington,388,"State Representative, 28th District",ballots_cast,,250
Washington,388,"State Representative, 28th District",registered,,370
Washington,388,"State Representative, 28th District",total_votes,,236
Washington,388,"State Representative, 28th District",candidate,Dacia Grayber,175
Washington,388,"State Representative, 28th District",candidate,Charles (Chick) Mengis,61
Washington,388,"State Representative, 28th District",writein,,0
Washington,388,"State Representative, 28th District",overvotes,,0
Washington,388,"State Representative, 28th District",undervotes,,14
Washington,391,"State Representative, 28th District",ballots_cast,,405
Washington,391,"State Representative, 28th District",registered,,551
Washington,391,"State Representative, 28th District",total_votes,,379
Washington,391,"State Representative, 28th District",candidate,Dacia Grayber,316
Washington,391,"State Representative, 28th District",candidate,Charles (Chick) Mengis,63
Washington,391,"State Representative, 28th District",writein,,0
Washington,391,"State Representative, 28th District",overvotes,,0
Washington,391,"State Representative, 28th District",undervotes,,26
Washington,392,"State Representative, 28th District",ballots_cast,,112
Washington,392,"State Representative, 28th District",registered,,155
Washington,392,"State Representative, 28th District",total_votes,,93
Washington,392,"State Representative, 28th District",candidate,Dacia Grayber,77
Washington,392,"State Representative, 28th District",candidate,Charles (Chick) Mengis,16
Washington,392,"State Representative, 28th District",writein,,0
Washington,392,"State Representative, 28th District",overvotes,,0
Washington,392,"State Representative, 28th District",undervotes,,19
Washington,393,"State Representative, 28th District",ballots_cast,,626
Washington,393,"State Representative, 28th District",registered,,713
Washington,393,"State Representative, 28th District",total_votes,,586
Washington,393,"State Representative, 28th District",candidate,Dacia Grayber,488
Washington,393,"State Representative, 28th District",candidate,Charles (Chick) Mengis,98
Washington,393,"State Representative, 28th District",writein,,0
Washington,393,"State Representative, 28th District",overvotes,,0
Washington,393,"State Representative, 28th District",undervotes,,40
Washington,401,"State Representative, 28th District",ballots_cast,,1860
Washington,401,"State Representative, 28th District",registered,,2186
Washington,401,"State Representative, 28th District",total_votes,,1740
Washington,401,"State Representative, 28th District",candidate,Dacia Grayber,1378
Washington,401,"State Representative, 28th District",candidate,Charles (Chick) Mengis,361
Washington,401,"State Representative, 28th District",writein,,1
Washington,401,"State Representative, 28th District",overvotes,,0
Washington,401,"State Representative, 28th District",undervotes,,120
Washington,308,"State Representative, 29th District",ballots_cast,,148
Washington,308,"State Representative, 29th District",registered,,188
Washington,308,"State Representative, 29th District",total_votes,,81
Washington,308,"State Representative, 29th District",candidate,Susan McLain,78
Washington,308,"State Representative, 29th District",writein,,3
Washington,308,"State Representative, 29th District",overvotes,,0
Washington,308,"State Representative, 29th District",undervotes,,67
Washington,310,"State Representative, 29th District",ballots_cast,,614
Washington,310,"State Representative, 29th District",registered,,752
Washington,310,"State Representative, 29th District",total_votes,,373
Washington,310,"State Representative, 29th District",candidate,Susan McLain,347
Washington,310,"State Representative, 29th District",writein,,26
Washington,310,"State Representative, 29th District",overvotes,,0
Washington,310,"State Representative, 29th District",undervotes,,241
Washington,314,"State Representative, 29th District",ballots_cast,,310
Washington,314,"State Representative, 29th District",registered,,385
Washington,314,"State Representative, 29th District",total_votes,,174
Washington,314,"State Representative, 29th District",candidate,Susan McLain,164
Washington,314,"State Representative, 29th District",writein,,10
Washington,314,"State Representative, 29th District",overvotes,,0
Washington,314,"State Representative, 29th District",undervotes,,136
Washington,328,"State Representative, 29th District",ballots_cast,,931
Washington,328,"State Representative, 29th District",registered,,1236
Washington,328,"State Representative, 29th District",total_votes,,540
Washington,328,"State Representative, 29th District",candidate,Susan McLain,517
Washington,328,"State Representative, 29th District",writein,,23
Washington,328,"State Representative, 29th District",overvotes,,0
Washington,328,"State Representative, 29th District",undervotes,,391
Washington,335,"State Representative, 29th District",ballots_cast,,4268
Washington,335,"State Representative, 29th District",registered,,5422
Washington,335,"State Representative, 29th District",total_votes,,2853
Washington,335,"State Representative, 29th District",candidate,Susan McLain,2749
Washington,335,"State Representative, 29th District",writein,,104
Washington,335,"State Representative, 29th District",overvotes,,0
Washington,335,"State Representative, 29th District",undervotes,,1415
Washington,336,"State Representative, 29th District",ballots_cast,,2948
Washington,336,"State Representative, 29th District",registered,,4133
Washington,336,"State Representative, 29th District",total_votes,,1992
Washington,336,"State Representative, 29th District",candidate,Susan McLain,1929
Washington,336,"State Representative, 29th District",writein,,63
Washington,336,"State Representative, 29th District",overvotes,,0
Washington,336,"State Representative, 29th District",undervotes,,956
Washington,337,"State Representative, 29th District",ballots_cast,,1086
Washington,337,"State Representative, 29th District",registered,,2080
Washington,337,"State Representative, 29th District",total_votes,,759
Washington,337,"State Representative, 29th District",candidate,Susan McLain,739
Washington,337,"State Representative, 29th District",writein,,20
Washington,337,"State Representative, 29th District",overvotes,,0
Washington,337,"State Representative, 29th District",undervotes,,327
Washington,338,"State Representative, 29th District",ballots_cast,,5180
Washington,338,"State Representative, 29th District",registered,,8503
Washington,338,"State Representative, 29th District",total_votes,,3665
Washington,338,"State Representative, 29th District",candidate,Susan McLain,3532
Washington,338,"State Representative, 29th District",writein,,133
Washington,338,"State Representative, 29th District",overvotes,,0
Washington,338,"State Representative, 29th District",undervotes,,1515
Washington,339,"State Representative, 29th District",ballots_cast,,4822
Washington,339,"State Representative, 29th District",registered,,7722
Washington,339,"State Representative, 29th District",total_votes,,3348
Washington,339,"State Representative, 29th District",candidate,Susan McLain,3226
Washington,339,"State Representative, 29th District",writein,,122
Washington,339,"State Representative, 29th District",overvotes,,0
Washington,339,"State Representative, 29th District",undervotes,,1474
Washington,340,"State Representative, 29th District",ballots_cast,,6948
Washington,340,"State Representative, 29th District",registered,,9050
Washington,340,"State Representative, 29th District",total_votes,,4762
Washington,340,"State Representative, 29th District",candidate,Susan McLain,4592
Washington,340,"State Representative, 29th District",writein,,170
Washington,340,"State Representative, 29th District",overvotes,,0
Washington,340,"State Representative, 29th District",undervotes,,2186
Washington,341,"State Representative, 29th District",ballots_cast,,305
Washington,341,"State Representative, 29th District",registered,,403
Washington,341,"State Representative, 29th District",total_votes,,165
Washington,341,"State Representative, 29th District",candidate,Susan McLain,153
Washington,341,"State Representative, 29th District",writein,,12
Washington,341,"State Representative, 29th District",overvotes,,0
Washington,341,"State Representative, 29th District",undervotes,,140
Washington,342,"State Representative, 29th District",ballots_cast,,63
Washington,342,"State Representative, 29th District",registered,,70
Washington,342,"State Representative, 29th District",total_votes,,48
Washington,342,"State Representative, 29th District",candidate,Susan McLain,44
Washington,342,"State Representative, 29th District",writein,,4
Washington,342,"State Representative, 29th District",overvotes,,0
Washington,342,"State Representative, 29th District",undervotes,,15
Washington,344,"State Representative, 29th District",ballots_cast,,2806
Washington,344,"State Representative, 29th District",registered,,4441
Washington,344,"State Representative, 29th District",total_votes,,1955
Washington,344,"State Representative, 29th District",candidate,Susan McLain,1899
Washington,344,"State Representative, 29th District",writein,,56
Washington,344,"State Representative, 29th District",overvotes,,0
Washington,344,"State Representative, 29th District",undervotes,,851
Washington,345,"State Representative, 29th District",ballots_cast,,27
Washington,345,"State Representative, 29th District",registered,,32
Washington,345,"State Representative, 29th District",total_votes,,17
Washington,345,"State Representative, 29th District",candidate,Susan McLain,17
Washington,345,"State Representative, 29th District",writein,,0
Washington,345,"State Representative, 29th District",overvotes,,0
Washington,345,"State Representative, 29th District",undervotes,,10
Washington,346,"State Representative, 29th District",ballots_cast,,274
Washington,346,"State Representative, 29th District",registered,,377
Washington,346,"State Representative, 29th District",total_votes,,165
Washington,346,"State Representative, 29th District",candidate,Susan McLain,157
Washington,346,"State Representative, 29th District",writein,,8
Washington,346,"State Representative, 29th District",overvotes,,0
Washington,346,"State Representative, 29th District",undervotes,,109
Washington,347,"State Representative, 29th District",ballots_cast,,55
Washington,347,"State Representative, 29th District",registered,,65
Washington,347,"State Representative, 29th District",total_votes,,33
Washington,347,"State Representative, 29th District",candidate,Susan McLain,29
Washington,347,"State Representative, 29th District",writein,,4
Washington,347,"State Representative, 29th District",overvotes,,0
Washington,347,"State Representative, 29th District",undervotes,,22
Washington,422,"State Representative, 29th District",ballots_cast,,17
Washington,422,"State Representative, 29th District",registered,,21
Washington,422,"State Representative, 29th District",total_votes,,3
Washington,422,"State Representative, 29th District",candidate,Susan McLain,3
Washington,422,"State Representative, 29th District",writein,,0
Washington,422,"State Representative, 29th District",overvotes,,0
Washington,422,"State Representative, 29th District",undervotes,,14
Washington,445,"State Representative, 29th District",ballots_cast,,1
Washington,445,"State Representative, 29th District",registered,,1
Washington,445,"State Representative, 29th District",total_votes,,1
Washington,445,"State Representative, 29th District",candidate,Susan McLain,1
Washington,445,"State Representative, 29th District",writein,,0
Washington,445,"State Representative, 29th District",overvotes,,0
Washington,445,"State Representative, 29th District",undervotes,,0
Washington,307,"State Representative, 30th District",ballots_cast,,4494
Washington,307,"State Representative, 30th District",registered,,6439
Washington,307,"State Representative, 30th District",total_votes,,2863
Washington,307,"State Representative, 30th District",candidate,Nathan Sosa,2734
Washington,307,"State Representative, 30th District",writein,,129
Washington,307,"State Representative, 30th District",overvotes,,0
Washington,307,"State Representative, 30th District",undervotes,,1631
Washington,309,"State Representative, 30th District",ballots_cast,,4308
Washington,309,"State Representative, 30th District",registered,,5870
Washington,309,"State Representative, 30th District",total_votes,,2871
Washington,309,"State Representative, 30th District",candidate,Nathan Sosa,2762
Washington,309,"State Representative, 30th District",writein,,109
Washington,309,"State Representative, 30th District",overvotes,,0
Washington,309,"State Representative, 30th District",undervotes,,1437
Washington,313,"State Representative, 30th District",ballots_cast,,3
Washington,313,"State Representative, 30th District",registered,,3
Washington,313,"State Representative, 30th District",total_votes,,1
Washington,313,"State Representative, 30th District",candidate,Nathan Sosa,1
Washington,313,"State Representative, 30th District",writein,,0
Washington,313,"State Representative, 30th District",overvotes,,0
Washington,313,"State Representative, 30th District",undervotes,,2
Washington,315,"State Representative, 30th District",ballots_cast,,493
Washington,315,"State Representative, 30th District",registered,,577
Washington,315,"State Representative, 30th District",total_votes,,238
Washington,315,"State Representative, 30th District",candidate,Nathan Sosa,220
Washington,315,"State Representative, 30th District",writein,,18
Washington,315,"State Representative, 30th District",overvotes,,0
Washington,315,"State Representative, 30th District",undervotes,,255
Washington,317,"State Representative, 30th District",ballots_cast,,169
Washington,317,"State Representative, 30th District",registered,,290
Washington,317,"State Representative, 30th District",total_votes,,92
Washington,317,"State Representative, 30th District",candidate,Nathan Sosa,83
Washington,317,"State Representative, 30th District",writein,,9
Washington,317,"State Representative, 30th District",overvotes,,0
Washington,317,"State Representative, 30th District",undervotes,,77
Washington,329,"State Representative, 30th District",ballots_cast,,7692
Washington,329,"State Representative, 30th District",registered,,10184
Washington,329,"State Representative, 30th District",total_votes,,5341
Washington,329,"State Representative, 30th District",candidate,Nathan Sosa,5157
Washington,329,"State Representative, 30th District",writein,,184
Washington,329,"State Representative, 30th District",overvotes,,0
Washington,329,"State Representative, 30th District",undervotes,,2351
Washington,332,"State Representative, 30th District",ballots_cast,,2550
Washington,332,"State Representative, 30th District",registered,,3748
Washington,332,"State Representative, 30th District",total_votes,,1908
Washington,332,"State Representative, 30th District",candidate,Nathan Sosa,1858
Washington,332,"State Representative, 30th District",writein,,50
Washington,332,"State Representative, 30th District",overvotes,,0
Washington,332,"State Representative, 30th District",undervotes,,642
Washington,333,"State Representative, 30th District",ballots_cast,,3626
Washington,333,"State Representative, 30th District",registered,,5535
Washington,333,"State Representative, 30th District",total_votes,,2661
Washington,333,"State Representative, 30th District",candidate,Nathan Sosa,2599
Washington,333,"State Representative, 30th District",writein,,62
Washington,333,"State Representative, 30th District",overvotes,,0
Washington,333,"State Representative, 30th District",undervotes,,965
Washington,343,"State Representative, 30th District",ballots_cast,,2608
Washington,343,"State Representative, 30th District",registered,,3433
Washington,343,"State Representative, 30th District",total_votes,,1665
Washington,343,"State Representative, 30th District",candidate,Nathan Sosa,1598
Washington,343,"State Representative, 30th District",writein,,67
Washington,343,"State Representative, 30th District",overvotes,,1
Washington,343,"State Representative, 30th District",undervotes,,942
Washington,369,"State Representative, 30th District",ballots_cast,,1660
Washington,369,"State Representative, 30th District",registered,,2140
Washington,369,"State Representative, 30th District",total_votes,,1084
Washington,369,"State Representative, 30th District",candidate,Nathan Sosa,1040
Washington,369,"State Representative, 30th District",writein,,44
Washington,369,"State Representative, 30th District",overvotes,,0
Washington,369,"State Representative, 30th District",undervotes,,576
Washington,370,"State Representative, 30th District",ballots_cast,,2096
Washington,370,"State Representative, 30th District",registered,,2627
Washington,370,"State Representative, 30th District",total_votes,,1351
Washington,370,"State Representative, 30th District",candidate,Nathan Sosa,1317
Washington,370,"State Representative, 30th District",writein,,34
Washington,370,"State Representative, 30th District",overvotes,,0
Washington,370,"State Representative, 30th District",undervotes,,745
Washington,373,"State Representative, 30th District",ballots_cast,,328
Washington,373,"State Representative, 30th District",registered,,418
Washington,373,"State Representative, 30th District",total_votes,,178
Washington,373,"State Representative, 30th District",candidate,Nathan Sosa,165
Washington,373,"State Representative, 30th District",writein,,13
Washington,373,"State Representative, 30th District",overvotes,,0
Washington,373,"State Representative, 30th District",undervotes,,150
Washington,374,"State Representative, 30th District",ballots_cast,,9
Washington,374,"State Representative, 30th District",registered,,11
Washington,374,"State Representative, 30th District",total_votes,,6
Washington,374,"State Representative, 30th District",candidate,Nathan Sosa,6
Washington,374,"State Representative, 30th District",writein,,0
Washington,374,"State Representative, 30th District",overvotes,,0
Washington,374,"State Representative, 30th District",undervotes,,3
Washington,454,"State Representative, 30th District",ballots_cast,,1066
Washington,454,"State Representative, 30th District",registered,,1450
Washington,454,"State Representative, 30th District",total_votes,,745
Washington,454,"State Representative, 30th District",candidate,Nathan Sosa,714
Washington,454,"State Representative, 30th District",writein,,31
Washington,454,"State Representative, 30th District",overvotes,,0
Washington,454,"State Representative, 30th District",undervotes,,321
Washington,301,"State Representative, 31st District",ballots_cast,,1724
Washington,301,"State Representative, 31st District",registered,,2133
Washington,301,"State Representative, 31st District",total_votes,,1596
Washington,301,"State Representative, 31st District",candidate,Jordan Gutierrez,516
Washington,301,"State Representative, 31st District",candidate,Darcey Edwards,1040
Washington,301,"State Representative, 31st District",candidate,Robert Miller,32
Washington,301,"State Representative, 31st District",writein,,8
Washington,301,"State Representative, 31st District",overvotes,,0
Washington,301,"State Representative, 31st District",undervotes,,128
Washington,305,"State Representative, 31st District",ballots_cast,,953
Washington,305,"State Representative, 31st District",registered,,1317
Washington,305,"State Representative, 31st District",total_votes,,873
Washington,305,"State Representative, 31st District",candidate,Jordan Gutierrez,286
Washington,305,"State Representative, 31st District",candidate,Darcey Edwards,559
Washington,305,"State Representative, 31st District",candidate,Robert Miller,26
Washington,305,"State Representative, 31st District",writein,,2
Washington,305,"State Representative, 31st District",overvotes,,0
Washington,305,"State Representative, 31st District",undervotes,,80
Washington,311,"State Representative, 31st District",ballots_cast,,684
Washington,311,"State Representative, 31st District",registered,,858
Washington,311,"State Representative, 31st District",total_votes,,638
Washington,311,"State Representative, 31st District",candidate,Jordan Gutierrez,248
Washington,311,"State Representative, 31st District",candidate,Darcey Edwards,366
Washington,311,"State Representative, 31st District",candidate,Robert Miller,24
Washington,311,"State Representative, 31st District",writein,,0
Washington,311,"State Representative, 31st District",overvotes,,0
Washington,311,"State Representative, 31st District",undervotes,,46
Washington,312,"State Representative, 31st District",ballots_cast,,1703
Washington,312,"State Representative, 31st District",registered,,2148
Washington,312,"State Representative, 31st District",total_votes,,1570
Washington,312,"State Representative, 31st District",candidate,Jordan Gutierrez,537
Washington,312,"State Representative, 31st District",candidate,Darcey Edwards,996
Washington,312,"State Representative, 31st District",candidate,Robert Miller,35
Washington,312,"State Representative, 31st District",writein,,2
Washington,312,"State Representative, 31st District",overvotes,,0
Washington,312,"State Representative, 31st District",undervotes,,133
Washington,316,"State Representative, 31st District",ballots_cast,,1719
Washington,316,"State Representative, 31st District",registered,,2086
Washington,316,"State Representative, 31st District",total_votes,,1574
Washington,316,"State Representative, 31st District",candidate,Jordan Gutierrez,520
Washington,316,"State Representative, 31st District",candidate,Darcey Edwards,1016
Washington,316,"State Representative, 31st District",candidate,Robert Miller,33
Washington,316,"State Representative, 31st District",writein,,5
Washington,316,"State Representative, 31st District",overvotes,,0
Washington,316,"State Representative, 31st District",undervotes,,145
Washington,321,"State Representative, 31st District",ballots_cast,,328
Washington,321,"State Representative, 31st District",registered,,449
Washington,321,"State Representative, 31st District",total_votes,,300
Washington,321,"State Representative, 31st District",candidate,Jordan Gutierrez,95
Washington,321,"State Representative, 31st District",candidate,Darcey Edwards,193
Washington,321,"State Representative, 31st District",candidate,Robert Miller,11
Washington,321,"State Representative, 31st District",writein,,1
Washington,321,"State Representative, 31st District",overvotes,,1
Washington,321,"State Representative, 31st District",undervotes,,27
Washington,324,"State Representative, 31st District",ballots_cast,,519
Washington,324,"State Representative, 31st District",registered,,688
Washington,324,"State Representative, 31st District",total_votes,,466
Washington,324,"State Representative, 31st District",candidate,Jordan Gutierrez,166
Washington,324,"State Representative, 31st District",candidate,Darcey Edwards,282
Washington,324,"State Representative, 31st District",candidate,Robert Miller,17
Washington,324,"State Representative, 31st District",writein,,1
Washington,324,"State Representative, 31st District",overvotes,,0
Washington,324,"State Representative, 31st District",undervotes,,53
Washington,326,"State Representative, 31st District",ballots_cast,,1898
Washington,326,"State Representative, 31st District",registered,,2390
Washington,326,"State Representative, 31st District",total_votes,,1747
Washington,326,"State Representative, 31st District",candidate,Jordan Gutierrez,522
Washington,326,"State Representative, 31st District",candidate,Darcey Edwards,1189
Washington,326,"State Representative, 31st District",candidate,Robert Miller,33
Washington,326,"State Representative, 31st District",writein,,3
Washington,326,"State Representative, 31st District",overvotes,,0
Washington,326,"State Representative, 31st District",undervotes,,151
Washington,330,"State Representative, 31st District",ballots_cast,,2150
Washington,330,"State Representative, 31st District",registered,,2705
Washington,330,"State Representative, 31st District",total_votes,,1944
Washington,330,"State Representative, 31st District",candidate,Jordan Gutierrez,848
Washington,330,"State Representative, 31st District",candidate,Darcey Edwards,1025
Washington,330,"State Representative, 31st District",candidate,Robert Miller,69
Washington,330,"State Representative, 31st District",writein,,2
Washington,330,"State Representative, 31st District",overvotes,,0
Washington,330,"State Representative, 31st District",undervotes,,206
Washington,334,"State Representative, 31st District",ballots_cast,,137
Washington,334,"State Representative, 31st District",registered,,162
Washington,334,"State Representative, 31st District",total_votes,,129
Washington,334,"State Representative, 31st District",candidate,Jordan Gutierrez,42
Washington,334,"State Representative, 31st District",candidate,Darcey Edwards,80
Washington,334,"State Representative, 31st District",candidate,Robert Miller,7
Washington,334,"State Representative, 31st District",writein,,0
Washington,334,"State Representative, 31st District",overvotes,,0
Washington,334,"State Representative, 31st District",undervotes,,8
Washington,443,"State Representative, 31st District",ballots_cast,,11
Washington,443,"State Representative, 31st District",registered,,11
Washington,443,"State Representative, 31st District",total_votes,,11
Washington,443,"State Representative, 31st District",candidate,Jordan Gutierrez,0
Washington,443,"State Representative, 31st District",candidate,Darcey Edwards,11
Washington,443,"State Representative, 31st District",candidate,Robert Miller,0
Washington,443,"State Representative, 31st District",writein,,0
Washington,443,"State Representative, 31st District",overvotes,,0
Washington,443,"State Representative, 31st District",undervotes,,0
Washington,450,"State Representative, 31st District",ballots_cast,,170
Washington,450,"State Representative, 31st District",registered,,208
Washington,450,"State Representative, 31st District",total_votes,,158
Washington,450,"State Representative, 31st District",candidate,Jordan Gutierrez,36
Washington,450,"State Representative, 31st District",candidate,Darcey Edwards,121
Washington,450,"State Representative, 31st District",candidate,Robert Miller,1
Washington,450,"State Representative, 31st District",writein,,0
Washington,450,"State Representative, 31st District",overvotes,,0
Washington,450,"State Representative, 31st District",undervotes,,12
Washington,366,"State Representative, 33rd District",ballots_cast,,1641
Washington,366,"State Representative, 33rd District",registered,,2203
Washington,366,"State Representative, 33rd District",total_votes,,1519
Washington,366,"State Representative, 33rd District",candidate,Stan Baumhofer,319
Washington,366,"State Representative, 33rd District",candidate,Thomas J Busse,53
Washington,366,"State Representative, 33rd District",candidate,Shannon Jones Isadore,1146
Washington,366,"State Representative, 33rd District",writein,,1
Washington,366,"State Representative, 33rd District",overvotes,,0
Washington,366,"State Representative, 33rd District",undervotes,,122
Washington,407,"State Representative, 33rd District",ballots_cast,,870
Washington,407,"State Representative, 33rd District",registered,,993
Washington,407,"State Representative, 33rd District",total_votes,,782
Washington,407,"State Representative, 33rd District",candidate,Stan Baumhofer,236
Washington,407,"State Representative, 33rd District",candidate,Thomas J Busse,15
Washington,407,"State Representative, 33rd District",candidate,Shannon Jones Isadore,531
Washington,407,"State Representative, 33rd District",writein,,0
Washington,407,"State Representative, 33rd District",overvotes,,0
Washington,407,"State Representative, 33rd District",undervotes,,88
Washington,306,"State Representative, 34th District",ballots_cast,,579
Washington,306,"State Representative, 34th District",registered,,796
Washington,306,"State Representative, 34th District",total_votes,,551
Washington,306,"State Representative, 34th District",candidate,John Verbeek,122
Washington,306,"State Representative, 34th District",candidate,Lisa Reynolds,429
Washington,306,"State Representative, 34th District",writein,,0
Washington,306,"State Representative, 34th District",overvotes,,0
Washington,306,"State Representative, 34th District",undervotes,,28
Washington,325,"State Representative, 34th District",ballots_cast,,155
Washington,325,"State Representative, 34th District",registered,,287
Washington,325,"State Representative, 34th District",total_votes,,140
Washington,325,"State Representative, 34th District",candidate,John Verbeek,36
Washington,325,"State Representative, 34th District",candidate,Lisa Reynolds,103
Washington,325,"State Representative, 34th District",writein,,1
Washington,325,"State Representative, 34th District",overvotes,,0
Washington,325,"State Representative, 34th District",undervotes,,15
Washington,331,"State Representative, 34th District",ballots_cast,,2399
Washington,331,"State Representative, 34th District",registered,,3344
Washington,331,"State Representative, 34th District",total_votes,,2208
Washington,331,"State Representative, 34th District",candidate,John Verbeek,602
Washington,331,"State Representative, 34th District",candidate,Lisa Reynolds,1597
Washington,331,"State Representative, 34th District",writein,,9
Washington,331,"State Representative, 34th District",overvotes,,0
Washington,331,"State Representative, 34th District",undervotes,,191
Washington,358,"State Representative, 34th District",ballots_cast,,2526
Washington,358,"State Representative, 34th District",registered,,3368
Washington,358,"State Representative, 34th District",total_votes,,2331
Washington,358,"State Representative, 34th District",candidate,John Verbeek,685
Washington,358,"State Representative, 34th District",candidate,Lisa Reynolds,1644
Washington,358,"State Representative, 34th District",writein,,2
Washington,358,"State Representative, 34th District",overvotes,,0
Washington,358,"State Representative, 34th District",undervotes,,195
Washington,363,"State Representative, 34th District",ballots_cast,,2925
Washington,363,"State Representative, 34th District",registered,,3775
Washington,363,"State Representative, 34th District",total_votes,,2689
Washington,363,"State Representative, 34th District",candidate,John Verbeek,709
Washington,363,"State Representative, 34th District",candidate,Lisa Reynolds,1977
Washington,363,"State Representative, 34th District",writein,,3
Washington,363,"State Representative, 34th District",overvotes,,0
Washington,363,"State Representative, 34th District",undervotes,,236
Washington,364,"State Representative, 34th District",ballots_cast,,4460
Washington,364,"State Representative, 34th District",registered,,5420
Washington,364,"State Representative, 34th District",total_votes,,4094
Washington,364,"State Representative, 34th District",candidate,John Verbeek,1142
Washington,364,"State Representative, 34th District",candidate,Lisa Reynolds,2948
Washington,364,"State Representative, 34th District",writein,,4
Washington,364,"State Representative, 34th District",overvotes,,0
Washington,364,"State Representative, 34th District",undervotes,,366
Washington,367,"State Representative, 34th District",ballots_cast,,4269
Washington,367,"State Representative, 34th District",registered,,5549
Washington,367,"State Representative, 34th District",total_votes,,3925
Washington,367,"State Representative, 34th District",candidate,John Verbeek,1099
Washington,367,"State Representative, 34th District",candidate,Lisa Reynolds,2821
Washington,367,"State Representative, 34th District",writein,,5
Washington,367,"State Representative, 34th District",overvotes,,0
Washington,367,"State Representative, 34th District",undervotes,,344
Washington,368,"State Representative, 34th District",ballots_cast,,3793
Washington,368,"State Representative, 34th District",registered,,4976
Washington,368,"State Representative, 34th District",total_votes,,3478
Washington,368,"State Representative, 34th District",candidate,John Verbeek,1016
Washington,368,"State Representative, 34th District",candidate,Lisa Reynolds,2457
Washington,368,"State Representative, 34th District",writein,,5
Washington,368,"State Representative, 34th District",overvotes,,2
Washington,368,"State Representative, 34th District",undervotes,,313
Washington,371,"State Representative, 34th District",ballots_cast,,2037
Washington,371,"State Representative, 34th District",registered,,2542
Washington,371,"State Representative, 34th District",total_votes,,1887
Washington,371,"State Representative, 34th District",candidate,John Verbeek,536
Washington,371,"State Representative, 34th District",candidate,Lisa Reynolds,1351
Washington,371,"State Representative, 34th District",writein,,0
Washington,371,"State Representative, 34th District",overvotes,,1
Washington,371,"State Representative, 34th District",undervotes,,149
Washington,376,"State Representative, 34th District",ballots_cast,,1779
Washington,376,"State Representative, 34th District",registered,,2268
Washington,376,"State Representative, 34th District",total_votes,,1628
Washington,376,"State Representative, 34th District",candidate,John Verbeek,508
Washington,376,"State Representative, 34th District",candidate,Lisa Reynolds,1115
Washington,376,"State Representative, 34th District",writein,,5
Washington,376,"State Representative, 34th District",overvotes,,0
Washington,376,"State Representative, 34th District",undervotes,,151
Washington,377,"State Representative, 34th District",ballots_cast,,2251
Washington,377,"State Representative, 34th District",registered,,2804
Washington,377,"State Representative, 34th District",total_votes,,2078
Washington,377,"State Representative, 34th District",candidate,John Verbeek,637
Washington,377,"State Representative, 34th District",candidate,Lisa Reynolds,1439
Washington,377,"State Representative, 34th District",writein,,2
Washington,377,"State Representative, 34th District",overvotes,,0
Washington,377,"State Representative, 34th District",undervotes,,173
Washington,381,"State Representative, 34th District",ballots_cast,,475
Washington,381,"State Representative, 34th District",registered,,606
Washington,381,"State Representative, 34th District",total_votes,,441
Washington,381,"State Representative, 34th District",candidate,John Verbeek,110
Washington,381,"State Representative, 34th District",candidate,Lisa Reynolds,331
Washington,381,"State Representative, 34th District",writein,,0
Washington,381,"State Representative, 34th District",overvotes,,0
Washington,381,"State Representative, 34th District",undervotes,,34
Washington,387,"State Representative, 34th District",ballots_cast,,21
Washington,387,"State Representative, 34th District",registered,,46
Washington,387,"State Representative, 34th District",total_votes,,21
Washington,387,"State Representative, 34th District",candidate,John Verbeek,10
Washington,387,"State Representative, 34th District",candidate,Lisa Reynolds,11
Washington,387,"State Representative, 34th District",writein,,0
Washington,387,"State Representative, 34th District",overvotes,,0
Washington,387,"State Representative, 34th District",undervotes,,0
Washington,390,"State Representative, 34th District",ballots_cast,,2098
Washington,390,"State Representative, 34th District",registered,,2643
Washington,390,"State Representative, 34th District",total_votes,,1925
Washington,390,"State Representative, 34th District",candidate,John Verbeek,614
Washington,390,"State Representative, 34th District",candidate,Lisa Reynolds,1307
Washington,390,"State Representative, 34th District",writein,,4
Washington,390,"State Representative, 34th District",overvotes,,0
Washington,390,"State Representative, 34th District",undervotes,,173
Washington,403,"State Representative, 34th District",ballots_cast,,1374
Washington,403,"State Representative, 34th District",registered,,1708
Washington,403,"State Representative, 34th District",total_votes,,1242
Washington,403,"State Representative, 34th District",candidate,John Verbeek,411
Washington,403,"State Representative, 34th District",candidate,Lisa Reynolds,830
Washington,403,"State Representative, 34th District",writein,,1
Washington,403,"State Representative, 34th District",overvotes,,0
Washington,403,"State Representative, 34th District",undervotes,,132
Washington,439,"State Representative, 34th District",ballots_cast,,2375
Washington,439,"State Representative, 34th District",registered,,3122
Washington,439,"State Representative, 34th District",total_votes,,2200
Washington,439,"State Representative, 34th District",candidate,John Verbeek,598
Washington,439,"State Representative, 34th District",candidate,Lisa Reynolds,1600
Washington,439,"State Representative, 34th District",writein,,2
Washington,439,"State Representative, 34th District",overvotes,,0
Washington,439,"State Representative, 34th District",undervotes,,175
Washington,302,"State Representative, 35th District",ballots_cast,,2551
Washington,302,"State Representative, 35th District",registered,,3883
Washington,302,"State Representative, 35th District",total_votes,,2340
Washington,302,"State Representative, 35th District",candidate,Dan Martin,895
Washington,302,"State Representative, 35th District",candidate,Farrah Chaichi,1443
Washington,302,"State Representative, 35th District",writein,,2
Washington,302,"State Representative, 35th District",overvotes,,2
Washington,302,"State Representative, 35th District",undervotes,,209
Washington,319,"State Representative, 35th District",ballots_cast,,5196
Washington,319,"State Representative, 35th District",registered,,7387
Washington,319,"State Representative, 35th District",total_votes,,4750
Washington,319,"State Representative, 35th District",candidate,Dan Martin,1599
Washington,319,"State Representative, 35th District",candidate,Farrah Chaichi,3143
Washington,319,"State Representative, 35th District",writein,,8
Washington,319,"State Representative, 35th District",overvotes,,0
Washington,319,"State Representative, 35th District",undervotes,,446
Washington,351,"State Representative, 35th District",ballots_cast,,3169
Washington,351,"State Representative, 35th District",registered,,5180
Washington,351,"State Representative, 35th District",total_votes,,2855
Washington,351,"State Representative, 35th District",candidate,Dan Martin,884
Washington,351,"State Representative, 35th District",candidate,Farrah Chaichi,1963
Washington,351,"State Representative, 35th District",writein,,8
Washington,351,"State Representative, 35th District",overvotes,,0
Washington,351,"State Representative, 35th District",undervotes,,314
Washington,352,"State Representative, 35th District",ballots_cast,,1138
Washington,352,"State Representative, 35th District",registered,,1942
Washington,352,"State Representative, 35th District",total_votes,,1037
Washington,352,"State Representative, 35th District",candidate,Dan Martin,188
Washington,352,"State Representative, 35th District",candidate,Farrah Chaichi,847
Washington,352,"State Representative, 35th District",writein,,2
Washington,352,"State Representative, 35th District",overvotes,,0
Washington,352,"State Representative, 35th District",undervotes,,101
Washington,355,"State Representative, 35th District",ballots_cast,,1364
Washington,355,"State Representative, 35th District",registered,,1790
Washington,355,"State Representative, 35th District",total_votes,,1256
Washington,355,"State Representative, 35th District",candidate,Dan Martin,338
Washington,355,"State Representative, 35th District",candidate,Farrah Chaichi,916
Washington,355,"State Representative, 35th District",writein,,2
Washington,355,"State Representative, 35th District",overvotes,,0
Washington,355,"State Representative, 35th District",undervotes,,108
Washington,356,"State Representative, 35th District",ballots_cast,,1662
Washington,356,"State Representative, 35th District",registered,,2500
Washington,356,"State Representative, 35th District",total_votes,,1522
Washington,356,"State Representative, 35th District",candidate,Dan Martin,536
Washington,356,"State Representative, 35th District",candidate,Farrah Chaichi,984
Washington,356,"State Representative, 35th District",writein,,2
Washington,356,"State Representative, 35th District",overvotes,,0
Washington,356,"State Representative, 35th District",undervotes,,140
Washington,357,"State Representative, 35th District",ballots_cast,,813
Washington,357,"State Representative, 35th District",registered,,1354
Washington,357,"State Representative, 35th District",total_votes,,719
Washington,357,"State Representative, 35th District",candidate,Dan Martin,234
Washington,357,"State Representative, 35th District",candidate,Farrah Chaichi,485
Washington,357,"State Representative, 35th District",writein,,0
Washington,357,"State Representative, 35th District",overvotes,,0
Washington,357,"State Representative, 35th District",undervotes,,94
Washington,359,"State Representative, 35th District",ballots_cast,,2324
Washington,359,"State Representative, 35th District",registered,,3149
Washington,359,"State Representative, 35th District",total_votes,,2104
Washington,359,"State Representative, 35th District",candidate,Dan Martin,560
Washington,359,"State Representative, 35th District",candidate,Farrah Chaichi,1538
Washington,359,"State Representative, 35th District",writein,,6
Washington,359,"State Representative, 35th District",overvotes,,0
Washington,359,"State Representative, 35th District",undervotes,,220
Washington,360,"State Representative, 35th District",ballots_cast,,2836
Washington,360,"State Representative, 35th District",registered,,4158
Washington,360,"State Representative, 35th District",total_votes,,2620
Washington,360,"State Representative, 35th District",candidate,Dan Martin,710
Washington,360,"State Representative, 35th District",candidate,Farrah Chaichi,1903
Washington,360,"State Representative, 35th District",writein,,7
Washington,360,"State Representative, 35th District",overvotes,,1
Washington,360,"State Representative, 35th District",undervotes,,215
Washington,361,"State Representative, 35th District",ballots_cast,,2052
Washington,361,"State Representative, 35th District",registered,,3060
Washington,361,"State Representative, 35th District",total_votes,,1892
Washington,361,"State Representative, 35th District",candidate,Dan Martin,390
Washington,361,"State Representative, 35th District",candidate,Farrah Chaichi,1499
Washington,361,"State Representative, 35th District",writein,,3
Washington,361,"State Representative, 35th District",overvotes,,0
Washington,361,"State Representative, 35th District",undervotes,,160
Washington,382,"State Representative, 35th District",ballots_cast,,3905
Washington,382,"State Representative, 35th District",registered,,6108
Washington,382,"State Representative, 35th District",total_votes,,3558
Washington,382,"State Representative, 35th District",candidate,Dan Martin,1266
Washington,382,"State Representative, 35th District",candidate,Farrah Chaichi,2287
Washington,382,"State Representative, 35th District",writein,,5
Washington,382,"State Representative, 35th District",overvotes,,0
Washington,382,"State Representative, 35th District",undervotes,,347
Washington,446,"State Representative, 35th District",ballots_cast,,107
Washington,446,"State Representative, 35th District",registered,,197
Washington,446,"State Representative, 35th District",total_votes,,95
Washington,446,"State Representative, 35th District",candidate,Dan Martin,31
Washington,446,"State Representative, 35th District",candidate,Farrah Chaichi,64
Washington,446,"State Representative, 35th District",writein,,0
Washington,446,"State Representative, 35th District",overvotes,,0
Washington,446,"State Representative, 35th District",undervotes,,12
Washington,303,"State Representative, 36th District",ballots_cast,,330
Washington,303,"State Representative, 36th District",registered,,448
Washington,303,"State Representative, 36th District",total_votes,,307
Washington,303,"State Representative, 36th District",candidate,Hai Pham,99
Washington,303,"State Representative, 36th District",candidate,Shawn Chummar,208
Washington,303,"State Representative, 36th District",writein,,0
Washington,303,"State Representative, 36th District",overvotes,,0
Washington,303,"State Representative, 36th District",undervotes,,23
Washington,304,"State Representative, 36th District",ballots_cast,,1076
Washington,304,"State Representative, 36th District",registered,,1454
Washington,304,"State Representative, 36th District",total_votes,,1010
Washington,304,"State Representative, 36th District",candidate,Hai Pham,596
Washington,304,"State Representative, 36th District",candidate,Shawn Chummar,414
Washington,304,"State Representative, 36th District",writein,,0
Washington,304,"State Representative, 36th District",overvotes,,0
Washington,304,"State Representative, 36th District",undervotes,,66
Washington,318,"State Representative, 36th District",ballots_cast,,3750
Washington,318,"State Representative, 36th District",registered,,5355
Washington,318,"State Representative, 36th District",total_votes,,3476
Washington,318,"State Representative, 36th District",candidate,Hai Pham,2214
Washington,318,"State Representative, 36th District",candidate,Shawn Chummar,1259
Washington,318,"State Representative, 36th District",writein,,3
Washington,318,"State Representative, 36th District",overvotes,,0
Washington,318,"State Representative, 36th District",undervotes,,274
Washington,320,"State Representative, 36th District",ballots_cast,,1778
Washington,320,"State Representative, 36th District",registered,,2427
Washington,320,"State Representative, 36th District",total_votes,,1640
Washington,320,"State Representative, 36th District",candidate,Hai Pham,1083
Washington,320,"State Representative, 36th District",candidate,Shawn Chummar,557
Washington,320,"State Representative, 36th District",writein,,0
Washington,320,"State Representative, 36th District",overvotes,,0
Washington,320,"State Representative, 36th District",undervotes,,138
Washington,322,"State Representative, 36th District",ballots_cast,,269
Washington,322,"State Representative, 36th District",registered,,362
Washington,322,"State Representative, 36th District",total_votes,,250
Washington,322,"State Representative, 36th District",candidate,Hai Pham,121
Washington,322,"State Representative, 36th District",candidate,Shawn Chummar,127
Washington,322,"State Representative, 36th District",writein,,2
Washington,322,"State Representative, 36th District",overvotes,,0
Washington,322,"State Representative, 36th District",undervotes,,19
Washington,327,"State Representative, 36th District",ballots_cast,,5317
Washington,327,"State Representative, 36th District",registered,,7091
Washington,327,"State Representative, 36th District",total_votes,,4869
Washington,327,"State Representative, 36th District",candidate,Hai Pham,3260
Washington,327,"State Representative, 36th District",candidate,Shawn Chummar,1605
Washington,327,"State Representative, 36th District",writein,,4
Washington,327,"State Representative, 36th District",overvotes,,0
Washington,327,"State Representative, 36th District",undervotes,,448
Washington,389,"State Representative, 36th District",ballots_cast,,7639
Washington,389,"State Representative, 36th District",registered,,9689
Washington,389,"State Representative, 36th District",total_votes,,7001
Washington,389,"State Representative, 36th District",candidate,Hai Pham,4818
Washington,389,"State Representative, 36th District",candidate,Shawn Chummar,2177
Washington,389,"State Representative, 36th District",writein,,6
Washington,389,"State Representative, 36th District",overvotes,,0
Washington,389,"State Representative, 36th District",undervotes,,638
Washington,398,"State Representative, 36th District",ballots_cast,,1773
Washington,398,"State Representative, 36th District",registered,,2191
Washington,398,"State Representative, 36th District",total_votes,,1647
Washington,398,"State Representative, 36th District",candidate,Hai Pham,959
Washington,398,"State Representative, 36th District",candidate,Shawn Chummar,685
Washington,398,"State Representative, 36th District",writein,,3
Washington,398,"State Representative, 36th District",overvotes,,0
Washington,398,"State Representative, 36th District",undervotes,,126
Washington,412,"State Representative, 36th District",ballots_cast,,1749
Washington,412,"State Representative, 36th District",registered,,2223
Washington,412,"State Representative, 36th District",total_votes,,1612
Washington,412,"State Representative, 36th District",candidate,Hai Pham,1014
Washington,412,"State Representative, 36th District",candidate,Shawn Chummar,597
Washington,412,"State Representative, 36th District",writein,,1
Washington,412,"State Representative, 36th District",overvotes,,0
Washington,412,"State Representative, 36th District",undervotes,,137
Washington,416,"State Representative, 36th District",ballots_cast,,846
Washington,416,"State Representative, 36th District",registered,,1124
Washington,416,"State Representative, 36th District",total_votes,,771
Washington,416,"State Representative, 36th District",candidate,Hai Pham,534
Washington,416,"State Representative, 36th District",candidate,Shawn Chummar,237
Washington,416,"State Representative, 36th District",writein,,0
Washington,416,"State Representative, 36th District",overvotes,,0
Washington,416,"State Representative, 36th District",undervotes,,75
Washington,418,"State Representative, 36th District",ballots_cast,,3030
Washington,418,"State Representative, 36th District",registered,,3816
Washington,418,"State Representative, 36th District",total_votes,,2818
Washington,418,"State Representative, 36th District",candidate,Hai Pham,1847
Washington,418,"State Representative, 36th District",candidate,Shawn Chummar,970
Washington,418,"State Representative, 36th District",writein,,1
Washington,418,"State Representative, 36th District",overvotes,,0
Washington,418,"State Representative, 36th District",undervotes,,212
Washington,426,"State Representative, 36th District",ballots_cast,,436
Washington,426,"State Representative, 36th District",registered,,568
Washington,426,"State Representative, 36th District",total_votes,,406
Washington,426,"State Representative, 36th District",candidate,Hai Pham,162
Washington,426,"State Representative, 36th District",candidate,Shawn Chummar,244
Washington,426,"State Representative, 36th District",writein,,0
Washington,426,"State Representative, 36th District",overvotes,,0
Washington,426,"State Representative, 36th District",undervotes,,30
Washington,429,"State Representative, 36th District",ballots_cast,,2699
Washington,429,"State Representative, 36th District",registered,,3785
Washington,429,"State Representative, 36th District",total_votes,,2484
Washington,429,"State Representative, 36th District",candidate,Hai Pham,1594
Washington,429,"State Representative, 36th District",candidate,Shawn Chummar,884
Washington,429,"State Representative, 36th District",writein,,6
Washington,429,"State Representative, 36th District",overvotes,,0
Washington,429,"State Representative, 36th District",undervotes,,215
Washington,430,"State Representative, 36th District",ballots_cast,,2310
Washington,430,"State Representative, 36th District",registered,,2835
Washington,430,"State Representative, 36th District",total_votes,,2142
Washington,430,"State Representative, 36th District",candidate,Hai Pham,941
Washington,430,"State Representative, 36th District",candidate,Shawn Chummar,1197
Washington,430,"State Representative, 36th District",writein,,4
Washington,430,"State Representative, 36th District",overvotes,,0
Washington,430,"State Representative, 36th District",undervotes,,168
Washington,431,"State Representative, 36th District",ballots_cast,,775
Washington,431,"State Representative, 36th District",registered,,945
Washington,431,"State Representative, 36th District",total_votes,,729
Washington,431,"State Representative, 36th District",candidate,Hai Pham,289
Washington,431,"State Representative, 36th District",candidate,Shawn Chummar,440
Washington,431,"State Representative, 36th District",writein,,0
Washington,431,"State Representative, 36th District",overvotes,,0
Washington,431,"State Representative, 36th District",undervotes,,46
Washington,434,"State Representative, 36th District",ballots_cast,,4401
Washington,434,"State Representative, 36th District",registered,,5831
Washington,434,"State Representative, 36th District",total_votes,,4098
Washington,434,"State Representative, 36th District",candidate,Hai Pham,2666
Washington,434,"State Representative, 36th District",candidate,Shawn Chummar,1425
Washington,434,"State Representative, 36th District",writein,,7
Washington,434,"State Representative, 36th District",overvotes,,0
Washington,434,"State Representative, 36th District",undervotes,,303
Washington,440,"State Representative, 36th District",ballots_cast,,1461
Washington,440,"State Representative, 36th District",registered,,2096
Washington,440,"State Representative, 36th District",total_votes,,1339
Washington,440,"State Representative, 36th District",candidate,Hai Pham,889
Washington,440,"State Representative, 36th District",candidate,Shawn Chummar,447
Washington,440,"State Representative, 36th District",writein,,3
Washington,440,"State Representative, 36th District",overvotes,,0
Washington,440,"State Representative, 36th District",undervotes,,122
Washington,449,"State Representative, 36th District",ballots_cast,,293
Washington,449,"State Representative, 36th District",registered,,346
Washington,449,"State Representative, 36th District",total_votes,,279
Washington,449,"State Representative, 36th District",candidate,Hai Pham,119
Washington,449,"State Representative, 36th District",candidate,Shawn Chummar,160
Washington,449,"State Representative, 36th District",writein,,0
Washington,449,"State Representative, 36th District",overvotes,,0
Washington,449,"State Representative, 36th District",undervotes,,14
Washington,452,"State Representative, 36th District",ballots_cast,,99
Washington,452,"State Representative, 36th District",registered,,131
Washington,452,"State Representative, 36th District",total_votes,,90
Washington,452,"State Representative, 36th District",candidate,Hai Pham,38
Washington,452,"State Representative, 36th District",candidate,Shawn Chummar,52
Washington,452,"State Representative, 36th District",writein,,0
Washington,452,"State Representative, 36th District",overvotes,,0
Washington,452,"State Representative, 36th District",undervotes,,9
Washington,456,"State Representative, 36th District",ballots_cast,,7
Washington,456,"State Representative, 36th District",registered,,8
Washington,456,"State Representative, 36th District",total_votes,,7
Washington,456,"State Representative, 36th District",candidate,Hai Pham,7
Washington,456,"State Representative, 36th District",candidate,Shawn Chummar,0
Washington,456,"State Representative, 36th District",writein,,0
Washington,456,"State Representative, 36th District",overvotes,,0
Washington,456,"State Representative, 36th District",undervotes,,0
Washington,348,"State Representative, 37th District",ballots_cast,,27
Washington,348,"State Representative, 37th District",registered,,36
Washington,348,"State Representative, 37th District",total_votes,,24
Washington,348,"State Representative, 37th District",candidate,Jules Walters,13
Washington,348,"State Representative, 37th District",candidate,Ben Edtl,11
Washington,348,"State Representative, 37th District",writein,,0
Washington,348,"State Representative, 37th District",overvotes,,0
Washington,348,"State Representative, 37th District",undervotes,,3
Washington,394,"State Representative, 37th District",ballots_cast,,248
Washington,394,"State Representative, 37th District",registered,,353
Washington,394,"State Representative, 37th District",total_votes,,223
Washington,394,"State Representative, 37th District",candidate,Jules Walters,145
Washington,394,"State Representative, 37th District",candidate,Ben Edtl,77
Washington,394,"State Representative, 37th District",writein,,1
Washington,394,"State Representative, 37th District",overvotes,,0
Washington,394,"State Representative, 37th District",undervotes,,25
Washington,396,"State Representative, 37th District",ballots_cast,,830
Washington,396,"State Representative, 37th District",registered,,1093
Washington,396,"State Representative, 37th District",total_votes,,771
Washington,396,"State Representative, 37th District",candidate,Jules Walters,510
Washington,396,"State Representative, 37th District",candidate,Ben Edtl,261
Washington,396,"State Representative, 37th District",writein,,0
Washington,396,"State Representative, 37th District",overvotes,,0
Washington,396,"State Representative, 37th District",undervotes,,59
Washington,420,"State Representative, 37th District",ballots_cast,,3223
Washington,420,"State Representative, 37th District",registered,,4148
Washington,420,"State Representative, 37th District",total_votes,,3047
Washington,420,"State Representative, 37th District",candidate,Jules Walters,1880
Washington,420,"State Representative, 37th District",candidate,Ben Edtl,1162
Washington,420,"State Representative, 37th District",writein,,5
Washington,420,"State Representative, 37th District",overvotes,,0
Washington,420,"State Representative, 37th District",undervotes,,176
Washington,423,"State Representative, 37th District",ballots_cast,,3051
Washington,423,"State Representative, 37th District",registered,,4495
Washington,423,"State Representative, 37th District",total_votes,,2862
Washington,423,"State Representative, 37th District",candidate,Jules Walters,1898
Washington,423,"State Representative, 37th District",candidate,Ben Edtl,959
Washington,423,"State Representative, 37th District",writein,,5
Washington,423,"State Representative, 37th District",overvotes,,0
Washington,423,"State Representative, 37th District",undervotes,,189
Washington,428,"State Representative, 37th District",ballots_cast,,1359
Washington,428,"State Representative, 37th District",registered,,1967
Washington,428,"State Representative, 37th District",total_votes,,1246
Washington,428,"State Representative, 37th District",candidate,Jules Walters,793
Washington,428,"State Representative, 37th District",candidate,Ben Edtl,453
Washington,428,"State Representative, 37th District",writein,,0
Washington,428,"State Representative, 37th District",overvotes,,0
Washington,428,"State Representative, 37th District",undervotes,,113
Washington,433,"State Representative, 37th District",ballots_cast,,2171
Washington,433,"State Representative, 37th District",registered,,2698
Washington,433,"State Representative, 37th District",total_votes,,2036
Washington,433,"State Representative, 37th District",candidate,Jules Walters,1215
Washington,433,"State Representative, 37th District",candidate,Ben Edtl,816
Washington,433,"State Representative, 37th District",writein,,5
Washington,433,"State Representative, 37th District",overvotes,,0
Washington,433,"State Representative, 37th District",undervotes,,135
Washington,436,"State Representative, 37th District",ballots_cast,,2242
Washington,436,"State Representative, 37th District",registered,,2612
Washington,436,"State Representative, 37th District",total_votes,,2079
Washington,436,"State Representative, 37th District",candidate,Jules Walters,1164
Washington,436,"State Representative, 37th District",candidate,Ben Edtl,912
Washington,436,"State Representative, 37th District",writein,,3
Washington,436,"State Representative, 37th District",overvotes,,0
Washington,436,"State Representative, 37th District",undervotes,,163
Washington,437,"State Representative, 37th District",ballots_cast,,63
Washington,437,"State Representative, 37th District",registered,,82
Washington,437,"State Representative, 37th District",total_votes,,59
Washington,437,"State Representative, 37th District",candidate,Jules Walters,36
Washington,437,"State Representative, 37th District",candidate,Ben Edtl,23
Washington,437,"State Representative, 37th District",writein,,0
Washington,437,"State Representative, 37th District",overvotes,,0
Washington,437,"State Representative, 37th District",undervotes,,4
Washington,438,"State Representative, 37th District",ballots_cast,,493
Washington,438,"State Representative, 37th District",registered,,641
Washington,438,"State Representative, 37th District",total_votes,,469
Washington,438,"State Representative, 37th District",candidate,Jules Walters,172
Washington,438,"State Representative, 37th District",candidate,Ben Edtl,296
Washington,438,"State Representative, 37th District",writein,,1
Washington,438,"State Representative, 37th District",overvotes,,0
Washington,438,"State Representative, 37th District",undervotes,,24
Washington,444,"State Representative, 37th District",ballots_cast,,121
Washington,444,"State Representative, 37th District",registered,,150
Washington,444,"State Representative, 37th District",total_votes,,116
Washington,444,"State Representative, 37th District",candidate,Jules Walters,50
Washington,444,"State Representative, 37th District",candidate,Ben Edtl,66
Washington,444,"State Representative, 37th District",writein,,0
Washington,444,"State Representative, 37th District",overvotes,,0
Washington,444,"State Representative, 37th District",undervotes,,5
