county,precinct,hd,hd_split,sd,sd_split,pres_harris,pres_trump,pres_other,pres_con,pres_lib,pres_pgp,pres_pro,pres_wtp,pres_writein,pres_dem2p,dem_name,rep_name,house_dem,house_rep,house_other,house_ind,house_lib,house_nav,house_pgp,house_writein,house_others,house_dem2p,delta,undervote,has_metric,note,sen_up,sen_dem_name,sen_rep_name,sen_dem,sen_rep,sen_other,sen_ind,sen_lib,sen_nav,sen_writein,sen_others,sen_dem2p,sen_delta,sen_undervote,sen_note
Washington,301,31,,16,,679,974,54,3,15,11,1,15,9,41.08,Gutierrez,Edwards,516,1040,40,,32,,,8,Miller (LIB),33.16,-7.92,5.9,true,,false,,,,,,,,,,,,,,SD 16 was not on the ballot in 2024. Oregon senators serve four-year terms; this seat is next up in 2026.
Washington,302,35,,18,,1484,943,109,0,10,28,6,50,15,61.15,Chaichi,Martin,1443,895,2,,,,,2,,61.72,0.57,3.7,true,,true,Campos,Pierson,1418,948,2,,,,2,,59.93,-1.22,2.5,
Washington,303,36,,18,,116,209,4,0,0,1,0,2,1,35.69,Pham,Chummar,99,208,0,,,,,0,,32.25,-3.44,5.5,true,,true,Campos,Pierson,104,205,0,,,,0,,33.66,-2.03,4.9,
Washington,304,36,,18,,627,411,26,1,5,3,0,14,3,60.4,Pham,Chummar,596,414,0,,,,,0,,59.01,-1.39,2.7,true,,true,Campos,Pierson,560,449,0,,,,0,,55.5,-4.9,2.8,
Washington,305,31,,16,,380,527,39,1,7,5,1,22,3,41.9,Gutierrez,Edwards,286,559,28,,26,,,2,Miller (LIB),33.85,-8.05,6.8,true,,false,,,,,,,,,,,,,,SD 16 was not on the ballot in 2024. Oregon senators serve four-year terms; this seat is next up in 2026.
Washington,306,34,,17,,433,115,26,0,2,9,1,8,6,79.01,Reynolds,Verbeek,429,122,0,,,,,0,,77.86,-1.15,-0.5,true,,false,,,,,,,,,,,,,,SD 17 was not on the ballot in 2024. Oregon senators serve four-year terms; this seat is next up in 2026.
Washington,307,30,,15,,2577,1710,187,5,25,39,8,71,39,60.11,Sosa,,2734,,129,,,,,129,,,,,false,"Nathan Sosa (Democrat) ran unopposed in HD 30. There was no Democrat-vs-Republican race, so it is left out of the two-party figures.",false,,,,,,,,,,,,,,SD 15 was not on the ballot in 2024. Oregon senators serve four-year terms; this seat is next up in 2026.
Washington,308,29,,15,,73,67,5,2,0,1,0,0,2,52.14,McLain,,78,,3,,,,,3,,,,,false,"Susan McLain (Democrat) ran unopposed in HD 29. There was no Democrat-vs-Republican race, so it is left out of the two-party figures.",false,,,,,,,,,,,,,,SD 15 was not on the ballot in 2024. Oregon senators serve four-year terms; this seat is next up in 2026.
Washington,309,30,,15,,2639,1440,194,3,26,47,8,72,38,64.7,Sosa,,2762,,109,,,,,109,,,,,false,"Nathan Sosa (Democrat) ran unopposed in HD 30. There was no Democrat-vs-Republican race, so it is left out of the two-party figures.",false,,,,,,,,,,,,,,SD 15 was not on the ballot in 2024. Oregon senators serve four-year terms; this seat is next up in 2026.
Washington,310,29,,15,,278,307,26,0,3,5,0,13,5,47.52,McLain,,347,,26,,,,,26,,,,,false,"Susan McLain (Democrat) ran unopposed in HD 29. There was no Democrat-vs-Republican race, so it is left out of the two-party figures.",false,,,,,,,,,,,,,,SD 15 was not on the ballot in 2024. Oregon senators serve four-year terms; this seat is next up in 2026.
Washington,311,31,,16,,291,359,31,0,4,5,5,13,4,44.77,Gutierrez,Edwards,248,366,24,,24,,,0,Miller (LIB),40.39,-4.38,5.5,true,,false,,,,,,,,,,,,,,SD 16 was not on the ballot in 2024. Oregon senators serve four-year terms; this seat is next up in 2026.
Washington,312,31,,16,,670,959,65,2,8,12,2,31,10,41.13,Gutierrez,Edwards,537,996,37,,35,,,2,Miller (LIB),35.03,-6.1,5.9,true,,false,,,,,,,,,,,,,,SD 16 was not on the ballot in 2024. Oregon senators serve four-year terms; this seat is next up in 2026.
Washington,313,30,,15,,2,1,0,0,0,0,0,0,0,66.67,Sosa,,1,,0,,,,,0,,,,,false,"Nathan Sosa (Democrat) ran unopposed in HD 30. There was no Democrat-vs-Republican race, so it is left out of the two-party figures.",false,,,,,,,,,,,,,,SD 15 was not on the ballot in 2024. Oregon senators serve four-year terms; this seat is next up in 2026.
Washington,314,29,,15,,105,190,10,0,0,2,0,4,4,35.59,McLain,,164,,10,,,,,10,,,,,false,"Susan McLain (Democrat) ran unopposed in HD 29. There was no Democrat-vs-Republican race, so it is left out of the two-party figures.",false,,,,,,,,,,,,,,SD 15 was not on the ballot in 2024. Oregon senators serve four-year terms; this seat is next up in 2026.
Washington,315,30,,15,,232,228,26,0,1,5,3,9,8,50.43,Sosa,,220,,18,,,,,18,,,,,false,"Nathan Sosa (Democrat) ran unopposed in HD 30. There was no Democrat-vs-Republican race, so it is left out of the two-party figures.",false,,,,,,,,,,,,,,SD 15 was not on the ballot in 2024. Oregon senators serve four-year terms; this seat is next up in 2026.
Washington,316,31,,16,,704,933,69,3,6,13,2,34,11,43.01,Gutierrez,Edwards,520,1016,38,,33,,,5,Miller (LIB),33.85,-9.16,6.2,true,,false,,,,,,,,,,,,,,SD 16 was not on the ballot in 2024. Oregon senators serve four-year terms; this seat is next up in 2026.
Washington,317,30,,15,,77,83,7,0,2,0,1,3,1,48.13,Sosa,,83,,9,,,,,9,,,,,false,"Nathan Sosa (Democrat) ran unopposed in HD 30. There was no Democrat-vs-Republican race, so it is left out of the two-party figures.",false,,,,,,,,,,,,,,SD 15 was not on the ballot in 2024. Oregon senators serve four-year terms; this seat is next up in 2026.
Washington,318,36,,18,,2324,1250,161,4,23,37,6,64,27,65.03,Pham,Chummar,2214,1259,3,,,,,3,,63.75,-1.28,2.8,true,,true,Campos,Pierson,2156,1343,2,,,,2,,61.62,-3.41,2.1,
Washington,319,35,,18,,3335,1627,209,8,15,75,10,69,32,67.21,Chaichi,Martin,3143,1599,8,,,,,8,,66.28,-0.93,4.4,true,,true,Campos,Pierson,3094,1710,5,,,,5,,64.4,-2.81,3.2,
Washington,320,36,,18,,1121,549,90,3,12,20,4,38,13,67.13,Pham,Chummar,1083,557,0,,,,,0,,66.04,-1.09,1.8,true,,true,Campos,Pierson,1046,598,1,,,,1,,63.63,-3.5,1.6,
Washington,321,31,,16,,111,190,20,0,4,0,0,11,5,36.88,Gutierrez,Edwards,95,193,12,,11,,,1,Miller (LIB),32.99,-3.89,4.3,true,,false,,,,,,,,,,,,,,SD 16 was not on the ballot in 2024. Oregon senators serve four-year terms; this seat is next up in 2026.
Washington,322,36,,18,,122,134,11,0,4,0,1,6,0,47.66,Pham,Chummar,121,127,2,,,,,2,,48.79,1.13,3.1,true,,true,Campos,Pierson,113,138,1,,,,1,,45.02,-2.64,2,
Washington,323,,,,,,,,,,,,,,,,,,,,,,,,,,,,,false,no presidential votes in this precinct,false,,,,,,,,,,,,,,
Washington,324,31,,16,,208,295,14,0,3,1,0,4,6,41.35,Gutierrez,Edwards,166,282,18,,17,,,1,Miller (LIB),37.05,-4.3,10.9,true,,false,,,,,,,,,,,,,,SD 16 was not on the ballot in 2024. Oregon senators serve four-year terms; this seat is next up in 2026.
Washington,325,34,,17,,114,36,5,1,1,1,0,2,0,76,Reynolds,Verbeek,103,36,1,,,,,1,,74.1,-1.9,7.3,true,,false,,,,,,,,,,,,,,SD 17 was not on the ballot in 2024. Oregon senators serve four-year terms; this seat is next up in 2026.
Washington,326,31,,16,,661,1147,74,4,13,10,1,30,16,36.56,Gutierrez,Edwards,522,1189,36,,33,,,3,Miller (LIB),30.51,-6.05,5.4,true,,false,,,,,,,,,,,,,,SD 16 was not on the ballot in 2024. Oregon senators serve four-year terms; this seat is next up in 2026.
Washington,327,36,,18,,3427,1624,232,5,32,67,11,77,40,67.85,Pham,Chummar,3260,1605,4,,,,,4,,67.01,-0.84,3.7,true,,true,Campos,Pierson,3124,1757,9,,,,9,,64,-3.85,3.4,
Washington,328,29,,15,,398,487,38,1,7,6,1,16,7,44.97,McLain,,517,,23,,,,,23,,,,,false,"Susan McLain (Democrat) ran unopposed in HD 29. There was no Democrat-vs-Republican race, so it is left out of the two-party figures.",false,,,,,,,,,,,,,,SD 15 was not on the ballot in 2024. Oregon senators serve four-year terms; this seat is next up in 2026.
Washington,329,30,,15,,5222,2087,340,7,56,88,18,120,51,71.45,Sosa,,5157,,184,,,,,184,,,,,false,"Nathan Sosa (Democrat) ran unopposed in HD 30. There was no Democrat-vs-Republican race, so it is left out of the two-party figures.",false,,,,,,,,,,,,,,SD 15 was not on the ballot in 2024. Oregon senators serve four-year terms; this seat is next up in 2026.
Washington,330,31,,16,,1071,976,90,0,8,21,6,43,12,52.32,Gutierrez,Edwards,848,1025,71,,69,,,2,Miller (LIB),45.27,-7.05,8.5,true,,false,,,,,,,,,,,,,,SD 16 was not on the ballot in 2024. Oregon senators serve four-year terms; this seat is next up in 2026.
Washington,331,34,,17,,1678,608,97,1,14,42,7,17,16,73.4,Reynolds,Verbeek,1597,602,9,,,,,9,,72.62,-0.78,3.8,true,,false,,,,,,,,,,,,,,SD 17 was not on the ballot in 2024. Oregon senators serve four-year terms; this seat is next up in 2026.
Washington,332,30,,15,,1846,576,111,5,18,37,8,32,11,76.22,Sosa,,1858,,50,,,,,50,,,,,false,"Nathan Sosa (Democrat) ran unopposed in HD 30. There was no Democrat-vs-Republican race, so it is left out of the two-party figures.",false,,,,,,,,,,,,,,SD 15 was not on the ballot in 2024. Oregon senators serve four-year terms; this seat is next up in 2026.
Washington,333,30,,15,,2646,816,148,3,9,60,15,43,18,76.43,Sosa,,2599,,62,,,,,62,,,,,false,"Nathan Sosa (Democrat) ran unopposed in HD 30. There was no Democrat-vs-Republican race, so it is left out of the two-party figures.",false,,,,,,,,,,,,,,SD 15 was not on the ballot in 2024. Oregon senators serve four-year terms; this seat is next up in 2026.
Washington,334,31,,16,,53,80,4,0,1,0,1,2,0,39.85,Gutierrez,Edwards,42,80,7,,7,,,0,Miller (LIB),34.43,-5.42,8.3,true,,false,,,,,,,,,,,,,,SD 16 was not on the ballot in 2024. Oregon senators serve four-year terms; this seat is next up in 2026.
Washington,335,29,,15,,2504,1516,204,7,26,39,7,86,39,62.29,McLain,,2749,,104,,,,,104,,,,,false,"Susan McLain (Democrat) ran unopposed in HD 29. There was no Democrat-vs-Republican race, so it is left out of the two-party figures.",false,,,,,,,,,,,,,,SD 15 was not on the ballot in 2024. Oregon senators serve four-year terms; this seat is next up in 2026.
Washington,336,29,,15,,1714,1066,149,3,14,36,7,58,31,61.65,McLain,,1929,,63,,,,,63,,,,,false,"Susan McLain (Democrat) ran unopposed in HD 29. There was no Democrat-vs-Republican race, so it is left out of the two-party figures.",false,,,,,,,,,,,,,,SD 15 was not on the ballot in 2024. Oregon senators serve four-year terms; this seat is next up in 2026.
Washington,337,29,,15,,647,375,52,0,6,14,4,19,9,63.31,McLain,,739,,20,,,,,20,,,,,false,"Susan McLain (Democrat) ran unopposed in HD 29. There was no Democrat-vs-Republican race, so it is left out of the two-party figures.",false,,,,,,,,,,,,,,SD 15 was not on the ballot in 2024. Oregon senators serve four-year terms; this seat is next up in 2026.
Washington,338,29,,15,,2854,2104,188,7,24,34,6,92,25,57.56,McLain,,3532,,133,,,,,133,,,,,false,"Susan McLain (Democrat) ran unopposed in HD 29. There was no Democrat-vs-Republican race, so it is left out of the two-party figures.",false,,,,,,,,,,,,,,SD 15 was not on the ballot in 2024. Oregon senators serve four-year terms; this seat is next up in 2026.
Washington,339,29,,15,,2654,1963,179,4,17,39,7,89,23,57.48,McLain,,3226,,122,,,,,122,,,,,false,"Susan McLain (Democrat) ran unopposed in HD 29. There was no Democrat-vs-Republican race, so it is left out of the two-party figures.",false,,,,,,,,,,,,,,SD 15 was not on the ballot in 2024. Oregon senators serve four-year terms; this seat is next up in 2026.
Washington,340,29,,15,,3797,2835,259,9,35,48,13,118,36,57.25,McLain,,4592,,170,,,,,170,,,,,false,"Susan McLain (Democrat) ran unopposed in HD 29. There was no Democrat-vs-Republican race, so it is left out of the two-party figures.",false,,,,,,,,,,,,,,SD 15 was not on the ballot in 2024. Oregon senators serve four-year terms; this seat is next up in 2026.
Washington,341,29,,15,,131,163,10,0,4,2,1,1,2,44.56,McLain,,153,,12,,,,,12,,,,,false,"Susan McLain (Democrat) ran unopposed in HD 29. There was no Democrat-vs-Republican race, so it is left out of the two-party figures.",false,,,,,,,,,,,,,,SD 15 was not on the ballot in 2024. Oregon senators serve four-year terms; this seat is next up in 2026.
Washington,342,29,,15,,28,33,2,0,0,0,1,1,0,45.9,McLain,,44,,4,,,,,4,,,,,false,"Susan McLain (Democrat) ran unopposed in HD 29. There was no Democrat-vs-Republican race, so it is left out of the two-party figures.",false,,,,,,,,,,,,,,SD 15 was not on the ballot in 2024. Oregon senators serve four-year terms; this seat is next up in 2026.
Washington,343,30,,15,,1531,938,121,1,9,28,5,49,29,62.01,Sosa,,1598,,67,,,,,67,,,,,false,"Nathan Sosa (Democrat) ran unopposed in HD 30. There was no Democrat-vs-Republican race, so it is left out of the two-party figures.",false,,,,,,,,,,,,,,SD 15 was not on the ballot in 2024. Oregon senators serve four-year terms; this seat is next up in 2026.
Washington,344,29,,15,,1767,877,141,2,15,38,10,54,22,66.83,McLain,,1899,,56,,,,,56,,,,,false,"Susan McLain (Democrat) ran unopposed in HD 29. There was no Democrat-vs-Republican race, so it is left out of the two-party figures.",false,,,,,,,,,,,,,,SD 15 was not on the ballot in 2024. Oregon senators serve four-year terms; this seat is next up in 2026.
Washington,345,29,,15,,14,13,0,0,0,0,0,0,0,51.85,McLain,,17,,0,,,,,0,,,,,false,"Susan McLain (Democrat) ran unopposed in HD 29. There was no Democrat-vs-Republican race, so it is left out of the two-party figures.",false,,,,,,,,,,,,,,SD 15 was not on the ballot in 2024. Oregon senators serve four-year terms; this seat is next up in 2026.
Washington,346,29,,15,,125,141,7,0,1,1,1,4,0,46.99,McLain,,157,,8,,,,,8,,,,,false,"Susan McLain (Democrat) ran unopposed in HD 29. There was no Democrat-vs-Republican race, so it is left out of the two-party figures.",false,,,,,,,,,,,,,,SD 15 was not on the ballot in 2024. Oregon senators serve four-year terms; this seat is next up in 2026.
Washington,347,29,,15,,25,30,0,0,0,0,0,0,0,45.45,McLain,,29,,4,,,,,4,,,,,false,"Susan McLain (Democrat) ran unopposed in HD 29. There was no Democrat-vs-Republican race, so it is left out of the two-party figures.",false,,,,,,,,,,,,,,SD 15 was not on the ballot in 2024. Oregon senators serve four-year terms; this seat is next up in 2026.
Washington,348,37,,19,,16,8,2,0,1,0,0,1,0,66.67,Walters,Edtl,13,11,0,,,,,0,,54.17,,0,false,"too few votes to compare (HD two-party n=24, President n=24; minimum 50)",false,,,,,,,,,,,,,,SD 19 was not on the ballot in 2024. Oregon senators serve four-year terms; this seat is next up in 2026.
Washington,349,27,,14,,408,150,16,0,1,5,1,4,5,73.12,Helm,Kingsbury,388,141,1,,,,,1,,73.35,0.23,5.2,true,,true,Lieber,,393,,111,,103,,8,Brumbelow (LIB),,,,"SD 14 had no Republican candidate: Kate Lieber (Democrat) vs. Katy Brumbelow (Libertarian). There was no Democrat-vs-Republican race, so it is left out of the two-party figures."
Washington,350,27,,14,,4548,1520,271,3,28,70,18,100,52,74.95,Helm,Kingsbury,4303,1501,8,,,,,8,,74.14,-0.81,4.4,true,,true,Lieber,,4401,,1118,,1083,,35,Brumbelow (LIB),,,,"SD 14 had no Republican candidate: Kate Lieber (Democrat) vs. Katy Brumbelow (Libertarian). There was no Democrat-vs-Republican race, so it is left out of the two-party figures."
Washington,351,35,,18,,2062,953,143,2,15,50,6,41,29,68.39,Chaichi,Martin,1963,884,8,,,,,8,,68.95,0.56,5.6,true,,true,Campos,Pierson,1924,964,3,,,,3,,66.62,-1.77,4.2,
Washington,352,35,,18,,869,208,55,1,4,20,9,15,6,80.69,Chaichi,Martin,847,188,2,,,,,2,,81.84,1.15,3.9,true,,true,Campos,Pierson,848,207,1,,,,1,,80.38,-0.31,2,
Washington,353,27,,14,,1705,424,80,0,12,18,7,26,17,80.08,Helm,Kingsbury,1581,456,5,,,,,5,,77.61,-2.47,4.3,true,,true,Lieber,,1614,,341,,325,,16,Brumbelow (LIB),,,,"SD 14 had no Republican candidate: Kate Lieber (Democrat) vs. Katy Brumbelow (Libertarian). There was no Democrat-vs-Republican race, so it is left out of the two-party figures."
Washington,354,27,,14,,1286,464,48,0,7,16,2,12,11,73.49,Helm,Kingsbury,1217,454,1,,,,,1,,72.83,-0.66,4.5,true,,true,Lieber,,1260,,291,,277,,14,Brumbelow (LIB),,,,"SD 14 had no Republican candidate: Kate Lieber (Democrat) vs. Katy Brumbelow (Libertarian). There was no Democrat-vs-Republican race, so it is left out of the two-party figures."
Washington,355,35,,18,,992,309,56,4,10,14,4,16,8,76.25,Chaichi,Martin,916,338,2,,,,,2,,73.05,-3.2,3.6,true,,true,Campos,Pierson,895,376,1,,,,1,,70.42,-5.83,2.3,
Washington,356,35,,18,,1045,530,77,5,8,20,7,24,13,66.35,Chaichi,Martin,984,536,2,,,,,2,,64.74,-1.61,3.5,true,,true,Campos,Pierson,953,579,2,,,,2,,62.21,-4.14,2.7,
Washington,357,35,,18,,531,256,20,0,1,10,2,6,1,67.47,Chaichi,Martin,485,234,0,,,,,0,,67.45,-0.02,8.6,true,,true,Campos,Pierson,487,237,0,,,,0,,67.27,-0.2,8,
Washington,358,34,,17,,1756,672,86,0,14,25,3,23,21,72.32,Reynolds,Verbeek,1644,685,2,,,,,2,,70.59,-1.73,4.1,true,,false,,,,,,,,,,,,,,SD 17 was not on the ballot in 2024. Oregon senators serve four-year terms; this seat is next up in 2026.
Washington,359,35,,18,,1663,551,98,4,9,30,8,23,24,75.11,Chaichi,Martin,1538,560,6,,,,,6,,73.31,-1.8,5.2,true,,true,Campos,Pierson,1502,634,3,,,,3,,70.32,-4.79,3.5,
Washington,360,35,,18,,1979,720,125,1,17,47,10,35,15,73.32,Chaichi,Martin,1903,710,7,,,,,7,,72.83,-0.49,3.2,true,,true,Campos,Pierson,1838,805,3,,,,3,,69.54,-3.78,2.1,
Washington,361,35,,18,,1558,412,76,1,8,30,3,25,9,79.09,Chaichi,Martin,1499,390,3,,,,,3,,79.35,0.26,4.1,true,,true,Campos,Pierson,1456,446,2,,,,2,,76.55,-2.54,3.5,
Washington,362,27,,14,,4471,1537,275,2,43,60,23,87,60,74.42,Helm,Kingsbury,4210,1609,7,,,,,7,,72.35,-2.07,3.1,true,,true,Lieber,,4297,,1187,,1149,,38,Brumbelow (LIB),,,,"SD 14 had no Republican candidate: Kate Lieber (Democrat) vs. Katy Brumbelow (Libertarian). There was no Democrat-vs-Republican race, so it is left out of the two-party figures."
Washington,363,34,,17,,2097,698,115,1,20,31,9,35,19,75.03,Reynolds,Verbeek,1977,709,3,,,,,3,,73.6,-1.43,3.9,true,,false,,,,,,,,,,,,,,SD 17 was not on the ballot in 2024. Oregon senators serve four-year terms; this seat is next up in 2026.
Washington,364,34,,17,,3215,997,220,4,25,69,13,63,46,76.33,Reynolds,Verbeek,2948,1142,4,,,,,4,,72.08,-4.25,2.9,true,,false,,,,,,,,,,,,,,SD 17 was not on the ballot in 2024. Oregon senators serve four-year terms; this seat is next up in 2026.
Washington,365,27,,14,,3510,915,167,1,24,46,13,49,34,79.32,Helm,Kingsbury,3220,1045,3,,,,,3,,75.5,-3.82,3.6,true,,true,Lieber,,3333,,696,,670,,26,Brumbelow (LIB),,,,"SD 14 had no Republican candidate: Kate Lieber (Democrat) vs. Katy Brumbelow (Libertarian). There was no Democrat-vs-Republican race, so it is left out of the two-party figures."
Washington,366,33,,17,,1268,287,74,0,7,26,4,21,16,81.54,Jones Isadore,Baumhofer,1146,319,54,,53,,,1,Busse (LIB),78.23,-3.31,5.8,true,,false,,,,,,,,,,,,,,SD 17 was not on the ballot in 2024. Oregon senators serve four-year terms; this seat is next up in 2026.
Washington,367,34,,17,,3030,1024,197,2,24,85,8,44,34,74.74,Reynolds,Verbeek,2821,1099,5,,,,,5,,71.96,-2.78,3.3,true,,false,,,,,,,,,,,,,,SD 17 was not on the ballot in 2024. Oregon senators serve four-year terms; this seat is next up in 2026.
Washington,368,34,,17,,2639,980,164,8,22,54,9,40,31,72.92,Reynolds,Verbeek,2457,1016,5,,,,,5,,70.75,-2.17,4,true,,false,,,,,,,,,,,,,,SD 17 was not on the ballot in 2024. Oregon senators serve four-year terms; this seat is next up in 2026.
Washington,369,30,,15,,1074,496,69,1,11,19,2,23,13,68.41,Sosa,,1040,,44,,,,,44,,,,,false,"Nathan Sosa (Democrat) ran unopposed in HD 30. There was no Democrat-vs-Republican race, so it is left out of the two-party figures.",false,,,,,,,,,,,,,,SD 15 was not on the ballot in 2024. Oregon senators serve four-year terms; this seat is next up in 2026.
Washington,370,30,,15,,1392,613,73,1,7,12,4,24,25,69.43,Sosa,,1317,,34,,,,,34,,,,,false,"Nathan Sosa (Democrat) ran unopposed in HD 30. There was no Democrat-vs-Republican race, so it is left out of the two-party figures.",false,,,,,,,,,,,,,,SD 15 was not on the ballot in 2024. Oregon senators serve four-year terms; this seat is next up in 2026.
Washington,371,34,,17,,1461,475,86,6,12,5,7,29,27,75.46,Reynolds,Verbeek,1351,536,0,,,,,0,,71.6,-3.86,2.5,true,,false,,,,,,,,,,,,,,SD 17 was not on the ballot in 2024. Oregon senators serve four-year terms; this seat is next up in 2026.
Washington,372,27,,14,,1275,356,58,1,8,8,4,20,17,78.17,Helm,Kingsbury,1186,391,0,,,,,0,,75.21,-2.96,3.3,true,,true,Lieber,,1224,,244,,240,,4,Brumbelow (LIB),,,,"SD 14 had no Republican candidate: Kate Lieber (Democrat) vs. Katy Brumbelow (Libertarian). There was no Democrat-vs-Republican race, so it is left out of the two-party figures."
Washington,373,30,,15,,177,132,17,0,2,4,0,5,6,57.28,Sosa,,165,,13,,,,,13,,,,,false,"Nathan Sosa (Democrat) ran unopposed in HD 30. There was no Democrat-vs-Republican race, so it is left out of the two-party figures.",false,,,,,,,,,,,,,,SD 15 was not on the ballot in 2024. Oregon senators serve four-year terms; this seat is next up in 2026.
Washington,374,30,,15,,5,4,0,0,0,0,0,0,0,55.56,Sosa,,6,,0,,,,,0,,,,,false,"Nathan Sosa (Democrat) ran unopposed in HD 30. There was no Democrat-vs-Republican race, so it is left out of the two-party figures.",false,,,,,,,,,,,,,,SD 15 was not on the ballot in 2024. Oregon senators serve four-year terms; this seat is next up in 2026.
Washington,375,27,,14,,206,52,14,0,0,8,0,3,3,79.84,Helm,Kingsbury,194,60,0,,,,,0,,76.38,-3.46,1.6,true,,true,Lieber,,206,,38,,37,,1,Brumbelow (LIB),,,,"SD 14 had no Republican candidate: Kate Lieber (Democrat) vs. Katy Brumbelow (Libertarian). There was no Democrat-vs-Republican race, so it is left out of the two-party figures."
Washington,376,34,,17,,1199,492,73,3,7,31,5,16,11,70.9,Reynolds,Verbeek,1115,508,5,,,,,5,,68.7,-2.2,4,true,,false,,,,,,,,,,,,,,SD 17 was not on the ballot in 2024. Oregon senators serve four-year terms; this seat is next up in 2026.
Washington,377,34,,17,,1558,595,101,2,15,31,6,25,22,72.36,Reynolds,Verbeek,1439,637,2,,,,,2,,69.32,-3.04,3.6,true,,false,,,,,,,,,,,,,,SD 17 was not on the ballot in 2024. Oregon senators serve four-year terms; this seat is next up in 2026.
Washington,378,28,,14,,743,176,21,0,2,6,1,10,2,80.85,Grayber,Mengis,679,169,3,,,,,3,,80.07,-0.78,7.7,true,,true,Lieber,,679,,128,,115,,13,Brumbelow (LIB),,,,"SD 14 had no Republican candidate: Kate Lieber (Democrat) vs. Katy Brumbelow (Libertarian). There was no Democrat-vs-Republican race, so it is left out of the two-party figures."
Washington,379,27,,14,,2705,975,135,1,15,29,10,54,26,73.51,Helm,Kingsbury,2587,950,1,,,,,1,,73.14,-0.37,3.9,true,,true,Lieber,,2643,,704,,672,,32,Brumbelow (LIB),,,,"SD 14 had no Republican candidate: Kate Lieber (Democrat) vs. Katy Brumbelow (Libertarian). There was no Democrat-vs-Republican race, so it is left out of the two-party figures."
Washington,380,27,,14,,2083,815,104,2,14,35,4,30,19,71.88,Helm,Kingsbury,1950,855,4,,,,,4,,69.52,-2.36,3.2,true,,true,Lieber,,2015,,592,,559,,33,Brumbelow (LIB),,,,"SD 14 had no Republican candidate: Kate Lieber (Democrat) vs. Katy Brumbelow (Libertarian). There was no Democrat-vs-Republican race, so it is left out of the two-party figures."
Washington,381,34,,17,,333,120,14,0,1,4,1,5,3,73.51,Reynolds,Verbeek,331,110,0,,,,,0,,75.06,1.55,2.6,true,,false,,,,,,,,,,,,,,SD 17 was not on the ballot in 2024. Oregon senators serve four-year terms; this seat is next up in 2026.
Washington,382,35,,18,,2394,1313,165,5,18,39,10,74,19,64.58,Chaichi,Martin,2287,1266,5,,,,,5,,64.37,-0.21,4.2,true,,true,Campos,Pierson,2237,1356,4,,,,4,,62.26,-2.32,3.1,
Washington,383,27,,14,,1178,318,64,0,3,20,6,17,18,78.74,Helm,Kingsbury,1101,330,1,,,,,1,,76.94,-1.8,4.3,true,,true,Lieber,,1121,,254,,249,,5,Brumbelow (LIB),,,,"SD 14 had no Republican candidate: Kate Lieber (Democrat) vs. Katy Brumbelow (Libertarian). There was no Democrat-vs-Republican race, so it is left out of the two-party figures."
Washington,384,28,,14,,3478,830,164,3,20,36,16,60,29,80.73,Grayber,Mengis,3302,847,3,,,,,3,,79.59,-1.14,3.7,true,,true,Lieber,,3324,,639,,621,,18,Brumbelow (LIB),,,,"SD 14 had no Republican candidate: Kate Lieber (Democrat) vs. Katy Brumbelow (Libertarian). There was no Democrat-vs-Republican race, so it is left out of the two-party figures."
Washington,385,27,,14,,562,158,42,1,4,7,1,8,21,78.06,Helm,Kingsbury,493,192,2,,,,,2,,71.97,-6.09,4.9,true,,true,Lieber,,522,,120,,115,,5,Brumbelow (LIB),,,,"SD 14 had no Republican candidate: Kate Lieber (Democrat) vs. Katy Brumbelow (Libertarian). There was no Democrat-vs-Republican race, so it is left out of the two-party figures."
Washington,386,28,,14,,1495,366,67,1,6,17,5,15,23,80.33,Grayber,Mengis,1367,392,4,,,,,4,,77.71,-2.62,5.5,true,,true,Lieber,,1410,,262,,241,,21,Brumbelow (LIB),,,,"SD 14 had no Republican candidate: Kate Lieber (Democrat) vs. Katy Brumbelow (Libertarian). There was no Democrat-vs-Republican race, so it is left out of the two-party figures."
Washington,387,34,,17,,12,9,0,0,0,0,0,0,0,57.14,Reynolds,Verbeek,11,10,0,,,,,0,,52.38,,0,false,"too few votes to compare (HD two-party n=21, President n=21; minimum 50)",false,,,,,,,,,,,,,,SD 17 was not on the ballot in 2024. Oregon senators serve four-year terms; this seat is next up in 2026.
Washington,388,28,,14,,181,61,6,0,0,2,2,1,1,74.79,Grayber,Mengis,175,61,0,,,,,0,,74.15,-0.64,2.5,true,,true,Lieber,,177,,46,,45,,1,Brumbelow (LIB),,,,"SD 14 had no Republican candidate: Kate Lieber (Democrat) vs. Katy Brumbelow (Libertarian). There was no Democrat-vs-Republican race, so it is left out of the two-party figures."
Washington,389,36,,18,,5246,2026,332,3,39,110,11,88,81,72.14,Pham,Chummar,4818,2177,6,,,,,6,,68.88,-3.26,3.8,true,,true,Campos,Pierson,4584,2441,6,,,,6,,65.25,-6.89,3.4,
Washington,390,34,,17,,1432,584,63,0,6,13,1,26,17,71.03,Reynolds,Verbeek,1307,614,4,,,,,4,,68.04,-2.99,4.7,true,,false,,,,,,,,,,,,,,SD 17 was not on the ballot in 2024. Oregon senators serve four-year terms; this seat is next up in 2026.
Washington,391,28,,14,,327,69,6,0,0,2,0,1,3,82.58,Grayber,Mengis,316,63,0,,,,,0,,83.38,0.8,4.3,true,,true,Lieber,,318,,47,,45,,2,Brumbelow (LIB),,,,"SD 14 had no Republican candidate: Kate Lieber (Democrat) vs. Katy Brumbelow (Libertarian). There was no Democrat-vs-Republican race, so it is left out of the two-party figures."
Washington,392,28,,14,,86,19,4,0,1,1,0,1,1,81.9,Grayber,Mengis,77,16,0,,,,,0,,82.8,0.9,11.4,true,,true,Lieber,,77,,14,,14,,0,Brumbelow (LIB),,,,"SD 14 had no Republican candidate: Kate Lieber (Democrat) vs. Katy Brumbelow (Libertarian). There was no Democrat-vs-Republican race, so it is left out of the two-party figures."
Washington,393,28,,14,,503,97,22,0,3,8,2,5,4,83.83,Grayber,Mengis,488,98,0,,,,,0,,83.28,-0.55,2.3,true,,true,Lieber,,493,,75,,72,,3,Brumbelow (LIB),,,,"SD 14 had no Republican candidate: Kate Lieber (Democrat) vs. Katy Brumbelow (Libertarian). There was no Democrat-vs-Republican race, so it is left out of the two-party figures."
Washington,394,37,,19,,164,67,18,0,2,3,0,7,6,71,Walters,Edtl,145,77,1,,,,,1,,65.32,-5.68,3.9,true,,false,,,,,,,,,,,,,,SD 19 was not on the ballot in 2024. Oregon senators serve four-year terms; this seat is next up in 2026.
Washington,395,25,,13,,3714,1433,224,3,33,57,12,58,61,72.16,Bowman,Niemeyer,3510,1471,10,,,,,10,,70.47,-1.69,3.2,true,,false,,,,,,,,,,,,,,SD 13 was not on the ballot in 2024. Oregon senators serve four-year terms; this seat is next up in 2026.
Washington,396,37,,19,,558,228,37,0,8,9,3,9,8,70.99,Walters,Edtl,510,261,0,,,,,0,,66.15,-4.84,1.9,true,,false,,,,,,,,,,,,,,SD 19 was not on the ballot in 2024. Oregon senators serve four-year terms; this seat is next up in 2026.
Washington,397,26,,13,,1773,1023,124,2,10,28,1,64,19,63.41,Neron,Fields,1599,1190,4,,,,,4,,57.33,-6.08,0.3,true,,false,,,,,,,,,,,,,,SD 13 was not on the ballot in 2024. Oregon senators serve four-year terms; this seat is next up in 2026.
Washington,398,36,,18,,1032,618,104,1,12,34,4,26,27,62.55,Pham,Chummar,959,685,3,,,,,3,,58.33,-4.22,0.4,true,,true,Campos,Pierson,896,748,0,,,,0,,54.5,-8.05,0.4,
Washington,399,25,,13,,1526,605,74,4,12,20,6,20,12,71.61,Bowman,Niemeyer,1429,604,6,,,,,6,,70.29,-1.32,4.6,true,,false,,,,,,,,,,,,,,SD 13 was not on the ballot in 2024. Oregon senators serve four-year terms; this seat is next up in 2026.
Washington,400,25,,13,,2400,954,131,3,14,40,8,45,21,71.56,Bowman,Niemeyer,2330,948,3,,,,,3,,71.08,-0.48,2.3,true,,false,,,,,,,,,,,,,,SD 13 was not on the ballot in 2024. Oregon senators serve four-year terms; this seat is next up in 2026.
Washington,401,28,,14,,1449,345,55,0,10,14,4,22,5,80.77,Grayber,Mengis,1378,361,1,,,,,1,,79.24,-1.53,3.1,true,,true,Lieber,,1388,,256,,246,,10,Brumbelow (LIB),,,,"SD 14 had no Republican candidate: Kate Lieber (Democrat) vs. Katy Brumbelow (Libertarian). There was no Democrat-vs-Republican race, so it is left out of the two-party figures."
Washington,402,25,,13,,3973,2125,258,2,26,79,2,95,54,65.15,Bowman,Niemeyer,3756,2241,3,,,,,3,,62.63,-2.52,1.7,true,,false,,,,,,,,,,,,,,SD 13 was not on the ballot in 2024. Oregon senators serve four-year terms; this seat is next up in 2026.
Washington,403,34,,17,,904,395,68,1,6,31,2,14,14,69.59,Reynolds,Verbeek,830,411,1,,,,,1,,66.88,-2.71,4.5,true,,false,,,,,,,,,,,,,,SD 17 was not on the ballot in 2024. Oregon senators serve four-year terms; this seat is next up in 2026.
Washington,404,25,,13,,3926,1688,250,5,35,61,17,92,40,69.93,Bowman,Niemeyer,3802,1704,9,,,,,9,,69.05,-0.88,1.9,true,,false,,,,,,,,,,,,,,SD 13 was not on the ballot in 2024. Oregon senators serve four-year terms; this seat is next up in 2026.
Washington,405,25,,13,,5037,2175,278,6,37,50,16,114,55,69.84,Bowman,Niemeyer,4707,2305,14,,,,,14,,67.13,-2.71,2.8,true,,false,,,,,,,,,,,,,,SD 13 was not on the ballot in 2024. Oregon senators serve four-year terms; this seat is next up in 2026.
Washington,406,27,,14,,1575,351,96,1,10,25,9,31,20,81.78,Helm,Kingsbury,1488,373,1,,,,,1,,79.96,-1.82,3.4,true,,true,Lieber,,1521,,267,,255,,12,Brumbelow (LIB),,,,"SD 14 had no Republican candidate: Kate Lieber (Democrat) vs. Katy Brumbelow (Libertarian). There was no Democrat-vs-Republican race, so it is left out of the two-party figures."
Washington,407,33,,17,,637,191,30,1,4,4,1,5,15,76.93,Jones Isadore,Baumhofer,531,236,15,,15,,,0,Busse (LIB),69.23,-7.7,7.4,true,,false,,,,,,,,,,,,,,SD 17 was not on the ballot in 2024. Oregon senators serve four-year terms; this seat is next up in 2026.
Washington,408,27,,14,,235,66,14,0,1,3,3,5,2,78.07,Helm,Kingsbury,212,79,1,,,,,1,,72.85,-5.22,3.3,true,,true,Lieber,,221,,46,,39,,7,Brumbelow (LIB),,,,"SD 14 had no Republican candidate: Kate Lieber (Democrat) vs. Katy Brumbelow (Libertarian). There was no Democrat-vs-Republican race, so it is left out of the two-party figures."
Washington,409,25,,13,,3006,1300,173,4,23,59,9,46,32,69.81,Bowman,Niemeyer,2859,1319,7,,,,,7,,68.43,-1.38,3,true,,false,,,,,,,,,,,,,,SD 13 was not on the ballot in 2024. Oregon senators serve four-year terms; this seat is next up in 2026.
Washington,410,25,,13,,810,433,69,0,6,26,10,14,13,65.16,Bowman,Niemeyer,790,420,7,,,,,7,,65.29,0.13,2.7,true,,false,,,,,,,,,,,,,,SD 13 was not on the ballot in 2024. Oregon senators serve four-year terms; this seat is next up in 2026.
Washington,411,26,,13,,866,359,79,2,8,34,0,26,9,70.69,Neron,Fields,807,395,1,,,,,1,,67.14,-3.55,1.9,true,,false,,,,,,,,,,,,,,SD 13 was not on the ballot in 2024. Oregon senators serve four-year terms; this seat is next up in 2026.
Washington,412,36,,18,,1102,556,82,1,15,30,3,25,8,66.47,Pham,Chummar,1014,597,1,,,,,1,,62.94,-3.53,2.8,true,,true,Campos,Pierson,952,658,0,,,,0,,59.13,-7.34,2.9,
Washington,413,26,,13,,949,427,67,7,13,14,2,22,9,68.97,Neron,Fields,869,495,0,,,,,0,,63.71,-5.26,0.9,true,,false,,,,,,,,,,,,,,SD 13 was not on the ballot in 2024. Oregon senators serve four-year terms; this seat is next up in 2026.
Washington,414,25,,13,,331,177,16,0,1,4,0,8,3,65.16,Bowman,Niemeyer,309,173,0,,,,,0,,64.11,-1.05,5.1,true,,false,,,,,,,,,,,,,,SD 13 was not on the ballot in 2024. Oregon senators serve four-year terms; this seat is next up in 2026.
Washington,415,26,,13,,544,265,34,2,5,7,0,13,7,67.24,Neron,Fields,505,288,2,,,,,2,,63.68,-3.56,2,true,,false,,,,,,,,,,,,,,SD 13 was not on the ballot in 2024. Oregon senators serve four-year terms; this seat is next up in 2026.
Washington,416,36,,18,,564,239,37,0,1,24,2,7,3,70.24,Pham,Chummar,534,237,0,,,,,0,,69.26,-0.98,4,true,,true,Campos,Pierson,497,276,0,,,,0,,64.29,-5.95,3.7,
Washington,417,25,,13,,252,135,18,0,0,4,2,12,0,65.12,Bowman,Niemeyer,240,132,1,,,,,1,,64.52,-0.6,3.9,true,,false,,,,,,,,,,,,,,SD 13 was not on the ballot in 2024. Oregon senators serve four-year terms; this seat is next up in 2026.
Washington,418,36,,18,,1990,868,150,2,15,43,8,51,31,69.63,Pham,Chummar,1847,970,1,,,,,1,,65.57,-4.06,1.4,true,,true,Campos,Pierson,1745,1075,1,,,,1,,61.88,-7.75,1.3,
Washington,419,26,,13,,1194,534,48,0,5,3,3,25,12,69.1,Neron,Fields,1062,607,1,,,,,1,,63.63,-5.47,3.4,true,,false,,,,,,,,,,,,,,SD 13 was not on the ballot in 2024. Oregon senators serve four-year terms; this seat is next up in 2026.
Washington,420,37,,19,,1998,1058,137,3,18,20,2,64,30,65.38,Walters,Edtl,1880,1162,5,,,,,5,,61.8,-3.58,0.5,true,,false,,,,,,,,,,,,,,SD 19 was not on the ballot in 2024. Oregon senators serve four-year terms; this seat is next up in 2026.
Washington,421,25,,13,,322,132,36,0,1,18,3,6,8,70.93,Bowman,Niemeyer,308,143,0,,,,,0,,68.29,-2.64,0.7,true,,false,,,,,,,,,,,,,,SD 13 was not on the ballot in 2024. Oregon senators serve four-year terms; this seat is next up in 2026.
Washington,422,29,,15,,3,14,0,0,0,0,0,0,0,17.65,McLain,,3,,0,,,,,0,,,,,false,"Susan McLain (Democrat) ran unopposed in HD 29. There was no Democrat-vs-Republican race, so it is left out of the two-party figures.",false,,,,,,,,,,,,,,SD 15 was not on the ballot in 2024. Oregon senators serve four-year terms; this seat is next up in 2026.
Washington,423,37,,19,,1985,906,128,5,16,25,9,53,20,68.66,Walters,Edtl,1898,959,5,,,,,5,,66.43,-2.23,1.2,true,,false,,,,,,,,,,,,,,SD 19 was not on the ballot in 2024. Oregon senators serve four-year terms; this seat is next up in 2026.
Washington,424,26,,13,,2566,1845,189,7,14,39,5,78,46,58.17,Neron,Fields,2302,2059,2,,,,,2,,52.79,-5.38,1.1,true,,false,,,,,,,,,,,,,,SD 13 was not on the ballot in 2024. Oregon senators serve four-year terms; this seat is next up in 2026.
Washington,425,26,,13,,293,364,17,0,1,4,0,7,5,44.6,Neron,Fields,264,389,0,,,,,0,,40.43,-4.17,0.6,true,,false,,,,,,,,,,,,,,SD 13 was not on the ballot in 2024. Oregon senators serve four-year terms; this seat is next up in 2026.
Washington,426,36,,18,,191,224,16,0,2,2,2,8,2,46.02,Pham,Chummar,162,244,0,,,,,0,,39.9,-6.12,2.2,true,,true,Campos,Pierson,157,254,2,,,,2,,38.2,-7.82,1,
Washington,427,26,,13,,816,402,65,0,9,30,0,18,8,67,Neron,Fields,757,455,0,,,,,0,,62.46,-4.54,0.5,true,,false,,,,,,,,,,,,,,SD 13 was not on the ballot in 2024. Oregon senators serve four-year terms; this seat is next up in 2026.
Washington,428,37,,19,,859,437,55,1,11,15,3,16,9,66.28,Walters,Edtl,793,453,0,,,,,0,,63.64,-2.64,3.9,true,,false,,,,,,,,,,,,,,SD 19 was not on the ballot in 2024. Oregon senators serve four-year terms; this seat is next up in 2026.
Washington,429,36,,18,,1689,870,122,1,19,32,7,42,21,66,Pham,Chummar,1594,884,6,,,,,6,,64.33,-1.67,3.2,true,,true,Campos,Pierson,1545,949,2,,,,2,,61.95,-4.05,2.5,
Washington,430,36,,18,,1039,1143,105,2,11,19,2,45,26,47.62,Pham,Chummar,941,1197,4,,,,,4,,44.01,-3.61,2,true,,true,Campos,Pierson,885,1243,4,,,,4,,41.59,-6.03,2.5,
Washington,431,36,,18,,331,400,33,0,5,4,2,12,10,45.28,Pham,Chummar,289,440,0,,,,,0,,39.64,-5.64,0.3,true,,true,Campos,Pierson,263,474,0,,,,0,,35.69,-9.59,-0.8,
Washington,432,26,,13,,194,97,14,0,1,3,3,6,1,66.67,Neron,Fields,192,97,0,,,,,0,,66.44,-0.23,0.7,true,,false,,,,,,,,,,,,,,SD 13 was not on the ballot in 2024. Oregon senators serve four-year terms; this seat is next up in 2026.
Washington,433,37,,19,,1312,761,75,1,16,12,1,35,10,63.29,Walters,Edtl,1215,816,5,,,,,5,,59.82,-3.47,2,true,,false,,,,,,,,,,,,,,SD 19 was not on the ballot in 2024. Oregon senators serve four-year terms; this seat is next up in 2026.
Washington,434,36,,18,,2835,1372,169,2,20,61,10,52,24,67.39,Pham,Chummar,2666,1425,7,,,,,7,,65.17,-2.22,2.8,true,,true,Campos,Pierson,2592,1510,7,,,,7,,63.19,-4.2,2.5,
Washington,435,26,,13,,2393,1519,186,8,24,31,6,78,39,61.17,Neron,Fields,2195,1692,6,,,,,6,,56.47,-4.7,0.6,true,,false,,,,,,,,,,,,,,SD 13 was not on the ballot in 2024. Oregon senators serve four-year terms; this seat is next up in 2026.
Washington,436,37,,19,,1302,824,85,0,11,12,4,32,26,61.24,Walters,Edtl,1164,912,3,,,,,3,,56.07,-5.17,2.4,true,,false,,,,,,,,,,,,,,SD 19 was not on the ballot in 2024. Oregon senators serve four-year terms; this seat is next up in 2026.
Washington,437,37,,19,,40,17,4,0,0,1,0,3,0,70.18,Walters,Edtl,36,23,0,,,,,0,,61.02,-9.16,-3.5,true,,false,,,,,,,,,,,,,,SD 19 was not on the ballot in 2024. Oregon senators serve four-year terms; this seat is next up in 2026.
Washington,438,37,,19,,186,292,13,0,4,1,2,3,3,38.91,Walters,Edtl,172,296,1,,,,,1,,36.75,-2.16,2.1,true,,false,,,,,,,,,,,,,,SD 19 was not on the ballot in 2024. Oregon senators serve four-year terms; this seat is next up in 2026.
Washington,439,34,,17,,1667,592,104,2,6,44,3,29,20,73.79,Reynolds,Verbeek,1600,598,2,,,,,2,,72.79,-1,2.7,true,,false,,,,,,,,,,,,,,SD 17 was not on the ballot in 2024. Oregon senators serve four-year terms; this seat is next up in 2026.
Washington,440,36,,18,,928,455,66,0,11,24,3,21,7,67.1,Pham,Chummar,889,447,3,,,,,3,,66.54,-0.56,3.4,true,,true,Campos,Pierson,868,474,4,,,,4,,64.68,-2.42,3,
Washington,441,25,,13,,52,12,6,0,0,3,0,1,2,81.25,Bowman,Niemeyer,56,13,0,,,,,0,,81.16,-0.09,-7.8,true,,false,,,,,,,,,,,,,,SD 13 was not on the ballot in 2024. Oregon senators serve four-year terms; this seat is next up in 2026.
Washington,442,26,,13,,1513,1042,124,3,7,32,2,54,26,59.22,Neron,Fields,1376,1167,3,,,,,3,,54.11,-5.11,0.5,true,,false,,,,,,,,,,,,,,SD 13 was not on the ballot in 2024. Oregon senators serve four-year terms; this seat is next up in 2026.
Washington,443,31,,16,,0,11,0,0,0,0,0,0,0,0,Gutierrez,Edwards,0,11,0,,0,,,0,Miller (LIB),0,,0,false,"too few votes to compare (HD two-party n=11, President n=11; minimum 50)",false,,,,,,,,,,,,,,SD 16 was not on the ballot in 2024. Oregon senators serve four-year terms; this seat is next up in 2026.
Multnomah,2801,28,,14,,6032,592,274,6,25,113,26,52,52,91.06,Grayber,Mengis,5739,674,10,,,,,10,,89.49,-1.57,3.2,true,,true,Lieber,,5728,,554,,530,,24,Brumbelow (LIB),,,,"SD 14 had no Republican candidate: Kate Lieber (Democrat) vs. Katy Brumbelow (Libertarian). There was no Democrat-vs-Republican race, so it is left out of the two-party figures."
Multnomah,2802,28,,14,,839,151,50,0,6,13,2,13,16,84.75,Grayber,Mengis,771,193,3,,,,,3,,79.98,-4.77,2.6,true,,true,Lieber,,793,,123,,117,,6,Brumbelow (LIB),,,,"SD 14 had no Republican candidate: Kate Lieber (Democrat) vs. Katy Brumbelow (Libertarian). There was no Democrat-vs-Republican race, so it is left out of the two-party figures."
Multnomah,2803,28,,14,,2112,180,113,1,6,47,17,14,28,92.15,Grayber,Mengis,2085,177,5,,,,,5,,92.18,0.03,1.3,true,,true,Lieber,,2018,,205,,197,,8,Brumbelow (LIB),,,,"SD 14 had no Republican candidate: Kate Lieber (Democrat) vs. Katy Brumbelow (Libertarian). There was no Democrat-vs-Republican race, so it is left out of the two-party figures."
Multnomah,2804,28,,14,,5378,687,227,3,28,76,17,44,59,88.67,Grayber,Mengis,5053,804,5,,,,,5,,86.27,-2.4,3.4,true,,true,Lieber,,5084,,589,,563,,26,Brumbelow (LIB),,,,"SD 14 had no Republican candidate: Kate Lieber (Democrat) vs. Katy Brumbelow (Libertarian). There was no Democrat-vs-Republican race, so it is left out of the two-party figures."
Multnomah,2805,28,,14,,6549,898,268,3,35,74,23,86,47,87.94,Grayber,Mengis,6218,942,16,,,,,16,,86.84,-1.1,3.9,true,,true,Lieber,,6216,,751,,701,,50,Brumbelow (LIB),,,,"SD 14 had no Republican candidate: Kate Lieber (Democrat) vs. Katy Brumbelow (Libertarian). There was no Democrat-vs-Republican race, so it is left out of the two-party figures."
Multnomah,2806,28,,14,,6749,747,261,4,43,80,28,56,50,90.03,Grayber,Mengis,6540,778,10,,,,,10,,89.37,-0.66,2.4,true,,true,Lieber,,6479,,662,,635,,27,Brumbelow (LIB),,,,"SD 14 had no Republican candidate: Kate Lieber (Democrat) vs. Katy Brumbelow (Libertarian). There was no Democrat-vs-Republican race, so it is left out of the two-party figures."
Multnomah,3101,31,,16,,1208,570,73,3,9,16,2,25,18,67.94,Gutierrez,Edwards,936,675,77,,62,,,15,Miller (LIB),58.1,-9.84,9.4,true,,false,,,,,,,,,,,,,,SD 16 was not on the ballot in 2024. Oregon senators serve four-year terms; this seat is next up in 2026.
Multnomah,3301,33,,17,,835,217,44,0,3,15,1,16,9,79.37,Jones Isadore,Baumhofer,729,265,27,,25,,,2,Busse (LIB),73.34,-6.03,5.5,true,,false,,,,,,,,,,,,,,SD 17 was not on the ballot in 2024. Oregon senators serve four-year terms; this seat is next up in 2026.
Multnomah,3302,33,,17,,6061,521,317,1,36,115,47,33,85,92.08,Jones Isadore,Baumhofer,5476,688,230,,222,,,8,Busse (LIB),88.84,-3.24,6.4,true,,false,,,,,,,,,,,,,,SD 17 was not on the ballot in 2024. Oregon senators serve four-year terms; this seat is next up in 2026.
Multnomah,3303,33,,17,,5414,578,295,2,22,127,38,45,61,90.35,Jones Isadore,Baumhofer,5028,576,258,,244,,,14,Busse (LIB),89.72,-0.63,6.5,true,,false,,,,,,,,,,,,,,SD 17 was not on the ballot in 2024. Oregon senators serve four-year terms; this seat is next up in 2026.
Multnomah,3304,33,,17,,6291,802,245,4,18,85,26,63,49,88.69,Jones Isadore,Baumhofer,5556,1005,244,,233,,,11,Busse (LIB),84.68,-4.01,7.5,true,,false,,,,,,,,,,,,,,SD 17 was not on the ballot in 2024. Oregon senators serve four-year terms; this seat is next up in 2026.
Multnomah,3305,33,,17,,25,7,0,0,0,0,0,0,0,78.13,Jones Isadore,Baumhofer,22,9,0,,0,,,0,Busse (LIB),70.97,,3.1,false,"too few votes to compare (HD two-party n=31, President n=32; minimum 50)",false,,,,,,,,,,,,,,SD 17 was not on the ballot in 2024. Oregon senators serve four-year terms; this seat is next up in 2026.
Multnomah,3306,33,,17,,4704,497,206,5,18,64,41,38,40,90.44,Jones Isadore,Baumhofer,4277,548,220,,212,,,8,Busse (LIB),88.64,-1.8,7.2,true,,false,,,,,,,,,,,,,,SD 17 was not on the ballot in 2024. Oregon senators serve four-year terms; this seat is next up in 2026.
Multnomah,3307,33,,17,,4217,360,160,0,18,63,18,30,31,92.13,Jones Isadore,Baumhofer,3842,442,154,,146,,,8,Busse (LIB),89.68,-2.45,6.4,true,,false,,,,,,,,,,,,,,SD 17 was not on the ballot in 2024. Oregon senators serve four-year terms; this seat is next up in 2026.
Multnomah,3308,33,,17,,2638,300,177,3,12,75,24,32,31,89.79,Jones Isadore,Baumhofer,2525,312,114,,108,,,6,Busse (LIB),89,-0.79,3.4,true,,false,,,,,,,,,,,,,,SD 17 was not on the ballot in 2024. Oregon senators serve four-year terms; this seat is next up in 2026.
Multnomah,3401,34,,17,,557,86,17,0,2,6,0,5,4,86.63,Reynolds,Verbeek,515,102,1,,,,,1,,83.47,-3.16,4,true,,false,,,,,,,,,,,,,,SD 17 was not on the ballot in 2024. Oregon senators serve four-year terms; this seat is next up in 2026.
Multnomah,3402,34,,17,,113,21,9,0,2,4,0,1,2,84.33,Reynolds,Verbeek,97,36,0,,,,,0,,72.93,-11.4,0.7,true,,false,,,,,,,,,,,,,,SD 17 was not on the ballot in 2024. Oregon senators serve four-year terms; this seat is next up in 2026.
Multnomah,3801,38,,19,,788,212,49,1,10,10,2,11,15,78.8,Nguyen,,675,,21,,,,,21,,,,,false,"Daniel Nguyen (Democrat) ran unopposed in HD 38. There was no Democrat-vs-Republican race, so it is left out of the two-party figures.",false,,,,,,,,,,,,,,SD 19 was not on the ballot in 2024. Oregon senators serve four-year terms; this seat is next up in 2026.
Multnomah,3802,38,,19,,1397,365,57,1,8,11,6,19,12,79.28,Nguyen,,1356,,34,,,,,34,,,,,false,"Daniel Nguyen (Democrat) ran unopposed in HD 38. There was no Democrat-vs-Republican race, so it is left out of the two-party figures.",false,,,,,,,,,,,,,,SD 19 was not on the ballot in 2024. Oregon senators serve four-year terms; this seat is next up in 2026.
Multnomah,3803,38,,19,,6325,863,285,4,31,88,22,83,57,87.99,Nguyen,,5458,,78,,,,,78,,,,,false,"Daniel Nguyen (Democrat) ran unopposed in HD 38. There was no Democrat-vs-Republican race, so it is left out of the two-party figures.",false,,,,,,,,,,,,,,SD 19 was not on the ballot in 2024. Oregon senators serve four-year terms; this seat is next up in 2026.
Multnomah,3804,38,,19,,2431,456,131,1,9,40,16,43,22,84.21,Nguyen,,2190,,39,,,,,39,,,,,false,"Daniel Nguyen (Democrat) ran unopposed in HD 38. There was no Democrat-vs-Republican race, so it is left out of the two-party figures.",false,,,,,,,,,,,,,,SD 19 was not on the ballot in 2024. Oregon senators serve four-year terms; this seat is next up in 2026.
Multnomah,3805,38,,19,,5212,686,174,4,20,58,18,38,36,88.37,Nguyen,,4631,,57,,,,,57,,,,,false,"Daniel Nguyen (Democrat) ran unopposed in HD 38. There was no Democrat-vs-Republican race, so it is left out of the two-party figures.",false,,,,,,,,,,,,,,SD 19 was not on the ballot in 2024. Oregon senators serve four-year terms; this seat is next up in 2026.
Multnomah,3806,38,,19,,112,10,1,0,0,1,0,0,0,91.8,Nguyen,,95,,0,,,,,0,,,,,false,"Daniel Nguyen (Democrat) ran unopposed in HD 38. There was no Democrat-vs-Republican race, so it is left out of the two-party figures.",false,,,,,,,,,,,,,,SD 19 was not on the ballot in 2024. Oregon senators serve four-year terms; this seat is next up in 2026.
Multnomah,4101,41,,21,,2494,225,83,5,5,23,16,13,21,91.72,Gamba,Clark,2308,317,2,,,,,2,,87.92,-3.8,3.5,true,,true,Taylor,,1956,,34,,,,34,,,,,"Kathleen Taylor (Democrat) ran unopposed in SD 21. There was no Democrat-vs-Republican race, so it is left out of the two-party figures."
Multnomah,4102,41,,21,,2524,249,123,0,6,53,19,21,24,91.02,Gamba,Clark,2408,293,5,,,,,5,,89.15,-1.87,2.6,true,,true,Taylor,,2055,,30,,,,30,,,,,"Kathleen Taylor (Democrat) ran unopposed in SD 21. There was no Democrat-vs-Republican race, so it is left out of the two-party figures."
Multnomah,4103,41,,21,,3052,303,122,0,7,31,24,28,32,90.97,Gamba,Clark,2787,414,3,,,,,3,,87.07,-3.9,4.6,true,,true,Taylor,,2435,,23,,,,23,,,,,"Kathleen Taylor (Democrat) ran unopposed in SD 21. There was no Democrat-vs-Republican race, so it is left out of the two-party figures."
Multnomah,4104,41,,21,,4361,471,216,1,13,92,28,41,41,90.25,Gamba,Clark,4238,507,7,,,,,7,,89.32,-0.93,1.8,true,,true,Taylor,,3410,,72,,,,72,,,,,"Kathleen Taylor (Democrat) ran unopposed in SD 21. There was no Democrat-vs-Republican race, so it is left out of the two-party figures."
Multnomah,4105,41,,21,,5715,450,222,3,11,78,31,54,45,92.7,Gamba,Clark,5383,574,4,,,,,4,,90.36,-2.34,3.4,true,,true,Taylor,,4604,,48,,,,48,,,,,"Kathleen Taylor (Democrat) ran unopposed in SD 21. There was no Democrat-vs-Republican race, so it is left out of the two-party figures."
Multnomah,4201,42,,21,,4500,254,298,0,16,137,63,33,49,94.66,Nosse,,3795,,44,,,,,44,,,,,false,"Rob Nosse (Democrat) ran unopposed in HD 42. There was no Democrat-vs-Republican race, so it is left out of the two-party figures.",true,Taylor,,3403,,52,,,,52,,,,,"Kathleen Taylor (Democrat) ran unopposed in SD 21. There was no Democrat-vs-Republican race, so it is left out of the two-party figures."
Multnomah,4202,42,,21,,6888,318,349,0,21,155,64,48,61,95.59,Nosse,,5853,,70,,,,,70,,,,,false,"Rob Nosse (Democrat) ran unopposed in HD 42. There was no Democrat-vs-Republican race, so it is left out of the two-party figures.",true,Taylor,,5207,,66,,,,66,,,,,"Kathleen Taylor (Democrat) ran unopposed in SD 21. There was no Democrat-vs-Republican race, so it is left out of the two-party figures."
Multnomah,4203,42,,21,,5947,431,345,1,21,159,68,36,60,93.24,Nosse,,5025,,90,,,,,90,,,,,false,"Rob Nosse (Democrat) ran unopposed in HD 42. There was no Democrat-vs-Republican race, so it is left out of the two-party figures.",true,Taylor,,4506,,68,,,,68,,,,,"Kathleen Taylor (Democrat) ran unopposed in SD 21. There was no Democrat-vs-Republican race, so it is left out of the two-party figures."
Multnomah,4204,42,,21,,5956,332,311,2,14,148,48,51,48,94.72,Nosse,,4970,,89,,,,,89,,,,,false,"Rob Nosse (Democrat) ran unopposed in HD 42. There was no Democrat-vs-Republican race, so it is left out of the two-party figures.",true,Taylor,,4361,,83,,,,83,,,,,"Kathleen Taylor (Democrat) ran unopposed in SD 21. There was no Democrat-vs-Republican race, so it is left out of the two-party figures."
Multnomah,4205,42,,21,,5908,303,429,3,20,203,77,43,83,95.12,Nosse,,4910,,69,,,,,69,,,,,false,"Rob Nosse (Democrat) ran unopposed in HD 42. There was no Democrat-vs-Republican race, so it is left out of the two-party figures.",true,Taylor,,4418,,79,,,,79,,,,,"Kathleen Taylor (Democrat) ran unopposed in SD 21. There was no Democrat-vs-Republican race, so it is left out of the two-party figures."
Multnomah,4206,42,,21,,4426,298,307,3,20,125,71,34,54,93.69,Nosse,,3732,,54,,,,,54,,,,,false,"Rob Nosse (Democrat) ran unopposed in HD 42. There was no Democrat-vs-Republican race, so it is left out of the two-party figures.",true,Taylor,,3380,,66,,,,66,,,,,"Kathleen Taylor (Democrat) ran unopposed in SD 21. There was no Democrat-vs-Republican race, so it is left out of the two-party figures."
Multnomah,4207,42,,21,,2934,190,134,0,6,52,35,14,27,93.92,Nosse,,2383,,39,,,,,39,,,,,false,"Rob Nosse (Democrat) ran unopposed in HD 42. There was no Democrat-vs-Republican race, so it is left out of the two-party figures.",true,Taylor,,2176,,34,,,,34,,,,,"Kathleen Taylor (Democrat) ran unopposed in SD 21. There was no Democrat-vs-Republican race, so it is left out of the two-party figures."
Multnomah,4208,42,,21,,2778,198,104,1,6,38,27,18,14,93.35,Nosse,,2273,,36,,,,,36,,,,,false,"Rob Nosse (Democrat) ran unopposed in HD 42. There was no Democrat-vs-Republican race, so it is left out of the two-party figures.",true,Taylor,,2079,,30,,,,30,,,,,"Kathleen Taylor (Democrat) ran unopposed in SD 21. There was no Democrat-vs-Republican race, so it is left out of the two-party figures."
Multnomah,4301,43,,22,,3399,176,200,2,9,82,43,28,36,95.08,Sanchez,LeMaster,3296,257,11,,,,,11,,92.77,-2.31,0.6,true,,true,Frederick,Saperstein,3313,243,12,,,,12,,93.17,-1.91,0.5,
Multnomah,4302,43,,22,,4745,240,266,2,14,118,52,26,54,95.19,Sanchez,LeMaster,4617,327,14,,,,,14,,93.39,-1.8,0.8,true,,true,Frederick,Saperstein,4593,312,10,,,,10,,93.64,-1.55,1.6,
Multnomah,4303,43,,22,,6205,264,373,1,16,167,76,37,76,95.92,Sanchez,LeMaster,6066,387,17,,,,,17,,94,-1.92,0.2,true,,true,Frederick,Saperstein,6085,344,16,,,,16,,94.65,-1.27,0.6,
Multnomah,4304,43,,22,,5807,275,297,2,14,134,53,36,58,95.48,Sanchez,LeMaster,5595,420,11,,,,,11,,93.02,-2.46,1.1,true,,true,Frederick,Saperstein,5632,376,11,,,,11,,93.74,-1.74,1.2,
Multnomah,4305,43,,22,,6262,313,280,4,20,115,53,40,48,95.24,Sanchez,LeMaster,6005,492,16,,,,,16,,92.43,-2.81,1.2,true,,true,Frederick,Saperstein,6013,450,12,,,,12,,93.04,-2.2,1.7,
Multnomah,4306,43,,22,,6063,342,235,1,15,96,35,31,57,94.66,Sanchez,LeMaster,5591,615,11,,,,,11,,90.09,-4.57,3.1,true,,true,Frederick,Saperstein,5686,515,10,,,,10,,91.69,-2.97,3.2,
Multnomah,4307,43,,22,,6156,454,308,1,17,128,57,45,60,93.13,Sanchez,LeMaster,5914,580,17,,,,,17,,91.07,-2.06,1.8,true,,true,Frederick,Saperstein,5960,565,10,,,,10,,91.34,-1.79,1.3,
Multnomah,4401,44,,22,,3581,444,221,4,14,84,34,45,40,88.97,Nelson,,3212,,67,,,,,67,,,,,false,"Travis Nelson (Democrat) ran unopposed in HD 44. There was no Democrat-vs-Republican race, so it is left out of the two-party figures.",true,Frederick,Saperstein,3464,541,12,,,,12,,86.49,-2.48,0.5,
Multnomah,4402,44,,22,,4714,637,265,1,30,82,42,55,55,88.1,Nelson,,4280,,88,,,,,88,,,,,false,"Travis Nelson (Democrat) ran unopposed in HD 44. There was no Democrat-vs-Republican race, so it is left out of the two-party figures.",true,Frederick,Saperstein,4567,662,14,,,,14,,87.34,-0.76,2.3,
Multnomah,4403,44,,22,,5747,670,309,6,19,113,62,58,51,89.56,Nelson,,5147,,103,,,,,103,,,,,false,"Travis Nelson (Democrat) ran unopposed in HD 44. There was no Democrat-vs-Republican race, so it is left out of the two-party figures.",true,Frederick,Saperstein,5505,756,14,,,,14,,87.93,-1.63,2.4,
Multnomah,4404,44,,22,,5681,460,267,4,22,99,44,46,52,92.51,Nelson,,4870,,53,,,,,53,,,,,false,"Travis Nelson (Democrat) ran unopposed in HD 44. There was no Democrat-vs-Republican race, so it is left out of the two-party figures.",true,Frederick,Saperstein,5416,555,8,,,,8,,90.71,-1.8,2.8,
Multnomah,4405,44,,22,,6556,423,411,1,19,199,80,49,63,93.94,Nelson,,5730,,66,,,,,66,,,,,false,"Travis Nelson (Democrat) ran unopposed in HD 44. There was no Democrat-vs-Republican race, so it is left out of the two-party figures.",true,Frederick,Saperstein,6441,518,11,,,,11,,92.56,-1.38,0.3,
Multnomah,4406,44,,22,,4404,939,237,0,13,89,37,64,34,82.43,Nelson,,4029,,96,,,,,96,,,,,false,"Travis Nelson (Democrat) ran unopposed in HD 44. There was no Democrat-vs-Republican race, so it is left out of the two-party figures.",true,Frederick,Saperstein,4166,991,9,,,,9,,80.78,-1.65,3.5,
Multnomah,4407,44,,22,,18,10,1,0,0,0,0,0,1,64.29,Nelson,,13,,1,,,,,1,,,,,false,"Travis Nelson (Democrat) ran unopposed in HD 44. There was no Democrat-vs-Republican race, so it is left out of the two-party figures.",true,Frederick,Saperstein,18,10,0,,,,0,,64.29,,0,"too few votes to compare (SD two-party n=28, President n=28; minimum 50)"
Multnomah,4501,45,,23,,7514,578,281,1,17,111,33,61,58,92.86,Tran,,6359,,64,,,,,64,,,,,false,"Thuy Tran (Democrat) ran unopposed in HD 45. There was no Democrat-vs-Republican race, so it is left out of the two-party figures.",true,Pham,,6193,,63,,,,63,,,,,"Khanh Pham (Democrat) ran unopposed in SD 23. There was no Democrat-vs-Republican race, so it is left out of the two-party figures."
Multnomah,4502,45,,23,,6705,624,304,0,18,127,51,40,68,91.49,Tran,,5872,,66,,,,,66,,,,,false,"Thuy Tran (Democrat) ran unopposed in HD 45. There was no Democrat-vs-Republican race, so it is left out of the two-party figures.",true,Pham,,5778,,69,,,,69,,,,,"Khanh Pham (Democrat) ran unopposed in SD 23. There was no Democrat-vs-Republican race, so it is left out of the two-party figures."
Multnomah,4503,45,,23,,5763,970,314,0,28,121,61,58,46,85.59,Tran,,5082,,95,,,,,95,,,,,false,"Thuy Tran (Democrat) ran unopposed in HD 45. There was no Democrat-vs-Republican race, so it is left out of the two-party figures.",true,Pham,,5043,,107,,,,107,,,,,"Khanh Pham (Democrat) ran unopposed in SD 23. There was no Democrat-vs-Republican race, so it is left out of the two-party figures."
Multnomah,4504,45,,23,,418,84,23,0,2,8,4,4,5,83.27,Tran,,385,,15,,,,,15,,,,,false,"Thuy Tran (Democrat) ran unopposed in HD 45. There was no Democrat-vs-Republican race, so it is left out of the two-party figures.",true,Pham,,379,,15,,,,15,,,,,"Khanh Pham (Democrat) ran unopposed in SD 23. There was no Democrat-vs-Republican race, so it is left out of the two-party figures."
Multnomah,4505,45,,23,,1902,211,119,0,5,49,23,22,20,90.01,Tran,,1686,,32,,,,,32,,,,,false,"Thuy Tran (Democrat) ran unopposed in HD 45. There was no Democrat-vs-Republican race, so it is left out of the two-party figures.",true,Pham,,1675,,29,,,,29,,,,,"Khanh Pham (Democrat) ran unopposed in SD 23. There was no Democrat-vs-Republican race, so it is left out of the two-party figures."
Multnomah,4506,45,,23,,6085,767,331,4,14,130,64,59,60,88.81,Tran,,5312,,102,,,,,102,,,,,false,"Thuy Tran (Democrat) ran unopposed in HD 45. There was no Democrat-vs-Republican race, so it is left out of the two-party figures.",true,Pham,,5311,,118,,,,118,,,,,"Khanh Pham (Democrat) ran unopposed in SD 23. There was no Democrat-vs-Republican race, so it is left out of the two-party figures."
Multnomah,4507,45,,23,,214,67,8,0,2,3,1,1,1,76.16,Tran,,197,,4,,,,,4,,,,,false,"Thuy Tran (Democrat) ran unopposed in HD 45. There was no Democrat-vs-Republican race, so it is left out of the two-party figures.",true,Pham,,202,,4,,,,4,,,,,"Khanh Pham (Democrat) ran unopposed in SD 23. There was no Democrat-vs-Republican race, so it is left out of the two-party figures."
Multnomah,4508,45,,23,,3840,1367,232,3,17,75,26,73,38,73.75,Tran,,3691,,186,,,,,186,,,,,false,"Thuy Tran (Democrat) ran unopposed in HD 45. There was no Democrat-vs-Republican race, so it is left out of the two-party figures.",true,Pham,,3628,,198,,,,198,,,,,"Khanh Pham (Democrat) ran unopposed in SD 23. There was no Democrat-vs-Republican race, so it is left out of the two-party figures."
Multnomah,4509,45,,23,,570,224,38,0,3,14,0,16,5,71.79,Tran,,534,,18,,,,,18,,,,,false,"Thuy Tran (Democrat) ran unopposed in HD 45. There was no Democrat-vs-Republican race, so it is left out of the two-party figures.",true,Pham,,537,,14,,,,14,,,,,"Khanh Pham (Democrat) ran unopposed in SD 23. There was no Democrat-vs-Republican race, so it is left out of the two-party figures."
Multnomah,4601,46,,23,,5512,568,222,3,12,81,48,33,45,90.66,Chotzen,Alexander,5073,507,353,189,157,,,7,"Levy (IND), Daniel (LIB)",90.91,0.25,8.2,true,,true,Pham,,4843,,88,,,,88,,,,,"Khanh Pham (Democrat) ran unopposed in SD 23. There was no Democrat-vs-Republican race, so it is left out of the two-party figures."
Multnomah,4602,46,,23,,4877,583,267,0,16,117,60,43,31,89.32,Chotzen,Alexander,4559,482,356,201,149,,,6,"Levy (IND), Daniel (LIB)",90.44,1.12,7.7,true,,true,Pham,,4327,,99,,,,99,,,,,"Khanh Pham (Democrat) ran unopposed in SD 23. There was no Democrat-vs-Republican race, so it is left out of the two-party figures."
Multnomah,4603,46,,23,,3305,490,230,1,14,104,34,37,40,87.09,Chotzen,Alexander,3122,397,261,145,112,,,4,"Levy (IND), Daniel (LIB)",88.72,1.63,7.3,true,,true,Pham,,2952,,72,,,,72,,,,,"Khanh Pham (Democrat) ran unopposed in SD 23. There was no Democrat-vs-Republican race, so it is left out of the two-party figures."
Multnomah,4604,46,,23,,4747,973,278,4,16,99,61,61,37,82.99,Chotzen,Alexander,4468,787,409,214,189,,,6,"Levy (IND), Daniel (LIB)",85.02,2.03,8.1,true,,true,Pham,,4356,,120,,,,120,,,,,"Khanh Pham (Democrat) ran unopposed in SD 23. There was no Democrat-vs-Republican race, so it is left out of the two-party figures."
Multnomah,4605,46,,23,,3353,986,231,1,24,79,38,60,29,77.28,Chotzen,Alexander,3087,804,392,223,151,,,18,"Levy (IND), Daniel (LIB)",79.34,2.06,10.3,true,,true,Pham,,3250,,135,,,,135,,,,,"Khanh Pham (Democrat) ran unopposed in SD 23. There was no Democrat-vs-Republican race, so it is left out of the two-party figures."
Multnomah,4606,46,,23,,3282,1041,201,3,8,74,29,47,40,75.92,Chotzen,Alexander,3035,835,303,160,130,,,13,"Levy (IND), Daniel (LIB)",78.42,2.5,10.5,true,,true,Pham,,3204,,130,,,,130,,,,,"Khanh Pham (Democrat) ran unopposed in SD 23. There was no Democrat-vs-Republican race, so it is left out of the two-party figures."
Multnomah,4607,46,,23,,2386,731,176,5,12,62,25,50,22,76.55,Chotzen,Alexander,2179,585,274,119,151,,,4,"Levy (IND), Daniel (LIB)",78.84,2.29,11.3,true,,true,Pham,,2300,,108,,,,108,,,,,"Khanh Pham (Democrat) ran unopposed in SD 23. There was no Democrat-vs-Republican race, so it is left out of the two-party figures."
Multnomah,4608,46,,23,,24,14,3,0,0,1,0,2,0,63.16,Chotzen,Alexander,19,17,2,1,1,,,0,"Levy (IND), Daniel (LIB)",52.78,,5.3,false,"too few votes to compare (HD two-party n=36, President n=38; minimum 50)",true,Pham,,23,,3,,,,3,,,,,"Khanh Pham (Democrat) ran unopposed in SD 23. There was no Democrat-vs-Republican race, so it is left out of the two-party figures."
Multnomah,4701,47,,24,,28,32,0,0,0,0,0,0,0,46.67,Valderrama,,36,,1,,,,,1,,,,,false,"Andrea Valderrama (Democrat) ran unopposed in HD 47. There was no Democrat-vs-Republican race, so it is left out of the two-party figures.",false,,,,,,,,,,,,,,SD 24 was not on the ballot in 2024. Oregon senators serve four-year terms; this seat is next up in 2026.
Multnomah,4702,47,,24,,1355,425,75,2,4,16,11,31,11,76.12,Valderrama,,1145,,31,,,,,31,,,,,false,"Andrea Valderrama (Democrat) ran unopposed in HD 47. There was no Democrat-vs-Republican race, so it is left out of the two-party figures.",false,,,,,,,,,,,,,,SD 24 was not on the ballot in 2024. Oregon senators serve four-year terms; this seat is next up in 2026.
Multnomah,4703,47,,24,,2822,1312,116,1,9,35,11,47,13,68.26,Valderrama,,2775,,103,,,,,103,,,,,false,"Andrea Valderrama (Democrat) ran unopposed in HD 47. There was no Democrat-vs-Republican race, so it is left out of the two-party figures.",false,,,,,,,,,,,,,,SD 24 was not on the ballot in 2024. Oregon senators serve four-year terms; this seat is next up in 2026.
Multnomah,4704,47,,24,,1814,1164,143,8,17,40,15,48,15,60.91,Valderrama,,1955,,89,,,,,89,,,,,false,"Andrea Valderrama (Democrat) ran unopposed in HD 47. There was no Democrat-vs-Republican race, so it is left out of the two-party figures.",false,,,,,,,,,,,,,,SD 24 was not on the ballot in 2024. Oregon senators serve four-year terms; this seat is next up in 2026.
Multnomah,4705,47,,24,,2072,812,114,4,10,41,14,17,28,71.84,Valderrama,,1819,,160,,,,,160,,,,,false,"Andrea Valderrama (Democrat) ran unopposed in HD 47. There was no Democrat-vs-Republican race, so it is left out of the two-party figures.",false,,,,,,,,,,,,,,SD 24 was not on the ballot in 2024. Oregon senators serve four-year terms; this seat is next up in 2026.
Multnomah,4706,47,,24,,1846,716,110,2,11,29,13,43,12,72.05,Valderrama,,1647,,62,,,,,62,,,,,false,"Andrea Valderrama (Democrat) ran unopposed in HD 47. There was no Democrat-vs-Republican race, so it is left out of the two-party figures.",false,,,,,,,,,,,,,,SD 24 was not on the ballot in 2024. Oregon senators serve four-year terms; this seat is next up in 2026.
Multnomah,4707,47,,24,,3405,1090,223,4,9,83,20,73,34,75.75,Valderrama,,3038,,154,,,,,154,,,,,false,"Andrea Valderrama (Democrat) ran unopposed in HD 47. There was no Democrat-vs-Republican race, so it is left out of the two-party figures.",false,,,,,,,,,,,,,,SD 24 was not on the ballot in 2024. Oregon senators serve four-year terms; this seat is next up in 2026.
Multnomah,4708,47,,24,,3081,1432,199,5,18,61,24,58,33,68.27,Valderrama,,3030,,141,,,,,141,,,,,false,"Andrea Valderrama (Democrat) ran unopposed in HD 47. There was no Democrat-vs-Republican race, so it is left out of the two-party figures.",false,,,,,,,,,,,,,,SD 24 was not on the ballot in 2024. Oregon senators serve four-year terms; this seat is next up in 2026.
Multnomah,4709,47,,24,,596,269,43,2,3,10,6,16,6,68.9,Valderrama,,589,,17,,,,,17,,,,,false,"Andrea Valderrama (Democrat) ran unopposed in HD 47. There was no Democrat-vs-Republican race, so it is left out of the two-party figures.",false,,,,,,,,,,,,,,SD 24 was not on the ballot in 2024. Oregon senators serve four-year terms; this seat is next up in 2026.
Multnomah,4710,47,,24,,765,307,53,0,2,20,11,11,9,71.36,Valderrama,,720,,26,,,,,26,,,,,false,"Andrea Valderrama (Democrat) ran unopposed in HD 47. There was no Democrat-vs-Republican race, so it is left out of the two-party figures.",false,,,,,,,,,,,,,,SD 24 was not on the ballot in 2024. Oregon senators serve four-year terms; this seat is next up in 2026.
Multnomah,4801,48,,24,,381,166,26,0,4,7,3,9,3,69.65,H. Nguyen,Masterman,368,162,3,,,,,3,,69.43,-0.22,3.1,true,,false,,,,,,,,,,,,,,SD 24 was not on the ballot in 2024. Oregon senators serve four-year terms; this seat is next up in 2026.
Multnomah,4802,48,,24,,2807,1297,192,2,17,63,23,62,25,68.4,H. Nguyen,Masterman,2717,1319,9,,,,,9,,67.32,-1.08,1.7,true,,false,,,,,,,,,,,,,,SD 24 was not on the ballot in 2024. Oregon senators serve four-year terms; this seat is next up in 2026.
Multnomah,4803,48,,24,,1495,970,88,2,7,25,9,29,16,60.65,H. Nguyen,Masterman,1434,937,6,,,,,6,,60.48,-0.17,3.8,true,,false,,,,,,,,,,,,,,SD 24 was not on the ballot in 2024. Oregon senators serve four-year terms; this seat is next up in 2026.
Multnomah,4804,48,,24,,2685,1643,192,2,13,64,26,61,26,62.04,H. Nguyen,Masterman,2573,1666,17,,,,,17,,60.7,-1.34,2.1,true,,false,,,,,,,,,,,,,,SD 24 was not on the ballot in 2024. Oregon senators serve four-year terms; this seat is next up in 2026.
Multnomah,4805,48,,24,,117,93,7,0,0,1,1,4,1,55.71,H. Nguyen,Masterman,100,98,1,,,,,1,,50.51,-5.2,5.7,true,,false,,,,,,,,,,,,,,SD 24 was not on the ballot in 2024. Oregon senators serve four-year terms; this seat is next up in 2026.
Multnomah,4806,48,,24,,2935,1807,199,3,18,55,16,72,35,61.89,H. Nguyen,Masterman,2760,1864,14,,,,,14,,59.69,-2.2,2.5,true,,false,,,,,,,,,,,,,,SD 24 was not on the ballot in 2024. Oregon senators serve four-year terms; this seat is next up in 2026.
Multnomah,4807,48,,24,,128,155,8,0,1,1,2,3,1,45.23,H. Nguyen,Masterman,106,164,0,,,,,0,,39.26,-5.97,4.6,true,,false,,,,,,,,,,,,,,SD 24 was not on the ballot in 2024. Oregon senators serve four-year terms; this seat is next up in 2026.
Multnomah,4808,48,,24,,912,760,59,6,3,11,3,25,11,54.55,H. Nguyen,Masterman,832,769,7,,,,,7,,51.97,-2.58,4.2,true,,false,,,,,,,,,,,,,,SD 24 was not on the ballot in 2024. Oregon senators serve four-year terms; this seat is next up in 2026.
Multnomah,4809,48,,24,,1,7,2,0,0,0,0,1,1,12.5,H. Nguyen,Masterman,8,3,0,,,,,0,,72.73,,-37.5,false,"too few votes to compare (HD two-party n=11, President n=8; minimum 50)",false,,,,,,,,,,,,,,SD 24 was not on the ballot in 2024. Oregon senators serve four-year terms; this seat is next up in 2026.
Multnomah,4901,49,,25,,41,28,9,0,0,4,0,3,2,59.42,Hudson,Tipsord,44,33,0,,,,,0,,57.14,-2.28,-11.6,true,,true,Gorsek,Love,45,32,0,,,,0,,58.44,-0.98,-11.6,
Multnomah,4902,49,,25,,150,101,13,1,1,6,0,5,0,59.76,Hudson,Tipsord,136,113,0,,,,,0,,54.62,-5.14,0.8,true,,true,Gorsek,Love,141,112,0,,,,0,,55.73,-4.03,-0.8,
Multnomah,4903,49,,25,,2433,1625,147,2,20,34,4,57,30,59.96,Hudson,Tipsord,2218,1679,8,,,,,8,,56.92,-3.04,4,true,,true,Gorsek,Love,2283,1665,10,,,,10,,57.83,-2.13,2.7,
Multnomah,4904,49,,25,,723,536,37,0,5,7,2,17,6,57.43,Hudson,Tipsord,673,529,3,,,,,3,,55.99,-1.44,4.5,true,,true,Gorsek,Love,686,519,3,,,,3,,56.93,-0.5,4.3,
Multnomah,4905,49,,25,,2983,2720,210,2,27,36,11,99,35,52.31,Hudson,Tipsord,2759,2817,15,,,,,15,,49.48,-2.83,2.2,true,,true,Gorsek,Love,2864,2750,13,,,,13,,51.02,-1.29,1.6,
Multnomah,4906,49,,25,,1115,943,95,2,9,16,3,44,21,54.18,Hudson,Tipsord,1031,954,11,,,,,11,,51.94,-2.24,3.5,true,,true,Gorsek,Love,1063,927,9,,,,9,,53.42,-0.76,3.3,
Multnomah,4907,49,,25,,1976,1387,144,1,5,29,10,80,19,58.76,Hudson,Tipsord,1862,1386,11,,,,,11,,57.33,-1.43,3.4,true,,true,Gorsek,Love,1898,1385,9,,,,9,,57.81,-0.95,2.4,
Multnomah,4908,49,,25,,2943,2071,205,2,26,45,15,85,32,58.7,Hudson,Tipsord,2745,2086,12,,,,,12,,56.82,-1.88,3.6,true,,true,Gorsek,Love,2792,2061,7,,,,7,,57.53,-1.17,3.2,
Multnomah,4909,49,,25,,2264,1221,117,3,3,32,7,53,19,64.96,Hudson,Tipsord,2177,1166,11,,,,,11,,65.12,0.16,4.1,true,,true,Gorsek,Love,2178,1170,13,,,,13,,65.05,0.09,3.9,
Multnomah,4910,49,,25,,144,86,10,1,1,1,1,5,1,62.61,Hudson,Tipsord,139,75,0,,,,,0,,64.95,2.34,7,true,,true,Gorsek,Love,139,75,1,,,,1,,64.95,2.34,7,
Multnomah,5001,50,,25,,45,45,4,0,1,1,1,1,0,50,Ruiz,Drechsler,44,46,0,,,,,0,,48.89,-1.11,0,true,,true,Gorsek,Love,48,43,0,,,,0,,52.75,2.75,-1.1,
Multnomah,5002,50,,25,,2549,1745,167,5,21,38,8,74,21,59.36,Ruiz,Drechsler,2507,1668,13,,,,,13,,60.05,0.69,2.8,true,,true,Gorsek,Love,2484,1676,11,,,,11,,59.71,0.35,3.1,
Multnomah,5003,50,,25,,196,130,24,0,4,11,0,8,1,60.12,Ruiz,Drechsler,199,130,5,,,,,5,,60.49,0.37,-0.9,true,,true,Gorsek,Love,211,119,3,,,,3,,63.94,3.82,-1.2,
Multnomah,5004,50,,25,,1690,1433,114,6,6,26,5,53,18,54.11,Ruiz,Drechsler,1544,1472,7,,,,,7,,51.19,-2.92,3.4,true,,true,Gorsek,Love,1578,1425,5,,,,5,,52.55,-1.56,3.8,
Multnomah,5005,50,,25,,3012,1986,212,6,25,45,13,90,33,60.26,Ruiz,Drechsler,2875,2003,6,,,,,6,,58.94,-1.32,2.4,true,,true,Gorsek,Love,2873,1978,13,,,,13,,59.22,-1.04,2.9,
Multnomah,5006,50,,25,,2753,2115,184,4,30,42,4,72,32,56.55,Ruiz,Drechsler,2580,2238,10,,,,,10,,53.55,-3,1,true,,true,Gorsek,Love,2639,2183,15,,,,15,,54.73,-1.82,0.9,
Multnomah,5007,50,,25,,2896,2367,217,4,23,36,13,110,31,55.03,Ruiz,Drechsler,2814,2286,15,,,,,15,,55.18,0.15,3.1,true,,true,Gorsek,Love,2829,2270,7,,,,7,,55.48,0.45,3.1,
Multnomah,5008,50,,25,,2503,2513,180,4,11,42,10,82,31,49.9,Ruiz,Drechsler,2382,2485,11,,,,,11,,48.94,-0.96,3,true,,true,Gorsek,Love,2431,2425,11,,,,11,,50.06,0.16,3.2,
Multnomah,5009,50,,25,,72,118,7,0,1,0,0,4,2,37.89,Ruiz,Drechsler,69,120,0,,,,,0,,36.51,-1.38,0.5,true,,true,Gorsek,Love,71,121,0,,,,0,,36.98,-0.91,-1.1,
Multnomah,5201,52,,26,,981,1133,81,2,8,17,0,42,12,46.4,Walden Poublon,Helfrich,820,1221,1,,,,,1,,40.18,-6.22,3.5,true,,false,,,,,,,,,,,,,,SD 26 was not on the ballot in 2024. Oregon senators serve four-year terms; this seat is next up in 2026.
Multnomah,5202,52,,26,,1908,2246,134,3,12,31,6,52,30,45.93,Walden Poublon,Helfrich,1636,2373,9,,,,,9,,40.81,-5.12,3.5,true,,false,,,,,,,,,,,,,,SD 26 was not on the ballot in 2024. Oregon senators serve four-year terms; this seat is next up in 2026.
Clackamas,100,39,,20,,51,30,5,0,2,0,0,2,1,62.96,Dobson,Reiner,46,27,0,,,,,0,,63.01,0.05,9.9,true,,false,,,,,,,,,,,,,,SD 20 was not on the ballot in 2024. Oregon senators serve four-year terms; this seat is next up in 2026.
Clackamas,101,39,,20,,3242,2466,234,6,17,50,8,99,54,56.8,Dobson,Reiner,2871,2550,16,,,,,16,,52.96,-3.84,5,true,,false,,,,,,,,,,,,,,SD 20 was not on the ballot in 2024. Oregon senators serve four-year terms; this seat is next up in 2026.
Clackamas,102,48,,24,,598,681,39,0,1,12,2,16,8,46.76,H. Nguyen,Masterman,537,654,1,,,,,1,,45.09,-1.67,6.9,true,,false,,,,,,,,,,,,,,SD 24 was not on the ballot in 2024. Oregon senators serve four-year terms; this seat is next up in 2026.
Clackamas,103,39,,20,,1535,1168,100,3,10,11,3,50,23,56.79,Dobson,Reiner,1311,1289,3,,,,,3,,50.42,-6.37,3.8,true,,false,,,,,,,,,,,,,,SD 20 was not on the ballot in 2024. Oregon senators serve four-year terms; this seat is next up in 2026.
Clackamas,104,48,,24,,10,13,0,0,0,0,0,0,0,43.48,H. Nguyen,Masterman,10,12,0,,,,,0,,45.45,,4.3,false,"too few votes to compare (HD two-party n=22, President n=23; minimum 50)",false,,,,,,,,,,,,,,SD 24 was not on the ballot in 2024. Oregon senators serve four-year terms; this seat is next up in 2026.
Clackamas,105,39,,20,,2231,1759,144,2,19,23,5,58,37,55.91,Dobson,Reiner,1900,1929,3,,,,,3,,49.62,-6.29,4,true,,false,,,,,,,,,,,,,,SD 20 was not on the ballot in 2024. Oregon senators serve four-year terms; this seat is next up in 2026.
Clackamas,106,51,,26,,975,1941,115,5,22,13,4,53,18,33.44,,Drazan,,2028,95,,,,,95,,,,,false,"Christine Drazan (Republican) ran unopposed in HD 51. There was no Democrat-vs-Republican race, so it is left out of the two-party figures.",false,,,,,,,,,,,,,,SD 26 was not on the ballot in 2024. Oregon senators serve four-year terms; this seat is next up in 2026.
Clackamas,107,51,,26,,740,1079,72,3,7,12,3,37,10,40.68,,Drazan,,1198,76,,,,,76,,,,,false,"Christine Drazan (Republican) ran unopposed in HD 51. There was no Democrat-vs-Republican race, so it is left out of the two-party figures.",false,,,,,,,,,,,,,,SD 26 was not on the ballot in 2024. Oregon senators serve four-year terms; this seat is next up in 2026.
Clackamas,108,51,,26,,1815,2562,175,3,28,19,9,89,27,41.47,,Drazan,,2857,193,,,,,193,,,,,false,"Christine Drazan (Republican) ran unopposed in HD 51. There was no Democrat-vs-Republican race, so it is left out of the two-party figures.",false,,,,,,,,,,,,,,SD 26 was not on the ballot in 2024. Oregon senators serve four-year terms; this seat is next up in 2026.
Clackamas,109,52,,26,,,,,,,,,,,,Walden Poublon,Helfrich,0,0,0,,,,,0,,,,,false,"too few votes to compare (HD two-party n=0, President n=0; minimum 50)",false,,,,,,,,,,,,,,SD 26 was not on the ballot in 2024. Oregon senators serve four-year terms; this seat is next up in 2026.
Clackamas,111,18,,9,,1403,3245,191,5,25,23,5,106,27,30.19,Dow,Lewis,1194,3200,5,,,,,5,,27.17,-3.02,5.5,true,,true,Ashland,Girod,1258,3140,14,,,,14,,28.6,-1.59,5.4,
Clackamas,112,48,,24,,,,,,,,,,,,H. Nguyen,Masterman,0,0,0,,,,,0,,,,,false,"too few votes to compare (HD two-party n=0, President n=0; minimum 50)",false,,,,,,,,,,,,,,SD 24 was not on the ballot in 2024. Oregon senators serve four-year terms; this seat is next up in 2026.
Clackamas,113,39,,20,,38,15,6,0,2,2,0,2,0,71.7,Dobson,Reiner,26,24,0,,,,,0,,52,-19.7,5.7,true,,false,,,,,,,,,,,,,,SD 20 was not on the ballot in 2024. Oregon senators serve four-year terms; this seat is next up in 2026.
Clackamas,114,39,,20,,102,64,4,0,0,1,1,2,0,61.45,Dobson,Reiner,93,61,0,,,,,0,,60.39,-1.06,7.2,true,,false,,,,,,,,,,,,,,SD 20 was not on the ballot in 2024. Oregon senators serve four-year terms; this seat is next up in 2026.
Clackamas,115/116,41,41/38,21,,194,54,11,0,0,3,0,5,3,78.23,Gamba,Clark,163,73,0,,,,,0,,69.07,-9.16,4.8,true,,true,Taylor,,172,,3,,,,3,,,,,"Kathleen Taylor (Democrat) ran unopposed in SD 21. There was no Democrat-vs-Republican race, so it is left out of the two-party figures."
Clackamas,122,51,,26,,1498,1799,128,3,10,16,4,76,19,45.44,,Drazan,,2155,144,,,,,144,,,,,false,"Christine Drazan (Republican) ran unopposed in HD 51. There was no Democrat-vs-Republican race, so it is left out of the two-party figures.",false,,,,,,,,,,,,,,SD 26 was not on the ballot in 2024. Oregon senators serve four-year terms; this seat is next up in 2026.
Clackamas,123,51,,26,,856,1178,85,0,10,4,0,55,16,42.08,,Drazan,,1431,86,,,,,86,,,,,false,"Christine Drazan (Republican) ran unopposed in HD 51. There was no Democrat-vs-Republican race, so it is left out of the two-party figures.",false,,,,,,,,,,,,,,SD 26 was not on the ballot in 2024. Oregon senators serve four-year terms; this seat is next up in 2026.
Clackamas,124,51,,26,,1552,1863,143,5,16,15,4,75,28,45.45,,Drazan,,2285,176,,,,,176,,,,,false,"Christine Drazan (Republican) ran unopposed in HD 51. There was no Democrat-vs-Republican race, so it is left out of the two-party figures.",false,,,,,,,,,,,,,,SD 26 was not on the ballot in 2024. Oregon senators serve four-year terms; this seat is next up in 2026.
Clackamas,125,51,,26,,593,639,54,1,4,6,1,27,15,48.13,,Drazan,,779,65,,,,,65,,,,,false,"Christine Drazan (Republican) ran unopposed in HD 51. There was no Democrat-vs-Republican race, so it is left out of the two-party figures.",false,,,,,,,,,,,,,,SD 26 was not on the ballot in 2024. Oregon senators serve four-year terms; this seat is next up in 2026.
Clackamas,127,18,,9,,23,51,2,0,0,0,0,0,2,31.08,Dow,Lewis,19,50,0,,,,,0,,27.54,-3.54,6.8,true,,true,Ashland,Girod,21,51,0,,,,0,,29.17,-1.91,2.7,
Clackamas,131,37,,19,,3750,2008,201,4,29,32,8,80,48,65.13,Walters,Edtl,3429,2131,7,,,,,7,,61.67,-3.46,3.4,true,,false,,,,,,,,,,,,,,SD 19 was not on the ballot in 2024. Oregon senators serve four-year terms; this seat is next up in 2026.
Clackamas,132,37,,19,,2812,1380,165,3,13,28,8,67,46,67.08,Walters,Edtl,2555,1524,11,,,,,11,,62.64,-4.44,2.7,true,,false,,,,,,,,,,,,,,SD 19 was not on the ballot in 2024. Oregon senators serve four-year terms; this seat is next up in 2026.
Clackamas,133,37,,19,,1278,494,82,1,13,11,6,23,28,72.12,Walters,Edtl,1203,540,4,,,,,4,,69.02,-3.1,1.6,true,,false,,,,,,,,,,,,,,SD 19 was not on the ballot in 2024. Oregon senators serve four-year terms; this seat is next up in 2026.
Clackamas,134,38,,19,,8,0,1,0,0,0,0,0,1,100,Nguyen,,5,,0,,,,,0,,,,,false,"Daniel Nguyen (Democrat) ran unopposed in HD 38. There was no Democrat-vs-Republican race, so it is left out of the two-party figures.",false,,,,,,,,,,,,,,SD 19 was not on the ballot in 2024. Oregon senators serve four-year terms; this seat is next up in 2026.
Clackamas,135,37,,19,,3431,1398,204,6,22,37,9,82,48,71.05,Walters,Edtl,3154,1617,15,,,,,15,,66.11,-4.94,1.2,true,,false,,,,,,,,,,,,,,SD 19 was not on the ballot in 2024. Oregon senators serve four-year terms; this seat is next up in 2026.
Clackamas,151,38,,19,,1755,587,92,0,10,14,2,30,36,74.94,Nguyen,,1609,,57,,,,,57,,,,,false,"Daniel Nguyen (Democrat) ran unopposed in HD 38. There was no Democrat-vs-Republican race, so it is left out of the two-party figures.",false,,,,,,,,,,,,,,SD 19 was not on the ballot in 2024. Oregon senators serve four-year terms; this seat is next up in 2026.
Clackamas,152,38,,19,,3666,1351,181,8,27,28,2,75,41,73.07,Nguyen,,3399,,89,,,,,89,,,,,false,"Daniel Nguyen (Democrat) ran unopposed in HD 38. There was no Democrat-vs-Republican race, so it is left out of the two-party figures.",false,,,,,,,,,,,,,,SD 19 was not on the ballot in 2024. Oregon senators serve four-year terms; this seat is next up in 2026.
Clackamas,153,37,,19,,276,135,20,1,3,4,1,6,5,67.15,Walters,Edtl,254,151,0,,,,,0,,62.72,-4.43,1.5,true,,false,,,,,,,,,,,,,,SD 19 was not on the ballot in 2024. Oregon senators serve four-year terms; this seat is next up in 2026.
Clackamas,154,37,,19,,64,27,1,0,0,0,0,1,0,70.33,Walters,Edtl,55,25,0,,,,,0,,68.75,-1.58,12.1,true,,false,,,,,,,,,,,,,,SD 19 was not on the ballot in 2024. Oregon senators serve four-year terms; this seat is next up in 2026.
Clackamas,155,38,,19,,1928,640,89,3,12,14,2,33,25,75.08,Nguyen,,1757,,51,,,,,51,,,,,false,"Daniel Nguyen (Democrat) ran unopposed in HD 38. There was no Democrat-vs-Republican race, so it is left out of the two-party figures.",false,,,,,,,,,,,,,,SD 19 was not on the ballot in 2024. Oregon senators serve four-year terms; this seat is next up in 2026.
Clackamas,156,38,,19,,3226,1026,148,4,17,26,4,47,50,75.87,Nguyen,,3010,,56,,,,,56,,,,,false,"Daniel Nguyen (Democrat) ran unopposed in HD 38. There was no Democrat-vs-Republican race, so it is left out of the two-party figures.",false,,,,,,,,,,,,,,SD 19 was not on the ballot in 2024. Oregon senators serve four-year terms; this seat is next up in 2026.
Clackamas,157,37,,19,,57,32,5,0,0,1,0,2,2,64.04,Walters,Edtl,53,34,0,,,,,0,,60.92,-3.12,2.2,true,,false,,,,,,,,,,,,,,SD 19 was not on the ballot in 2024. Oregon senators serve four-year terms; this seat is next up in 2026.
Clackamas,158,38,,19,,3017,923,127,1,13,23,5,43,42,76.57,Nguyen,,2786,,59,,,,,59,,,,,false,"Daniel Nguyen (Democrat) ran unopposed in HD 38. There was no Democrat-vs-Republican race, so it is left out of the two-party figures.",false,,,,,,,,,,,,,,SD 19 was not on the ballot in 2024. Oregon senators serve four-year terms; this seat is next up in 2026.
Clackamas,159,38,,19,,1861,667,114,2,13,17,3,43,36,73.62,Nguyen,,1746,,50,,,,,50,,,,,false,"Daniel Nguyen (Democrat) ran unopposed in HD 38. There was no Democrat-vs-Republican race, so it is left out of the two-party figures.",false,,,,,,,,,,,,,,SD 19 was not on the ballot in 2024. Oregon senators serve four-year terms; this seat is next up in 2026.
Clackamas,160,37,,19,,1201,419,51,1,4,11,1,21,13,74.14,Walters,Edtl,1047,466,1,,,,,1,,69.2,-4.94,6.6,true,,false,,,,,,,,,,,,,,SD 19 was not on the ballot in 2024. Oregon senators serve four-year terms; this seat is next up in 2026.
Clackamas,161,38,,19,,389,125,17,0,3,2,1,3,8,75.68,Nguyen,,357,,18,,,,,18,,,,,false,"Daniel Nguyen (Democrat) ran unopposed in HD 38. There was no Democrat-vs-Republican race, so it is left out of the two-party figures.",false,,,,,,,,,,,,,,SD 19 was not on the ballot in 2024. Oregon senators serve four-year terms; this seat is next up in 2026.
Clackamas,162,38,,19,,412,194,30,0,3,1,2,12,12,67.99,Nguyen,,390,,17,,,,,17,,,,,false,"Daniel Nguyen (Democrat) ran unopposed in HD 38. There was no Democrat-vs-Republican race, so it is left out of the two-party figures.",false,,,,,,,,,,,,,,SD 19 was not on the ballot in 2024. Oregon senators serve four-year terms; this seat is next up in 2026.
Clackamas,201,26,,13,,2491,1396,178,1,21,44,6,72,34,64.09,Neron,Fields,2262,1594,2,,,,,2,,58.66,-5.43,0.8,true,,false,,,,,,,,,,,,,,SD 13 was not on the ballot in 2024. Oregon senators serve four-year terms; this seat is next up in 2026.
Clackamas,202,26,,13,,2851,1672,179,4,28,35,6,74,32,63.03,Neron,Fields,2617,1784,4,,,,,4,,59.46,-3.57,2.7,true,,false,,,,,,,,,,,,,,SD 13 was not on the ballot in 2024. Oregon senators serve four-year terms; this seat is next up in 2026.
Clackamas,203,26,,13,,1233,883,57,0,2,10,2,23,20,58.27,Neron,Fields,1098,986,0,,,,,0,,52.69,-5.58,1.5,true,,false,,,,,,,,,,,,,,SD 13 was not on the ballot in 2024. Oregon senators serve four-year terms; this seat is next up in 2026.
Clackamas,204,26,,13,,1401,975,103,1,9,13,3,53,24,58.96,Neron,Fields,1266,1073,3,,,,,3,,54.13,-4.83,1.6,true,,false,,,,,,,,,,,,,,SD 13 was not on the ballot in 2024. Oregon senators serve four-year terms; this seat is next up in 2026.
Clackamas,251,37,,19,,1235,641,91,4,15,12,2,40,18,65.83,Walters,Edtl,1076,759,1,,,,,1,,58.64,-7.19,2.2,true,,false,,,,,,,,,,,,,,SD 19 was not on the ballot in 2024. Oregon senators serve four-year terms; this seat is next up in 2026.
Clackamas,279,37,,19,,69,32,2,0,0,0,0,1,1,68.32,Walters,Edtl,62,38,0,,,,,0,,62,-6.32,1,true,,false,,,,,,,,,,,,,,SD 19 was not on the ballot in 2024. Oregon senators serve four-year terms; this seat is next up in 2026.
Clackamas,280,38,,19,,289,91,13,0,0,4,3,5,1,76.05,Nguyen,,248,,10,,,,,10,,,,,false,"Daniel Nguyen (Democrat) ran unopposed in HD 38. There was no Democrat-vs-Republican race, so it is left out of the two-party figures.",false,,,,,,,,,,,,,,SD 19 was not on the ballot in 2024. Oregon senators serve four-year terms; this seat is next up in 2026.
Clackamas,281,37,,19,,790,290,43,0,4,6,2,18,13,73.15,Walters,Edtl,705,335,1,,,,,1,,67.79,-5.36,3.7,true,,false,,,,,,,,,,,,,,SD 19 was not on the ballot in 2024. Oregon senators serve four-year terms; this seat is next up in 2026.
Clackamas,282,38,,19,,278,104,19,0,2,5,2,8,2,72.77,Nguyen,,257,,10,,,,,10,,,,,false,"Daniel Nguyen (Democrat) ran unopposed in HD 38. There was no Democrat-vs-Republican race, so it is left out of the two-party figures.",false,,,,,,,,,,,,,,SD 19 was not on the ballot in 2024. Oregon senators serve four-year terms; this seat is next up in 2026.
Clackamas,283,38,,19,,270,123,18,0,3,4,0,9,2,68.7,Nguyen,,235,,10,,,,,10,,,,,false,"Daniel Nguyen (Democrat) ran unopposed in HD 38. There was no Democrat-vs-Republican race, so it is left out of the two-party figures.",false,,,,,,,,,,,,,,SD 19 was not on the ballot in 2024. Oregon senators serve four-year terms; this seat is next up in 2026.
Clackamas,284,37,,19,,212,63,10,0,2,0,0,2,6,77.09,Walters,Edtl,191,72,2,,,,,2,,72.62,-4.47,4.4,true,,false,,,,,,,,,,,,,,SD 19 was not on the ballot in 2024. Oregon senators serve four-year terms; this seat is next up in 2026.
Clackamas,285,37,,19,,8,7,1,0,1,0,0,0,0,53.33,Walters,Edtl,8,8,0,,,,,0,,50,,-6.7,false,"too few votes to compare (HD two-party n=16, President n=15; minimum 50)",false,,,,,,,,,,,,,,SD 19 was not on the ballot in 2024. Oregon senators serve four-year terms; this seat is next up in 2026.
Clackamas,286,38,,19,,120,45,7,0,0,1,0,5,1,72.73,Nguyen,,114,,6,,,,,6,,,,,false,"Daniel Nguyen (Democrat) ran unopposed in HD 38. There was no Democrat-vs-Republican race, so it is left out of the two-party figures.",false,,,,,,,,,,,,,,SD 19 was not on the ballot in 2024. Oregon senators serve four-year terms; this seat is next up in 2026.
Clackamas,320,38,,19,,65,24,6,0,0,0,0,4,2,73.03,Nguyen,,64,,2,,,,,2,,,,,false,"Daniel Nguyen (Democrat) ran unopposed in HD 38. There was no Democrat-vs-Republican race, so it is left out of the two-party figures.",false,,,,,,,,,,,,,,SD 19 was not on the ballot in 2024. Oregon senators serve four-year terms; this seat is next up in 2026.
Clackamas,321,37,,19,,1417,1198,112,2,23,8,0,48,31,54.19,Walters,Edtl,1205,1306,2,,,,,2,,47.99,-6.2,4,true,,false,,,,,,,,,,,,,,SD 19 was not on the ballot in 2024. Oregon senators serve four-year terms; this seat is next up in 2026.
Clackamas,322,37,,19,,510,611,40,0,8,7,0,15,10,45.5,Walters,Edtl,459,636,1,,,,,1,,41.92,-3.58,2.3,true,,false,,,,,,,,,,,,,,SD 19 was not on the ballot in 2024. Oregon senators serve four-year terms; this seat is next up in 2026.
Clackamas,323,26,,13,,732,711,53,3,9,8,0,22,11,50.73,Neron,Fields,629,806,1,,,,,1,,43.83,-6.9,0.6,true,,false,,,,,,,,,,,,,,SD 13 was not on the ballot in 2024. Oregon senators serve four-year terms; this seat is next up in 2026.
Clackamas,324,37,,19,,27,23,1,0,0,0,0,1,0,54,Walters,Edtl,24,25,0,,,,,0,,48.98,,2,false,"too few votes to compare (HD two-party n=49, President n=50; minimum 50)",false,,,,,,,,,,,,,,SD 19 was not on the ballot in 2024. Oregon senators serve four-year terms; this seat is next up in 2026.
Clackamas,330,18,,9,,1020,2702,123,6,11,14,2,67,23,27.4,Dow,Lewis,827,2737,7,,,,,7,,23.2,-4.2,4.2,true,,true,Ashland,Girod,858,2719,8,,,,8,,23.99,-3.41,3.9,
Clackamas,331,18,,9,,552,1167,64,2,12,6,1,28,15,32.11,Dow,Lewis,437,1216,5,,,,,5,,26.44,-5.67,3.8,true,,true,Ashland,Girod,438,1220,5,,,,5,,26.42,-5.69,3.5,
Clackamas,332,26,,13,,251,313,19,0,2,2,0,8,7,44.5,Neron,Fields,233,332,0,,,,,0,,41.24,-3.26,-0.2,true,,false,,,,,,,,,,,,,,SD 13 was not on the ballot in 2024. Oregon senators serve four-year terms; this seat is next up in 2026.
Clackamas,350,18,,9,,799,2266,105,7,15,12,1,57,13,26.07,Dow,Lewis,666,2246,6,,,,,6,,22.87,-3.2,5,true,,true,Ashland,Girod,701,2223,10,,,,10,,23.97,-2.1,4.6,
Clackamas,355,57,,29,,,,,,,,,,,,,Smith,,0,0,,,,,0,,,,,false,"Greg Smith (Republican, also the Democratic nominee) ran unopposed in HD 57. There was no Democrat-vs-Republican race, so it is left out of the two-party figures.",true,,Nash,,0,0,,,0,0,Wildbill (NAV),,,,"SD 29 had no Democratic candidate: Todd Nash (Republican, also the Democratic nominee) vs. Tania Wildbill (nonaffiliated). There was no Democrat-vs-Republican race, so it is left out of the two-party figures."
Clackamas,357,18,,9,,55,87,4,0,0,0,0,1,3,38.73,Dow,Lewis,39,101,0,,,,,0,,27.86,-10.87,1.4,true,,true,Ashland,Girod,43,97,0,,,,0,,30.71,-8.02,1.4,
Clackamas,358,18,,9,,119,257,9,0,2,0,0,3,4,31.65,Dow,Lewis,97,246,1,,,,,1,,28.28,-3.37,8.8,true,,true,Ashland,Girod,93,245,1,,,,1,,27.51,-4.14,10.1,
Clackamas,359,51,,26,,1030,1902,81,0,6,16,0,45,14,35.13,,Drazan,,1981,98,,,,,98,,,,,false,"Christine Drazan (Republican) ran unopposed in HD 51. There was no Democrat-vs-Republican race, so it is left out of the two-party figures.",false,,,,,,,,,,,,,,SD 26 was not on the ballot in 2024. Oregon senators serve four-year terms; this seat is next up in 2026.
Clackamas,360,51,,26,,406,741,30,0,5,0,0,20,5,35.4,,Drazan,,768,40,,,,,40,,,,,false,"Christine Drazan (Republican) ran unopposed in HD 51. There was no Democrat-vs-Republican race, so it is left out of the two-party figures.",false,,,,,,,,,,,,,,SD 26 was not on the ballot in 2024. Oregon senators serve four-year terms; this seat is next up in 2026.
Clackamas,361,18,,9,,2,9,1,0,0,0,0,1,0,18.18,Dow,Lewis,4,7,0,,,,,0,,36.36,,0,false,"too few votes to compare (HD two-party n=11, President n=11; minimum 50)",true,Ashland,Girod,4,7,0,,,,0,,36.36,,0,"too few votes to compare (SD two-party n=11, President n=11; minimum 50)"
Clackamas,362,18,,9,,226,540,26,1,1,0,2,19,3,29.5,Dow,Lewis,211,521,1,,,,,1,,28.83,-0.67,4.4,true,,true,Ashland,Girod,219,516,1,,,,1,,29.8,0.3,4,
Clackamas,363,51,,26,,732,1408,46,0,5,6,0,26,9,34.21,,Drazan,,1410,82,,,,,82,,,,,false,"Christine Drazan (Republican) ran unopposed in HD 51. There was no Democrat-vs-Republican race, so it is left out of the two-party figures.",false,,,,,,,,,,,,,,SD 26 was not on the ballot in 2024. Oregon senators serve four-year terms; this seat is next up in 2026.
Clackamas,364,52,,26,,92,171,13,0,3,4,2,1,3,34.98,Walden Poublon,Helfrich,80,174,3,,,,,3,,31.5,-3.48,3.4,true,,false,,,,,,,,,,,,,,SD 26 was not on the ballot in 2024. Oregon senators serve four-year terms; this seat is next up in 2026.
Clackamas,371,52,,26,,92,149,12,0,0,1,0,9,2,38.17,Walden Poublon,Helfrich,77,164,0,,,,,0,,31.95,-6.22,0,true,,false,,,,,,,,,,,,,,SD 26 was not on the ballot in 2024. Oregon senators serve four-year terms; this seat is next up in 2026.
Clackamas,372,51,,26,,12,32,2,0,0,0,0,1,1,27.27,,Drazan,,37,0,,,,,0,,,,,false,"Christine Drazan (Republican) ran unopposed in HD 51. There was no Democrat-vs-Republican race, so it is left out of the two-party figures.",false,,,,,,,,,,,,,,SD 26 was not on the ballot in 2024. Oregon senators serve four-year terms; this seat is next up in 2026.
Clackamas,373,52,,26,,1940,1785,146,0,19,34,7,58,28,52.08,Walden Poublon,Helfrich,1742,1872,2,,,,,2,,48.2,-3.88,3,true,,false,,,,,,,,,,,,,,SD 26 was not on the ballot in 2024. Oregon senators serve four-year terms; this seat is next up in 2026.
Clackamas,374,52,,26,,,,,,,,,,,,Walden Poublon,Helfrich,0,0,0,,,,,0,,,,,false,"too few votes to compare (HD two-party n=0, President n=0; minimum 50)",false,,,,,,,,,,,,,,SD 26 was not on the ballot in 2024. Oregon senators serve four-year terms; this seat is next up in 2026.
Clackamas,400,48,,24,,1628,2464,151,2,19,27,1,71,31,39.78,H. Nguyen,Masterman,1441,2566,3,,,,,3,,35.96,-3.82,2.1,true,,false,,,,,,,,,,,,,,SD 24 was not on the ballot in 2024. Oregon senators serve four-year terms; this seat is next up in 2026.
Clackamas,403,51,,26,,580,796,44,1,8,7,0,22,6,42.15,,Drazan,,873,69,,,,,69,,,,,false,"Christine Drazan (Republican) ran unopposed in HD 51. There was no Democrat-vs-Republican race, so it is left out of the two-party figures.",false,,,,,,,,,,,,,,SD 26 was not on the ballot in 2024. Oregon senators serve four-year terms; this seat is next up in 2026.
Clackamas,404,52,,26,,1250,2483,129,4,13,24,1,49,38,33.49,Walden Poublon,Helfrich,1046,2539,9,,,,,9,,29.18,-4.31,4,true,,false,,,,,,,,,,,,,,SD 26 was not on the ballot in 2024. Oregon senators serve four-year terms; this seat is next up in 2026.
Clackamas,405,48,,24,,833,1367,93,4,7,13,1,44,24,37.86,H. Nguyen,Masterman,733,1422,5,,,,,5,,34.01,-3.85,2,true,,false,,,,,,,,,,,,,,SD 24 was not on the ballot in 2024. Oregon senators serve four-year terms; this seat is next up in 2026.
Clackamas,406,52,,26,,264,674,32,0,4,3,0,18,7,28.14,Walden Poublon,Helfrich,214,688,0,,,,,0,,23.73,-4.41,3.8,true,,false,,,,,,,,,,,,,,SD 26 was not on the ballot in 2024. Oregon senators serve four-year terms; this seat is next up in 2026.
Clackamas,410,39,,20,,1930,1385,140,4,16,20,4,64,32,58.22,Dobson,Reiner,1753,1404,8,,,,,8,,55.53,-2.69,4.8,true,,false,,,,,,,,,,,,,,SD 20 was not on the ballot in 2024. Oregon senators serve four-year terms; this seat is next up in 2026.
Clackamas,411,39,,20,,2294,1800,143,3,11,28,7,75,19,56.03,Dobson,Reiner,2024,1866,6,,,,,6,,52.03,-4,5,true,,false,,,,,,,,,,,,,,SD 20 was not on the ballot in 2024. Oregon senators serve four-year terms; this seat is next up in 2026.
Clackamas,412,48,,24,,912,1109,65,1,6,7,2,30,19,45.13,H. Nguyen,Masterman,832,1137,3,,,,,3,,42.25,-2.88,2.6,true,,false,,,,,,,,,,,,,,SD 24 was not on the ballot in 2024. Oregon senators serve four-year terms; this seat is next up in 2026.
Clackamas,413,39,,20,,115,91,6,0,1,1,0,3,1,55.83,Dobson,Reiner,106,89,0,,,,,0,,54.36,-1.47,5.3,true,,false,,,,,,,,,,,,,,SD 20 was not on the ballot in 2024. Oregon senators serve four-year terms; this seat is next up in 2026.
Clackamas,414,39,,20,,369,353,29,1,3,3,1,14,7,51.11,Dobson,Reiner,344,347,3,,,,,3,,49.78,-1.33,4.3,true,,false,,,,,,,,,,,,,,SD 20 was not on the ballot in 2024. Oregon senators serve four-year terms; this seat is next up in 2026.
Clackamas,415,51,,26,,219,212,22,0,4,2,2,10,4,50.81,,Drazan,,260,17,,,,,17,,,,,false,"Christine Drazan (Republican) ran unopposed in HD 51. There was no Democrat-vs-Republican race, so it is left out of the two-party figures.",false,,,,,,,,,,,,,,SD 26 was not on the ballot in 2024. Oregon senators serve four-year terms; this seat is next up in 2026.
Clackamas,416,39,,20,,1439,1056,74,4,9,9,3,35,14,57.68,Dobson,Reiner,1265,1080,6,,,,,6,,53.94,-3.74,6,true,,false,,,,,,,,,,,,,,SD 20 was not on the ballot in 2024. Oregon senators serve four-year terms; this seat is next up in 2026.
Clackamas,417,39,,20,,560,625,54,1,4,9,0,28,12,47.26,Dobson,Reiner,513,630,2,,,,,2,,44.88,-2.38,3.5,true,,false,,,,,,,,,,,,,,SD 20 was not on the ballot in 2024. Oregon senators serve four-year terms; this seat is next up in 2026.
Clackamas,418,51,,26,,449,623,44,0,6,11,1,15,11,41.88,,Drazan,,691,33,,,,,33,,,,,false,"Christine Drazan (Republican) ran unopposed in HD 51. There was no Democrat-vs-Republican race, so it is left out of the two-party figures.",false,,,,,,,,,,,,,,SD 26 was not on the ballot in 2024. Oregon senators serve four-year terms; this seat is next up in 2026.
Clackamas,419,39,,20,,1189,827,67,1,9,7,2,39,9,58.98,Dobson,Reiner,1068,878,2,,,,,2,,54.88,-4.1,3.5,true,,false,,,,,,,,,,,,,,SD 20 was not on the ballot in 2024. Oregon senators serve four-year terms; this seat is next up in 2026.
Clackamas,420,41,,21,,1088,528,73,0,15,19,3,26,10,67.33,Gamba,Clark,1019,499,10,,,,,10,,67.13,-0.2,6.1,true,,true,Taylor,,928,,41,,,,41,,,,,"Kathleen Taylor (Democrat) ran unopposed in SD 21. There was no Democrat-vs-Republican race, so it is left out of the two-party figures."
Clackamas,421,39,,20,,1467,860,96,2,8,15,7,44,20,63.04,Dobson,Reiner,1367,823,5,,,,,5,,62.42,-0.62,5.9,true,,false,,,,,,,,,,,,,,SD 20 was not on the ballot in 2024. Oregon senators serve four-year terms; this seat is next up in 2026.
Clackamas,422,39,,20,,2602,1453,228,6,15,48,23,99,37,64.17,Dobson,Reiner,2500,1426,20,,,,,20,,63.68,-0.49,3.2,true,,false,,,,,,,,,,,,,,SD 20 was not on the ballot in 2024. Oregon senators serve four-year terms; this seat is next up in 2026.
Clackamas,500,41,,21,,815,381,62,0,5,10,7,31,9,68.14,Gamba,Clark,774,351,2,,,,,2,,68.8,0.66,5.9,true,,true,Taylor,,756,,30,,,,30,,,,,"Kathleen Taylor (Democrat) ran unopposed in SD 21. There was no Democrat-vs-Republican race, so it is left out of the two-party figures."
Clackamas,501,41,,21,,2847,921,152,3,13,37,12,63,24,75.56,Gamba,Clark,2708,879,5,,,,,5,,75.49,-0.07,4.8,true,,true,Taylor,,2600,,69,,,,69,,,,,"Kathleen Taylor (Democrat) ran unopposed in SD 21. There was no Democrat-vs-Republican race, so it is left out of the two-party figures."
Clackamas,502,41,,21,,2862,1275,169,2,12,36,11,75,33,69.18,Gamba,Clark,2639,1237,6,,,,,6,,68.09,-1.09,6.3,true,,true,Taylor,,2614,,93,,,,93,,,,,"Kathleen Taylor (Democrat) ran unopposed in SD 21. There was no Democrat-vs-Republican race, so it is left out of the two-party figures."
Clackamas,503,40,,20,,2248,1246,148,1,14,42,8,62,21,64.34,Hartman,Newgard,2156,1309,5,,,,,5,,62.22,-2.12,0.8,true,,false,,,,,,,,,,,,,,SD 20 was not on the ballot in 2024. Oregon senators serve four-year terms; this seat is next up in 2026.
Clackamas,504,40,,20,,2814,1742,198,3,23,43,14,91,24,61.76,Hartman,Newgard,2696,1710,7,,,,,7,,61.19,-0.57,3.3,true,,false,,,,,,,,,,,,,,SD 20 was not on the ballot in 2024. Oregon senators serve four-year terms; this seat is next up in 2026.
Clackamas,506,40,,20,,1513,1268,117,4,23,26,4,43,17,54.4,Hartman,Newgard,1452,1230,2,,,,,2,,54.14,-0.26,3.6,true,,false,,,,,,,,,,,,,,SD 20 was not on the ballot in 2024. Oregon senators serve four-year terms; this seat is next up in 2026.
Clackamas,510,40,,20,,430,487,36,0,2,5,1,12,16,46.89,Hartman,Newgard,402,488,1,,,,,1,,45.17,-1.72,2.9,true,,false,,,,,,,,,,,,,,SD 20 was not on the ballot in 2024. Oregon senators serve four-year terms; this seat is next up in 2026.
Clackamas,511,51,,26,,830,1344,70,3,11,6,1,35,14,38.18,,Drazan,,1466,85,,,,,85,,,,,false,"Christine Drazan (Republican) ran unopposed in HD 51. There was no Democrat-vs-Republican race, so it is left out of the two-party figures.",false,,,,,,,,,,,,,,SD 26 was not on the ballot in 2024. Oregon senators serve four-year terms; this seat is next up in 2026.
Clackamas,512,51,,26,,903,1091,76,5,11,16,3,32,9,45.29,,Drazan,,1239,69,,,,,69,,,,,false,"Christine Drazan (Republican) ran unopposed in HD 51. There was no Democrat-vs-Republican race, so it is left out of the two-party figures.",false,,,,,,,,,,,,,,SD 26 was not on the ballot in 2024. Oregon senators serve four-year terms; this seat is next up in 2026.
Clackamas,513,40,,20,,75,71,8,0,1,1,0,2,4,51.37,Hartman,Newgard,69,77,0,,,,,0,,47.26,-4.11,0,true,,false,,,,,,,,,,,,,,SD 20 was not on the ballot in 2024. Oregon senators serve four-year terms; this seat is next up in 2026.
Clackamas,514,51,,26,,2152,3185,198,5,16,19,5,101,52,40.32,,Drazan,,3518,220,,,,,220,,,,,false,"Christine Drazan (Republican) ran unopposed in HD 51. There was no Democrat-vs-Republican race, so it is left out of the two-party figures.",false,,,,,,,,,,,,,,SD 26 was not on the ballot in 2024. Oregon senators serve four-year terms; this seat is next up in 2026.
Clackamas,515,18,,9,,481,945,47,3,5,1,1,30,7,33.73,Dow,Lewis,363,994,3,,,,,3,,26.75,-6.98,4.8,true,,true,Ashland,Girod,389,975,3,,,,3,,28.52,-5.21,4.3,
Clackamas,516,51,,26,,848,1188,86,3,13,6,3,40,21,41.65,,Drazan,,1396,97,,,,,97,,,,,false,"Christine Drazan (Republican) ran unopposed in HD 51. There was no Democrat-vs-Republican race, so it is left out of the two-party figures.",false,,,,,,,,,,,,,,SD 26 was not on the ballot in 2024. Oregon senators serve four-year terms; this seat is next up in 2026.
Clackamas,517,18,,9,,572,1453,53,2,10,8,1,27,5,28.25,Dow,Lewis,480,1436,1,,,,,1,,25.05,-3.2,5.4,true,,true,Ashland,Girod,499,1428,1,,,,1,,25.9,-2.35,4.8,
Clackamas,518,51,,26,,719,1483,78,1,8,16,1,42,10,32.65,,Drazan,,1500,92,,,,,92,,,,,false,"Christine Drazan (Republican) ran unopposed in HD 51. There was no Democrat-vs-Republican race, so it is left out of the two-party figures.",false,,,,,,,,,,,,,,SD 26 was not on the ballot in 2024. Oregon senators serve four-year terms; this seat is next up in 2026.
Clackamas,600,40,,20,,2758,1958,211,6,16,47,11,94,37,58.48,Hartman,Newgard,2673,1880,6,,,,,6,,58.71,0.23,3.5,true,,false,,,,,,,,,,,,,,SD 20 was not on the ballot in 2024. Oregon senators serve four-year terms; this seat is next up in 2026.
Clackamas,602,40,,20,,1972,1740,176,2,29,26,11,82,26,53.13,Hartman,Newgard,1909,1683,4,,,,,4,,53.15,0.02,3.2,true,,false,,,,,,,,,,,,,,SD 20 was not on the ballot in 2024. Oregon senators serve four-year terms; this seat is next up in 2026.
Clackamas,604,40,,20,,3242,3099,218,5,37,25,8,110,33,51.13,Hartman,Newgard,3038,3069,9,,,,,9,,49.75,-1.38,3.7,true,,false,,,,,,,,,,,,,,SD 20 was not on the ballot in 2024. Oregon senators serve four-year terms; this seat is next up in 2026.
Clackamas,606,40,,20,,1168,1004,115,1,14,16,3,62,19,53.78,Hartman,Newgard,1167,954,7,,,,,7,,55.02,1.24,2.3,true,,false,,,,,,,,,,,,,,SD 20 was not on the ballot in 2024. Oregon senators serve four-year terms; this seat is next up in 2026.
Clackamas,608,40,,20,,1437,1319,85,4,12,11,3,37,18,52.14,Hartman,Newgard,1337,1277,6,,,,,6,,51.15,-0.99,5.2,true,,false,,,,,,,,,,,,,,SD 20 was not on the ballot in 2024. Oregon senators serve four-year terms; this seat is next up in 2026.
Clackamas,614,40,,20,,1274,945,95,2,14,12,9,44,14,57.41,Hartman,Newgard,1247,893,6,,,,,6,,58.27,0.86,3.6,true,,false,,,,,,,,,,,,,,SD 20 was not on the ballot in 2024. Oregon senators serve four-year terms; this seat is next up in 2026.
Clackamas,616,40,,20,,2092,1470,154,6,17,32,7,62,30,58.73,Hartman,Newgard,2049,1383,7,,,,,7,,59.7,0.97,3.6,true,,false,,,,,,,,,,,,,,SD 20 was not on the ballot in 2024. Oregon senators serve four-year terms; this seat is next up in 2026.
Clackamas,618,40,,20,,347,196,29,0,7,3,2,13,4,63.9,Hartman,Newgard,326,207,0,,,,,0,,61.16,-2.74,1.8,true,,false,,,,,,,,,,,,,,SD 20 was not on the ballot in 2024. Oregon senators serve four-year terms; this seat is next up in 2026.
Clackamas,620,40,,20,,150,106,8,0,1,1,0,5,1,58.59,Hartman,Newgard,137,111,0,,,,,0,,55.24,-3.35,3.1,true,,false,,,,,,,,,,,,,,SD 20 was not on the ballot in 2024. Oregon senators serve four-year terms; this seat is next up in 2026.
Clackamas,622,41,,21,,1632,634,107,1,10,24,4,46,22,72.02,Gamba,Clark,1541,620,4,,,,,4,,71.31,-0.71,4.6,true,,true,Taylor,,1461,,44,,,,44,,,,,"Kathleen Taylor (Democrat) ran unopposed in SD 21. There was no Democrat-vs-Republican race, so it is left out of the two-party figures."
Clackamas,626,41,,21,,3062,935,183,1,14,55,16,55,42,76.61,Gamba,Clark,2937,914,6,,,,,6,,76.27,-0.34,3.7,true,,true,Taylor,,2679,,73,,,,73,,,,,"Kathleen Taylor (Democrat) ran unopposed in SD 21. There was no Democrat-vs-Republican race, so it is left out of the two-party figures."
Clackamas,628,39,,20,,546,325,43,0,5,8,4,19,7,62.69,Dobson,Reiner,525,330,1,,,,,1,,61.4,-1.29,1.8,true,,false,,,,,,,,,,,,,,SD 20 was not on the ballot in 2024. Oregon senators serve four-year terms; this seat is next up in 2026.
Clackamas,630,41,,21,,3690,1439,211,5,21,54,15,79,37,71.94,Gamba,Clark,3481,1423,10,,,,,10,,70.98,-0.96,4.4,true,,true,Taylor,,3222,,136,,,,136,,,,,"Kathleen Taylor (Democrat) ran unopposed in SD 21. There was no Democrat-vs-Republican race, so it is left out of the two-party figures."
Marion,310,21,,11,,2217,1051,153,4,18,33,19,62,17,67.84,Stapleton,Mannix,2112,1135,5,,,,,5,,65.04,-2.8,0.6,true,,false,,,,,,,,,,,,,,SD 11 was not on the ballot in 2024. Oregon senators serve four-year terms; this seat is next up in 2026.
Marion,311,19,,10,,201,49,11,2,0,1,2,4,2,80.4,Andersen,Brown,187,63,0,,,,,0,,74.8,-5.6,0,true,,false,,,,,,,,,,,,,,SD 10 was not on the ballot in 2024. Oregon senators serve four-year terms; this seat is next up in 2026.
Marion,312,22,,11,,218,115,15,0,1,5,0,5,4,65.47,Munoz,Cramer,211,124,0,,,,,0,,62.99,-2.48,-0.6,true,,false,,,,,,,,,,,,,,SD 11 was not on the ballot in 2024. Oregon senators serve four-year terms; this seat is next up in 2026.
Marion,313,20,,10,,,,,,,,,,,,Evans,Chambers,0,0,0,,,,,0,,,,,false,"too few votes to compare (HD two-party n=0, President n=0; minimum 50)",false,,,,,,,,,,,,,,SD 10 was not on the ballot in 2024. Oregon senators serve four-year terms; this seat is next up in 2026.
Marion,314,21,,11,,1900,840,122,1,14,32,12,45,18,69.34,Stapleton,Mannix,1769,943,8,,,,,8,,65.23,-4.11,1,true,,false,,,,,,,,,,,,,,SD 11 was not on the ballot in 2024. Oregon senators serve four-year terms; this seat is next up in 2026.
Marion,320,21,,11,,232,186,30,1,3,5,1,19,1,55.5,Stapleton,Mannix,218,192,2,,,,,2,,53.17,-2.33,1.9,true,,false,,,,,,,,,,,,,,SD 11 was not on the ballot in 2024. Oregon senators serve four-year terms; this seat is next up in 2026.
Marion,321,19,,10,,907,445,71,2,4,19,7,29,10,67.09,Andersen,Brown,889,446,5,,,,,5,,66.59,-0.5,1.3,true,,false,,,,,,,,,,,,,,SD 10 was not on the ballot in 2024. Oregon senators serve four-year terms; this seat is next up in 2026.
Marion,322,19,,10,,1104,860,68,3,10,13,6,34,2,56.21,Andersen,Brown,1025,862,6,,,,,6,,54.32,-1.89,3.9,true,,false,,,,,,,,,,,,,,SD 10 was not on the ballot in 2024. Oregon senators serve four-year terms; this seat is next up in 2026.
Marion,323,19,,10,,2214,836,120,4,12,20,9,49,26,72.59,Andersen,Brown,2095,911,9,,,,,9,,69.69,-2.9,1.4,true,,false,,,,,,,,,,,,,,SD 10 was not on the ballot in 2024. Oregon senators serve four-year terms; this seat is next up in 2026.
Marion,324,17,,9,,55,28,1,0,0,1,0,0,0,66.27,Beem,Diehl,46,25,0,,,,,0,,64.79,-1.48,14.5,true,,true,Ashland,Girod,48,25,0,,,,0,,65.75,-0.52,12,
Marion,325,17,,9,,,,,,,,,,,,Beem,Diehl,0,0,0,,,,,0,,,,,false,"too few votes to compare (HD two-party n=0, President n=0; minimum 50)",true,Ashland,Girod,0,0,0,,,,0,,,,,"too few votes to compare (SD two-party n=0, President n=0; minimum 50)"
Marion,326,20,,10,,246,97,13,0,0,5,0,6,2,71.72,Evans,Chambers,236,95,1,,,,,1,,71.3,-0.42,3.5,true,,false,,,,,,,,,,,,,,SD 10 was not on the ballot in 2024. Oregon senators serve four-year terms; this seat is next up in 2026.
Marion,330,20,,10,,640,426,41,2,6,8,2,16,7,60.04,Evans,Chambers,643,387,0,,,,,0,,62.43,2.39,3.4,true,,false,,,,,,,,,,,,,,SD 10 was not on the ballot in 2024. Oregon senators serve four-year terms; this seat is next up in 2026.
Marion,331,19,,10,,1593,1235,106,7,5,23,10,51,10,56.33,Andersen,Brown,1452,1320,4,,,,,4,,52.38,-3.95,2,true,,false,,,,,,,,,,,,,,SD 10 was not on the ballot in 2024. Oregon senators serve four-year terms; this seat is next up in 2026.
Marion,332,19,,10,,3113,1991,187,5,20,28,11,93,30,60.99,Andersen,Brown,2866,2168,2,,,,,2,,56.93,-4.06,1.4,true,,false,,,,,,,,,,,,,,SD 10 was not on the ballot in 2024. Oregon senators serve four-year terms; this seat is next up in 2026.
Marion,333,17,,9,,497,585,32,1,1,5,1,16,8,45.93,Beem,Diehl,442,589,3,,,,,3,,42.87,-3.06,4.7,true,,true,Ashland,Girod,448,581,0,,,,0,,43.54,-2.39,4.9,
Marion,340,19,,10,,2139,1834,134,2,9,17,6,70,30,53.84,Andersen,Brown,1895,1998,2,,,,,2,,48.68,-5.16,2,true,,false,,,,,,,,,,,,,,SD 10 was not on the ballot in 2024. Oregon senators serve four-year terms; this seat is next up in 2026.
Marion,341,19,,10,,754,547,44,0,4,3,2,31,4,57.96,Andersen,Brown,666,605,1,,,,,1,,52.4,-5.56,2.3,true,,false,,,,,,,,,,,,,,SD 10 was not on the ballot in 2024. Oregon senators serve four-year terms; this seat is next up in 2026.
Marion,342,19,,10,,3064,2542,213,3,25,28,10,96,51,54.66,Andersen,Brown,2761,2795,7,,,,,7,,49.69,-4.97,0.9,true,,false,,,,,,,,,,,,,,SD 10 was not on the ballot in 2024. Oregon senators serve four-year terms; this seat is next up in 2026.
Marion,343,17,,9,,488,379,39,1,6,3,0,16,13,56.29,Beem,Diehl,387,445,4,,,,,4,,46.51,-9.78,4,true,,true,Ashland,Girod,403,445,0,,,,0,,47.52,-8.77,2.2,
Marion,350,22,,11,,1478,1297,112,2,7,29,4,53,17,53.26,Munoz,Cramer,1474,1263,6,,,,,6,,53.85,0.59,1.4,true,,false,,,,,,,,,,,,,,SD 11 was not on the ballot in 2024. Oregon senators serve four-year terms; this seat is next up in 2026.
Marion,351,17,,9,,500,432,13,0,1,3,0,8,1,53.65,Beem,Diehl,390,486,2,,,,,2,,44.52,-9.13,6,true,,true,Ashland,Girod,415,463,0,,,,0,,47.27,-6.38,5.8,
Marion,352,22,,11,,1033,990,72,4,7,11,2,37,11,51.06,Munoz,Cramer,969,959,2,,,,,2,,50.26,-0.8,4.7,true,,false,,,,,,,,,,,,,,SD 11 was not on the ballot in 2024. Oregon senators serve four-year terms; this seat is next up in 2026.
Marion,353,17,,9,,58,62,8,0,0,3,0,5,0,48.33,Beem,Diehl,50,64,0,,,,,0,,43.86,-4.47,5,true,,true,Ashland,Girod,56,60,0,,,,0,,48.28,-0.05,3.3,
Marion,354,21,,11,,383,279,28,0,3,7,2,12,4,57.85,Stapleton,Mannix,355,306,0,,,,,0,,53.71,-4.14,0.2,true,,false,,,,,,,,,,,,,,SD 11 was not on the ballot in 2024. Oregon senators serve four-year terms; this seat is next up in 2026.
Marion,355,21,,11,,15,32,4,0,0,2,0,2,0,31.91,Stapleton,Mannix,22,28,0,,,,,0,,44,,-6.4,false,"too few votes to compare (HD two-party n=50, President n=47; minimum 50)",false,,,,,,,,,,,,,,SD 11 was not on the ballot in 2024. Oregon senators serve four-year terms; this seat is next up in 2026.
Marion,361,22,,11,,1032,771,65,1,12,11,7,31,3,57.24,Munoz,Cramer,973,786,2,,,,,2,,55.32,-1.92,2.4,true,,false,,,,,,,,,,,,,,SD 11 was not on the ballot in 2024. Oregon senators serve four-year terms; this seat is next up in 2026.
Marion,362,21,,11,,1086,721,69,3,5,7,7,40,7,60.1,Stapleton,Mannix,999,769,2,,,,,2,,56.5,-3.6,2.2,true,,false,,,,,,,,,,,,,,SD 11 was not on the ballot in 2024. Oregon senators serve four-year terms; this seat is next up in 2026.
Marion,363,17,,9,,1551,1359,91,6,16,9,4,42,14,53.3,Beem,Diehl,1314,1450,0,,,,,0,,47.54,-5.76,5,true,,true,Ashland,Girod,1354,1396,5,,,,5,,49.24,-4.06,5.5,
Marion,370,20,,10,,2799,1396,144,2,22,24,5,47,44,66.72,Evans,Chambers,2627,1489,5,,,,,5,,63.82,-2.9,1.9,true,,false,,,,,,,,,,,,,,SD 10 was not on the ballot in 2024. Oregon senators serve four-year terms; this seat is next up in 2026.
Marion,371,20,,10,,2424,1630,204,8,26,38,11,92,29,59.79,Evans,Chambers,2411,1618,4,,,,,4,,59.84,0.05,0.6,true,,false,,,,,,,,,,,,,,SD 10 was not on the ballot in 2024. Oregon senators serve four-year terms; this seat is next up in 2026.
Marion,372,19,,10,,2052,1569,150,1,27,26,10,59,27,56.67,Andersen,Brown,1900,1668,5,,,,,5,,53.25,-3.42,1.5,true,,false,,,,,,,,,,,,,,SD 10 was not on the ballot in 2024. Oregon senators serve four-year terms; this seat is next up in 2026.
Marion,401,21,,11,,1047,1214,74,2,11,7,6,36,12,46.31,Stapleton,Mannix,866,1366,1,,,,,1,,38.8,-7.51,1.3,true,,false,,,,,,,,,,,,,,SD 11 was not on the ballot in 2024. Oregon senators serve four-year terms; this seat is next up in 2026.
Marion,402,21,,11,,1870,2070,124,6,15,18,5,53,27,47.46,Stapleton,Mannix,1588,2315,8,,,,,8,,40.69,-6.77,0.9,true,,false,,,,,,,,,,,,,,SD 11 was not on the ballot in 2024. Oregon senators serve four-year terms; this seat is next up in 2026.
Marion,403,21,,11,,1614,1921,130,6,16,13,8,64,23,45.66,Stapleton,Mannix,1366,2136,5,,,,,5,,39.01,-6.65,0.9,true,,false,,,,,,,,,,,,,,SD 11 was not on the ballot in 2024. Oregon senators serve four-year terms; this seat is next up in 2026.
Marion,404,21,,11,,1407,1615,116,1,13,13,9,62,18,46.56,Stapleton,Mannix,1265,1747,5,,,,,5,,42,-4.56,0.3,true,,false,,,,,,,,,,,,,,SD 11 was not on the ballot in 2024. Oregon senators serve four-year terms; this seat is next up in 2026.
Marion,405,21,,11,,2206,2308,190,9,19,35,7,93,27,48.87,Stapleton,Mannix,2007,2409,7,,,,,7,,45.45,-3.42,2.2,true,,false,,,,,,,,,,,,,,SD 11 was not on the ballot in 2024. Oregon senators serve four-year terms; this seat is next up in 2026.
Marion,406,21,,11,,378,465,32,1,2,7,2,15,5,44.84,Stapleton,Mannix,350,481,4,,,,,4,,42.12,-2.72,1.4,true,,false,,,,,,,,,,,,,,SD 11 was not on the ballot in 2024. Oregon senators serve four-year terms; this seat is next up in 2026.
Marion,505,18,,9,,90,180,10,0,1,0,1,6,2,33.33,Dow,Lewis,67,192,1,,,,,1,,25.87,-7.46,4.1,true,,true,Ashland,Girod,74,189,0,,,,0,,28.14,-5.19,2.6,
Marion,515,18,,9,,220,346,15,1,2,2,3,5,2,38.87,Dow,Lewis,194,353,0,,,,,0,,35.47,-3.4,3.4,true,,true,Ashland,Girod,197,349,0,,,,0,,36.08,-2.79,3.5,
Marion,525,18,,9,,334,372,14,2,0,1,0,9,2,47.31,Dow,Lewis,282,415,1,,,,,1,,40.46,-6.85,1.3,true,,true,Ashland,Girod,272,422,0,,,,0,,39.19,-8.12,1.7,
Marion,535,18,,9,,542,787,50,1,7,5,0,28,9,40.78,Dow,Lewis,486,814,2,,,,,2,,37.38,-3.4,2.2,true,,true,Ashland,Girod,483,816,0,,,,0,,37.18,-3.6,2.3,
Marion,545,22,,11,,444,412,39,3,7,5,1,21,2,51.87,Munoz,Cramer,424,435,0,,,,,0,,49.36,-2.51,-0.4,true,,false,,,,,,,,,,,,,,SD 11 was not on the ballot in 2024. Oregon senators serve four-year terms; this seat is next up in 2026.
Marion,555,18,,9,,637,1004,67,6,8,7,2,32,12,38.82,Dow,Lewis,553,1118,3,,,,,3,,33.09,-5.73,-1.8,true,,true,Ashland,Girod,568,1100,0,,,,0,,34.05,-4.77,-1.6,
Marion,577,22,,11,,150,305,15,0,0,2,0,10,3,32.97,Munoz,Cramer,127,324,0,,,,,0,,28.16,-4.81,0.9,true,,false,,,,,,,,,,,,,,SD 11 was not on the ballot in 2024. Oregon senators serve four-year terms; this seat is next up in 2026.
Marion,579,18,,9,,51,98,7,2,0,3,0,2,0,34.23,Dow,Lewis,40,108,0,,,,,0,,27.03,-7.2,0.7,true,,true,Ashland,Girod,40,108,0,,,,0,,27.03,-7.2,0.7,
Marion,580,18,,9,,228,549,43,1,6,2,1,19,14,29.34,Dow,Lewis,169,607,1,,,,,1,,21.78,-7.56,0.1,true,,true,Ashland,Girod,171,607,0,,,,0,,21.98,-7.36,-0.1,
Marion,581,18,,9,,724,1382,74,4,4,17,3,28,18,34.38,Dow,Lewis,627,1422,3,,,,,3,,30.6,-3.78,2.7,true,,true,Ashland,Girod,617,1405,5,,,,5,,30.51,-3.87,4,
Marion,582,22,,11,,304,666,25,0,4,5,2,11,3,31.34,Munoz,Cramer,250,722,4,,,,,4,,25.72,-5.62,-0.2,true,,false,,,,,,,,,,,,,,SD 11 was not on the ballot in 2024. Oregon senators serve four-year terms; this seat is next up in 2026.
Marion,583,18,,9,,265,757,31,0,3,3,5,20,0,25.93,Dow,Lewis,198,810,3,,,,,3,,19.64,-6.29,1.4,true,,true,Ashland,Girod,213,807,1,,,,1,,20.88,-5.05,0.2,
Marion,584,22,,11,,6,10,1,0,0,1,0,0,0,37.5,Munoz,Cramer,5,12,0,,,,,0,,29.41,,-6.2,false,"too few votes to compare (HD two-party n=17, President n=16; minimum 50)",false,,,,,,,,,,,,,,SD 11 was not on the ballot in 2024. Oregon senators serve four-year terms; this seat is next up in 2026.
Marion,586,18,,9,,86,230,5,0,0,0,0,3,2,27.22,Dow,Lewis,73,235,0,,,,,0,,23.7,-3.52,2.5,true,,true,Ashland,Girod,69,238,0,,,,0,,22.48,-4.74,2.8,
Marion,587,18,,9,,12,59,1,0,0,0,0,0,1,16.9,Dow,Lewis,6,71,0,,,,,0,,7.79,-9.11,-8.5,true,,true,Ashland,Girod,7,70,0,,,,0,,9.09,-7.81,-8.5,
Marion,588,22,,11,,3,10,1,0,0,0,0,0,1,23.08,Munoz,Cramer,4,12,0,,,,,0,,25,,-23.1,false,"too few votes to compare (HD two-party n=16, President n=13; minimum 50)",false,,,,,,,,,,,,,,SD 11 was not on the ballot in 2024. Oregon senators serve four-year terms; this seat is next up in 2026.
Marion,589,21,,11,,14,18,0,0,0,0,0,0,0,43.75,Stapleton,Mannix,15,16,0,,,,,0,,48.39,,3.1,false,"too few votes to compare (HD two-party n=31, President n=32; minimum 50)",false,,,,,,,,,,,,,,SD 11 was not on the ballot in 2024. Oregon senators serve four-year terms; this seat is next up in 2026.
Marion,590,18,,9,,171,573,25,1,2,1,2,11,8,22.98,Dow,Lewis,134,606,1,,,,,1,,18.11,-4.87,0.5,true,,true,Ashland,Girod,139,596,1,,,,1,,18.91,-4.07,1.2,
Marion,591,18,,9,,162,333,18,0,1,1,1,14,1,32.73,Dow,Lewis,152,349,1,,,,,1,,30.34,-2.39,-1.2,true,,true,Ashland,Girod,151,350,1,,,,1,,30.14,-2.59,-1.2,
Marion,592,21,,11,,34,88,1,0,0,0,0,1,0,27.87,Stapleton,Mannix,30,85,0,,,,,0,,26.09,-1.78,5.7,true,,false,,,,,,,,,,,,,,SD 11 was not on the ballot in 2024. Oregon senators serve four-year terms; this seat is next up in 2026.
Marion,593,22,,11,,15,27,0,0,0,0,0,0,0,35.71,Munoz,Cramer,12,28,0,,,,,0,,30,,4.8,false,"too few votes to compare (HD two-party n=40, President n=42; minimum 50)",false,,,,,,,,,,,,,,SD 11 was not on the ballot in 2024. Oregon senators serve four-year terms; this seat is next up in 2026.
Marion,594,22,,11,,86,126,4,0,0,0,0,4,0,40.57,Munoz,Cramer,75,125,0,,,,,0,,37.5,-3.07,5.7,true,,false,,,,,,,,,,,,,,SD 11 was not on the ballot in 2024. Oregon senators serve four-year terms; this seat is next up in 2026.
Marion,615,18,,9,,57,163,8,0,1,3,0,3,1,25.91,Dow,Lewis,45,172,1,,,,,1,,20.74,-5.17,1.4,true,,true,Ashland,Girod,47,166,0,,,,0,,22.07,-3.84,3.2,
Marion,625,18,,9,,1107,1150,104,2,15,10,5,52,20,49.05,Dow,Lewis,941,1333,2,,,,,2,,41.38,-7.67,-0.8,true,,true,Ashland,Girod,992,1259,4,,,,4,,44.07,-4.98,0.3,
Marion,635,18,,9,,1812,1539,139,2,11,18,7,70,31,54.07,Dow,Lewis,1479,1885,7,,,,,7,,43.97,-10.1,-0.4,true,,true,Ashland,Girod,1556,1750,5,,,,5,,47.07,-7,1.3,
Marion,645,17,,9,,645,1322,49,2,4,3,2,26,12,32.79,Beem,Diehl,479,1456,1,,,,,1,,24.75,-8.04,1.6,true,,true,Ashland,Girod,498,1434,0,,,,0,,25.78,-7.01,1.8,
Marion,655,17,,9,,1316,2609,155,5,14,25,6,84,21,33.53,Beem,Diehl,1037,2808,4,,,,,4,,26.97,-6.56,2,true,,true,Ashland,Girod,1114,2759,8,,,,8,,28.76,-4.77,1.3,
Marion,673,21,,11,,943,974,62,5,4,17,5,29,2,49.19,Stapleton,Mannix,860,996,2,,,,,2,,46.34,-2.85,3.2,true,,false,,,,,,,,,,,,,,SD 11 was not on the ballot in 2024. Oregon senators serve four-year terms; this seat is next up in 2026.
Marion,674,17,,9,,253,786,31,1,4,8,0,12,6,24.35,Beem,Diehl,219,822,1,,,,,1,,21.04,-3.31,-0.2,true,,true,Ashland,Girod,218,822,1,,,,1,,20.96,-3.39,-0.1,
Marion,676,18,,9,,171,219,18,0,1,1,1,11,4,43.85,Dow,Lewis,123,267,0,,,,,0,,31.54,-12.31,0,true,,true,Ashland,Girod,137,246,1,,,,1,,35.77,-8.08,1.8,
Marion,677,17,,9,,107,163,16,0,2,3,0,5,6,39.63,Beem,Diehl,79,186,1,,,,,1,,29.81,-9.82,1.9,true,,true,Ashland,Girod,88,180,1,,,,1,,32.84,-6.79,0.7,
Marion,678,17,,9,,93,151,11,1,2,3,0,4,1,38.11,Beem,Diehl,86,150,0,,,,,0,,36.44,-1.67,3.3,true,,true,Ashland,Girod,86,150,0,,,,0,,36.44,-1.67,3.3,
Marion,679,17,,9,,262,803,37,1,2,2,2,26,4,24.6,Beem,Diehl,187,869,4,,,,,4,,17.71,-6.89,0.8,true,,true,Ashland,Girod,211,857,1,,,,1,,19.76,-4.84,-0.3,
Marion,680,17,,9,,77,176,11,1,3,1,0,4,2,30.43,Beem,Diehl,58,196,2,,,,,2,,22.83,-7.6,-0.4,true,,true,Ashland,Girod,58,202,0,,,,0,,22.31,-8.12,-2.8,
Marion,681,18,,9,,588,1097,65,3,9,11,3,24,15,34.9,Dow,Lewis,448,1251,1,,,,,1,,26.37,-8.53,-0.8,true,,true,Ashland,Girod,484,1192,0,,,,0,,28.88,-6.02,0.5,
Marion,682,17,,9,,998,1676,70,2,8,8,3,31,18,37.32,Beem,Diehl,775,1822,3,,,,,3,,29.84,-7.48,2.9,true,,true,Ashland,Girod,802,1819,0,,,,0,,30.6,-6.72,2,
Marion,683,18,,9,,275,803,44,4,2,6,0,22,10,25.51,Dow,Lewis,215,886,0,,,,,0,,19.53,-5.98,-2.1,true,,true,Ashland,Girod,218,871,2,,,,2,,20.02,-5.49,-1,
Marion,684,18,,9,,114,271,12,0,0,1,0,6,5,29.61,Dow,Lewis,93,299,0,,,,,0,,23.72,-5.89,-1.8,true,,true,Ashland,Girod,104,284,0,,,,0,,26.8,-2.81,-0.8,
Marion,686,17,,9,,41,96,10,0,1,1,0,5,3,29.93,Beem,Diehl,32,111,0,,,,,0,,22.38,-7.55,-4.4,true,,true,Ashland,Girod,34,108,0,,,,0,,23.94,-5.99,-3.6,
Marion,687,17,,9,,40,64,2,0,0,0,0,2,0,38.46,Beem,Diehl,26,74,0,,,,,0,,26,-12.46,3.8,true,,true,Ashland,Girod,28,69,0,,,,0,,28.87,-9.59,6.7,
Marion,688,17,,9,,173,333,19,2,2,1,1,9,4,34.19,Beem,Diehl,132,364,1,,,,,1,,26.61,-7.58,2,true,,true,Ashland,Girod,142,360,0,,,,0,,28.29,-5.9,0.8,
Marion,689,17,,9,,2,10,0,0,0,0,0,0,0,16.67,Beem,Diehl,2,10,0,,,,,0,,16.67,,0,false,"too few votes to compare (HD two-party n=12, President n=12; minimum 50)",true,Ashland,Girod,1,11,0,,,,0,,8.33,,0,"too few votes to compare (SD two-party n=12, President n=12; minimum 50)"
Marion,690,22,,11,,1479,1355,106,5,15,17,8,55,6,52.19,Munoz,Cramer,1415,1341,9,,,,,9,,51.34,-0.85,2.8,true,,false,,,,,,,,,,,,,,SD 11 was not on the ballot in 2024. Oregon senators serve four-year terms; this seat is next up in 2026.
Marion,691,17,,9,,1810,1882,123,3,15,18,6,64,17,49.02,Beem,Diehl,1517,1999,8,,,,,8,,43.15,-5.87,4.8,true,,true,Ashland,Girod,1568,1952,7,,,,7,,44.55,-4.47,4.7,
Marion,692,17,,9,,12,36,2,0,1,0,0,0,1,25,Beem,Diehl,12,36,0,,,,,0,,25,,0,false,"too few votes to compare (HD two-party n=48, President n=48; minimum 50)",true,Ashland,Girod,11,37,0,,,,0,,22.92,,0,"too few votes to compare (SD two-party n=48, President n=48; minimum 50)"
Marion,694,17,,9,,3,0,0,0,0,0,0,0,0,100,Beem,Diehl,3,0,0,,,,,0,,100,,0,false,"too few votes to compare (HD two-party n=3, President n=3; minimum 50)",true,Ashland,Girod,3,0,0,,,,0,,100,,0,"too few votes to compare (SD two-party n=3, President n=3; minimum 50)"
Marion,696,17,,9,,39,56,6,1,0,0,1,4,0,41.05,Beem,Diehl,29,61,0,,,,,0,,32.22,-8.83,5.3,true,,true,Ashland,Girod,31,56,0,,,,0,,35.63,-5.42,8.4,
Marion,697,19,,10,,1672,1648,126,2,10,31,3,66,14,50.36,Andersen,Brown,1548,1673,4,,,,,4,,48.06,-2.3,3,true,,false,,,,,,,,,,,,,,SD 10 was not on the ballot in 2024. Oregon senators serve four-year terms; this seat is next up in 2026.
Marion,698,18,,9,,288,547,26,0,2,3,0,13,8,34.49,Dow,Lewis,222,606,5,,,,,5,,26.81,-7.68,0.8,true,,true,Ashland,Girod,239,578,7,,,,7,,29.25,-5.24,2.2,
Marion,699,22,,11,,,,,,,,,,,,Munoz,Cramer,0,0,0,,,,,0,,,,,false,"too few votes to compare (HD two-party n=0, President n=0; minimum 50)",false,,,,,,,,,,,,,,SD 11 was not on the ballot in 2024. Oregon senators serve four-year terms; this seat is next up in 2026.
Marion,705,17,,9,,511,1077,61,0,8,7,3,33,10,32.18,Beem,Diehl,386,1161,3,,,,,3,,24.95,-7.23,2.6,true,,true,Ashland,Girod,409,1140,3,,,,3,,26.4,-5.78,2.5,
Marion,715,17,,9,,568,1330,55,0,4,5,4,35,7,29.93,Beem,Diehl,479,1354,2,,,,,2,,26.13,-3.8,3.4,true,,true,Ashland,Girod,490,1327,2,,,,2,,26.97,-2.96,4.3,
Marion,725,11,,6,,546,1013,68,5,5,11,2,38,7,35.02,,Cate,,964,458,,,450,,8,Maluski (NAV),,,,false,"HD 11 had no Democratic candidate: Jami Cate (Republican) vs. Ivan Maluski (nonaffiliated). There was no Democrat-vs-Republican race, so it is left out of the two-party figures.",false,,,,,,,,,,,,,,SD 6 was not on the ballot in 2024. Oregon senators serve four-year terms; this seat is next up in 2026.
Marion,779,15,,8,,521,685,46,3,6,8,1,15,13,43.2,Virnig,Boshart Davis,420,752,1,,,,,1,,35.84,-7.36,2.8,true,,false,,,,,,,,,,,,,,SD 8 was not on the ballot in 2024. Oregon senators serve four-year terms; this seat is next up in 2026.
Marion,780,20,,10,,556,550,42,0,11,3,2,18,8,50.27,Evans,Chambers,504,574,1,,,,,1,,46.75,-3.52,2.5,true,,false,,,,,,,,,,,,,,SD 10 was not on the ballot in 2024. Oregon senators serve four-year terms; this seat is next up in 2026.
Marion,781,17,,9,,243,267,21,3,2,1,0,9,6,47.65,Beem,Diehl,196,293,0,,,,,0,,40.08,-7.57,4.1,true,,true,Ashland,Girod,202,289,0,,,,0,,41.14,-6.51,3.7,
Marion,782,15,,8,,53,34,3,0,0,0,0,3,0,60.92,Virnig,Boshart Davis,47,42,0,,,,,0,,52.81,-8.11,-2.3,true,,false,,,,,,,,,,,,,,SD 8 was not on the ballot in 2024. Oregon senators serve four-year terms; this seat is next up in 2026.
Marion,783,17,,9,,192,310,25,0,3,5,0,9,8,38.25,Beem,Diehl,143,346,1,,,,,1,,29.24,-9.01,2.6,true,,true,Ashland,Girod,152,338,0,,,,0,,31.02,-7.23,2.4,
Marion,784,20,,10,,81,93,12,1,2,4,0,2,3,46.55,Evans,Chambers,82,100,0,,,,,0,,45.05,-1.5,-4.6,true,,false,,,,,,,,,,,,,,SD 10 was not on the ballot in 2024. Oregon senators serve four-year terms; this seat is next up in 2026.
Marion,786,17,,9,,38,176,6,0,0,1,0,4,1,17.76,Beem,Diehl,26,187,0,,,,,0,,12.21,-5.55,0.5,true,,true,Ashland,Girod,32,181,0,,,,0,,15.02,-2.74,0.5,
Marion,787,17,,9,,489,1016,59,2,3,12,3,28,11,32.49,Beem,Diehl,374,1095,3,,,,,3,,25.46,-7.03,2.4,true,,true,Ashland,Girod,392,1092,2,,,,2,,26.42,-6.07,1.4,
Marion,788,15,,8,,459,971,30,2,0,5,0,15,8,32.1,Virnig,Boshart Davis,349,1041,1,,,,,1,,25.11,-6.99,2.8,true,,false,,,,,,,,,,,,,,SD 8 was not on the ballot in 2024. Oregon senators serve four-year terms; this seat is next up in 2026.
Marion,789,17,,9,,825,1677,83,3,13,10,3,39,15,32.97,Beem,Diehl,629,1825,4,,,,,4,,25.63,-7.34,1.9,true,,true,Ashland,Girod,667,1786,5,,,,5,,27.19,-5.78,2,
Marion,790,17,,9,,55,220,10,0,2,0,2,4,2,20,Beem,Diehl,46,222,1,,,,,1,,17.16,-2.84,2.5,true,,true,Ashland,Girod,40,228,1,,,,1,,14.93,-5.07,2.5,
Marion,791,11,,6,,265,657,32,3,6,1,0,16,6,28.74,,Cate,,642,207,,,205,,2,Maluski (NAV),,,,false,"HD 11 had no Democratic candidate: Jami Cate (Republican) vs. Ivan Maluski (nonaffiliated). There was no Democrat-vs-Republican race, so it is left out of the two-party figures.",false,,,,,,,,,,,,,,SD 6 was not on the ballot in 2024. Oregon senators serve four-year terms; this seat is next up in 2026.
Marion,792,19,,10,,14,21,3,0,1,0,0,1,1,40,Andersen,Brown,12,25,0,,,,,0,,32.43,,-5.7,false,"too few votes to compare (HD two-party n=37, President n=35; minimum 50)",false,,,,,,,,,,,,,,SD 10 was not on the ballot in 2024. Oregon senators serve four-year terms; this seat is next up in 2026.
Marion,815,22,,11,,606,561,40,1,4,8,0,22,5,51.93,Munoz,Cramer,569,594,0,,,,,0,,48.93,-3,0.3,true,,false,,,,,,,,,,,,,,SD 11 was not on the ballot in 2024. Oregon senators serve four-year terms; this seat is next up in 2026.
Marion,825,22,,11,,572,402,41,0,2,11,1,23,4,58.73,Munoz,Cramer,554,421,0,,,,,0,,56.82,-1.91,-0.1,true,,false,,,,,,,,,,,,,,SD 11 was not on the ballot in 2024. Oregon senators serve four-year terms; this seat is next up in 2026.
Marion,835,22,,11,,704,545,46,0,3,6,3,26,8,56.37,Munoz,Cramer,651,603,0,,,,,0,,51.91,-4.46,-0.4,true,,false,,,,,,,,,,,,,,SD 11 was not on the ballot in 2024. Oregon senators serve four-year terms; this seat is next up in 2026.
Marion,837,18,,9,,,,,,,,,,,,Dow,Lewis,0,0,0,,,,,0,,,,,false,"too few votes to compare (HD two-party n=0, President n=0; minimum 50)",true,Ashland,Girod,0,0,0,,,,0,,,,,"too few votes to compare (SD two-party n=0, President n=0; minimum 50)"
Marion,845,22,,11,,1179,986,60,3,2,14,1,32,8,54.46,Munoz,Cramer,1056,1049,7,,,,,7,,50.17,-4.29,2.8,true,,false,,,,,,,,,,,,,,SD 11 was not on the ballot in 2024. Oregon senators serve four-year terms; this seat is next up in 2026.
Marion,855,22,,11,,1278,1019,93,1,10,16,6,45,15,55.64,Munoz,Cramer,1207,1078,5,,,,,5,,52.82,-2.82,0.5,true,,false,,,,,,,,,,,,,,SD 11 was not on the ballot in 2024. Oregon senators serve four-year terms; this seat is next up in 2026.
Marion,865,22,,11,,509,434,41,0,5,8,3,20,5,53.98,Munoz,Cramer,504,443,1,,,,,1,,53.22,-0.76,-0.4,true,,false,,,,,,,,,,,,,,SD 11 was not on the ballot in 2024. Oregon senators serve four-year terms; this seat is next up in 2026.
Marion,905,17,,9,,35,116,6,0,0,0,1,5,0,23.18,Beem,Diehl,25,119,0,,,,,0,,17.36,-5.82,4.6,true,,true,Ashland,Girod,25,124,0,,,,0,,16.78,-6.4,1.3,
Marion,915,17,,9,,60,169,7,0,1,2,0,3,1,26.2,Beem,Diehl,47,175,0,,,,,0,,21.17,-5.03,3.1,true,,true,Ashland,Girod,49,174,0,,,,0,,21.97,-4.23,2.6,
Marion,925,17,,9,,42,114,3,0,0,0,0,2,1,26.92,Beem,Diehl,33,120,0,,,,,0,,21.57,-5.35,1.9,true,,true,Ashland,Girod,33,120,0,,,,0,,21.57,-5.35,1.9,
Marion,935,17,,9,,10,31,4,0,0,1,2,1,0,24.39,Beem,Diehl,11,32,0,,,,,0,,25.58,,-4.9,false,"too few votes to compare (HD two-party n=43, President n=41; minimum 50)",true,Ashland,Girod,11,32,0,,,,0,,25.58,,-4.9,"too few votes to compare (SD two-party n=43, President n=41; minimum 50)"
Marion,981,17,,9,,89,177,11,0,4,3,0,3,1,33.46,Beem,Diehl,76,191,1,,,,,1,,28.46,-5,-0.4,true,,true,Ashland,Girod,70,200,0,,,,0,,25.93,-7.53,-1.5,
Marion,982,57,,29,,,,,,,,,,,,,Smith,,0,0,,,,,0,,,,,false,"Greg Smith (Republican, also the Democratic nominee) ran unopposed in HD 57. There was no Democrat-vs-Republican race, so it is left out of the two-party figures.",true,,Nash,,0,0,,,0,0,Wildbill (NAV),,,,"SD 29 had no Democratic candidate: Todd Nash (Republican, also the Democratic nominee) vs. Tania Wildbill (nonaffiliated). There was no Democrat-vs-Republican race, so it is left out of the two-party figures."
Marion,983,57,,29,,,,,,,,,,,,,Smith,,0,0,,,,,0,,,,,false,"Greg Smith (Republican, also the Democratic nominee) ran unopposed in HD 57. There was no Democrat-vs-Republican race, so it is left out of the two-party figures.",true,,Nash,,0,0,,,0,0,Wildbill (NAV),,,,"SD 29 had no Democratic candidate: Todd Nash (Republican, also the Democratic nominee) vs. Tania Wildbill (nonaffiliated). There was no Democrat-vs-Republican race, so it is left out of the two-party figures."
Marion,716,,,,,,,,,,,,,,,,,,,,,,,,,,,,,false,no presidential votes in this precinct,false,,,,,,,,,,,,,,
Yamhill,01,26,,13,,391,453,22,1,6,2,2,8,3,46.33,Neron,Fields,364,470,1,,,,,1,,43.65,-2.68,1.2,true,,false,,,,,,,,,,,,,,SD 13 was not on the ballot in 2024. Oregon senators serve four-year terms; this seat is next up in 2026.
Yamhill,02,23,,12,,2028,2003,211,9,41,35,6,80,40,50.31,Wright,Scharf,1850,2136,5,,,,,5,,46.41,-3.9,1.1,true,,true,Hooper,Starr,1490,2020,533,531,,,2,Kennedy-Smith (IND),42.45,-7.86,12.9,
Yamhill,03,23,,12,,2384,2499,209,9,22,32,7,103,36,48.82,Wright,Scharf,2039,2763,1,,,,,1,,42.46,-6.36,1.7,true,,true,Hooper,Starr,1751,2560,553,552,,,1,Kennedy-Smith (IND),40.62,-8.2,11.7,
Yamhill,04,23,,12,,1716,1632,176,1,17,23,9,82,44,51.25,Wright,Scharf,1538,1816,4,,,,,4,,45.86,-5.39,-0.2,true,,true,Hooper,Starr,1252,1726,416,415,,,1,Kennedy-Smith (IND),42.04,-9.21,11.1,
Yamhill,05,23,,12,,541,594,62,2,9,3,1,32,15,47.67,Wright,Scharf,461,678,3,,,,,3,,40.47,-7.2,-0.4,true,,true,Hooper,Starr,420,662,76,74,,,2,Kennedy-Smith (IND),38.82,-8.85,4.7,
Yamhill,07,23,,12,,1652,2026,128,3,16,23,4,58,24,44.92,Wright,Scharf,1411,2201,3,,,,,3,,39.06,-5.86,1.8,true,,true,Hooper,Starr,1205,2115,324,320,,,4,Kennedy-Smith (IND),36.3,-8.62,9.7,
Yamhill,09,24,,12,,826,934,76,2,12,8,2,32,20,46.93,Pool,Elmer,682,1053,3,,,,,3,,39.31,-7.62,1.4,true,,true,Hooper,Starr,615,990,138,138,,,0,Kennedy-Smith (IND),38.32,-8.61,8.8,
Yamhill,10,23,,12,,1051,1420,108,3,18,7,1,60,19,42.53,Wright,Scharf,936,1484,3,,,,,3,,38.68,-3.85,2.1,true,,true,Hooper,Starr,769,1343,315,314,,,1,Kennedy-Smith (IND),36.41,-6.12,14.5,
Yamhill,11,31,,16,,0,17,0,0,0,0,0,0,0,0,Gutierrez,Edwards,1,15,0,,0,,,0,Miller (LIB),6.25,,5.9,false,"too few votes to compare (HD two-party n=16, President n=17; minimum 50)",false,,,,,,,,,,,,,,SD 16 was not on the ballot in 2024. Oregon senators serve four-year terms; this seat is next up in 2026.
Yamhill,12,23,,12,,489,862,51,2,7,6,2,21,13,36.2,Wright,Scharf,417,922,1,,,,,1,,31.14,-5.06,0.9,true,,true,Hooper,Starr,372,858,102,102,,,0,Kennedy-Smith (IND),30.24,-5.96,9,
Yamhill,13,24,,12,,1038,2076,95,4,11,15,1,48,16,33.33,Pool,Elmer,907,2156,0,,,,,0,,29.61,-3.72,1.6,true,,true,Hooper,Starr,795,2035,239,239,,,0,Kennedy-Smith (IND),28.09,-5.24,9.1,
Yamhill,14,24,,12,,1234,1168,102,1,13,14,4,55,15,51.37,Pool,Elmer,1084,1290,6,,,,,6,,45.66,-5.71,1.2,true,,true,Hooper,Starr,913,1134,342,341,,,1,Kennedy-Smith (IND),44.6,-6.77,14.8,
Yamhill,15,24,,12,,1163,1047,87,0,12,12,4,42,17,52.62,Pool,Elmer,1022,1125,3,,,,,3,,47.6,-5.02,2.9,true,,true,Hooper,Starr,872,983,302,299,,,3,Kennedy-Smith (IND),47.01,-5.61,16.1,
Yamhill,16,24,,12,,1096,973,70,2,8,16,2,38,4,52.97,Pool,Elmer,950,1056,0,,,,,0,,47.36,-5.61,3,true,,true,Hooper,Starr,808,912,286,286,,,0,Kennedy-Smith (IND),46.98,-5.99,16.9,
Yamhill,17,24,,12,,1519,1187,95,4,9,15,6,48,13,56.13,Pool,Elmer,1333,1328,3,,,,,3,,50.09,-6.04,1.7,true,,true,Hooper,Starr,1172,1165,309,307,,,2,Kennedy-Smith (IND),50.15,-5.98,13.6,
Yamhill,18,24,,12,,2465,1785,148,5,21,17,4,77,24,58,Pool,Elmer,2009,2173,7,,,,,7,,48.04,-9.96,1.6,true,,true,Hooper,Starr,1872,1855,440,438,,,2,Kennedy-Smith (IND),50.23,-7.77,12.3,
Yamhill,19,24,,12,,1731,1187,112,4,5,18,8,64,13,59.32,Pool,Elmer,1506,1329,6,,,,,6,,53.12,-6.2,2.8,true,,true,Hooper,Starr,1301,1120,415,411,,,4,Kennedy-Smith (IND),53.74,-5.58,17,
Yamhill,21,24,,12,,847,1220,72,1,11,14,2,35,9,40.98,Pool,Elmer,715,1308,4,,,,,4,,35.34,-5.64,2.1,true,,true,Hooper,Starr,657,1185,189,187,,,2,Kennedy-Smith (IND),35.67,-5.31,10.9,
Yamhill,22,24,,12,,1186,1700,122,3,22,15,4,59,19,41.09,Pool,Elmer,1057,1779,5,,,,,5,,37.27,-3.82,1.7,true,,true,Hooper,Starr,843,1637,366,364,,,2,Kennedy-Smith (IND),33.99,-7.1,14.1,
Yamhill,23,24,,12,,871,1163,64,1,11,4,6,31,11,42.82,Pool,Elmer,694,1299,4,,,,,4,,34.82,-8,2,true,,true,Hooper,Starr,678,1195,116,116,,,0,Kennedy-Smith (IND),36.2,-6.62,7.9,
Yamhill,24,24,,12,,536,1088,77,4,5,14,3,45,6,33,Pool,Elmer,467,1135,2,,,,,2,,29.15,-3.85,1.4,true,,true,Hooper,Starr,393,1031,173,172,,,1,Kennedy-Smith (IND),27.6,-5.4,12.3,
Yamhill,26,24,,12,,746,1362,91,5,10,8,4,53,11,35.39,Pool,Elmer,661,1386,7,,,,,7,,32.29,-3.1,2.9,true,,true,Hooper,Starr,523,1247,300,298,,,2,Kennedy-Smith (IND),29.55,-5.84,16,
Yamhill,28,24,,12,,501,1140,75,1,9,14,1,42,8,30.53,Pool,Elmer,451,1178,2,,,,,2,,27.69,-2.84,0.7,true,,true,Hooper,Starr,365,1079,188,187,,,1,Kennedy-Smith (IND),25.28,-5.25,12,
Polk,102,23,,12,,446,861,40,2,4,4,1,21,8,34.12,Wright,Scharf,378,944,0,,,,,0,,28.59,-5.53,-1.1,true,,true,Hooper,Starr,334,888,83,83,,,0,Kennedy-Smith (IND),27.33,-6.79,6.5,
Polk,106,24,,12,,328,729,29,0,2,1,2,18,6,31.03,Pool,Elmer,276,751,2,,,,,2,,26.87,-4.16,2.8,true,,true,Hooper,Starr,258,698,75,74,,,1,Kennedy-Smith (IND),26.99,-4.04,9.6,
Polk,110,24,,12,,249,437,27,0,1,5,2,15,4,36.3,Pool,Elmer,219,452,1,,,,,1,,32.64,-3.66,2.2,true,,true,Hooper,Starr,183,400,84,83,,,1,Kennedy-Smith (IND),31.39,-4.91,15,
Polk,118,23,,12,,1245,1706,117,1,11,20,5,46,34,42.19,Wright,Scharf,1055,1885,3,,,,,3,,35.88,-6.31,0.4,true,,true,Hooper,Starr,974,1774,208,207,,,1,Kennedy-Smith (IND),35.44,-6.75,6.9,
Polk,122,20,,10,,543,615,27,0,3,2,0,12,10,46.89,Evans,Chambers,522,623,4,,,,,4,,45.59,-1.3,1.1,true,,false,,,,,,,,,,,,,,SD 10 was not on the ballot in 2024. Oregon senators serve four-year terms; this seat is next up in 2026.
Polk,134,20,,10,,2577,2176,178,1,18,37,9,72,41,54.22,Evans,Chambers,2560,2113,7,,,,,7,,54.78,0.56,1.7,true,,false,,,,,,,,,,,,,,SD 10 was not on the ballot in 2024. Oregon senators serve four-year terms; this seat is next up in 2026.
Polk,136,20,,10,,1968,1552,129,6,20,18,2,48,35,55.91,Evans,Chambers,1930,1563,7,,,,,7,,55.25,-0.66,0.8,true,,false,,,,,,,,,,,,,,SD 10 was not on the ballot in 2024. Oregon senators serve four-year terms; this seat is next up in 2026.
Polk,140,20,,10,,1885,1337,146,9,18,30,11,53,25,58.5,Evans,Chambers,1867,1291,8,,,,,8,,59.12,0.62,2,true,,false,,,,,,,,,,,,,,SD 10 was not on the ballot in 2024. Oregon senators serve four-year terms; this seat is next up in 2026.
Polk,146,20,,10,,2259,1577,141,3,18,19,13,56,32,58.89,Evans,Chambers,2258,1557,12,,,,,12,,59.19,0.3,0.5,true,,false,,,,,,,,,,,,,,SD 10 was not on the ballot in 2024. Oregon senators serve four-year terms; this seat is next up in 2026.
Polk,152,23,,12,,1357,2829,131,3,16,13,3,69,27,32.42,Wright,Scharf,1140,3009,5,,,,,5,,27.48,-4.94,0.9,true,,true,Hooper,Starr,1042,2799,314,311,,,3,Kennedy-Smith (IND),27.13,-5.29,8.2,
Polk,154,23,,12,,1805,2654,158,5,17,16,8,83,29,40.48,Wright,Scharf,1568,2828,10,,,,,10,,35.67,-4.81,1.4,true,,true,Hooper,Starr,1362,2569,492,485,,,7,Kennedy-Smith (IND),34.65,-5.83,11.8,
Polk,156,23,,12,,1056,1441,122,1,16,13,2,72,18,42.29,Wright,Scharf,950,1537,8,,,,,8,,38.2,-4.09,0.4,true,,true,Hooper,Starr,823,1379,314,311,,,3,Kennedy-Smith (IND),37.38,-4.91,11.8,
Polk,162,23,,12,,1089,1708,100,4,6,6,3,61,20,38.93,Wright,Scharf,933,1846,2,,,,,2,,33.57,-5.36,0.6,true,,true,Hooper,Starr,834,1707,235,233,,,2,Kennedy-Smith (IND),32.82,-6.11,9.2,
Polk,166,23,,12,,281,434,41,4,10,5,3,16,3,39.3,Wright,Scharf,253,443,1,,,,,1,,36.35,-2.95,2.7,true,,true,Hooper,Starr,201,393,107,106,,,1,Kennedy-Smith (IND),33.84,-5.46,16.9,
Polk,178,20,,10,,2512,1825,232,7,47,30,13,94,41,57.92,Evans,Chambers,2572,1769,11,,,,,11,,59.25,1.33,-0.1,true,,false,,,,,,,,,,,,,,SD 10 was not on the ballot in 2024. Oregon senators serve four-year terms; this seat is next up in 2026.
Polk,182,20,,10,,2434,1887,173,5,28,22,8,83,27,56.33,Evans,Chambers,2509,1759,13,,,,,13,,58.79,2.46,1.2,true,,false,,,,,,,,,,,,,,SD 10 was not on the ballot in 2024. Oregon senators serve four-year terms; this seat is next up in 2026.
Benton,03,16,,8,,2535,612,151,3,9,57,10,51,21,80.55,McDonald,,2392,,567,,,,542,25,Beilstein (PGP),,,,false,"HD 16 had no Republican candidate: Sarah Finger McDonald (Democrat) vs. Michael A Beilstein (Pacific Green). There was no Democrat-vs-Republican race, so it is left out of the two-party figures.",false,,,,,,,,,,,,,,SD 8 was not on the ballot in 2024. Oregon senators serve four-year terms; this seat is next up in 2026.
Benton,10,10,,5,,1891,1114,150,1,17,31,13,59,29,62.93,Gomberg,,2234,,72,,,,,72,,,,,false,"David Gomberg (Democrat) ran unopposed in HD 10. There was no Democrat-vs-Republican race, so it is left out of the two-party figures.",true,Beaudreau,Anderson,1702,1302,3,,,,3,,56.66,-6.27,0,
Benton,11,15,,8,,3164,2606,216,8,36,41,4,87,40,54.84,Virnig,Boshart Davis,2664,3156,7,,,,,7,,45.77,-9.07,-0.9,true,,false,,,,,,,,,,,,,,SD 8 was not on the ballot in 2024. Oregon senators serve four-year terms; this seat is next up in 2026.
Benton,02,16,,8,,1272,265,96,0,9,36,13,19,19,82.76,McDonald,,1056,,377,,,,366,11,Beilstein (PGP),,,,false,"HD 16 had no Republican candidate: Sarah Finger McDonald (Democrat) vs. Michael A Beilstein (Pacific Green). There was no Democrat-vs-Republican race, so it is left out of the two-party figures.",false,,,,,,,,,,,,,,SD 8 was not on the ballot in 2024. Oregon senators serve four-year terms; this seat is next up in 2026.
Benton,05,16,,8,,1638,243,102,1,5,42,10,24,20,87.08,McDonald,,1402,,378,,,,370,8,Beilstein (PGP),,,,false,"HD 16 had no Republican candidate: Sarah Finger McDonald (Democrat) vs. Michael A Beilstein (Pacific Green). There was no Democrat-vs-Republican race, so it is left out of the two-party figures.",false,,,,,,,,,,,,,,SD 8 was not on the ballot in 2024. Oregon senators serve four-year terms; this seat is next up in 2026.
Benton,14,10,,5,,224,365,28,0,5,14,0,6,3,38.03,Gomberg,,335,,24,,,,,24,,,,,false,"David Gomberg (Democrat) ran unopposed in HD 10. There was no Democrat-vs-Republican race, so it is left out of the two-party figures.",true,Beaudreau,Anderson,211,389,0,,,,0,,35.17,-2.86,-1.9,
Benton,19,10,,5,,660,502,34,0,5,10,0,9,10,56.8,Gomberg,,790,,23,,,,,23,,,,,false,"David Gomberg (Democrat) ran unopposed in HD 10. There was no Democrat-vs-Republican race, so it is left out of the two-party figures.",true,Beaudreau,Anderson,575,571,3,,,,3,,50.17,-6.63,1.4,
Benton,17,15,,8,,31,13,5,0,1,1,2,1,0,70.45,Virnig,Boshart Davis,28,18,0,,,,,0,,60.87,,-4.5,false,"too few votes to compare (HD two-party n=46, President n=44; minimum 50)",false,,,,,,,,,,,,,,SD 8 was not on the ballot in 2024. Oregon senators serve four-year terms; this seat is next up in 2026.
Benton,21,10,,5,,270,464,25,2,5,6,0,10,2,36.78,Gomberg,,413,,17,,,,,17,,,,,false,"David Gomberg (Democrat) ran unopposed in HD 10. There was no Democrat-vs-Republican race, so it is left out of the two-party figures.",true,Beaudreau,Anderson,234,498,1,,,,1,,31.97,-4.81,0.3,
Benton,09,16,,8,,2321,764,149,3,15,49,15,47,20,75.24,McDonald,,2296,,544,,,,501,43,Beilstein (PGP),,,,false,"HD 16 had no Republican candidate: Sarah Finger McDonald (Democrat) vs. Michael A Beilstein (Pacific Green). There was no Democrat-vs-Republican race, so it is left out of the two-party figures.",false,,,,,,,,,,,,,,SD 8 was not on the ballot in 2024. Oregon senators serve four-year terms; this seat is next up in 2026.
Benton,04,16,,8,,833,128,52,1,6,17,7,11,10,86.68,McDonald,,712,,187,,,,179,8,Beilstein (PGP),,,,false,"HD 16 had no Republican candidate: Sarah Finger McDonald (Democrat) vs. Michael A Beilstein (Pacific Green). There was no Democrat-vs-Republican race, so it is left out of the two-party figures.",false,,,,,,,,,,,,,,SD 8 was not on the ballot in 2024. Oregon senators serve four-year terms; this seat is next up in 2026.
Benton,15,10,,5,,1443,1284,118,1,14,28,8,47,20,52.92,Gomberg,,1751,,62,,,,,62,,,,,false,"David Gomberg (Democrat) ran unopposed in HD 10. There was no Democrat-vs-Republican race, so it is left out of the two-party figures.",true,Beaudreau,Anderson,1246,1483,5,,,,5,,45.66,-7.26,-0.1,
Benton,12,16,,8,,463,272,35,1,6,8,3,15,2,62.99,McDonald,,546,,114,,,,104,10,Beilstein (PGP),,,,false,"HD 16 had no Republican candidate: Sarah Finger McDonald (Democrat) vs. Michael A Beilstein (Pacific Green). There was no Democrat-vs-Republican race, so it is left out of the two-party figures.",false,,,,,,,,,,,,,,SD 8 was not on the ballot in 2024. Oregon senators serve four-year terms; this seat is next up in 2026.
Benton,16,16,,8,,3593,1569,221,16,26,52,16,62,49,69.6,McDonald,,3753,,773,,,,675,98,Beilstein (PGP),,,,false,"HD 16 had no Republican candidate: Sarah Finger McDonald (Democrat) vs. Michael A Beilstein (Pacific Green). There was no Democrat-vs-Republican race, so it is left out of the two-party figures.",false,,,,,,,,,,,,,,SD 8 was not on the ballot in 2024. Oregon senators serve four-year terms; this seat is next up in 2026.
Benton,20,10,,5,,305,526,29,1,6,1,1,15,5,36.7,Gomberg,,486,,15,,,,,15,,,,,false,"David Gomberg (Democrat) ran unopposed in HD 10. There was no Democrat-vs-Republican race, so it is left out of the two-party figures.",true,Beaudreau,Anderson,274,565,0,,,,0,,32.66,-4.04,-1,
Benton,13,10,,5,,149,208,16,0,2,2,0,11,1,41.74,Gomberg,,239,,13,,,,,13,,,,,false,"David Gomberg (Democrat) ran unopposed in HD 10. There was no Democrat-vs-Republican race, so it is left out of the two-party figures.",true,Beaudreau,Anderson,143,218,0,,,,0,,39.61,-2.13,-1.1,
Benton,07,16,,8,,3003,422,162,5,12,46,12,60,27,87.68,McDonald,,2796,,447,,,,424,23,Beilstein (PGP),,,,false,"HD 16 had no Republican candidate: Sarah Finger McDonald (Democrat) vs. Michael A Beilstein (Pacific Green). There was no Democrat-vs-Republican race, so it is left out of the two-party figures.",false,,,,,,,,,,,,,,SD 8 was not on the ballot in 2024. Oregon senators serve four-year terms; this seat is next up in 2026.
Benton,18,16,,8,,649,786,56,1,3,6,1,25,20,45.23,McDonald,,885,,222,,,,176,46,Beilstein (PGP),,,,false,"HD 16 had no Republican candidate: Sarah Finger McDonald (Democrat) vs. Michael A Beilstein (Pacific Green). There was no Democrat-vs-Republican race, so it is left out of the two-party figures.",false,,,,,,,,,,,,,,SD 8 was not on the ballot in 2024. Oregon senators serve four-year terms; this seat is next up in 2026.
Benton,06,16,,8,,2406,483,166,7,17,62,18,34,28,83.28,McDonald,,2183,,536,,,,494,42,Beilstein (PGP),,,,false,"HD 16 had no Republican candidate: Sarah Finger McDonald (Democrat) vs. Michael A Beilstein (Pacific Green). There was no Democrat-vs-Republican race, so it is left out of the two-party figures.",false,,,,,,,,,,,,,,SD 8 was not on the ballot in 2024. Oregon senators serve four-year terms; this seat is next up in 2026.
Benton,01,16,,8,,3307,835,167,3,16,53,11,55,29,79.84,McDonald,,3232,,524,,,,482,42,Beilstein (PGP),,,,false,"HD 16 had no Republican candidate: Sarah Finger McDonald (Democrat) vs. Michael A Beilstein (Pacific Green). There was no Democrat-vs-Republican race, so it is left out of the two-party figures.",false,,,,,,,,,,,,,,SD 8 was not on the ballot in 2024. Oregon senators serve four-year terms; this seat is next up in 2026.
Benton,08,16,,8,,3752,726,158,2,16,47,14,37,42,83.79,McDonald,,3641,,500,,,,468,32,Beilstein (PGP),,,,false,"HD 16 had no Republican candidate: Sarah Finger McDonald (Democrat) vs. Michael A Beilstein (Pacific Green). There was no Democrat-vs-Republican race, so it is left out of the two-party figures.",false,,,,,,,,,,,,,,SD 8 was not on the ballot in 2024. Oregon senators serve four-year terms; this seat is next up in 2026.
Lane,1560,13,13/12,7,,1209,750,65,<10,<10,20,<10,30,15,61.72,Nathanson,Sutherland,1103,690,0,,,,,<10,,61.52,-0.2,8.5,true,,false,,,,,,,,,,,,,,SD 7 was not on the ballot in 2024. Oregon senators serve four-year terms; this seat is next up in 2026.
Lane,1450,13,,7,,3975,1686,199,<10,27,34,15,74,49,70.22,Nathanson,Sutherland,3740,1745,0,,,,,<10,,68.19,-2.03,3.1,true,,false,,,,,,,,,,,,,,SD 7 was not on the ballot in 2024. Oregon senators serve four-year terms; this seat is next up in 2026.
Lane,1342,8,,4,,981,193,40,0,10,13,<10,17,<10,83.56,Fragala,,874,,25,,,,,25,,,,,false,"Lisa Fragala (Democrat) ran unopposed in HD 8. There was no Democrat-vs-Republican race, so it is left out of the two-party figures.",false,,,,,,,,,,,,,,SD 4 was not on the ballot in 2024. Oregon senators serve four-year terms; this seat is next up in 2026.
Lane,2238,7,,4,,3098,1303,218,<10,16,70,22,77,33,70.39,Lively,Burket,3089,1296,16,,,,,16,,70.44,0.05,0.4,true,,false,,,,,,,,,,,,,,SD 4 was not on the ballot in 2024. Oregon senators serve four-year terms; this seat is next up in 2026.
Lane,1232,8,,4,,4840,645,193,<10,24,63,22,55,29,88.24,Fragala,,4175,,66,,,,,66,,,,,false,"Lisa Fragala (Democrat) ran unopposed in HD 8. There was no Democrat-vs-Republican race, so it is left out of the two-party figures.",false,,,,,,,,,,,,,,SD 4 was not on the ballot in 2024. Oregon senators serve four-year terms; this seat is next up in 2026.
Lane,2340,7,,4,,2967,1989,234,<10,30,40,17,106,41,59.87,Lively,Burket,2932,2002,0,,,,,<10,,59.42,-0.45,0.4,true,,false,,,,,,,,,,,,,,SD 4 was not on the ballot in 2024. Oregon senators serve four-year terms; this seat is next up in 2026.
Lane,755,12,,6,,1173,1815,129,<10,10,27,<10,69,23,39.26,Emmons,Harbick,1043,1903,0,,,,,<10,,35.4,-3.86,1.4,true,,false,,,,,,,,,,,,,,SD 6 was not on the ballot in 2024. Oregon senators serve four-year terms; this seat is next up in 2026.
Lane,4700,12,,6,,1502,2234,136,<10,20,25,<10,61,30,40.2,Emmons,Harbick,1320,2321,0,,,,,<10,,36.25,-3.95,2.5,true,,false,,,,,,,,,,,,,,SD 6 was not on the ballot in 2024. Oregon senators serve four-year terms; this seat is next up in 2026.
Lane,753,12,,6,,496,868,22,0,<10,<10,<10,22,<10,36.36,Emmons,Harbick,413,935,0,,,,,<10,,30.64,-5.72,1.2,true,,false,,,,,,,,,,,,,,SD 6 was not on the ballot in 2024. Oregon senators serve four-year terms; this seat is next up in 2026.
Lane,4900,14,,7,,1237,1451,86,<10,<10,14,<10,53,19,46.02,Fahey,,1499,,155,,,,,155,,,,,false,"Julie Fahey (Democrat) ran unopposed in HD 14. There was no Democrat-vs-Republican race, so it is left out of the two-party figures.",false,,,,,,,,,,,,,,SD 7 was not on the ballot in 2024. Oregon senators serve four-year terms; this seat is next up in 2026.
Lane,709,9,,5,,722,877,29,<10,<10,13,<10,16,<10,45.15,Mrkvicka,Wright,548,972,0,,,,,<10,,36.05,-9.1,4.9,true,,true,Beaudreau,Anderson,605,955,0,,,,<10,,38.78,-6.37,2.4,
Lane,1782,8,,4,,1546,217,109,<10,<10,38,25,24,22,87.69,Fragala,,1350,,20,,,,,20,,,,,false,"Lisa Fragala (Democrat) ran unopposed in HD 8. There was no Democrat-vs-Republican race, so it is left out of the two-party figures.",false,,,,,,,,,,,,,,SD 4 was not on the ballot in 2024. Oregon senators serve four-year terms; this seat is next up in 2026.
Lane,743,12,12/8,6,,383,293,28,<10,<10,14,<10,14,<10,56.66,Emmons,Harbick,295,276,0,,,,,<10,,51.66,-5,15.5,true,,false,,,,,,,,,,,,,,SD 6 was not on the ballot in 2024. Oregon senators serve four-year terms; this seat is next up in 2026.
Lane,1122,8,,4,,3478,436,222,<10,12,104,44,32,30,88.86,Fragala,,3010,,78,,,,,78,,,,,false,"Lisa Fragala (Democrat) ran unopposed in HD 8. There was no Democrat-vs-Republican race, so it is left out of the two-party figures.",false,,,,,,,,,,,,,,SD 4 was not on the ballot in 2024. Oregon senators serve four-year terms; this seat is next up in 2026.
Lane,721,14,,7,,357,302,10,<10,<10,<10,<10,<10,10,54.17,Fahey,,365,,22,,,,,22,,,,,false,"Julie Fahey (Democrat) ran unopposed in HD 14. There was no Democrat-vs-Republican race, so it is left out of the two-party figures.",false,,,,,,,,,,,,,,SD 7 was not on the ballot in 2024. Oregon senators serve four-year terms; this seat is next up in 2026.
Lane,4500,9,,5,,522,552,15,0,<10,<10,<10,15,<10,48.6,Mrkvicka,Wright,394,664,0,,,,,<10,,37.24,-11.36,1.5,true,,true,Beaudreau,Anderson,467,616,0,,,,<10,,43.12,-5.48,-0.8,
Lane,719,14,,7,,210,224,0,<10,0,<10,0,<10,<10,48.39,Fahey,,227,,23,,,,,23,,,,,false,"Julie Fahey (Democrat) ran unopposed in HD 14. There was no Democrat-vs-Republican race, so it is left out of the two-party figures.",false,,,,,,,,,,,,,,SD 7 was not on the ballot in 2024. Oregon senators serve four-year terms; this seat is next up in 2026.
Lane,1120,14,,7,,1577,325,104,<10,15,32,16,27,14,82.91,Fahey,,1432,,43,,,,,43,,,,,false,"Julie Fahey (Democrat) ran unopposed in HD 14. There was no Democrat-vs-Republican race, so it is left out of the two-party figures.",false,,,,,,,,,,,,,,SD 7 was not on the ballot in 2024. Oregon senators serve four-year terms; this seat is next up in 2026.
Lane,1780,14,,7,,1057,435,86,0,14,23,12,26,11,70.84,Fahey,,1022,,78,,,,,78,,,,,false,"Julie Fahey (Democrat) ran unopposed in HD 14. There was no Democrat-vs-Republican race, so it is left out of the two-party figures.",false,,,,,,,,,,,,,,SD 7 was not on the ballot in 2024. Oregon senators serve four-year terms; this seat is next up in 2026.
Lane,1126,8,,4,,4134,363,183,<10,11,73,29,46,24,91.93,Fragala,,3589,,56,,,,,56,,,,,false,"Lisa Fragala (Democrat) ran unopposed in HD 8. There was no Democrat-vs-Republican race, so it is left out of the two-party figures.",false,,,,,,,,,,,,,,SD 4 was not on the ballot in 2024. Oregon senators serve four-year terms; this seat is next up in 2026.
Lane,4200,12,,6,,495,420,29,0,<10,<10,0,19,10,54.1,Emmons,Harbick,429,464,0,,,,,<10,,48.04,-6.06,2.4,true,,false,,,,,,,,,,,,,,SD 6 was not on the ballot in 2024. Oregon senators serve four-year terms; this seat is next up in 2026.
Lane,1562,13,,7,,3773,1930,193,<10,30,42,14,57,50,66.16,Nathanson,Sutherland,3600,1977,0,,,,,<10,,64.55,-1.61,2.2,true,,false,,,,,,,,,,,,,,SD 7 was not on the ballot in 2024. Oregon senators serve four-year terms; this seat is next up in 2026.
Lane,1670,14,,7,,3630,2630,237,<10,29,31,13,122,42,57.99,Fahey,,3842,,277,,,,,277,,,,,false,"Julie Fahey (Democrat) ran unopposed in HD 14. There was no Democrat-vs-Republican race, so it is left out of the two-party figures.",false,,,,,,,,,,,,,,SD 7 was not on the ballot in 2024. Oregon senators serve four-year terms; this seat is next up in 2026.
Lane,723,8,,4,,1815,812,99,<10,15,23,<10,38,23,69.09,Fragala,,1636,,84,,,,,84,,,,,false,"Lisa Fragala (Democrat) ran unopposed in HD 8. There was no Democrat-vs-Republican race, so it is left out of the two-party figures.",false,,,,,,,,,,,,,,SD 4 was not on the ballot in 2024. Oregon senators serve four-year terms; this seat is next up in 2026.
Lane,2122,7,,4,,2456,1670,177,<10,21,40,<10,81,35,59.52,Lively,Burket,2426,1642,0,,,,,<10,,59.64,0.12,1.4,true,,false,,,,,,,,,,,,,,SD 4 was not on the ballot in 2024. Oregon senators serve four-year terms; this seat is next up in 2026.
Lane,765,12,,6,,1034,1378,63,<10,<10,12,<10,41,10,42.87,Emmons,Harbick,950,1432,0,,,,,<10,,39.88,-2.99,1.2,true,,false,,,,,,,,,,,,,,SD 6 was not on the ballot in 2024. Oregon senators serve four-year terms; this seat is next up in 2026.
Lane,4600,9,,5,,3284,2493,177,<10,14,33,<10,90,40,56.85,Mrkvicka,Wright,2619,3021,23,,,,,23,,46.44,-10.41,2.4,true,,true,Beaudreau,Anderson,3000,2758,0,,,,<10,,52.1,-4.75,0.3,
Lane,1672,14,,7,,2844,1790,170,<10,22,26,11,80,31,61.37,Fahey,,2974,,194,,,,,194,,,,,false,"Julie Fahey (Democrat) ran unopposed in HD 14. There was no Democrat-vs-Republican race, so it is left out of the two-party figures.",false,,,,,,,,,,,,,,SD 7 was not on the ballot in 2024. Oregon senators serve four-year terms; this seat is next up in 2026.
Lane,1892,14,,7,,3768,1101,215,<10,16,73,25,69,32,77.39,Fahey,,3598,,124,,,,,124,,,,,false,"Julie Fahey (Democrat) ran unopposed in HD 14. There was no Democrat-vs-Republican race, so it is left out of the two-party figures.",false,,,,,,,,,,,,,,SD 7 was not on the ballot in 2024. Oregon senators serve four-year terms; this seat is next up in 2026.
Lane,751,12,,6,,1873,2485,147,<10,20,20,<10,67,40,42.98,Emmons,Harbick,1608,2707,0,,,,,<10,,37.27,-5.71,1,true,,false,,,,,,,,,,,,,,SD 6 was not on the ballot in 2024. Oregon senators serve four-year terms; this seat is next up in 2026.
Lane,1124,14,,7,,1010,171,31,0,<10,18,<10,13,<10,85.52,Fahey,,866,,20,,,,,20,,,,,false,"Julie Fahey (Democrat) ran unopposed in HD 14. There was no Democrat-vs-Republican race, so it is left out of the two-party figures.",false,,,,,,,,,,,,,,SD 7 was not on the ballot in 2024. Oregon senators serve four-year terms; this seat is next up in 2026.
Lane,2456,7,,4,,2387,2027,164,0,18,32,10,73,31,54.08,Lively,Burket,2365,1954,0,,,,,<10,,54.76,0.68,2.2,true,,false,,,,,,,,,,,,,,SD 4 was not on the ballot in 2024. Oregon senators serve four-year terms; this seat is next up in 2026.
Lane,731,13,,7,,2926,1797,210,<10,17,55,12,90,36,61.95,Nathanson,Sutherland,2789,1819,0,,,,,<10,,60.53,-1.42,2.4,true,,false,,,,,,,,,,,,,,SD 7 was not on the ballot in 2024. Oregon senators serve four-year terms; this seat is next up in 2026.
Lane,1452,13,,7,,3045,1199,159,<10,20,35,10,54,40,71.75,Nathanson,Sutherland,2916,1247,0,,,,,<10,,70.05,-1.7,1.9,true,,false,,,,,,,,,,,,,,SD 7 was not on the ballot in 2024. Oregon senators serve four-year terms; this seat is next up in 2026.
Lane,705,9,,5,,1138,974,41,<10,<10,11,<10,30,<10,53.88,Mrkvicka,Wright,913,1149,0,,,,,<10,,44.28,-9.6,2.4,true,,true,Beaudreau,Anderson,1033,1064,0,,,,0,,49.26,-4.62,0.7,
Lane,757,12,,6,,1124,1431,68,<10,11,<10,<10,45,12,43.99,Emmons,Harbick,991,1531,0,,,,,<10,,39.29,-4.7,1.3,true,,false,,,,,,,,,,,,,,SD 6 was not on the ballot in 2024. Oregon senators serve four-year terms; this seat is next up in 2026.
Lane,4300,12,,6,,2352,2665,201,<10,28,29,11,99,34,46.88,Emmons,Harbick,2117,2756,10,,,,,10,,43.44,-3.44,2.9,true,,false,,,,,,,,,,,,,,SD 6 was not on the ballot in 2024. Oregon senators serve four-year terms; this seat is next up in 2026.
Lane,1784,13,13/12,7,,2692,1235,134,<10,19,33,<10,62,20,68.55,Nathanson,Sutherland,2470,1188,0,,,,,<10,,67.52,-1.03,6.9,true,,false,,,,,,,,,,,,,,SD 7 was not on the ballot in 2024. Oregon senators serve four-year terms; this seat is next up in 2026.
Lane,1234,12,,6,,2803,414,146,0,10,44,20,39,33,87.13,Emmons,Harbick,2615,522,0,,,,,<10,,83.36,-3.77,2.5,true,,false,,,,,,,,,,,,,,SD 6 was not on the ballot in 2024. Oregon senators serve four-year terms; this seat is next up in 2026.
Lane,1894,14,14/8,7,,2827,826,106,<10,11,30,<10,36,29,77.39,Fahey,,2452,,45,,,,,45,,,,,false,"Julie Fahey (Democrat) ran unopposed in HD 14. There was no Democrat-vs-Republican race, so it is left out of the two-party figures.",false,,,,,,,,,,,,,,SD 7 was not on the ballot in 2024. Oregon senators serve four-year terms; this seat is next up in 2026.
Lane,707,9,,5,,281,390,17,<10,0,<10,0,17,<10,41.88,Mrkvicka,Wright,223,439,0,,,,,0,,33.69,-8.19,1.3,true,,true,Beaudreau,Anderson,261,410,0,,,,0,,38.9,-2.98,0,
Lane,1786,13,,7,,1398,1037,67,<10,<10,<10,<10,43,24,57.41,Nathanson,Sutherland,1325,1049,0,,,,,<10,,55.81,-1.6,2.5,true,,false,,,,,,,,,,,,,,SD 7 was not on the ballot in 2024. Oregon senators serve four-year terms; this seat is next up in 2026.
Lane,727,14,,7,,661,970,34,0,<10,<10,<10,24,10,40.53,Fahey,,746,,87,,,,,87,,,,,false,"Julie Fahey (Democrat) ran unopposed in HD 14. There was no Democrat-vs-Republican race, so it is left out of the two-party figures.",false,,,,,,,,,,,,,,SD 7 was not on the ballot in 2024. Oregon senators serve four-year terms; this seat is next up in 2026.
Lane,729,13,,7,,318,202,0,0,<10,<10,<10,<10,<10,61.15,Nathanson,Sutherland,302,201,0,,,,,0,,60.04,-1.11,3.3,true,,false,,,,,,,,,,,,,,SD 7 was not on the ballot in 2024. Oregon senators serve four-year terms; this seat is next up in 2026.
Lane,711,9,,5,,1704,2049,132,<10,13,30,<10,61,28,45.4,Mrkvicka,Wright,1422,2162,12,,,,,12,,39.68,-5.72,4.5,true,,true,Beaudreau,Anderson,1544,2130,0,,,,<10,,42.03,-3.37,2.1,
Lane,759,12,,6,,1234,1328,88,<10,10,19,<10,34,25,48.17,Emmons,Harbick,1108,1497,0,,,,,<10,,42.53,-5.64,-1.7,true,,false,,,,,,,,,,,,,,SD 6 was not on the ballot in 2024. Oregon senators serve four-year terms; this seat is next up in 2026.
Lane,4800,12,,6,,657,833,37,0,<10,<10,<10,37,<10,44.09,Emmons,Harbick,638,833,0,,,,,<10,,43.37,-0.72,1.3,true,,false,,,,,,,,,,,,,,SD 6 was not on the ballot in 2024. Oregon senators serve four-year terms; this seat is next up in 2026.
Lane,739,7,,4,,1005,860,51,<10,<10,<10,<10,38,13,53.89,Lively,Burket,998,844,0,,,,,<10,,54.18,0.29,1.2,true,,false,,,,,,,,,,,,,,SD 4 was not on the ballot in 2024. Oregon senators serve four-year terms; this seat is next up in 2026.
Lane,1564,13,,7,,4639,1622,218,<10,30,54,14,72,48,74.09,Nathanson,Sutherland,4443,1670,0,,,,,<10,,72.68,-1.41,2.4,true,,false,,,,,,,,,,,,,,SD 7 was not on the ballot in 2024. Oregon senators serve four-year terms; this seat is next up in 2026.
Lane,2562,7,,4,,2758,2510,187,<10,24,37,<10,94,32,52.35,Lively,Burket,2704,2466,0,,,,,<10,,52.3,-0.05,1.9,true,,false,,,,,,,,,,,,,,SD 4 was not on the ballot in 2024. Oregon senators serve four-year terms; this seat is next up in 2026.
Lane,747,12,,6,,1877,2952,177,<10,17,41,<10,86,33,38.87,Emmons,Harbick,1685,3049,0,,,,,<10,,35.59,-3.28,2,true,,false,,,,,,,,,,,,,,SD 6 was not on the ballot in 2024. Oregon senators serve four-year terms; this seat is next up in 2026.
Lane,2676,7,,4,,2780,3011,220,<10,30,29,11,102,48,48.01,Lively,Burket,2655,3068,0,,,,,<10,,46.39,-1.62,1.2,true,,false,,,,,,,,,,,,,,SD 4 was not on the ballot in 2024. Oregon senators serve four-year terms; this seat is next up in 2026.
Lane,1454,8,,4,,1364,359,45,0,<10,17,10,18,<10,79.16,Fragala,,1222,,55,,,,,55,,,,,false,"Lisa Fragala (Democrat) ran unopposed in HD 8. There was no Democrat-vs-Republican race, so it is left out of the two-party figures.",false,,,,,,,,,,,,,,SD 4 was not on the ballot in 2024. Oregon senators serve four-year terms; this seat is next up in 2026.
Lane,725,8,,4,,717,1138,65,<10,10,11,<10,34,10,38.65,Fragala,,761,,116,,,,,116,,,,,false,"Lisa Fragala (Democrat) ran unopposed in HD 8. There was no Democrat-vs-Republican race, so it is left out of the two-party figures.",false,,,,,,,,,,,,,,SD 4 was not on the ballot in 2024. Oregon senators serve four-year terms; this seat is next up in 2026.
Lane,713,10,,5,,389,739,11,0,<10,<10,0,11,<10,34.49,Gomberg,,572,,33,,,,,33,,,,,false,"David Gomberg (Democrat) ran unopposed in HD 10. There was no Democrat-vs-Republican race, so it is left out of the two-party figures.",true,Beaudreau,Anderson,324,784,0,,,,<10,,29.24,-5.25,1.8,
Lane,1230,8,,4,,4670,480,242,<10,20,92,32,54,44,90.68,Fragala,,4056,,90,,,,,90,,,,,false,"Lisa Fragala (Democrat) ran unopposed in HD 8. There was no Democrat-vs-Republican race, so it is left out of the two-party figures.",false,,,,,,,,,,,,,,SD 4 was not on the ballot in 2024. Oregon senators serve four-year terms; this seat is next up in 2026.
Lane,733,13,,7,,4077,1759,262,<10,23,69,20,114,36,69.86,Nathanson,Sutherland,3951,1761,0,,,,,<10,,69.17,-0.69,2.1,true,,false,,,,,,,,,,,,,,SD 7 was not on the ballot in 2024. Oregon senators serve four-year terms; this seat is next up in 2026.
Lane,1890,14,,7,,1683,1162,133,<10,15,25,<10,71,22,59.16,Fahey,,1809,,164,,,,,164,,,,,false,"Julie Fahey (Democrat) ran unopposed in HD 14. There was no Democrat-vs-Republican race, so it is left out of the two-party figures.",false,,,,,,,,,,,,,,SD 7 was not on the ballot in 2024. Oregon senators serve four-year terms; this seat is next up in 2026.
Lane,703,10,,5,,148,111,0,0,0,<10,<10,<10,<10,57.14,Gomberg,,180,,0,,,,,<10,,,,,false,"David Gomberg (Democrat) ran unopposed in HD 10. There was no Democrat-vs-Republican race, so it is left out of the two-party figures.",true,Beaudreau,Anderson,143,117,0,,,,<10,,55,-2.14,-0.4,
Lane,741,13,13/8,7,,537,283,24,<10,<10,11,<10,13,<10,65.49,Nathanson,Sutherland,504,283,0,,,,,<10,,64.04,-1.45,4,true,,false,,,,,,,,,,,,,,SD 7 was not on the ballot in 2024. Oregon senators serve four-year terms; this seat is next up in 2026.
Lane,717,14,,7,,1130,1670,100,<10,11,20,<10,46,23,40.36,Fahey,,1344,,160,,,,,160,,,,,false,"Julie Fahey (Democrat) ran unopposed in HD 14. There was no Democrat-vs-Republican race, so it is left out of the two-party figures.",false,,,,,,,,,,,,,,SD 7 was not on the ballot in 2024. Oregon senators serve four-year terms; this seat is next up in 2026.
Lane,4400,12,,6,,1237,1692,97,<10,16,16,<10,54,11,42.23,Emmons,Harbick,1081,1785,0,,,,,<10,,37.72,-4.51,2.2,true,,false,,,,,,,,,,,,,,SD 6 was not on the ballot in 2024. Oregon senators serve four-year terms; this seat is next up in 2026.
Lane,701,10,,5,,777,733,33,0,<10,13,<10,20,<10,51.46,Gomberg,,902,,39,,,,,39,,,,,false,"David Gomberg (Democrat) ran unopposed in HD 10. There was no Democrat-vs-Republican race, so it is left out of the two-party figures.",true,Beaudreau,Anderson,717,788,0,,,,<10,,47.64,-3.82,0.3,
Lane,737,7,,4,,1743,1579,121,<10,10,20,<10,57,34,52.47,Lively,Burket,1699,1616,0,,,,,<10,,51.25,-1.22,0.2,true,,false,,,,,,,,,,,,,,SD 4 was not on the ballot in 2024. Oregon senators serve four-year terms; this seat is next up in 2026.
Lane,715,12,,6,,625,1057,37,<10,<10,<10,<10,24,13,37.16,Emmons,Harbick,539,1105,0,,,,,<10,,32.79,-4.37,2.3,true,,false,,,,,,,,,,,,,,SD 6 was not on the ballot in 2024. Oregon senators serve four-year terms; this seat is next up in 2026.
Lane,1340,8,,4,,4626,444,229,0,11,100,26,39,53,91.24,Fragala,,3994,,77,,,,,77,,,,,false,"Lisa Fragala (Democrat) ran unopposed in HD 8. There was no Democrat-vs-Republican race, so it is left out of the two-party figures.",false,,,,,,,,,,,,,,SD 4 was not on the ballot in 2024. Oregon senators serve four-year terms; this seat is next up in 2026.
Baker,19,60,,30,,52,215,10,1,0,1,1,7,0,19.48,,Owens,,215,3,,,,,3,,,,,false,"Mark Owens (Republican, also the Democratic nominee) ran unopposed in HD 60. There was no Democrat-vs-Republican race, so it is left out of the two-party figures.",true,,McLane,,226,3,,,,3,,,,,"Mike McLane (Republican, also the Democratic nominee) ran unopposed in SD 30. There was no Democrat-vs-Republican race, so it is left out of the two-party figures."
Baker,26,60,,30,,15,77,5,0,0,1,0,2,2,16.3,,Owens,,78,0,,,,,0,,,,,false,"Mark Owens (Republican, also the Democratic nominee) ran unopposed in HD 60. There was no Democrat-vs-Republican race, so it is left out of the two-party figures.",true,,McLane,,75,1,,,,1,,,,,"Mike McLane (Republican, also the Democratic nominee) ran unopposed in SD 30. There was no Democrat-vs-Republican race, so it is left out of the two-party figures."
Baker,17,60,,30,,96,482,19,0,9,1,0,5,4,16.61,,Owens,,456,4,,,,,4,,,,,false,"Mark Owens (Republican, also the Democratic nominee) ran unopposed in HD 60. There was no Democrat-vs-Republican race, so it is left out of the two-party figures.",true,,McLane,,452,4,,,,4,,,,,"Mike McLane (Republican, also the Democratic nominee) ran unopposed in SD 30. There was no Democrat-vs-Republican race, so it is left out of the two-party figures."
Baker,20,60,,30,,19,39,2,1,0,0,0,1,0,32.76,,Owens,,46,1,,,,,1,,,,,false,"Mark Owens (Republican, also the Democratic nominee) ran unopposed in HD 60. There was no Democrat-vs-Republican race, so it is left out of the two-party figures.",true,,McLane,,48,0,,,,0,,,,,"Mike McLane (Republican, also the Democratic nominee) ran unopposed in SD 30. There was no Democrat-vs-Republican race, so it is left out of the two-party figures."
Baker,13,60,,30,,127,596,9,2,1,0,0,5,1,17.57,,Owens,,564,4,,,,,4,,,,,false,"Mark Owens (Republican, also the Democratic nominee) ran unopposed in HD 60. There was no Democrat-vs-Republican race, so it is left out of the two-party figures.",true,,McLane,,553,0,,,,0,,,,,"Mike McLane (Republican, also the Democratic nominee) ran unopposed in SD 30. There was no Democrat-vs-Republican race, so it is left out of the two-party figures."
Baker,1,60,,30,,260,642,32,3,3,1,2,19,4,28.82,,Owens,,677,8,,,,,8,,,,,false,"Mark Owens (Republican, also the Democratic nominee) ran unopposed in HD 60. There was no Democrat-vs-Republican race, so it is left out of the two-party figures.",true,,McLane,,688,9,,,,9,,,,,"Mike McLane (Republican, also the Democratic nominee) ran unopposed in SD 30. There was no Democrat-vs-Republican race, so it is left out of the two-party figures."
Baker,5,60,,30,,305,930,40,0,6,3,1,23,7,24.7,,Owens,,949,7,,,,,7,,,,,false,"Mark Owens (Republican, also the Democratic nominee) ran unopposed in HD 60. There was no Democrat-vs-Republican race, so it is left out of the two-party figures.",true,,McLane,,950,7,,,,7,,,,,"Mike McLane (Republican, also the Democratic nominee) ran unopposed in SD 30. There was no Democrat-vs-Republican race, so it is left out of the two-party figures."
Baker,2,60,,30,,307,608,32,1,2,7,2,15,5,33.55,,Owens,,706,12,,,,,12,,,,,false,"Mark Owens (Republican, also the Democratic nominee) ran unopposed in HD 60. There was no Democrat-vs-Republican race, so it is left out of the two-party figures.",true,,McLane,,708,14,,,,14,,,,,"Mike McLane (Republican, also the Democratic nominee) ran unopposed in SD 30. There was no Democrat-vs-Republican race, so it is left out of the two-party figures."
Baker,3,60,,30,,301,698,36,1,4,6,0,23,2,30.13,,Owens,,715,6,,,,,6,,,,,false,"Mark Owens (Republican, also the Democratic nominee) ran unopposed in HD 60. There was no Democrat-vs-Republican race, so it is left out of the two-party figures.",true,,McLane,,744,6,,,,6,,,,,"Mike McLane (Republican, also the Democratic nominee) ran unopposed in SD 30. There was no Democrat-vs-Republican race, so it is left out of the two-party figures."
Baker,4,60,,30,,299,831,47,1,6,6,2,19,13,26.46,,Owens,,870,11,,,,,11,,,,,false,"Mark Owens (Republican, also the Democratic nominee) ran unopposed in HD 60. There was no Democrat-vs-Republican race, so it is left out of the two-party figures.",true,,McLane,,885,12,,,,12,,,,,"Mike McLane (Republican, also the Democratic nominee) ran unopposed in SD 30. There was no Democrat-vs-Republican race, so it is left out of the two-party figures."
Baker,24,60,,30,,214,592,19,0,2,4,0,10,3,26.55,,Owens,,615,4,,,,,4,,,,,false,"Mark Owens (Republican, also the Democratic nominee) ran unopposed in HD 60. There was no Democrat-vs-Republican race, so it is left out of the two-party figures.",true,,McLane,,587,5,,,,5,,,,,"Mike McLane (Republican, also the Democratic nominee) ran unopposed in SD 30. There was no Democrat-vs-Republican race, so it is left out of the two-party figures."
Baker,25,60,,30,,64,252,6,0,1,0,0,3,2,20.25,,Owens,,236,7,,,,,7,,,,,false,"Mark Owens (Republican, also the Democratic nominee) ran unopposed in HD 60. There was no Democrat-vs-Republican race, so it is left out of the two-party figures.",true,,McLane,,229,5,,,,5,,,,,"Mike McLane (Republican, also the Democratic nominee) ran unopposed in SD 30. There was no Democrat-vs-Republican race, so it is left out of the two-party figures."
Baker,18,60,,30,,3,72,3,0,0,1,0,2,0,4,,Owens,,63,0,,,,,0,,,,,false,"Mark Owens (Republican, also the Democratic nominee) ran unopposed in HD 60. There was no Democrat-vs-Republican race, so it is left out of the two-party figures.",true,,McLane,,61,0,,,,0,,,,,"Mike McLane (Republican, also the Democratic nominee) ran unopposed in SD 30. There was no Democrat-vs-Republican race, so it is left out of the two-party figures."
Baker,21,60,,30,,25,137,7,0,2,0,0,5,0,15.43,,Owens,,127,0,,,,,0,,,,,false,"Mark Owens (Republican, also the Democratic nominee) ran unopposed in HD 60. There was no Democrat-vs-Republican race, so it is left out of the two-party figures.",true,,McLane,,127,0,,,,0,,,,,"Mike McLane (Republican, also the Democratic nominee) ran unopposed in SD 30. There was no Democrat-vs-Republican race, so it is left out of the two-party figures."
Baker,22,60,,30,,188,458,12,0,2,5,0,3,2,29.1,,Owens,,475,9,,,,,9,,,,,false,"Mark Owens (Republican, also the Democratic nominee) ran unopposed in HD 60. There was no Democrat-vs-Republican race, so it is left out of the two-party figures.",true,,McLane,,493,5,,,,5,,,,,"Mike McLane (Republican, also the Democratic nominee) ran unopposed in SD 30. There was no Democrat-vs-Republican race, so it is left out of the two-party figures."
Baker,15,60,,30,,65,361,12,1,5,0,0,6,0,15.26,,Owens,,331,4,,,,,4,,,,,false,"Mark Owens (Republican, also the Democratic nominee) ran unopposed in HD 60. There was no Democrat-vs-Republican race, so it is left out of the two-party figures.",true,,McLane,,351,5,,,,5,,,,,"Mike McLane (Republican, also the Democratic nominee) ran unopposed in SD 30. There was no Democrat-vs-Republican race, so it is left out of the two-party figures."
Baker,14,60,,30,,3,70,0,0,0,0,0,0,0,4.11,,Owens,,63,1,,,,,1,,,,,false,"Mark Owens (Republican, also the Democratic nominee) ran unopposed in HD 60. There was no Democrat-vs-Republican race, so it is left out of the two-party figures.",true,,McLane,,62,1,,,,1,,,,,"Mike McLane (Republican, also the Democratic nominee) ran unopposed in SD 30. There was no Democrat-vs-Republican race, so it is left out of the two-party figures."
Clatsop,Clatsop Plains South,32,,16,,627,639,29,3,5,3,1,13,4,49.53,Davis,Javadi,546,699,2,,,,,2,,43.86,-5.67,1.7,true,,false,,,,,,,,,,,,,,SD 16 was not on the ballot in 2024. Oregon senators serve four-year terms; this seat is next up in 2026.
Clatsop,Lewis & Clark / Cha*,32,,16,,588,809,55,1,4,12,2,27,9,42.09,Davis,Javadi,505,866,1,,,,,1,,36.83,-5.26,1.9,true,,false,,,,,,,,,,,,,,SD 16 was not on the ballot in 2024. Oregon senators serve four-year terms; this seat is next up in 2026.
Clatsop,Astoria East,32,,16,,1227,494,86,0,11,26,5,33,11,71.3,Davis,Javadi,1158,580,2,,,,,2,,66.63,-4.67,-1,true,,false,,,,,,,,,,,,,,SD 16 was not on the ballot in 2024. Oregon senators serve four-year terms; this seat is next up in 2026.
Clatsop,Seaside South,32,,16,,743,458,55,2,3,6,1,35,8,61.87,Davis,Javadi,667,512,4,,,,,4,,56.57,-5.3,1.8,true,,false,,,,,,,,,,,,,,SD 16 was not on the ballot in 2024. Oregon senators serve four-year terms; this seat is next up in 2026.
Clatsop,Astoria West,32,,16,,1944,661,102,5,14,27,7,34,15,74.63,Davis,Javadi,1796,793,4,,,,,4,,69.37,-5.26,0.6,true,,false,,,,,,,,,,,,,,SD 16 was not on the ballot in 2024. Oregon senators serve four-year terms; this seat is next up in 2026.
Clatsop,Warrenton West,32,,16,,991,1233,107,1,15,17,4,53,17,44.56,Davis,Javadi,875,1338,3,,,,,3,,39.54,-5.02,0.5,true,,false,,,,,,,,,,,,,,SD 16 was not on the ballot in 2024. Oregon senators serve four-year terms; this seat is next up in 2026.
Clatsop,Clatsop Plains North,32,,16,,341,419,26,2,2,3,1,16,2,44.87,Davis,Javadi,291,464,0,,,,,0,,38.54,-6.33,0.7,true,,false,,,,,,,,,,,,,,SD 16 was not on the ballot in 2024. Oregon senators serve four-year terms; this seat is next up in 2026.
Clatsop,Westport,32,,16,,109,234,7,0,1,2,0,4,0,31.78,Davis,Javadi,101,226,2,,,,,2,,30.89,-0.89,4.7,true,,false,,,,,,,,,,,,,,SD 16 was not on the ballot in 2024. Oregon senators serve four-year terms; this seat is next up in 2026.
Clatsop,Gearhart,32,,16,,803,492,31,0,4,8,1,12,6,62.01,Davis,Javadi,665,604,1,,,,,1,,52.4,-9.61,2,true,,false,,,,,,,,,,,,,,SD 16 was not on the ballot in 2024. Oregon senators serve four-year terms; this seat is next up in 2026.
Clatsop,Svensen,32,,16,,381,630,23,1,1,5,0,13,3,37.69,Davis,Javadi,345,644,0,,,,,0,,34.88,-2.81,2.2,true,,false,,,,,,,,,,,,,,SD 16 was not on the ballot in 2024. Oregon senators serve four-year terms; this seat is next up in 2026.
Clatsop,Stanley Acres,32,,16,,83,113,9,1,0,3,1,2,2,42.35,Davis,Javadi,72,120,0,,,,,0,,37.5,-4.85,2,true,,false,,,,,,,,,,,,,,SD 16 was not on the ballot in 2024. Oregon senators serve four-year terms; this seat is next up in 2026.
Clatsop,Astoria South,32,,16,,661,258,41,0,3,11,0,23,4,71.93,Davis,Javadi,603,312,2,,,,,2,,65.9,-6.03,0.4,true,,false,,,,,,,,,,,,,,SD 16 was not on the ballot in 2024. Oregon senators serve four-year terms; this seat is next up in 2026.
Clatsop,Jewell,32,,16,,150,214,13,0,1,3,1,6,2,41.21,Davis,Javadi,138,208,1,,,,,1,,39.88,-1.33,4.9,true,,false,,,,,,,,,,,,,,SD 16 was not on the ballot in 2024. Oregon senators serve four-year terms; this seat is next up in 2026.
Clatsop,Seaside East,32,,16,,527,375,22,1,0,1,1,18,1,58.43,Davis,Javadi,449,426,3,,,,,3,,51.31,-7.12,3,true,,false,,,,,,,,,,,,,,SD 16 was not on the ballot in 2024. Oregon senators serve four-year terms; this seat is next up in 2026.
Clatsop,Knappa,32,,16,,461,629,38,2,0,3,2,24,7,42.29,Davis,Javadi,406,669,2,,,,,2,,37.77,-4.52,1.4,true,,false,,,,,,,,,,,,,,SD 16 was not on the ballot in 2024. Oregon senators serve four-year terms; this seat is next up in 2026.
Clatsop,John Day / Walluski,32,,16,,343,352,31,0,4,5,0,16,6,49.35,Davis,Javadi,302,398,0,,,,,0,,43.14,-6.21,-0.7,true,,false,,,,,,,,,,,,,,SD 16 was not on the ballot in 2024. Oregon senators serve four-year terms; this seat is next up in 2026.
Clatsop,Cannon Beach,32,,16,,696,267,48,0,3,9,4,20,12,72.27,Davis,Javadi,611,350,0,,,,,0,,63.58,-8.69,0.2,true,,false,,,,,,,,,,,,,,SD 16 was not on the ballot in 2024. Oregon senators serve four-year terms; this seat is next up in 2026.
Clatsop,Arch Cape,32,,16,,177,45,11,0,1,2,4,3,1,79.73,Davis,Javadi,164,54,0,,,,,0,,75.23,-4.5,1.8,true,,false,,,,,,,,,,,,,,SD 16 was not on the ballot in 2024. Oregon senators serve four-year terms; this seat is next up in 2026.
Clatsop,Hamlet,32,,16,,139,127,11,0,2,2,1,5,1,52.26,Davis,Javadi,120,145,1,,,,,1,,45.28,-6.98,0.4,true,,false,,,,,,,,,,,,,,SD 16 was not on the ballot in 2024. Oregon senators serve four-year terms; this seat is next up in 2026.
Clatsop,Elsie,32,,16,,116,133,11,1,0,2,1,7,0,46.59,Davis,Javadi,104,148,0,,,,,0,,41.27,-5.32,-1.2,true,,false,,,,,,,,,,,,,,SD 16 was not on the ballot in 2024. Oregon senators serve four-year terms; this seat is next up in 2026.
Clatsop,Necanicum,32,,16,,151,185,5,0,1,2,0,1,1,44.94,Davis,Javadi,124,188,0,,,,,0,,39.74,-5.2,7.1,true,,false,,,,,,,,,,,,,,SD 16 was not on the ballot in 2024. Oregon senators serve four-year terms; this seat is next up in 2026.
Clatsop,Seaside West,32,,16,,364,224,19,0,4,2,2,9,2,61.9,Davis,Javadi,332,241,1,,,,,1,,57.94,-3.96,2.6,true,,false,,,,,,,,,,,,,,SD 16 was not on the ballot in 2024. Oregon senators serve four-year terms; this seat is next up in 2026.
Clatsop,Seaside North,32,,16,,337,207,28,2,2,8,1,14,1,61.95,Davis,Javadi,301,242,0,,,,,0,,55.43,-6.52,0.2,true,,false,,,,,,,,,,,,,,SD 16 was not on the ballot in 2024. Oregon senators serve four-year terms; this seat is next up in 2026.
Clatsop,Olney,32,,16,,137,298,11,1,2,4,0,4,0,31.49,Davis,Javadi,122,303,0,,,,,0,,28.71,-2.78,2.3,true,,false,,,,,,,,,,,,,,SD 16 was not on the ballot in 2024. Oregon senators serve four-year terms; this seat is next up in 2026.
Clatsop,Warrenton East,32,,16,,437,417,25,0,2,3,1,16,3,51.17,Davis,Javadi,386,433,2,,,,,2,,47.13,-4.04,4.1,true,,false,,,,,,,,,,,,,,SD 16 was not on the ballot in 2024. Oregon senators serve four-year terms; this seat is next up in 2026.
Columbia,48 S DEER ISLAND,31,,16,,115,249,11,1,0,4,0,6,0,31.59,Gutierrez,Edwards,102,237,10,,9,,,1,Miller (LIB),30.09,-1.5,6.9,true,,false,,,,,,,,,,,,,,SD 16 was not on the ballot in 2024. Oregon senators serve four-year terms; this seat is next up in 2026.
Columbia,14 QUINCY,31,,16,,187,329,17,1,2,5,1,7,1,36.24,Gutierrez,Edwards,172,305,21,,21,,,0,Miller (LIB),36.06,-0.18,7.6,true,,false,,,,,,,,,,,,,,SD 16 was not on the ballot in 2024. Oregon senators serve four-year terms; this seat is next up in 2026.
Columbia,04 N CLATSKANIE-MARSHLAND,32,,16,,230,332,26,1,4,3,0,13,5,40.93,Davis,Javadi,216,342,2,,,,,2,,38.71,-2.22,0.7,true,,false,,,,,,,,,,,,,,SD 16 was not on the ballot in 2024. Oregon senators serve four-year terms; this seat is next up in 2026.
Columbia,01 CITY OF CLATSKANIE,32,,16,,349,519,34,1,3,0,1,26,3,40.21,Davis,Javadi,305,554,1,,,,,1,,35.51,-4.7,1,true,,false,,,,,,,,,,,,,,SD 16 was not on the ballot in 2024. Oregon senators serve four-year terms; this seat is next up in 2026.
Columbia,35 SE SCAPPOOSE,31,,16,,517,567,44,0,5,11,4,13,11,47.69,Gutierrez,Edwards,450,563,33,,31,,,2,Miller (LIB),44.42,-3.27,6.5,true,,false,,,,,,,,,,,,,,SD 16 was not on the ballot in 2024. Oregon senators serve four-year terms; this seat is next up in 2026.
Columbia,34 SCAPPOOSE FOUR,31,,16,,672,613,57,0,8,14,4,27,4,52.3,Gutierrez,Edwards,550,642,49,,47,,,2,Miller (LIB),46.14,-6.16,7.2,true,,false,,,,,,,,,,,,,,SD 16 was not on the ballot in 2024. Oregon senators serve four-year terms; this seat is next up in 2026.
Columbia,31 SCAPPOOSE ONE,31,,16,,332,355,37,0,3,2,1,26,5,48.33,Gutierrez,Edwards,269,382,21,,21,,,0,Miller (LIB),41.32,-7.01,5.2,true,,false,,,,,,,,,,,,,,SD 16 was not on the ballot in 2024. Oregon senators serve four-year terms; this seat is next up in 2026.
Columbia,36 CANYON,31,,16,,219,212,25,5,4,4,1,10,1,50.81,Gutierrez,Edwards,169,243,18,,17,,,1,Miller (LIB),41.02,-9.79,4.4,true,,false,,,,,,,,,,,,,,SD 16 was not on the ballot in 2024. Oregon senators serve four-year terms; this seat is next up in 2026.
Columbia,19 S WARREN,31,,16,,422,530,43,5,4,1,3,17,13,44.33,Gutierrez,Edwards,333,573,27,,23,,,4,Miller (LIB),36.75,-7.58,4.8,true,,false,,,,,,,,,,,,,,SD 16 was not on the ballot in 2024. Oregon senators serve four-year terms; this seat is next up in 2026.
Columbia,12 McNULTY,31,,16,,431,579,38,0,1,5,2,23,7,42.67,Gutierrez,Edwards,348,580,34,,30,,,4,Miller (LIB),37.5,-5.17,8.1,true,,false,,,,,,,,,,,,,,SD 16 was not on the ballot in 2024. Oregon senators serve four-year terms; this seat is next up in 2026.
Columbia,10 MILTON,31,,16,,370,445,26,1,3,5,1,12,4,45.4,Gutierrez,Edwards,305,432,36,,36,,,0,Miller (LIB),41.38,-4.02,9.6,true,,false,,,,,,,,,,,,,,SD 16 was not on the ballot in 2024. Oregon senators serve four-year terms; this seat is next up in 2026.
Columbia,39 SAUVIE ISLAND,31,,16,,29,28,1,0,0,0,0,1,0,50.88,Gutierrez,Edwards,23,28,2,,2,,,0,Miller (LIB),45.1,-5.78,10.5,true,,false,,,,,,,,,,,,,,SD 16 was not on the ballot in 2024. Oregon senators serve four-year terms; this seat is next up in 2026.
Columbia,26 ST HELENS SIX,31,,16,,1088,1420,103,2,13,18,5,54,11,43.38,Gutierrez,Edwards,932,1423,93,,92,,,1,Miller (LIB),39.58,-3.8,6.1,true,,false,,,,,,,,,,,,,,SD 16 was not on the ballot in 2024. Oregon senators serve four-year terms; this seat is next up in 2026.
Columbia,21 ST HELENS ONE,31,,16,,1108,1164,114,5,7,15,3,72,12,48.77,Gutierrez,Edwards,954,1149,112,,109,,,3,Miller (LIB),45.36,-3.41,7.4,true,,false,,,,,,,,,,,,,,SD 16 was not on the ballot in 2024. Oregon senators serve four-year terms; this seat is next up in 2026.
Columbia,47 CHAPMAN,31,,16,,388,422,38,2,6,9,2,16,3,47.9,Gutierrez,Edwards,316,430,38,,32,,,6,Miller (LIB),42.36,-5.54,7.9,true,,false,,,,,,,,,,,,,,SD 16 was not on the ballot in 2024. Oregon senators serve four-year terms; this seat is next up in 2026.
Columbia,41 CITY OF VERNONIA,31,,16,,392,936,57,2,6,15,1,26,7,29.52,Gutierrez,Edwards,344,881,58,,56,,,2,Miller (LIB),28.08,-1.44,7.8,true,,false,,,,,,,,,,,,,,SD 16 was not on the ballot in 2024. Oregon senators serve four-year terms; this seat is next up in 2026.
Columbia,53 CITY OF COLUMBIA CITY,31,,16,,625,690,39,1,6,5,3,20,4,47.53,Gutierrez,Edwards,528,700,43,,41,,,2,Miller (LIB),43,-4.53,6.6,true,,false,,,,,,,,,,,,,,SD 16 was not on the ballot in 2024. Oregon senators serve four-year terms; this seat is next up in 2026.
Columbia,49 N DEER ISLAND,31,,16,,206,361,19,1,1,3,2,11,1,36.33,Gutierrez,Edwards,181,355,17,,15,,,2,Miller (LIB),33.77,-2.56,5.5,true,,false,,,,,,,,,,,,,,SD 16 was not on the ballot in 2024. Oregon senators serve four-year terms; this seat is next up in 2026.
Columbia,08 GOBLE,31,,16,,277,416,33,2,5,4,0,15,7,39.97,Gutierrez,Edwards,238,416,31,,27,,,4,Miller (LIB),36.39,-3.58,5.6,true,,false,,,,,,,,,,,,,,SD 16 was not on the ballot in 2024. Oregon senators serve four-year terms; this seat is next up in 2026.
Columbia,50 PRESCOTT,31,,16,,13,24,3,0,0,0,0,2,1,35.14,Gutierrez,Edwards,12,25,3,,3,,,0,Miller (LIB),32.43,,0,false,"too few votes to compare (HD two-party n=37, President n=37; minimum 50)",false,,,,,,,,,,,,,,SD 16 was not on the ballot in 2024. Oregon senators serve four-year terms; this seat is next up in 2026.
Columbia,40 YANKTON,31,,16,,396,665,32,2,8,3,1,12,6,37.32,Gutierrez,Edwards,322,679,40,,40,,,0,Miller (LIB),32.17,-5.15,5.7,true,,false,,,,,,,,,,,,,,SD 16 was not on the ballot in 2024. Oregon senators serve four-year terms; this seat is next up in 2026.
Columbia,18 E RAINIER,31,,16,,77,114,14,0,0,7,0,5,2,40.31,Gutierrez,Edwards,72,116,7,,7,,,0,Miller (LIB),38.3,-2.01,1.6,true,,false,,,,,,,,,,,,,,SD 16 was not on the ballot in 2024. Oregon senators serve four-year terms; this seat is next up in 2026.
Columbia,15 RAINIER,31,,16,,392,619,34,2,4,5,1,17,5,38.77,Gutierrez,Edwards,349,591,35,,32,,,3,Miller (LIB),37.13,-1.64,7,true,,false,,,,,,,,,,,,,,SD 16 was not on the ballot in 2024. Oregon senators serve four-year terms; this seat is next up in 2026.
Columbia,06 DELENA,31,,16,,407,770,37,2,5,4,2,16,8,34.58,Gutierrez,Edwards,351,750,46,,44,,,2,Miller (LIB),31.88,-2.7,6.5,true,,false,,,,,,,,,,,,,,SD 16 was not on the ballot in 2024. Oregon senators serve four-year terms; this seat is next up in 2026.
Columbia,17 W RAINIER,31,,16,,159,270,9,0,2,1,0,5,1,37.06,Gutierrez,Edwards,131,274,12,,12,,,0,Miller (LIB),32.35,-4.71,5.6,true,,false,,,,,,,,,,,,,,SD 16 was not on the ballot in 2024. Oregon senators serve four-year terms; this seat is next up in 2026.
Columbia,44 RURAL VERNONIA,31,,16,,233,578,26,0,4,4,2,12,4,28.73,Gutierrez,Edwards,202,560,34,,34,,,0,Miller (LIB),26.51,-2.22,6,true,,false,,,,,,,,,,,,,,SD 16 was not on the ballot in 2024. Oregon senators serve four-year terms; this seat is next up in 2026.
Columbia,32 SCAPPOOSE TWO,31,,16,,1159,1087,106,1,11,11,6,66,11,51.6,Gutierrez,Edwards,966,1139,85,,81,,,4,Miller (LIB),45.89,-5.71,6.3,true,,false,,,,,,,,,,,,,,SD 16 was not on the ballot in 2024. Oregon senators serve four-year terms; this seat is next up in 2026.
Columbia,20 N WARREN,31,,16,,275,374,29,0,6,3,4,12,4,42.37,Gutierrez,Edwards,227,382,28,,25,,,3,Miller (LIB),37.27,-5.1,6.2,true,,false,,,,,,,,,,,,,,SD 16 was not on the ballot in 2024. Oregon senators serve four-year terms; this seat is next up in 2026.
Columbia,46 APIARY,31,,16,,198,460,20,0,0,3,2,11,4,30.09,Gutierrez,Edwards,170,446,15,,13,,,2,Miller (LIB),27.6,-2.49,6.4,true,,false,,,,,,,,,,,,,,SD 16 was not on the ballot in 2024. Oregon senators serve four-year terms; this seat is next up in 2026.
Columbia,24 ST HELENS FOUR,31,,16,,1133,1252,93,1,14,20,4,43,11,47.51,Gutierrez,Edwards,948,1276,103,,100,,,3,Miller (LIB),42.63,-4.88,6.8,true,,false,,,,,,,,,,,,,,SD 16 was not on the ballot in 2024. Oregon senators serve four-year terms; this seat is next up in 2026.
Columbia,51 MIST,31,,16,,98,186,10,0,2,2,0,5,1,34.51,Gutierrez,Edwards,82,184,4,,4,,,0,Miller (LIB),30.83,-3.68,6.3,true,,false,,,,,,,,,,,,,,SD 16 was not on the ballot in 2024. Oregon senators serve four-year terms; this seat is next up in 2026.
Columbia,38 W SCAPPOOSE,31,,16,,222,269,19,0,4,5,0,8,2,45.21,Gutierrez,Edwards,186,271,21,,20,,,1,Miller (LIB),40.7,-4.51,6.9,true,,false,,,,,,,,,,,,,,SD 16 was not on the ballot in 2024. Oregon senators serve four-year terms; this seat is next up in 2026.
Columbia,05 S CLATSKANIE,31,,16,,176,392,18,0,3,6,0,5,4,30.99,Gutierrez,Edwards,160,372,17,,15,,,2,Miller (LIB),30.08,-0.91,6.3,true,,false,,,,,,,,,,,,,,SD 16 was not on the ballot in 2024. Oregon senators serve four-year terms; this seat is next up in 2026.
Coos,6,9,,5,,986,981,63,1,6,15,5,27,9,50.13,Mrkvicka,Wright,805,1093,4,,,,,4,,42.41,-7.72,3.5,true,,true,Beaudreau,Anderson,862,1055,7,,,,7,,44.97,-5.16,2.5,
Coos,13,1,,1,,371,854,47,1,6,4,2,25,9,30.29,Cecil,Boice,336,888,1,,,,,1,,27.45,-2.84,0.1,true,,true,Preciado-McAlister,Brock Smith,307,902,8,,,,8,,25.39,-4.9,1.3,
Coos,4,9,,5,,1069,1031,72,4,5,16,2,35,10,50.9,Mrkvicka,Wright,870,1139,3,,,,,3,,43.31,-7.59,4.3,true,,true,Beaudreau,Anderson,953,1074,3,,,,3,,47.02,-3.88,3.5,
Coos,3,9,,5,,1227,1624,126,6,10,19,7,69,15,43.04,Mrkvicka,Wright,938,1871,1,,,,,1,,33.39,-9.65,1.5,true,,true,Beaudreau,Anderson,1045,1775,0,,,,0,,37.06,-5.98,1.1,
Coos,16,1,,1,,1056,937,72,1,6,15,1,35,14,52.99,Cecil,Boice,979,970,1,,,,,1,,50.23,-2.76,2.2,true,,true,Preciado-McAlister,Brock Smith,917,1030,4,,,,4,,47.1,-5.89,2.3,
Coos,5,9,,5,,1515,1803,141,7,12,17,5,85,15,45.66,Mrkvicka,Wright,1273,1944,10,,,,,10,,39.57,-6.09,3,true,,true,Beaudreau,Anderson,1344,1916,5,,,,5,,41.23,-4.43,1.7,
Coos,12,1,,1,,716,1283,69,2,6,8,1,47,5,35.82,Cecil,Boice,651,1292,1,,,,,1,,33.5,-2.32,2.8,true,,true,Preciado-McAlister,Brock Smith,591,1345,2,,,,2,,30.53,-5.29,3.2,
Coos,7,9,,5,,1078,1178,91,3,9,23,3,41,12,47.78,Mrkvicka,Wright,908,1268,5,,,,,5,,41.73,-6.05,3.5,true,,true,Beaudreau,Anderson,968,1246,2,,,,2,,43.72,-4.06,1.9,
Coos,18,1,,1,,128,218,11,0,2,3,0,4,2,36.99,Cecil,Boice,109,223,0,,,,,0,,32.83,-4.16,4,true,,true,Preciado-McAlister,Brock Smith,99,236,1,,,,1,,29.55,-7.44,3.2,
Coos,9,9,,5,,166,156,8,0,1,1,0,6,0,51.55,Mrkvicka,Wright,141,166,0,,,,,0,,45.93,-5.62,4.7,true,,true,Beaudreau,Anderson,152,158,0,,,,0,,49.03,-2.52,3.7,
Coos,1,9,,5,,469,998,26,3,6,1,1,15,0,31.97,Mrkvicka,Wright,377,1035,1,,,,,1,,26.7,-5.27,3.7,true,,true,Beaudreau,Anderson,401,1018,0,,,,0,,28.26,-3.71,3.3,
Coos,2,9,,5,,1027,1733,68,2,6,10,4,35,11,37.21,Mrkvicka,Wright,765,1902,3,,,,,3,,28.68,-8.53,3.4,true,,true,Beaudreau,Anderson,842,1863,2,,,,2,,31.13,-6.08,2,
Coos,8,9,,5,,1186,2058,126,1,11,21,5,77,11,36.56,Mrkvicka,Wright,1009,2157,7,,,,,7,,31.87,-4.69,2.4,true,,true,Beaudreau,Anderson,1075,2085,5,,,,5,,34.02,-2.54,2.6,
Coos,17,1,,1,,1023,1459,77,3,3,18,6,41,6,41.22,Cecil,Boice,917,1500,2,,,,,2,,37.94,-3.28,2.6,true,,true,Preciado-McAlister,Brock Smith,864,1542,4,,,,4,,35.91,-5.31,3.1,
Coos,15,1,,1,,128,347,12,0,0,0,0,11,1,26.95,Cecil,Boice,111,349,0,,,,,0,,24.13,-2.82,3.2,true,,true,Preciado-McAlister,Brock Smith,107,346,0,,,,0,,23.62,-3.33,4.6,
Coos,10,1,,1,,739,1558,59,3,8,6,2,22,18,32.17,Cecil,Boice,646,1592,3,,,,,3,,28.87,-3.3,2.6,true,,true,Preciado-McAlister,Brock Smith,595,1623,9,,,,9,,26.83,-5.34,3.4,
Coos,11,1,,1,,513,1335,60,1,3,6,1,38,11,27.76,Cecil,Boice,473,1328,5,,,,,5,,26.26,-1.5,2.5,true,,true,Preciado-McAlister,Brock Smith,413,1382,10,,,,10,,23.01,-4.75,2.9,
Coos,14,1,,1,,334,1296,27,1,1,3,0,17,5,20.49,Cecil,Boice,304,1271,3,,,,,3,,19.3,-1.19,3.4,true,,true,Preciado-McAlister,Brock Smith,282,1271,14,,,,14,,18.16,-2.33,4.7,
Crook,130004,59,,30,,212,1022,27,0,3,2,1,16,5,17.18,Samp,Breese-Iverson,197,1007,10,,,,,10,,16.36,-0.82,2.4,true,,true,,McLane,,1010,19,,,,19,,,,,"Mike McLane (Republican, also the Democratic nominee) ran unopposed in SD 30. There was no Democrat-vs-Republican race, so it is left out of the two-party figures."
Crook,130012,59,,30,,26,128,7,0,0,2,0,2,3,16.88,Samp,Breese-Iverson,21,136,0,,,,,0,,13.38,-3.5,-1.9,true,,true,,McLane,,121,1,,,,1,,,,,"Mike McLane (Republican, also the Democratic nominee) ran unopposed in SD 30. There was no Democrat-vs-Republican race, so it is left out of the two-party figures."
Crook,130016,59,,30,,138,576,14,1,3,0,0,9,1,19.33,Samp,Breese-Iverson,119,569,6,,,,,6,,17.3,-2.03,3.6,true,,true,,McLane,,552,20,,,,20,,,,,"Mike McLane (Republican, also the Democratic nominee) ran unopposed in SD 30. There was no Democrat-vs-Republican race, so it is left out of the two-party figures."
Crook,130013,59,,30,,160,647,28,0,6,3,0,17,2,19.83,Samp,Breese-Iverson,149,666,2,,,,,2,,18.28,-1.55,-1,true,,true,,McLane,,690,10,,,,10,,,,,"Mike McLane (Republican, also the Democratic nominee) ran unopposed in SD 30. There was no Democrat-vs-Republican race, so it is left out of the two-party figures."
Crook,130011,59,,30,,679,1718,66,1,12,3,0,29,21,28.33,Samp,Breese-Iverson,543,1834,7,,,,,7,,22.84,-5.49,0.8,true,,true,,McLane,,1847,34,,,,34,,,,,"Mike McLane (Republican, also the Democratic nominee) ran unopposed in SD 30. There was no Democrat-vs-Republican race, so it is left out of the two-party figures."
Crook,130015,59,,30,,292,972,39,4,4,4,0,16,11,23.1,Samp,Breese-Iverson,271,980,4,,,,,4,,21.66,-1.44,1,true,,true,,McLane,,943,22,,,,22,,,,,"Mike McLane (Republican, also the Democratic nominee) ran unopposed in SD 30. There was no Democrat-vs-Republican race, so it is left out of the two-party figures."
Crook,130007,59,,30,,46,264,4,0,0,0,0,4,0,14.84,Samp,Breese-Iverson,37,266,0,,,,,0,,12.21,-2.63,2.3,true,,true,,McLane,,238,4,,,,4,,,,,"Mike McLane (Republican, also the Democratic nominee) ran unopposed in SD 30. There was no Democrat-vs-Republican race, so it is left out of the two-party figures."
Crook,130009,59,,30,,38,169,3,0,0,1,0,2,0,18.36,Samp,Breese-Iverson,27,174,0,,,,,0,,13.43,-4.93,2.9,true,,true,,McLane,,157,3,,,,3,,,,,"Mike McLane (Republican, also the Democratic nominee) ran unopposed in SD 30. There was no Democrat-vs-Republican race, so it is left out of the two-party figures."
Crook,130002,59,,30,,110,321,15,2,2,1,0,8,2,25.52,Samp,Breese-Iverson,100,324,1,,,,,1,,23.58,-1.94,1.6,true,,true,,McLane,,339,7,,,,7,,,,,"Mike McLane (Republican, also the Democratic nominee) ran unopposed in SD 30. There was no Democrat-vs-Republican race, so it is left out of the two-party figures."
Crook,130006,59,,30,,262,567,29,0,4,2,1,18,4,31.6,Samp,Breese-Iverson,240,583,2,,,,,2,,29.16,-2.44,0.7,true,,true,,McLane,,632,8,,,,8,,,,,"Mike McLane (Republican, also the Democratic nominee) ran unopposed in SD 30. There was no Democrat-vs-Republican race, so it is left out of the two-party figures."
Crook,130010,59,,30,,136,252,13,1,0,2,0,7,3,35.05,Samp,Breese-Iverson,122,257,0,,,,,0,,32.19,-2.86,2.3,true,,true,,McLane,,304,4,,,,4,,,,,"Mike McLane (Republican, also the Democratic nominee) ran unopposed in SD 30. There was no Democrat-vs-Republican race, so it is left out of the two-party figures."
Crook,130008,59,,30,,159,438,16,0,2,2,1,8,3,26.63,Samp,Breese-Iverson,145,444,4,,,,,4,,24.62,-2.01,1.3,true,,true,,McLane,,487,15,,,,15,,,,,"Mike McLane (Republican, also the Democratic nominee) ran unopposed in SD 30. There was no Democrat-vs-Republican race, so it is left out of the two-party figures."
Crook,130001,59,,30,,148,376,17,1,1,2,1,10,2,28.24,Samp,Breese-Iverson,139,371,5,,,,,5,,27.25,-0.99,2.7,true,,true,,McLane,,427,7,,,,7,,,,,"Mike McLane (Republican, also the Democratic nominee) ran unopposed in SD 30. There was no Democrat-vs-Republican race, so it is left out of the two-party figures."
Crook,130003,59,,30,,79,160,9,1,2,3,0,3,0,33.05,Samp,Breese-Iverson,81,157,0,,,,,0,,34.03,0.98,0.4,true,,true,,McLane,,173,8,,,,8,,,,,"Mike McLane (Republican, also the Democratic nominee) ran unopposed in SD 30. There was no Democrat-vs-Republican race, so it is left out of the two-party figures."
Crook,130005,59,,30,,555,1745,58,2,3,8,2,30,13,24.13,Samp,Breese-Iverson,487,1757,7,,,,,7,,21.7,-2.43,2.4,true,,true,,McLane,,1828,37,,,,37,,,,,"Mike McLane (Republican, also the Democratic nominee) ran unopposed in SD 30. There was no Democrat-vs-Republican race, so it is left out of the two-party figures."
Crook,130014,59,,30,,120,364,15,0,1,0,1,13,0,24.79,Samp,Breese-Iverson,122,344,0,,,,,0,,26.18,1.39,3.7,true,,true,,McLane,,360,10,,,,10,,,,,"Mike McLane (Republican, also the Democratic nominee) ran unopposed in SD 30. There was no Democrat-vs-Republican race, so it is left out of the two-party figures."
Crook,130017,59,,30,,676,2293,92,0,4,12,4,58,14,22.77,Samp,Breese-Iverson,631,2315,7,,,,,7,,21.42,-1.35,0.8,true,,true,,McLane,,2260,50,,,,50,,,,,"Mike McLane (Republican, also the Democratic nominee) ran unopposed in SD 30. There was no Democrat-vs-Republican race, so it is left out of the two-party figures."
Curry,2,1,,1,,165,318,24,0,5,3,0,10,6,34.16,Cecil,Boice,148,330,0,,,,,0,,30.96,-3.2,1,true,,true,Preciado-McAlister,Brock Smith,145,337,0,,,,0,,30.08,-4.08,0.2,
Curry,3,1,,1,,190,201,28,0,9,4,1,12,2,48.59,Cecil,Boice,189,208,2,,,,,2,,47.61,-0.98,-1.5,true,,true,Preciado-McAlister,Brock Smith,174,224,1,,,,1,,43.72,-4.87,-1.8,
Curry,4,1,,1,,64,140,13,0,1,0,0,11,1,31.37,Cecil,Boice,59,146,0,,,,,0,,28.78,-2.59,-0.5,true,,true,Preciado-McAlister,Brock Smith,50,144,1,,,,1,,25.77,-5.6,4.9,
Curry,5,1,,1,,346,284,21,0,1,6,1,10,3,54.92,Cecil,Boice,346,293,0,,,,,0,,54.15,-0.77,-1.4,true,,true,Preciado-McAlister,Brock Smith,323,314,1,,,,1,,50.71,-4.21,-1.1,
Curry,1,1,,1,,45,53,3,0,1,0,0,2,0,45.92,Cecil,Boice,35,59,1,,,,,1,,37.23,-8.69,4.1,true,,true,Preciado-McAlister,Brock Smith,40,54,0,,,,0,,42.55,-3.37,4.1,
Curry,8,1,,1,,193,289,16,1,2,2,1,7,3,40.04,Cecil,Boice,173,302,3,,,,,3,,36.42,-3.62,1.5,true,,true,Preciado-McAlister,Brock Smith,161,311,2,,,,2,,34.11,-5.93,2.1,
Curry,9,1,,1,,310,486,28,0,2,9,0,12,5,38.94,Cecil,Boice,283,501,3,,,,,3,,36.1,-2.84,1.5,true,,true,Preciado-McAlister,Brock Smith,258,522,3,,,,3,,33.08,-5.86,2,
Curry,20,1,,1,,133,226,11,0,1,2,0,8,0,37.05,Cecil,Boice,114,234,2,,,,,2,,32.76,-4.29,3.1,true,,true,Preciado-McAlister,Brock Smith,104,234,1,,,,1,,30.77,-6.28,5.8,
Curry,12,1,,1,,88,132,6,0,0,0,0,6,0,40,Cecil,Boice,80,143,2,,,,,2,,35.87,-4.13,-1.4,true,,true,Preciado-McAlister,Brock Smith,78,142,1,,,,1,,35.45,-4.55,0,
Curry,27,1,,1,,109,207,14,0,2,0,1,9,2,34.49,Cecil,Boice,103,209,1,,,,,1,,33.01,-1.48,1.3,true,,true,Preciado-McAlister,Brock Smith,94,214,2,,,,2,,30.52,-3.97,2.5,
Curry,13,1,,1,,82,160,6,0,0,0,0,4,2,33.88,Cecil,Boice,73,162,4,,,,,4,,31.06,-2.82,2.9,true,,true,Preciado-McAlister,Brock Smith,70,166,2,,,,2,,29.66,-4.22,2.5,
Curry,19,1,,1,,216,457,14,0,0,4,0,8,2,32.1,Cecil,Boice,206,457,6,,,,,6,,31.07,-1.03,1.5,true,,true,Preciado-McAlister,Brock Smith,193,465,3,,,,3,,29.33,-2.77,2.2,
Curry,26,1,,1,,327,466,15,1,2,4,0,6,2,41.24,Cecil,Boice,303,476,4,,,,,4,,38.9,-2.34,1.8,true,,true,Preciado-McAlister,Brock Smith,290,483,4,,,,4,,37.52,-3.72,2.5,
Curry,6,1,,1,,298,190,12,0,1,4,0,5,2,61.07,Cecil,Boice,283,194,3,,,,,3,,59.33,-1.74,2.3,true,,true,Preciado-McAlister,Brock Smith,270,209,2,,,,2,,56.37,-4.7,1.8,
Curry,7,1,,1,,164,87,14,1,4,2,0,5,2,65.34,Cecil,Boice,164,87,0,,,,,0,,65.34,0,0,true,,true,Preciado-McAlister,Brock Smith,150,102,1,,,,1,,59.52,-5.82,-0.4,
Curry,11,1,,1,,318,437,25,0,0,4,2,16,3,42.12,Cecil,Boice,287,458,2,,,,,2,,38.52,-3.6,1.3,true,,true,Preciado-McAlister,Brock Smith,265,474,0,,,,0,,35.86,-6.26,2.1,
Curry,10,1,,1,,218,279,19,2,3,3,0,9,2,43.86,Cecil,Boice,208,288,1,,,,,1,,41.94,-1.92,0.2,true,,true,Preciado-McAlister,Brock Smith,193,301,0,,,,0,,39.07,-4.79,0.6,
Curry,17,1,,1,,644,879,47,2,6,7,1,27,4,42.28,Cecil,Boice,594,902,6,,,,,6,,39.71,-2.57,1.8,true,,true,Preciado-McAlister,Brock Smith,547,944,3,,,,3,,36.69,-5.59,2.1,
Curry,15,1,,1,,174,253,5,0,0,0,0,1,4,40.75,Cecil,Boice,162,253,0,,,,,0,,39.04,-1.71,2.8,true,,true,Preciado-McAlister,Brock Smith,142,269,1,,,,1,,34.55,-6.2,3.7,
Curry,21,1,,1,,109,171,7,1,1,2,0,2,1,38.93,Cecil,Boice,93,181,1,,,,,1,,33.94,-4.99,2.1,true,,true,Preciado-McAlister,Brock Smith,84,181,3,,,,3,,31.7,-7.23,5.4,
Curry,16,1,,1,,474,736,50,0,5,4,1,26,14,39.17,Cecil,Boice,442,751,5,,,,,5,,37.05,-2.12,1.4,true,,true,Preciado-McAlister,Brock Smith,426,769,3,,,,3,,35.65,-3.52,1.2,
Curry,22,1,,1,,183,269,17,1,1,1,1,12,1,40.49,Cecil,Boice,176,262,1,,,,,1,,40.18,-0.31,3.1,true,,true,Preciado-McAlister,Brock Smith,167,269,1,,,,1,,38.3,-2.19,3.5,
Curry,24,1,,1,,221,287,11,0,1,2,0,7,1,43.5,Cecil,Boice,201,295,0,,,,,0,,40.52,-2.98,2.4,true,,true,Preciado-McAlister,Brock Smith,189,302,1,,,,1,,38.49,-5.01,3.3,
Curry,18,1,,1,,169,241,11,0,1,1,0,7,2,41.22,Cecil,Boice,152,247,1,,,,,1,,38.1,-3.12,2.7,true,,true,Preciado-McAlister,Brock Smith,142,250,1,,,,1,,36.22,-5,4.4,
Curry,14,1,,1,,98,220,12,1,0,2,0,6,3,30.82,Cecil,Boice,93,223,0,,,,,0,,29.43,-1.39,0.6,true,,true,Preciado-McAlister,Brock Smith,91,229,0,,,,0,,28.44,-2.38,-0.6,
Curry,23,1,,1,,186,244,25,0,4,2,0,18,1,43.26,Cecil,Boice,165,264,2,,,,,2,,38.46,-4.8,0.2,true,,true,Preciado-McAlister,Brock Smith,158,271,1,,,,1,,36.83,-6.43,0.2,
Curry,25,1,,1,,213,288,9,0,0,1,1,6,1,42.51,Cecil,Boice,202,284,2,,,,,2,,41.56,-0.95,3,true,,true,Preciado-McAlister,Brock Smith,193,294,1,,,,1,,39.63,-2.88,2.8,
Deschutes,38,55,,28,,760,623,58,1,8,7,0,29,13,54.95,Williamson,Reschke,661,663,3,,,,,3,,49.92,-5.03,4.3,true,,true,Gutridge,Linthicum,689,675,0,,,,0,,50.51,-4.44,1.4,
Deschutes,39,55,,28,,2155,3042,166,1,13,18,2,111,21,41.47,Williamson,Reschke,1908,3075,4,,,,,4,,38.29,-3.18,4.1,true,,true,Gutridge,Linthicum,1995,3074,6,,,,6,,39.36,-2.11,2.5,
Deschutes,36,53,,27,,2243,2982,217,2,24,31,9,114,37,42.93,Levy,Lopez,2206,2978,7,,,,,7,,42.55,-0.38,0.8,true,,true,Broadman,Summers,2202,3006,6,,,,6,,42.28,-0.65,0.3,
Deschutes,37,53,,27,,600,516,44,3,5,2,0,24,10,53.76,Levy,Lopez,549,563,0,,,,,0,,49.37,-4.39,0.4,true,,true,Broadman,Summers,564,559,0,,,,0,,50.22,-3.54,-0.6,
Deschutes,1,53,,27,,1910,429,88,3,9,17,3,40,16,81.66,Levy,Lopez,1808,522,2,,,,,2,,77.6,-4.06,0.4,true,,true,Broadman,Summers,1834,507,1,,,,1,,78.34,-3.32,-0.1,
Deschutes,2,54,,27,,1824,1234,118,1,13,12,8,61,23,59.65,Kropf,,1988,,100,,,,,100,,,,,false,"Jason Kropf (Democrat, also the Independent Party and Working Families nominee) ran unopposed in HD 54. There was no Democrat-vs-Republican race, so it is left out of the two-party figures.",true,Broadman,Summers,1729,1319,2,,,,2,,56.73,-2.92,0.3,
Deschutes,30,53,,27,,1502,1014,107,2,7,17,5,49,27,59.7,Levy,Lopez,1429,1076,0,,,,,0,,57.05,-2.65,0.4,true,,true,Broadman,Summers,1433,1087,1,,,,1,,56.87,-2.83,-0.2,
Deschutes,5,54,,27,,2731,1483,177,3,26,27,4,83,34,64.81,Kropf,,2870,,120,,,,,120,,,,,false,"Jason Kropf (Democrat, also the Independent Party and Working Families nominee) ran unopposed in HD 54. There was no Democrat-vs-Republican race, so it is left out of the two-party figures.",true,Broadman,Summers,2605,1596,1,,,,1,,62.01,-2.8,0.3,
Deschutes,31,53,,27,,1347,1574,76,2,5,4,1,33,31,46.11,Levy,Lopez,1249,1640,1,,,,,1,,43.23,-2.88,1.1,true,,true,Broadman,Summers,1242,1661,1,,,,1,,42.78,-3.33,0.6,
Deschutes,6,53,,27,,1802,848,104,2,9,29,3,51,10,68,Levy,Lopez,1750,846,3,,,,,3,,67.41,-0.59,2,true,,true,Broadman,Summers,1751,873,3,,,,3,,66.73,-1.27,1,
Deschutes,18,59,,30,,947,2224,78,0,6,9,0,53,10,29.86,Samp,Breese-Iverson,799,2248,3,,,,,3,,26.22,-3.64,3.9,true,,true,,McLane,,2299,28,,,,28,,,,,"Mike McLane (Republican, also the Democratic nominee) ran unopposed in SD 30. There was no Democrat-vs-Republican race, so it is left out of the two-party figures."
Deschutes,19,53,,27,,362,705,30,3,4,6,0,15,2,33.93,Levy,Lopez,328,702,3,,,,,3,,31.84,-2.09,3.5,true,,true,Broadman,Summers,344,691,2,,,,2,,33.24,-0.69,3,
Deschutes,3,54,,27,,3191,675,147,1,18,37,4,56,31,82.54,Kropf,,3004,,59,,,,,59,,,,,false,"Jason Kropf (Democrat, also the Independent Party and Working Families nominee) ran unopposed in HD 54. There was no Democrat-vs-Republican race, so it is left out of the two-party figures.",true,Broadman,Summers,3015,803,2,,,,2,,78.97,-3.57,1.2,
Deschutes,4,54,,27,,2303,770,107,3,14,22,7,48,13,74.94,Kropf,,2225,,66,,,,,66,,,,,false,"Jason Kropf (Democrat, also the Independent Party and Working Families nominee) ran unopposed in HD 54. There was no Democrat-vs-Republican race, so it is left out of the two-party figures.",true,Broadman,Summers,2175,827,2,,,,2,,72.45,-2.49,2.3,
Deschutes,50,55,,28,,410,992,39,1,1,5,0,28,4,29.24,Williamson,Reschke,371,950,2,,,,,2,,28.08,-1.16,5.8,true,,true,Gutridge,Linthicum,392,959,4,,,,4,,29.02,-0.22,3.6,
Deschutes,23,55,,28,,468,903,51,1,5,6,0,30,9,34.14,Williamson,Reschke,427,888,0,,,,,0,,32.47,-1.67,4.1,true,,true,Gutridge,Linthicum,454,886,0,,,,0,,33.88,-0.26,2.3,
Deschutes,24,55,,28,,253,649,23,0,2,4,3,10,4,28.05,Williamson,Reschke,218,639,0,,,,,0,,25.44,-2.61,5,true,,true,Gutridge,Linthicum,234,634,0,,,,0,,26.96,-1.09,3.8,
Deschutes,21,55,,28,,1155,1653,111,1,11,20,4,44,31,41.13,Williamson,Reschke,974,1731,6,,,,,6,,36.01,-5.12,3.7,true,,true,Gutridge,Linthicum,1033,1754,2,,,,2,,37.06,-4.07,0.7,
Deschutes,22,53,,27,,192,110,12,0,1,0,0,9,2,63.58,Levy,Lopez,171,132,0,,,,,0,,56.44,-7.14,-0.3,true,,true,Broadman,Summers,171,132,0,,,,0,,56.44,-7.14,-0.3,
Deschutes,27,54,,27,,1872,408,89,0,17,23,3,36,10,82.11,Kropf,,1807,,31,,,,,31,,,,,false,"Jason Kropf (Democrat, also the Independent Party and Working Families nominee) ran unopposed in HD 54. There was no Democrat-vs-Republican race, so it is left out of the two-party figures.",true,Broadman,Summers,1785,487,0,,,,0,,78.57,-3.54,0.4,
Deschutes,28,59,,30,,1253,1690,113,0,12,23,5,49,24,42.58,Samp,Breese-Iverson,1106,1743,5,,,,,5,,38.82,-3.76,3.2,true,,true,,McLane,,2053,59,,,,59,,,,,"Mike McLane (Republican, also the Democratic nominee) ran unopposed in SD 30. There was no Democrat-vs-Republican race, so it is left out of the two-party figures."
Deschutes,25,54,,27,,2597,1426,184,5,18,41,9,85,26,64.55,Kropf,,2698,,92,,,,,92,,,,,false,"Jason Kropf (Democrat, also the Independent Party and Working Families nominee) ran unopposed in HD 54. There was no Democrat-vs-Republican race, so it is left out of the two-party figures.",true,Broadman,Summers,2508,1483,1,,,,1,,62.84,-1.71,0.8,
Deschutes,26,53,,27,,1478,970,85,0,12,7,4,46,16,60.38,Levy,Lopez,1394,1006,3,,,,,3,,58.08,-2.3,2,true,,true,Broadman,Summers,1386,1023,3,,,,3,,57.53,-2.85,1.6,
Deschutes,45,53,,27,,523,361,28,0,1,1,1,18,7,59.16,Levy,Lopez,488,385,0,,,,,0,,55.9,-3.26,1.2,true,,true,Broadman,Summers,494,385,1,,,,1,,56.2,-2.96,0.6,
Deschutes,9,54,,27,,1180,665,78,1,14,20,2,28,13,63.96,Kropf,,1278,,50,,,,,50,,,,,false,"Jason Kropf (Democrat, also the Independent Party and Working Families nominee) ran unopposed in HD 54. There was no Democrat-vs-Republican race, so it is left out of the two-party figures.",true,Broadman,Summers,1147,669,0,,,,0,,63.16,-0.8,1.6,
Deschutes,46,54,,27,,2352,1116,148,6,14,38,6,60,24,67.82,Kropf,,2429,,91,,,,,91,,,,,false,"Jason Kropf (Democrat, also the Independent Party and Working Families nominee) ran unopposed in HD 54. There was no Democrat-vs-Republican race, so it is left out of the two-party figures.",true,Broadman,Summers,2262,1195,4,,,,4,,65.43,-2.39,0.3,
Deschutes,20,53,,27,,2643,1891,181,2,21,26,3,92,37,58.29,Levy,Lopez,2537,1922,5,,,,,5,,56.9,-1.39,1.7,true,,true,Broadman,Summers,2541,1957,1,,,,1,,56.49,-1.8,0.8,
Deschutes,43,55,,28,,1093,1531,85,1,14,12,3,38,17,41.65,Williamson,Reschke,912,1608,6,,,,,6,,36.19,-5.46,4,true,,true,Gutridge,Linthicum,985,1602,3,,,,3,,38.07,-3.58,1.4,
Deschutes,7,53,,27,,1139,287,35,1,6,6,1,15,6,79.87,Levy,Lopez,1090,304,1,,,,,1,,78.19,-1.68,2.2,true,,true,Broadman,Summers,1096,316,0,,,,0,,77.62,-2.25,1,
Deschutes,44,54,,27,,1818,1184,119,1,12,12,1,68,25,60.56,Kropf,,1915,,105,,,,,105,,,,,false,"Jason Kropf (Democrat, also the Independent Party and Working Families nominee) ran unopposed in HD 54. There was no Democrat-vs-Republican race, so it is left out of the two-party figures.",true,Broadman,Summers,1732,1247,2,,,,2,,58.14,-2.42,0.8,
Deschutes,8,54,,27,,534,256,29,1,5,3,0,8,12,67.59,Kropf,,529,,17,,,,,17,,,,,false,"Jason Kropf (Democrat, also the Independent Party and Working Families nominee) ran unopposed in HD 54. There was no Democrat-vs-Republican race, so it is left out of the two-party figures.",true,Broadman,Summers,486,308,0,,,,0,,61.21,-6.38,-0.5,
Deschutes,49,53,,27,,313,189,15,0,1,1,0,10,3,62.35,Levy,Lopez,289,207,0,,,,,0,,58.27,-4.08,1.2,true,,true,Broadman,Summers,290,212,0,,,,0,,57.77,-4.58,0,
Deschutes,47,54,,27,,1981,732,77,1,14,9,2,30,21,73.02,Kropf,,1930,,45,,,,,45,,,,,false,"Jason Kropf (Democrat, also the Independent Party and Working Families nominee) ran unopposed in HD 54. There was no Democrat-vs-Republican race, so it is left out of the two-party figures.",true,Broadman,Summers,1810,886,1,,,,1,,67.14,-5.88,0.6,
Deschutes,48,59,,30,,658,1672,66,6,6,6,1,33,14,28.24,Samp,Breese-Iverson,542,1710,5,,,,,5,,24.07,-4.17,3.3,true,,true,,McLane,,1680,26,,,,26,,,,,"Mike McLane (Republican, also the Democratic nominee) ran unopposed in SD 30. There was no Democrat-vs-Republican race, so it is left out of the two-party figures."
Deschutes,41,59,,30,,316,322,22,0,3,3,1,11,4,49.53,Samp,Breese-Iverson,260,363,0,,,,,0,,41.73,-7.8,2.4,true,,true,,McLane,,420,14,,,,14,,,,,"Mike McLane (Republican, also the Democratic nominee) ran unopposed in SD 30. There was no Democrat-vs-Republican race, so it is left out of the two-party figures."
Deschutes,42,55,,28,,1480,1771,113,0,11,21,5,66,10,45.52,Williamson,Reschke,1316,1807,6,,,,,6,,42.14,-3.38,3.9,true,,true,Gutridge,Linthicum,1396,1800,5,,,,5,,43.68,-1.84,1.7,
Deschutes,40,55,,28,,377,772,25,0,2,2,2,16,3,32.81,Williamson,Reschke,323,745,0,,,,,0,,30.24,-2.57,7,true,,true,Gutridge,Linthicum,342,752,0,,,,0,,31.26,-1.55,4.8,
Deschutes,12,53,,27,,329,393,21,0,2,3,1,11,4,45.57,Levy,Lopez,294,420,0,,,,,0,,41.18,-4.39,1.1,true,,true,Broadman,Summers,299,423,0,,,,0,,41.41,-4.16,0,
Deschutes,13,53,,27,,1388,1543,104,0,12,23,4,51,14,47.36,Levy,Lopez,1312,1587,1,,,,,1,,45.26,-2.1,1.1,true,,true,Broadman,Summers,1324,1599,3,,,,3,,45.3,-2.06,0.3,
Deschutes,10,60,,30,,5,31,0,0,0,0,0,0,0,13.89,,Owens,,25,0,,,,,0,,,,,false,"Mark Owens (Republican, also the Democratic nominee) ran unopposed in HD 60. There was no Democrat-vs-Republican race, so it is left out of the two-party figures.",true,,McLane,,26,0,,,,0,,,,,"Mike McLane (Republican, also the Democratic nominee) ran unopposed in SD 30. There was no Democrat-vs-Republican race, so it is left out of the two-party figures."
Deschutes,11,53,,27,,988,395,56,1,7,12,1,26,9,71.44,Levy,Lopez,931,444,2,,,,,2,,67.71,-3.73,0.6,true,,true,Broadman,Summers,947,451,0,,,,0,,67.74,-3.7,-1.1,
Deschutes,16,55,,28,,836,472,31,0,8,3,0,8,12,63.91,Williamson,Reschke,683,557,1,,,,,1,,55.08,-8.83,5.2,true,,true,Gutridge,Linthicum,751,528,2,,,,2,,58.72,-5.19,2.2,
Deschutes,17,53,,27,,2507,3187,248,3,32,17,8,137,51,44.03,Levy,Lopez,2459,3163,15,,,,,15,,43.74,-0.29,1.3,true,,true,Broadman,Summers,2434,3201,5,,,,5,,43.19,-0.84,1,
Deschutes,29,59,,30,,1806,2754,157,3,23,14,3,84,30,39.61,Samp,Breese-Iverson,1584,2803,10,,,,,10,,36.11,-3.5,3.8,true,,true,,McLane,,3333,74,,,,74,,,,,"Mike McLane (Republican, also the Democratic nominee) ran unopposed in SD 30. There was no Democrat-vs-Republican race, so it is left out of the two-party figures."
Deschutes,14,53,,27,,716,804,42,0,8,2,0,18,14,47.11,Levy,Lopez,677,847,0,,,,,0,,44.42,-2.69,-0.3,true,,true,Broadman,Summers,691,844,1,,,,1,,45.02,-2.09,-1,
Deschutes,15,59,,30,,1190,1079,83,0,8,9,2,35,29,52.45,Samp,Breese-Iverson,949,1251,1,,,,,1,,43.14,-9.31,3,true,,true,,McLane,,1457,39,,,,39,,,,,"Mike McLane (Republican, also the Democratic nominee) ran unopposed in SD 30. There was no Democrat-vs-Republican race, so it is left out of the two-party figures."
Deschutes,34,54,,27,,1813,1255,120,2,17,23,3,59,16,59.09,Kropf,,1967,,99,,,,,99,,,,,false,"Jason Kropf (Democrat, also the Independent Party and Working Families nominee) ran unopposed in HD 54. There was no Democrat-vs-Republican race, so it is left out of the two-party figures.",true,Broadman,Summers,1733,1271,0,,,,0,,57.69,-1.4,2.1,
Deschutes,35,53,,27,,3178,1103,120,1,15,8,2,48,46,74.23,Levy,Lopez,2905,1338,3,,,,,3,,68.47,-5.76,0.9,true,,true,Broadman,Summers,2926,1344,2,,,,2,,68.52,-5.71,0.3,
Deschutes,32,54,,27,,1587,726,84,3,10,24,7,35,5,68.61,Kropf,,1593,,56,,,,,56,,,,,false,"Jason Kropf (Democrat, also the Independent Party and Working Families nominee) ran unopposed in HD 54. There was no Democrat-vs-Republican race, so it is left out of the two-party figures.",true,Broadman,Summers,1533,729,2,,,,2,,67.77,-0.84,2.2,
Deschutes,33,54,,27,,2003,1439,106,1,20,13,5,53,14,58.19,Kropf,,2162,,109,,,,,109,,,,,false,"Jason Kropf (Democrat, also the Independent Party and Working Families nominee) ran unopposed in HD 54. There was no Democrat-vs-Republican race, so it is left out of the two-party figures.",true,Broadman,Summers,1913,1526,0,,,,0,,55.63,-2.56,0.1,
Douglas,10,2,,1,,63,62,4,0,0,1,0,2,1,50.4,Warren,Osborne,60,66,0,,,,,0,,47.62,-2.78,-0.8,true,,true,Preciado-McAlister,Brock Smith,55,73,0,,,,0,,42.97,-7.43,-2.4,
Douglas,27,4,,2,,81,275,16,0,2,0,1,10,3,22.75,Chasm,Skarlatos,92,258,1,,,,,1,,26.29,3.54,1.7,true,,true,Thompson,Robinson,80,263,1,,,,1,,23.32,0.57,3.7,
Douglas,28,4,,2,,118,329,11,0,2,3,0,5,1,26.4,Chasm,Skarlatos,112,328,4,,,,,4,,25.45,-0.95,1.6,true,,true,Thompson,Robinson,118,321,1,,,,1,,26.88,0.48,1.8,
Douglas,15,2,,1,,168,339,11,0,0,4,0,6,1,33.14,Warren,Osborne,156,333,2,,,,,2,,31.9,-1.24,3.6,true,,true,Preciado-McAlister,Brock Smith,152,338,0,,,,0,,31.02,-2.12,3.4,
Douglas,14,2,,1,,137,380,24,0,2,2,0,17,3,26.5,Warren,Osborne,137,375,2,,,,,2,,26.76,0.26,1,true,,true,Preciado-McAlister,Brock Smith,129,389,2,,,,2,,24.9,-1.6,-0.2,
Douglas,11,2,,1,,150,333,17,0,4,2,0,10,1,31.06,Warren,Osborne,139,329,2,,,,,2,,29.7,-1.36,3.1,true,,true,Preciado-McAlister,Brock Smith,129,338,5,,,,5,,27.62,-3.44,3.3,
Douglas,24,1,,1,,398,967,48,4,6,10,2,25,1,29.16,Cecil,Boice,376,974,4,,,,,4,,27.85,-1.31,1.1,true,,true,Preciado-McAlister,Brock Smith,338,1004,3,,,,3,,25.19,-3.97,1.7,
Douglas,09,2,,1,,1120,1621,84,0,11,16,1,42,14,40.86,Warren,Osborne,957,1699,11,,,,,11,,36.03,-4.83,3.1,true,,true,Preciado-McAlister,Brock Smith,916,1738,15,,,,15,,34.51,-6.35,3.2,
Douglas,25,4,,2,,242,557,20,0,2,1,0,16,1,30.29,Chasm,Skarlatos,239,548,0,,,,,0,,30.37,0.08,1.5,true,,true,Thompson,Robinson,232,545,0,,,,0,,29.86,-0.43,2.8,
Douglas,07,2,,1,,1136,1771,82,7,9,6,3,40,17,39.08,Warren,Osborne,946,1841,9,,,,,9,,33.94,-5.14,4.1,true,,true,Preciado-McAlister,Brock Smith,914,1885,16,,,,16,,32.65,-6.43,3.7,
Douglas,03,9,,5,,919,1306,72,2,11,16,2,32,9,41.3,Mrkvicka,Wright,735,1475,4,,,,,4,,33.26,-8.04,0.7,true,,true,Beaudreau,Anderson,823,1400,5,,,,5,,37.02,-4.28,0.1,
Douglas,23,1,,1,,391,1045,42,2,4,6,1,23,6,27.23,Cecil,Boice,355,1033,4,,,,,4,,25.58,-1.65,3.3,true,,true,Preciado-McAlister,Brock Smith,319,1078,6,,,,6,,22.83,-4.4,2.7,
Douglas,22,2,,1,,1154,1575,126,2,16,14,4,70,20,42.29,Warren,Osborne,1044,1621,9,,,,,9,,39.17,-3.12,2.3,true,,true,Preciado-McAlister,Brock Smith,1012,1649,11,,,,11,,38.03,-4.26,2.5,
Douglas,08,1,,1,,927,2593,99,1,6,20,2,50,20,26.34,Cecil,Boice,891,2491,10,,,,,10,,26.35,0.01,3.9,true,,true,Preciado-McAlister,Brock Smith,798,2595,10,,,,10,,23.52,-2.82,3.6,
Douglas,26,2,,1,,483,1208,67,2,7,7,4,44,3,28.56,Warren,Osborne,422,1236,2,,,,,2,,25.45,-3.11,2,true,,true,Preciado-McAlister,Brock Smith,400,1256,1,,,,1,,24.15,-4.41,2.1,
Douglas,18,2,,1,,1090,1681,105,2,11,17,1,62,12,39.34,Warren,Osborne,974,1706,8,,,,,8,,36.34,-3,3.3,true,,true,Preciado-McAlister,Brock Smith,948,1725,9,,,,9,,35.47,-3.87,3.5,
Douglas,17,2,,1,,1379,3197,125,3,15,10,1,73,23,30.14,Warren,Osborne,1171,3279,11,,,,,11,,26.31,-3.83,2.8,true,,true,Preciado-McAlister,Brock Smith,1156,3300,8,,,,8,,25.94,-4.2,2.6,
Douglas,29,1,,1,,139,427,13,3,0,2,1,5,2,24.56,Cecil,Boice,124,429,0,,,,,0,,22.42,-2.14,2.3,true,,true,Preciado-McAlister,Brock Smith,115,441,0,,,,0,,20.68,-3.88,1.8,
Douglas,13,2,,1,,1093,2672,105,1,14,12,0,45,33,29.03,Warren,Osborne,883,2812,9,,,,,9,,23.9,-5.13,1.9,true,,true,Preciado-McAlister,Brock Smith,869,2834,9,,,,9,,23.47,-5.56,1.6,
Douglas,06,2,,1,,1002,2256,88,6,9,6,0,45,22,30.76,Warren,Osborne,859,2326,14,,,,,14,,26.97,-3.79,2.2,true,,true,Preciado-McAlister,Brock Smith,831,2354,5,,,,5,,26.09,-4.67,2.2,
Douglas,19,1,1/2,1,,546,1716,73,3,7,11,2,37,13,24.14,Cecil,Boice,540,1675,5,,,,,5,,24.38,0.24,2.1,true,,true,Preciado-McAlister,Brock Smith,472,1734,8,,,,8,,21.4,-2.74,2.5,
Douglas,20,2,,1,,951,2688,89,7,12,13,5,41,11,26.13,Warren,Osborne,836,2710,7,,,,,7,,23.58,-2.55,2.6,true,,true,Preciado-McAlister,Brock Smith,794,2749,7,,,,7,,22.41,-3.72,2.6,
Douglas,01,9,,5,,309,607,34,0,2,10,1,18,3,33.73,Mrkvicka,Wright,256,658,4,,,,,4,,28.01,-5.72,0.2,true,,true,Beaudreau,Anderson,291,633,1,,,,1,,31.49,-2.24,-0.9,
Douglas,12,1,,1,,1021,2677,91,2,11,12,3,44,19,27.61,Cecil,Boice,890,2723,3,,,,,3,,24.63,-2.98,2.3,true,,true,Preciado-McAlister,Brock Smith,816,2807,8,,,,8,,22.52,-5.09,2,
Douglas,21,4,,2,,260,746,31,0,6,5,0,13,7,25.84,Chasm,Skarlatos,260,721,4,,,,,4,,26.5,0.66,2.5,true,,true,Thompson,Robinson,236,747,3,,,,3,,24.01,-1.83,2.3,
Douglas,05,2,,1,,1001,2915,99,4,9,14,0,47,25,25.56,Warren,Osborne,859,2968,13,,,,,13,,22.45,-3.11,2.3,true,,true,Preciado-McAlister,Brock Smith,838,2979,13,,,,13,,21.95,-3.61,2.5,
Douglas,16,4,4/1,2,2/1,684,2215,87,2,6,13,5,46,15,23.59,Chasm,Skarlatos,732,2132,12,,,,,12,,25.56,1.97,1.2,true,,true,Thompson,Robinson,654,2185,7,,,,7,,23.04,-0.55,2.1,
Douglas,04,2,,1,,1171,2897,158,8,17,27,5,68,33,28.79,Warren,Osborne,1059,2952,7,,,,,7,,26.4,-2.39,1.4,true,,true,Preciado-McAlister,Brock Smith,1025,2986,13,,,,13,,25.55,-3.24,1.4,
Douglas,02,2,,1,,253,506,39,1,7,6,3,16,6,33.33,Warren,Osborne,234,521,5,,,,,5,,30.99,-2.34,0.5,true,,true,Preciado-McAlister,Brock Smith,219,519,14,,,,14,,29.67,-3.66,2.8,
Gilliam,#1,57,,29,,93,373,14,0,3,4,0,7,0,19.96,,Smith,,382,9,,,,,9,,,,,false,"Greg Smith (Republican, also the Democratic nominee) ran unopposed in HD 57. There was no Democrat-vs-Republican race, so it is left out of the two-party figures.",true,,Nash,,382,54,,,52,2,Wildbill (NAV),,,,"SD 29 had no Democratic candidate: Todd Nash (Republican, also the Democratic nominee) vs. Tania Wildbill (nonaffiliated). There was no Democrat-vs-Republican race, so it is left out of the two-party figures."
Gilliam,#6,57,,29,,87,190,10,1,3,1,0,3,2,31.41,,Smith,,223,4,,,,,4,,,,,false,"Greg Smith (Republican, also the Democratic nominee) ran unopposed in HD 57. There was no Democrat-vs-Republican race, so it is left out of the two-party figures.",true,,Nash,,214,38,,,36,2,Wildbill (NAV),,,,"SD 29 had no Democratic candidate: Todd Nash (Republican, also the Democratic nominee) vs. Tania Wildbill (nonaffiliated). There was no Democrat-vs-Republican race, so it is left out of the two-party figures."
Gilliam,#7,57,,29,,111,242,14,0,0,4,0,8,2,31.44,,Smith,,273,7,,,,,7,,,,,false,"Greg Smith (Republican, also the Democratic nominee) ran unopposed in HD 57. There was no Democrat-vs-Republican race, so it is left out of the two-party figures.",true,,Nash,,268,38,,,38,0,Wildbill (NAV),,,,"SD 29 had no Democratic candidate: Todd Nash (Republican, also the Democratic nominee) vs. Tania Wildbill (nonaffiliated). There was no Democrat-vs-Republican race, so it is left out of the two-party figures."
Grant,Long Creek,60,,30,,46,210,8,0,0,2,0,4,2,17.97,,Owens,,198,1,,,,,1,,,,,false,"Mark Owens (Republican, also the Democratic nominee) ran unopposed in HD 60. There was no Democrat-vs-Republican race, so it is left out of the two-party figures.",true,,McLane,,206,1,,,,1,,,,,"Mike McLane (Republican, also the Democratic nominee) ran unopposed in SD 30. There was no Democrat-vs-Republican race, so it is left out of the two-party figures."
Grant,North Fork,60,,30,,51,196,4,0,0,0,0,4,0,20.65,,Owens,,189,1,,,,,1,,,,,false,"Mark Owens (Republican, also the Democratic nominee) ran unopposed in HD 60. There was no Democrat-vs-Republican race, so it is left out of the two-party figures.",true,,McLane,,188,1,,,,1,,,,,"Mike McLane (Republican, also the Democratic nominee) ran unopposed in SD 30. There was no Democrat-vs-Republican race, so it is left out of the two-party figures."
Grant,John Day,60,,30,,574,2296,99,3,12,6,1,58,19,20,,Owens,,2232,29,,,,,29,,,,,false,"Mark Owens (Republican, also the Democratic nominee) ran unopposed in HD 60. There was no Democrat-vs-Republican race, so it is left out of the two-party figures.",true,,McLane,,2183,27,,,,27,,,,,"Mike McLane (Republican, also the Democratic nominee) ran unopposed in SD 30. There was no Democrat-vs-Republican race, so it is left out of the two-party figures."
Grant,South Fork,60,,30,,51,163,8,0,0,1,1,6,0,23.83,,Owens,,161,2,,,,,2,,,,,false,"Mark Owens (Republican, also the Democratic nominee) ran unopposed in HD 60. There was no Democrat-vs-Republican race, so it is left out of the two-party figures.",true,,McLane,,158,1,,,,1,,,,,"Mike McLane (Republican, also the Democratic nominee) ran unopposed in SD 30. There was no Democrat-vs-Republican race, so it is left out of the two-party figures."
Grant,Union,60,,30,,94,625,31,1,2,4,1,19,4,13.07,,Owens,,597,6,,,,,6,,,,,false,"Mark Owens (Republican, also the Democratic nominee) ran unopposed in HD 60. There was no Democrat-vs-Republican race, so it is left out of the two-party figures.",true,,McLane,,576,8,,,,8,,,,,"Mike McLane (Republican, also the Democratic nominee) ran unopposed in SD 30. There was no Democrat-vs-Republican race, so it is left out of the two-party figures."
Harney,26,60,,30,,271,1691,53,4,4,3,1,30,11,13.81,,Owens,,1647,27,,,,,27,,,,,false,"Mark Owens (Republican, also the Democratic nominee) ran unopposed in HD 60. There was no Democrat-vs-Republican race, so it is left out of the two-party figures.",true,,McLane,,1401,10,,,,10,,,,,"Mike McLane (Republican, also the Democratic nominee) ran unopposed in SD 30. There was no Democrat-vs-Republican race, so it is left out of the two-party figures."
Harney,21,60,,30,,334,977,62,1,5,7,1,43,5,25.48,,Owens,,1048,26,,,,,26,,,,,false,"Mark Owens (Republican, also the Democratic nominee) ran unopposed in HD 60. There was no Democrat-vs-Republican race, so it is left out of the two-party figures.",true,,McLane,,985,19,,,,19,,,,,"Mike McLane (Republican, also the Democratic nominee) ran unopposed in SD 30. There was no Democrat-vs-Republican race, so it is left out of the two-party figures."
Harney,25,60,,30,,192,639,36,0,4,1,3,23,5,23.1,,Owens,,667,20,,,,,20,,,,,false,"Mark Owens (Republican, also the Democratic nominee) ran unopposed in HD 60. There was no Democrat-vs-Republican race, so it is left out of the two-party figures.",true,,McLane,,623,10,,,,10,,,,,"Mike McLane (Republican, also the Democratic nominee) ran unopposed in SD 30. There was no Democrat-vs-Republican race, so it is left out of the two-party figures."
Hood River,10,52,,26,,422,342,35,1,3,6,0,22,3,55.24,Walden Poublon,Helfrich,383,389,0,,,,,0,,49.61,-5.63,-1,true,,false,,,,,,,,,,,,,,SD 26 was not on the ballot in 2024. Oregon senators serve four-year terms; this seat is next up in 2026.
Hood River,11,52,,26,,535,350,29,0,2,8,2,9,8,60.45,Walden Poublon,Helfrich,473,412,0,,,,,0,,53.45,-7,0,true,,false,,,,,,,,,,,,,,SD 26 was not on the ballot in 2024. Oregon senators serve four-year terms; this seat is next up in 2026.
Hood River,12,52,,26,,348,335,42,0,3,11,1,23,4,50.95,Walden Poublon,Helfrich,316,384,0,,,,,0,,45.14,-5.81,-2.5,true,,false,,,,,,,,,,,,,,SD 26 was not on the ballot in 2024. Oregon senators serve four-year terms; this seat is next up in 2026.
Hood River,13,52,,26,,496,307,20,0,2,2,0,12,4,61.77,Walden Poublon,Helfrich,442,350,1,,,,,1,,55.81,-5.96,1.4,true,,false,,,,,,,,,,,,,,SD 26 was not on the ballot in 2024. Oregon senators serve four-year terms; this seat is next up in 2026.
Hood River,6,52,,26,,605,273,37,2,2,14,0,12,7,68.91,Walden Poublon,Helfrich,543,351,1,,,,,1,,60.74,-8.17,-1.8,true,,false,,,,,,,,,,,,,,SD 26 was not on the ballot in 2024. Oregon senators serve four-year terms; this seat is next up in 2026.
Hood River,7,52,,26,,349,221,24,0,1,4,0,13,6,61.23,Walden Poublon,Helfrich,301,277,1,,,,,1,,52.08,-9.15,-1.4,true,,false,,,,,,,,,,,,,,SD 26 was not on the ballot in 2024. Oregon senators serve four-year terms; this seat is next up in 2026.
Hood River,8,52,,26,,321,214,35,0,7,7,1,11,9,60,Walden Poublon,Helfrich,266,277,0,,,,,0,,48.99,-11.01,-1.5,true,,false,,,,,,,,,,,,,,SD 26 was not on the ballot in 2024. Oregon senators serve four-year terms; this seat is next up in 2026.
Hood River,9,52,,26,,104,97,9,0,2,1,1,4,1,51.74,Walden Poublon,Helfrich,89,109,0,,,,,0,,44.95,-6.79,1.5,true,,false,,,,,,,,,,,,,,SD 26 was not on the ballot in 2024. Oregon senators serve four-year terms; this seat is next up in 2026.
Hood River,1,52,,26,,1218,337,80,2,14,13,5,31,15,78.33,Walden Poublon,Helfrich,1131,438,3,,,,,3,,72.08,-6.25,-0.9,true,,false,,,,,,,,,,,,,,SD 26 was not on the ballot in 2024. Oregon senators serve four-year terms; this seat is next up in 2026.
Hood River,5,52,,26,,519,372,30,1,1,3,0,20,5,58.25,Walden Poublon,Helfrich,470,428,0,,,,,0,,52.34,-5.91,-0.8,true,,false,,,,,,,,,,,,,,SD 26 was not on the ballot in 2024. Oregon senators serve four-year terms; this seat is next up in 2026.
Hood River,2,52,,26,,1564,437,68,0,13,19,1,25,10,78.16,Walden Poublon,Helfrich,1438,563,0,,,,,0,,71.86,-6.3,0,true,,false,,,,,,,,,,,,,,SD 26 was not on the ballot in 2024. Oregon senators serve four-year terms; this seat is next up in 2026.
Hood River,3,52,,26,,689,161,27,0,4,5,2,14,2,81.06,Walden Poublon,Helfrich,618,210,1,,,,,1,,74.64,-6.42,2.6,true,,false,,,,,,,,,,,,,,SD 26 was not on the ballot in 2024. Oregon senators serve four-year terms; this seat is next up in 2026.
Hood River,4,52,,26,,1194,408,53,2,2,11,3,22,13,74.53,Walden Poublon,Helfrich,1077,519,2,,,,,2,,67.48,-7.05,0.4,true,,false,,,,,,,,,,,,,,SD 26 was not on the ballot in 2024. Oregon senators serve four-year terms; this seat is next up in 2026.
Jackson,27,56,56/2,28,28/1,136,402,15,0,2,0,0,11,2,25.28,,McIntire,,428,8,,,,,8,,,,,false,"Emily G McIntire (Republican) ran unopposed in HD 56. There was no Democrat-vs-Republican race, so it is left out of the two-party figures.",true,Gutridge,Linthicum,130,401,2,,,,2,,24.48,-0.8,1.3,
Jackson,43,4,,2,,521,1133,37,1,3,9,0,19,5,31.5,Chasm,Skarlatos,462,1141,1,,,,,1,,28.82,-2.68,3.1,true,,true,Thompson,Robinson,469,1143,2,,,,2,,29.09,-2.41,2.5,
Jackson,24,56,,28,,534,1219,37,0,5,2,0,24,6,30.46,,McIntire,,1290,39,,,,,39,,,,,false,"Emily G McIntire (Republican) ran unopposed in HD 56. There was no Democrat-vs-Republican race, so it is left out of the two-party figures.",true,Gutridge,Linthicum,472,1209,0,,,,0,,28.08,-2.38,4.1,
Jackson,30,56,,28,,59,152,7,0,0,3,0,3,1,27.96,,McIntire,,156,4,,,,,4,,,,,false,"Emily G McIntire (Republican) ran unopposed in HD 56. There was no Democrat-vs-Republican race, so it is left out of the two-party figures.",true,Gutridge,Linthicum,61,152,0,,,,0,,28.64,0.68,-0.9,
Jackson,23,4,,2,,441,806,33,1,2,2,4,16,8,35.36,Chasm,Skarlatos,402,789,4,,,,,4,,33.75,-1.61,4.5,true,,true,Thompson,Robinson,419,789,4,,,,4,,34.69,-0.67,3.1,
Jackson,9,4,,2,,222,448,19,0,2,0,0,16,1,33.13,Chasm,Skarlatos,202,426,1,,,,,1,,32.17,-0.96,6.3,true,,true,Thompson,Robinson,205,445,0,,,,0,,31.54,-1.59,3,
Jackson,10,5,,3,,1318,903,66,2,6,9,4,23,22,59.34,Marsh,Green,1262,951,0,,,,,0,,57.03,-2.31,0.4,true,,false,,,,,,,,,,,,,,SD 3 was not on the ballot in 2024. Oregon senators serve four-year terms; this seat is next up in 2026.
Jackson,46,5,,3,,2846,374,107,1,13,39,12,28,14,88.39,Marsh,Green,2815,394,3,,,,,3,,87.72,-0.67,0.3,true,,false,,,,,,,,,,,,,,SD 3 was not on the ballot in 2024. Oregon senators serve four-year terms; this seat is next up in 2026.
Jackson,31,56,,28,,238,858,27,0,4,4,3,11,5,21.72,,McIntire,,877,13,,,,,13,,,,,false,"Emily G McIntire (Republican) ran unopposed in HD 56. There was no Democrat-vs-Republican race, so it is left out of the two-party figures.",true,Gutridge,Linthicum,230,862,1,,,,1,,21.06,-0.66,0.4,
Jackson,42,4,,2,,458,1286,54,4,6,9,0,33,2,26.26,Chasm,Skarlatos,440,1257,1,,,,,1,,25.93,-0.33,2.7,true,,true,Thompson,Robinson,433,1278,1,,,,1,,25.31,-0.95,1.9,
Jackson,7,4,,2,,493,1031,38,2,4,3,1,20,8,32.35,Chasm,Skarlatos,419,1058,4,,,,,4,,28.37,-3.98,3.1,true,,true,Thompson,Robinson,442,1055,0,,,,0,,29.53,-2.82,1.8,
Jackson,3,56,,28,,160,532,22,0,1,2,1,18,0,23.12,,McIntire,,560,10,,,,,10,,,,,false,"Emily G McIntire (Republican) ran unopposed in HD 56. There was no Democrat-vs-Republican race, so it is left out of the two-party figures.",true,Gutridge,Linthicum,148,529,0,,,,0,,21.86,-1.26,2.2,
Jackson,28,56,,28,,525,1552,47,1,7,12,1,23,3,25.28,,McIntire,,1593,37,,,,,37,,,,,false,"Emily G McIntire (Republican) ran unopposed in HD 56. There was no Democrat-vs-Republican race, so it is left out of the two-party figures.",true,Gutridge,Linthicum,477,1548,3,,,,3,,23.56,-1.72,2.5,
Jackson,36,56,,28,,1014,2206,106,1,15,12,5,62,11,31.49,,McIntire,,2401,73,,,,,73,,,,,false,"Emily G McIntire (Republican) ran unopposed in HD 56. There was no Democrat-vs-Republican race, so it is left out of the two-party figures.",true,Gutridge,Linthicum,972,2131,3,,,,3,,31.32,-0.17,3.6,
Jackson,37,5,,3,,721,397,43,0,5,13,0,19,6,64.49,Marsh,Green,713,409,3,,,,,3,,63.55,-0.94,-0.4,true,,false,,,,,,,,,,,,,,SD 3 was not on the ballot in 2024. Oregon senators serve four-year terms; this seat is next up in 2026.
Jackson,26,5,,3,,2005,952,125,2,14,34,7,50,18,67.81,Marsh,Green,1970,962,4,,,,,4,,67.19,-0.62,0.8,true,,false,,,,,,,,,,,,,,SD 3 was not on the ballot in 2024. Oregon senators serve four-year terms; this seat is next up in 2026.
Jackson,34,56,,28,,341,1261,42,3,3,6,0,21,9,21.29,,McIntire,,1240,24,,,,,24,,,,,false,"Emily G McIntire (Republican) ran unopposed in HD 56. There was no Democrat-vs-Republican race, so it is left out of the two-party figures.",true,Gutridge,Linthicum,320,1253,1,,,,1,,20.34,-0.95,1.8,
Jackson,44,4,,2,,944,2161,76,2,9,9,4,40,12,30.4,Chasm,Skarlatos,873,2150,2,,,,,2,,28.88,-1.52,2.6,true,,true,Thompson,Robinson,888,2167,3,,,,3,,29.07,-1.33,1.6,
Jackson,2,5,,3,,3052,595,145,2,12,56,11,48,16,83.69,Marsh,Green,3012,570,1,,,,,1,,84.09,0.4,1.8,true,,false,,,,,,,,,,,,,,SD 3 was not on the ballot in 2024. Oregon senators serve four-year terms; this seat is next up in 2026.
Jackson,39,5,,3,,1068,1178,75,0,9,19,4,37,6,47.55,Marsh,Green,1059,1137,2,,,,,2,,48.22,0.67,2.2,true,,false,,,,,,,,,,,,,,SD 3 was not on the ballot in 2024. Oregon senators serve four-year terms; this seat is next up in 2026.
Jackson,13,6,,3,,1659,1916,101,2,14,9,3,39,34,46.41,Caballero,Wallan,1355,2193,5,,,,,5,,38.19,-8.22,0.8,true,,false,,,,,,,,,,,,,,SD 3 was not on the ballot in 2024. Oregon senators serve four-year terms; this seat is next up in 2026.
Jackson,6,4,,2,,840,1480,70,0,11,14,3,37,5,36.21,Chasm,Skarlatos,764,1458,1,,,,,1,,34.38,-1.83,4.2,true,,true,Thompson,Robinson,777,1474,1,,,,1,,34.52,-1.69,3,
Jackson,12,6,,3,,1551,1878,102,2,11,17,3,49,20,45.23,Caballero,Wallan,1338,2068,2,,,,,2,,39.28,-5.95,0.7,true,,false,,,,,,,,,,,,,,SD 3 was not on the ballot in 2024. Oregon senators serve four-year terms; this seat is next up in 2026.
Jackson,25,5,,3,,2267,865,122,2,16,32,14,49,9,72.38,Marsh,Green,2262,847,1,,,,,1,,72.76,0.38,0.7,true,,false,,,,,,,,,,,,,,SD 3 was not on the ballot in 2024. Oregon senators serve four-year terms; this seat is next up in 2026.
Jackson,22,5,,3,,1172,957,93,1,12,16,8,39,17,55.05,Marsh,Green,1171,944,2,,,,,2,,55.37,0.32,0.7,true,,false,,,,,,,,,,,,,,SD 3 was not on the ballot in 2024. Oregon senators serve four-year terms; this seat is next up in 2026.
Jackson,14,6,,3,,908,1030,56,1,6,6,3,27,13,46.85,Caballero,Wallan,776,1148,0,,,,,0,,40.33,-6.52,0.7,true,,false,,,,,,,,,,,,,,SD 3 was not on the ballot in 2024. Oregon senators serve four-year terms; this seat is next up in 2026.
Jackson,45,5,,3,,146,196,18,0,1,5,0,11,1,42.69,Marsh,Green,158,197,0,,,,,0,,44.51,1.82,-3.8,true,,false,,,,,,,,,,,,,,SD 3 was not on the ballot in 2024. Oregon senators serve four-year terms; this seat is next up in 2026.
Jackson,11,6,,3,,1604,2385,120,3,20,12,3,62,20,40.21,Caballero,Wallan,1401,2536,11,,,,,11,,35.59,-4.62,1.3,true,,false,,,,,,,,,,,,,,SD 3 was not on the ballot in 2024. Oregon senators serve four-year terms; this seat is next up in 2026.
Jackson,16,5,,3,,2285,1896,121,8,15,23,4,43,28,54.65,Marsh,Green,2216,1892,2,,,,,2,,53.94,-0.71,1.7,true,,false,,,,,,,,,,,,,,SD 3 was not on the ballot in 2024. Oregon senators serve four-year terms; this seat is next up in 2026.
Jackson,20,6,,3,,1421,1696,113,4,17,16,8,56,12,45.59,Caballero,Wallan,1339,1721,2,,,,,2,,43.76,-1.83,1.8,true,,false,,,,,,,,,,,,,,SD 3 was not on the ballot in 2024. Oregon senators serve four-year terms; this seat is next up in 2026.
Jackson,17,5,,3,,1696,2266,143,5,12,13,8,73,32,42.81,Marsh,Green,1634,2229,5,,,,,5,,42.3,-0.51,2.5,true,,false,,,,,,,,,,,,,,SD 3 was not on the ballot in 2024. Oregon senators serve four-year terms; this seat is next up in 2026.
Jackson,18,6,,3,,1019,1204,92,5,13,13,7,44,10,45.84,Caballero,Wallan,992,1214,2,,,,,2,,44.97,-0.87,0.8,true,,false,,,,,,,,,,,,,,SD 3 was not on the ballot in 2024. Oregon senators serve four-year terms; this seat is next up in 2026.
Jackson,5,4,,2,,1318,2240,125,1,16,21,2,57,28,37.04,Chasm,Skarlatos,1180,2276,7,,,,,7,,34.14,-2.9,2.9,true,,true,Thompson,Robinson,1204,2286,3,,,,3,,34.5,-2.54,1.9,
Jackson,48,56,,28,,853,1688,67,3,6,5,0,32,21,33.57,,McIntire,,1919,64,,,,,64,,,,,false,"Emily G McIntire (Republican) ran unopposed in HD 56. There was no Democrat-vs-Republican race, so it is left out of the two-party figures.",true,Gutridge,Linthicum,740,1743,2,,,,2,,29.8,-3.77,2.3,
Jackson,4,4,,2,,792,1637,69,3,5,6,0,40,15,32.61,Chasm,Skarlatos,691,1631,6,,,,,6,,29.76,-2.85,4.4,true,,true,Thompson,Robinson,706,1644,5,,,,5,,30.04,-2.57,3.3,
Jackson,21,6,,3,,749,972,56,0,6,7,3,31,9,43.52,Caballero,Wallan,683,999,0,,,,,0,,40.61,-2.91,2.3,true,,false,,,,,,,,,,,,,,SD 3 was not on the ballot in 2024. Oregon senators serve four-year terms; this seat is next up in 2026.
Jackson,32,5,,3,,585,908,44,0,2,2,2,25,13,39.18,Marsh,Green,579,888,1,,,,,1,,39.47,0.29,1.7,true,,false,,,,,,,,,,,,,,SD 3 was not on the ballot in 2024. Oregon senators serve four-year terms; this seat is next up in 2026.
Jackson,41,4,,2,,1210,2811,108,4,15,16,2,56,15,30.09,Chasm,Skarlatos,1102,2812,3,,,,,3,,28.16,-1.93,2.7,true,,true,Thompson,Robinson,1112,2832,3,,,,3,,28.19,-1.9,1.9,
Jackson,35,5,,3,,954,1306,89,1,15,23,3,39,8,42.21,Marsh,Green,916,1315,1,,,,,1,,41.06,-1.15,1.3,true,,false,,,,,,,,,,,,,,SD 3 was not on the ballot in 2024. Oregon senators serve four-year terms; this seat is next up in 2026.
Jackson,1,5,,3,,3021,392,115,1,2,35,16,40,21,88.51,Marsh,Green,2972,407,3,,,,,3,,87.96,-0.55,1,true,,false,,,,,,,,,,,,,,SD 3 was not on the ballot in 2024. Oregon senators serve four-year terms; this seat is next up in 2026.
Jackson,47,5,,3,,2185,327,110,0,6,40,4,45,15,86.98,Marsh,Green,2163,337,4,,,,,4,,86.52,-0.46,0.5,true,,false,,,,,,,,,,,,,,SD 3 was not on the ballot in 2024. Oregon senators serve four-year terms; this seat is next up in 2026.
Jackson,40,56,,28,,447,1284,42,1,8,7,0,22,4,25.82,,McIntire,,1308,45,,,,,45,,,,,false,"Emily G McIntire (Republican) ran unopposed in HD 56. There was no Democrat-vs-Republican race, so it is left out of the two-party figures.",true,Gutridge,Linthicum,386,1282,0,,,,0,,23.14,-2.68,3.6,
Jackson,38,56,,28,,307,643,23,0,4,5,0,10,4,32.32,,McIntire,,696,17,,,,,17,,,,,false,"Emily G McIntire (Republican) ran unopposed in HD 56. There was no Democrat-vs-Republican race, so it is left out of the two-party figures.",true,Gutridge,Linthicum,258,654,1,,,,1,,28.29,-4.03,4,
Jackson,8,56,,28,,727,2124,81,2,13,14,3,37,12,25.5,,McIntire,,2280,57,,,,,57,,,,,false,"Emily G McIntire (Republican) ran unopposed in HD 56. There was no Democrat-vs-Republican race, so it is left out of the two-party figures.",true,Gutridge,Linthicum,664,2108,5,,,,5,,23.95,-1.55,2.8,
Jackson,49,6,,3,,1650,2063,123,2,13,24,3,69,12,44.44,Caballero,Wallan,1515,2122,7,,,,,7,,41.66,-2.78,2,true,,false,,,,,,,,,,,,,,SD 3 was not on the ballot in 2024. Oregon senators serve four-year terms; this seat is next up in 2026.
Jackson,29,5,,3,,408,670,35,0,3,5,7,9,11,37.85,Marsh,Green,398,674,2,,,,,2,,37.13,-0.72,0.6,true,,false,,,,,,,,,,,,,,SD 3 was not on the ballot in 2024. Oregon senators serve four-year terms; this seat is next up in 2026.
Jackson,50,6,,3,,1206,1722,94,4,8,17,9,45,11,41.19,Caballero,Wallan,1119,1761,2,,,,,2,,38.85,-2.34,1.6,true,,false,,,,,,,,,,,,,,SD 3 was not on the ballot in 2024. Oregon senators serve four-year terms; this seat is next up in 2026.
Jackson,19,6,,3,,1016,984,83,2,16,12,4,35,14,50.8,Caballero,Wallan,945,997,4,,,,,4,,48.66,-2.14,2.9,true,,false,,,,,,,,,,,,,,SD 3 was not on the ballot in 2024. Oregon senators serve four-year terms; this seat is next up in 2026.
Jackson,33,4,,2,,818,1163,67,2,7,9,2,30,17,41.29,Chasm,Skarlatos,745,1213,2,,,,,2,,38.05,-3.24,1.2,true,,true,Thompson,Robinson,753,1218,6,,,,6,,38.2,-3.09,0.5,
Jackson,15,6,,3,,2155,1594,161,7,18,34,6,62,34,57.48,Caballero,Wallan,1945,1798,5,,,,,5,,51.96,-5.52,0.2,true,,false,,,,,,,,,,,,,,SD 3 was not on the ballot in 2024. Oregon senators serve four-year terms; this seat is next up in 2026.
Jefferson,Ashwood,59,,30,,8,20,3,0,0,0,0,2,1,28.57,Samp,Breese-Iverson,8,23,0,,,,,0,,25.81,,-10.7,false,"too few votes to compare (HD two-party n=31, President n=28; minimum 50)",true,,McLane,,22,0,,,,0,,,,,"Mike McLane (Republican, also the Democratic nominee) ran unopposed in SD 30. There was no Democrat-vs-Republican race, so it is left out of the two-party figures."
Jefferson,East Madras,59,,30,,650,928,58,1,6,13,1,27,10,41.19,Samp,Breese-Iverson,569,945,3,,,,,3,,37.58,-3.61,4.1,true,,true,,McLane,,1157,30,,,,30,,,,,"Mike McLane (Republican, also the Democratic nominee) ran unopposed in SD 30. There was no Democrat-vs-Republican race, so it is left out of the two-party figures."
Jefferson,Round Butte,59,,30,,99,337,10,0,1,1,0,4,4,22.71,Samp,Breese-Iverson,79,340,0,,,,,0,,18.85,-3.86,3.9,true,,true,,McLane,,349,0,,,,0,,,,,"Mike McLane (Republican, also the Democratic nominee) ran unopposed in SD 30. There was no Democrat-vs-Republican race, so it is left out of the two-party figures."
Jefferson,West Madras,59,,30,,413,658,46,1,4,6,3,24,8,38.56,Samp,Breese-Iverson,379,662,6,,,,,6,,36.41,-2.15,2.8,true,,true,,McLane,,819,19,,,,19,,,,,"Mike McLane (Republican, also the Democratic nominee) ran unopposed in SD 30. There was no Democrat-vs-Republican race, so it is left out of the two-party figures."
Jefferson,Metolius,59,,30,,141,264,11,0,1,1,0,8,1,34.81,Samp,Breese-Iverson,144,250,0,,,,,0,,36.55,1.74,2.7,true,,true,,McLane,,314,12,,,,12,,,,,"Mike McLane (Republican, also the Democratic nominee) ran unopposed in SD 30. There was no Democrat-vs-Republican race, so it is left out of the two-party figures."
Jefferson,Circle M,59,,30,,37,105,4,1,1,0,0,2,0,26.06,Samp,Breese-Iverson,28,109,0,,,,,0,,20.44,-5.62,3.5,true,,true,,McLane,,106,2,,,,2,,,,,"Mike McLane (Republican, also the Democratic nominee) ran unopposed in SD 30. There was no Democrat-vs-Republican race, so it is left out of the two-party figures."
Jefferson,Suttle Lake,59,,30,,4,11,0,0,0,0,0,0,0,26.67,Samp,Breese-Iverson,5,10,0,,,,,0,,33.33,,0,false,"too few votes to compare (HD two-party n=15, President n=15; minimum 50)",true,,McLane,,8,0,,,,0,,,,,"Mike McLane (Republican, also the Democratic nominee) ran unopposed in SD 30. There was no Democrat-vs-Republican race, so it is left out of the two-party figures."
Jefferson,Culver,59,,30,,189,507,22,0,2,4,3,10,3,27.16,Samp,Breese-Iverson,173,496,6,,,,,6,,25.86,-1.3,3.9,true,,true,,McLane,,545,13,,,,13,,,,,"Mike McLane (Republican, also the Democratic nominee) ran unopposed in SD 30. There was no Democrat-vs-Republican race, so it is left out of the two-party figures."
Jefferson,Crooked River Ranch,59,,30,,948,2230,84,5,2,8,4,51,14,29.83,Samp,Breese-Iverson,819,2262,2,,,,,2,,26.58,-3.25,3.1,true,,true,,McLane,,2393,52,,,,52,,,,,"Mike McLane (Republican, also the Democratic nominee) ran unopposed in SD 30. There was no Democrat-vs-Republican race, so it is left out of the two-party figures."
Jefferson,Warm Springs,57,,29,,522,107,35,0,3,11,2,18,1,82.99,,Smith,,472,25,,,,,25,,,,,false,"Greg Smith (Republican, also the Democratic nominee) ran unopposed in HD 57. There was no Democrat-vs-Republican race, so it is left out of the two-party figures.",true,,Nash,,275,307,,,304,3,Wildbill (NAV),,,,"SD 29 had no Democratic candidate: Todd Nash (Republican, also the Democratic nominee) vs. Tania Wildbill (nonaffiliated). There was no Democrat-vs-Republican race, so it is left out of the two-party figures."
Jefferson,Agency Plains,57,,29,,89,321,5,0,0,0,0,4,1,21.71,,Smith,,338,2,,,,,2,,,,,false,"Greg Smith (Republican, also the Democratic nominee) ran unopposed in HD 57. There was no Democrat-vs-Republican race, so it is left out of the two-party figures.",true,,Nash,,319,49,,,48,1,Wildbill (NAV),,,,"SD 29 had no Democratic candidate: Todd Nash (Republican, also the Democratic nominee) vs. Tania Wildbill (nonaffiliated). There was no Democrat-vs-Republican race, so it is left out of the two-party figures."
Jefferson,Central,59,,30,,243,571,28,0,6,3,1,13,5,29.85,Samp,Breese-Iverson,194,605,1,,,,,1,,24.28,-5.57,1.8,true,,true,,McLane,,616,10,,,,10,,,,,"Mike McLane (Republican, also the Democratic nominee) ran unopposed in SD 30. There was no Democrat-vs-Republican race, so it is left out of the two-party figures."
Jefferson,Lyle Gap,59,,30,,4,13,2,0,0,1,0,1,0,23.53,Samp,Breese-Iverson,3,12,0,,,,,0,,20,,11.8,false,"too few votes to compare (HD two-party n=15, President n=17; minimum 50)",true,,McLane,,14,0,,,,0,,,,,"Mike McLane (Republican, also the Democratic nominee) ran unopposed in SD 30. There was no Democrat-vs-Republican race, so it is left out of the two-party figures."
Jefferson,Sunset,59,,30,,182,356,21,1,3,4,0,8,5,33.83,Samp,Breese-Iverson,146,379,1,,,,,1,,27.81,-6.02,2.4,true,,true,,McLane,,397,13,,,,13,,,,,"Mike McLane (Republican, also the Democratic nominee) ran unopposed in SD 30. There was no Democrat-vs-Republican race, so it is left out of the two-party figures."
Jefferson,Haystack,59,,30,,234,865,17,1,4,2,0,6,4,21.29,Samp,Breese-Iverson,195,861,1,,,,,1,,18.47,-2.82,3.9,true,,true,,McLane,,823,11,,,,11,,,,,"Mike McLane (Republican, also the Democratic nominee) ran unopposed in SD 30. There was no Democrat-vs-Republican race, so it is left out of the two-party figures."
Jefferson,Camp Sherman,59,,30,,152,73,6,0,0,2,0,3,1,67.56,Samp,Breese-Iverson,126,87,1,,,,,1,,59.15,-8.41,5.3,true,,true,,McLane,,118,11,,,,11,,,,,"Mike McLane (Republican, also the Democratic nominee) ran unopposed in SD 30. There was no Democrat-vs-Republican race, so it is left out of the two-party figures."
Jefferson,Kutcher,59,,30,,26,88,3,0,0,1,0,1,1,22.81,Samp,Breese-Iverson,22,88,0,,,,,0,,20,-2.81,3.5,true,,true,,McLane,,83,3,,,,3,,,,,"Mike McLane (Republican, also the Democratic nominee) ran unopposed in SD 30. There was no Democrat-vs-Republican race, so it is left out of the two-party figures."
Josephine,24,3,,2,,165,383,14,0,4,3,0,6,1,30.11,Seligman,Yunker,124,388,15,,,,,15,,24.22,-5.89,6.6,true,,true,Thompson,Robinson,156,375,2,,,,2,,29.38,-0.73,3.1,
Josephine,11,3,,2,,114,156,16,0,4,2,1,8,1,42.22,Seligman,Yunker,92,170,6,,,,,6,,35.11,-7.11,3,true,,true,Thompson,Robinson,111,162,1,,,,1,,40.66,-1.56,-1.1,
Josephine,26,3,,2,,179,349,25,0,1,2,1,11,10,33.9,Seligman,Yunker,158,358,8,,,,,8,,30.62,-3.28,2.3,true,,true,Thompson,Robinson,180,353,0,,,,0,,33.77,-0.13,-0.9,
Josephine,31,3,,2,,1083,1337,102,2,8,31,3,45,13,44.75,Seligman,Yunker,888,1328,92,,,,,92,,40.07,-4.68,8.4,true,,true,Thompson,Robinson,1082,1328,4,,,,4,,44.9,0.15,0.4,
Josephine,16,3,,2,,80,238,12,0,0,4,0,7,1,25.16,Seligman,Yunker,67,241,1,,,,,1,,21.75,-3.41,3.1,true,,true,Thompson,Robinson,72,242,0,,,,0,,22.93,-2.23,1.3,
Josephine,30,3,,2,,364,598,40,1,5,7,3,18,6,37.84,Seligman,Yunker,283,610,29,,,,,29,,31.69,-6.15,7.2,true,,true,Thompson,Robinson,347,603,3,,,,3,,36.53,-1.31,1.2,
Josephine,4,3,,2,,525,647,59,5,9,9,2,27,7,44.8,Seligman,Yunker,419,650,26,,,,,26,,39.2,-5.6,8.8,true,,true,Thompson,Robinson,495,636,1,,,,1,,43.77,-1.03,3.5,
Josephine,21,4,,2,,825,1734,71,1,8,7,2,34,19,32.24,Chasm,Skarlatos,764,1706,5,,,,,5,,30.93,-1.31,3.5,true,,true,Thompson,Robinson,798,1694,7,,,,7,,32.02,-0.22,2.6,
Josephine,18,3,,2,,444,954,48,3,1,9,3,21,11,31.76,Seligman,Yunker,340,977,22,,,,,22,,25.82,-5.94,5.8,true,,true,Thompson,Robinson,426,945,1,,,,1,,31.07,-0.69,1.9,
Josephine,41,4,,2,,26,76,4,0,0,1,0,3,0,25.49,Chasm,Skarlatos,24,72,0,,,,,0,,25,-0.49,5.9,true,,true,Thompson,Robinson,28,68,0,,,,0,,29.17,3.68,5.9,
Josephine,47,3,,2,,50,83,6,1,0,0,1,3,1,37.59,Seligman,Yunker,43,90,0,,,,,0,,32.33,-5.26,0,true,,true,Thompson,Robinson,46,86,3,,,,3,,34.85,-2.74,0.8,
Josephine,17,3,,2,,450,829,28,3,1,4,2,13,5,35.18,Seligman,Yunker,360,847,19,,,,,19,,29.83,-5.35,5.6,true,,true,Thompson,Robinson,423,822,3,,,,3,,33.98,-1.2,2.7,
Josephine,33,3,,2,,192,426,16,0,0,2,0,12,2,31.07,Seligman,Yunker,167,429,3,,,,,3,,28.02,-3.05,3.6,true,,true,Thompson,Robinson,184,418,0,,,,0,,30.56,-0.51,2.6,
Josephine,36,3,,2,,477,1177,49,4,4,7,1,23,10,28.84,Seligman,Yunker,366,1166,42,,,,,42,,23.89,-4.95,7.4,true,,true,Thompson,Robinson,469,1146,4,,,,4,,29.04,0.2,2.4,
Josephine,14,3,,2,,28,61,5,0,1,1,1,1,1,31.46,Seligman,Yunker,31,60,0,,,,,0,,34.07,2.61,-2.2,true,,true,Thompson,Robinson,31,62,0,,,,0,,33.33,1.87,-4.5,
Josephine,20,4,,2,,78,139,10,0,1,1,0,7,1,35.94,Chasm,Skarlatos,74,145,0,,,,,0,,33.79,-2.15,-0.9,true,,true,Thompson,Robinson,74,145,1,,,,1,,33.79,-2.15,-0.9,
Josephine,7,3,,2,,791,1147,78,2,10,15,1,40,10,40.82,Seligman,Yunker,662,1122,52,,,,,52,,37.11,-3.71,7.9,true,,true,Thompson,Robinson,758,1104,5,,,,5,,40.71,-0.11,3.9,
Josephine,2,3,,2,,1693,3112,133,4,9,10,4,78,28,35.23,Seligman,Yunker,1340,3088,90,,,,,90,,30.26,-4.97,7.8,true,,true,Thompson,Robinson,1598,3004,8,,,,8,,34.72,-0.51,4.2,
Josephine,13,3,,2,,66,137,9,0,0,3,0,5,1,32.51,Seligman,Yunker,54,137,5,,,,,5,,28.27,-4.24,5.9,true,,true,Thompson,Robinson,61,141,0,,,,0,,30.2,-2.31,0.5,
Josephine,1,3,,2,,1498,1910,134,4,11,20,10,61,28,43.96,Seligman,Yunker,1162,1937,133,,,,,133,,37.5,-6.46,9.1,true,,true,Thompson,Robinson,1455,1870,8,,,,8,,43.76,-0.2,2.4,
Josephine,34,3,,2,,145,182,9,1,0,1,0,4,3,44.34,Seligman,Yunker,106,184,13,,,,,13,,36.55,-7.79,11.3,true,,true,Thompson,Robinson,142,182,1,,,,1,,43.83,-0.51,0.9,
Josephine,44,3,,2,,63,102,9,1,1,2,1,3,1,38.18,Seligman,Yunker,50,101,9,,,,,9,,33.11,-5.07,8.5,true,,true,Thompson,Robinson,63,99,1,,,,1,,38.89,0.71,1.8,
Josephine,19,3,,2,,431,1128,38,1,3,5,0,15,14,27.65,Seligman,Yunker,362,1119,20,,,,,20,,24.44,-3.21,5,true,,true,Thompson,Robinson,423,1084,2,,,,2,,28.07,0.42,3.3,
Josephine,25,4,,2,,313,675,31,0,8,2,1,15,5,31.68,Chasm,Skarlatos,278,662,1,,,,,1,,29.57,-2.11,4.9,true,,true,Thompson,Robinson,300,656,0,,,,0,,31.38,-0.3,3.2,
Josephine,28,3,,2,,140,309,26,0,7,4,2,11,2,31.18,Seligman,Yunker,116,303,10,,,,,10,,27.68,-3.5,6.7,true,,true,Thompson,Robinson,149,295,0,,,,0,,33.56,2.38,1.1,
Josephine,3,3,,2,,616,886,46,2,6,6,2,18,12,41.01,Seligman,Yunker,486,893,47,,,,,47,,35.24,-5.77,8.2,true,,true,Thompson,Robinson,595,859,4,,,,4,,40.92,-0.09,3.2,
Josephine,23,4,,2,,93,220,10,0,0,1,1,6,2,29.71,Chasm,Skarlatos,80,218,0,,,,,0,,26.85,-2.86,4.8,true,,true,Thompson,Robinson,84,223,0,,,,0,,27.36,-2.35,1.9,
Josephine,39,4,,2,,388,854,34,1,4,6,0,12,11,31.24,Chasm,Skarlatos,354,850,2,,,,,2,,29.4,-1.84,3.1,true,,true,Thompson,Robinson,368,843,4,,,,4,,30.39,-0.85,2.5,
Josephine,35,4,,2,,216,541,19,1,1,7,1,8,1,28.53,Chasm,Skarlatos,202,529,1,,,,,1,,27.63,-0.9,3.4,true,,true,Thompson,Robinson,202,528,1,,,,1,,27.67,-0.86,3.6,
Josephine,32,4,,2,,67,138,6,1,2,1,1,1,0,32.68,Chasm,Skarlatos,63,138,0,,,,,0,,31.34,-1.34,2,true,,true,Thompson,Robinson,63,138,0,,,,0,,31.34,-1.34,2,
Josephine,22,4,,2,,303,799,29,0,4,5,0,16,4,27.5,Chasm,Skarlatos,255,790,2,,,,,2,,24.4,-3.1,5.2,true,,true,Thompson,Robinson,272,787,3,,,,3,,25.68,-1.82,3.9,
Josephine,45,4,,2,,32,90,6,0,0,1,2,1,2,26.23,Chasm,Skarlatos,29,93,0,,,,,0,,23.77,-2.46,0,true,,true,Thompson,Robinson,34,91,0,,,,0,,27.2,0.97,-2.5,
Josephine,42,4,,2,,425,1145,34,0,3,10,0,14,7,27.07,Chasm,Skarlatos,395,1131,2,,,,,2,,25.88,-1.19,2.8,true,,true,Thompson,Robinson,419,1112,4,,,,4,,27.37,0.3,2.5,
Josephine,43,4,,2,,331,822,26,0,2,3,0,18,3,28.71,Chasm,Skarlatos,307,807,4,,,,,4,,27.56,-1.15,3.4,true,,true,Thompson,Robinson,328,790,3,,,,3,,29.34,0.63,3,
Josephine,46,3,,2,,102,164,13,0,1,4,0,7,1,38.35,Seligman,Yunker,92,161,2,,,,,2,,36.36,-1.99,4.9,true,,true,Thompson,Robinson,92,165,1,,,,1,,35.8,-2.55,3.4,
Josephine,15,3,,2,,334,862,31,3,3,5,0,12,8,27.93,Seligman,Yunker,249,882,18,,,,,18,,22.02,-5.91,5.4,true,,true,Thompson,Robinson,325,845,1,,,,1,,27.78,-0.15,2.2,
Josephine,12,3,,2,,109,133,7,0,0,1,0,2,4,45.04,Seligman,Yunker,91,139,4,,,,,4,,39.57,-5.47,5,true,,true,Thompson,Robinson,101,142,0,,,,0,,41.56,-3.48,-0.4,
Josephine,5,3,,2,,568,854,46,2,4,9,2,21,8,39.94,Seligman,Yunker,475,836,32,,,,,32,,36.23,-3.71,7.8,true,,true,Thompson,Robinson,554,810,1,,,,1,,40.62,0.68,4.1,
Josephine,8,3,,2,,1101,1895,94,2,11,12,2,46,21,36.75,Seligman,Yunker,870,1895,52,,,,,52,,31.46,-5.29,7.7,true,,true,Thompson,Robinson,1030,1853,2,,,,2,,35.73,-1.02,3.8,
Josephine,10,3,,2,,80,131,4,1,0,0,0,3,0,37.91,Seligman,Yunker,69,126,4,,,,,4,,35.38,-2.53,7.6,true,,true,Thompson,Robinson,78,128,0,,,,0,,37.86,-0.05,2.4,
Josephine,9,3,,2,,40,87,7,0,1,0,2,2,2,31.5,Seligman,Yunker,36,83,8,,,,,8,,30.25,-1.25,6.3,true,,true,Thompson,Robinson,43,85,0,,,,0,,33.59,2.09,-0.8,
Josephine,37,3,,2,,365,707,48,1,3,8,4,26,6,34.05,Seligman,Yunker,294,733,21,,,,,21,,28.63,-5.42,4.2,true,,true,Thompson,Robinson,347,742,0,,,,0,,31.86,-2.19,-1.6,
Josephine,38,3,,2,,751,1655,73,2,11,10,3,33,14,31.21,Seligman,Yunker,607,1644,44,,,,,44,,26.97,-4.24,6.4,true,,true,Thompson,Robinson,734,1617,2,,,,2,,31.22,0.01,2.3,
Josephine,6,3,,2,,316,567,19,1,4,2,1,8,3,35.79,Seligman,Yunker,238,556,27,,,,,27,,29.97,-5.82,10.1,true,,true,Thompson,Robinson,287,552,2,,,,2,,34.21,-1.58,5,
Josephine,29,3,,2,,9,36,1,0,0,0,0,1,0,20,Seligman,Yunker,6,33,2,,,,,2,,15.38,,13.3,false,"too few votes to compare (HD two-party n=39, President n=45; minimum 50)",true,Thompson,Robinson,11,32,0,,,,0,,25.58,,4.4,"too few votes to compare (SD two-party n=43, President n=45; minimum 50)"
Josephine,40,3,,2,,330,340,32,1,2,9,3,15,2,49.25,Seligman,Yunker,289,332,17,,,,,17,,46.54,-2.71,7.3,true,,true,Thompson,Robinson,337,327,0,,,,0,,50.75,1.5,0.9,
Josephine,27,4,,2,,132,314,14,1,1,4,0,5,3,29.6,Chasm,Skarlatos,131,297,0,,,,,0,,30.61,1.01,4,true,,true,Thompson,Robinson,137,291,0,,,,0,,32.01,2.41,4,
Klamath,38,56,,28,,193,264,13,1,3,4,2,2,1,42.23,,McIntire,,262,18,,,,,18,,,,,false,"Emily G McIntire (Republican) ran unopposed in HD 56. There was no Democrat-vs-Republican race, so it is left out of the two-party figures.",true,Gutridge,Linthicum,188,242,0,,,,0,,43.72,1.49,5.9,
Klamath,39,56,,28,,44,69,6,0,0,2,0,4,0,38.94,,McIntire,,79,2,,,,,2,,,,,false,"Emily G McIntire (Republican) ran unopposed in HD 56. There was no Democrat-vs-Republican race, so it is left out of the two-party figures.",true,Gutridge,Linthicum,44,67,0,,,,0,,39.64,0.7,1.8,
Klamath,36,56,,28,,276,346,39,0,4,13,3,16,3,44.37,,McIntire,,384,22,,,,,22,,,,,false,"Emily G McIntire (Republican) ran unopposed in HD 56. There was no Democrat-vs-Republican race, so it is left out of the two-party figures.",true,Gutridge,Linthicum,277,349,0,,,,0,,44.25,-0.12,-0.6,
Klamath,37,56,,28,,464,469,34,0,3,7,3,15,6,49.73,,McIntire,,517,50,,,,,50,,,,,false,"Emily G McIntire (Republican) ran unopposed in HD 56. There was no Democrat-vs-Republican race, so it is left out of the two-party figures.",true,Gutridge,Linthicum,444,454,2,,,,2,,49.44,-0.29,3.8,
Klamath,1,55,,28,,529,1601,62,1,4,6,2,34,15,24.84,Williamson,Reschke,469,1592,1,,,,,1,,22.76,-2.08,3.2,true,,true,Gutridge,Linthicum,494,1598,0,,,,0,,23.61,-1.23,1.8,
Klamath,2,55,,28,,34,74,3,0,0,0,0,2,1,31.48,Williamson,Reschke,33,77,0,,,,,0,,30,-1.48,-1.9,true,,true,Gutridge,Linthicum,35,76,0,,,,0,,31.53,0.05,-2.8,
Klamath,30,56,,28,,300,533,41,0,6,1,0,31,3,36.01,,McIntire,,582,33,,,,,33,,,,,false,"Emily G McIntire (Republican) ran unopposed in HD 56. There was no Democrat-vs-Republican race, so it is left out of the two-party figures.",true,Gutridge,Linthicum,289,537,2,,,,2,,34.99,-1.02,0.8,
Klamath,5,55,,28,,111,90,9,0,0,4,0,4,1,55.22,Williamson,Reschke,106,90,0,,,,,0,,54.08,-1.14,2.5,true,,true,Gutridge,Linthicum,110,91,0,,,,0,,54.73,-0.49,0,
Klamath,31,56,,28,,444,508,48,1,11,6,0,23,7,46.64,,McIntire,,610,47,,,,,47,,,,,false,"Emily G McIntire (Republican) ran unopposed in HD 56. There was no Democrat-vs-Republican race, so it is left out of the two-party figures.",true,Gutridge,Linthicum,431,516,3,,,,3,,45.51,-1.13,0.5,
Klamath,6,55,,28,,95,370,5,0,3,0,0,2,0,20.43,Williamson,Reschke,100,352,0,,,,,0,,22.12,1.69,2.8,true,,true,Gutridge,Linthicum,94,366,0,,,,0,,20.43,0,1.1,
Klamath,18,56,,28,,253,840,29,3,2,7,0,12,5,23.15,,McIntire,,854,18,,,,,18,,,,,false,"Emily G McIntire (Republican) ran unopposed in HD 56. There was no Democrat-vs-Republican race, so it is left out of the two-party figures.",true,Gutridge,Linthicum,238,825,3,,,,3,,22.39,-0.76,2.7,
Klamath,19,55,,28,,27,56,4,0,1,0,0,1,2,32.53,Williamson,Reschke,24,57,0,,,,,0,,29.63,-2.9,2.4,true,,true,Gutridge,Linthicum,24,56,0,,,,0,,30,-2.53,3.6,
Klamath,3,55,,28,,78,137,3,0,0,2,0,1,0,36.28,Williamson,Reschke,68,137,0,,,,,0,,33.17,-3.11,4.7,true,,true,Gutridge,Linthicum,71,136,0,,,,0,,34.3,-1.98,3.7,
Klamath,4,55,,28,,268,818,27,3,4,2,1,14,3,24.68,Williamson,Reschke,247,803,0,,,,,0,,23.52,-1.16,3.3,true,,true,Gutridge,Linthicum,256,803,0,,,,0,,24.17,-0.51,2.5,
Klamath,23,55,,28,,530,1520,59,4,4,5,1,37,8,25.85,Williamson,Reschke,479,1485,4,,,,,4,,24.39,-1.46,4.2,true,,true,Gutridge,Linthicum,513,1479,2,,,,2,,25.75,-0.1,2.8,
Klamath,24,55,,28,,148,373,11,0,2,1,1,5,2,28.41,Williamson,Reschke,130,361,0,,,,,0,,26.48,-1.93,5.8,true,,true,Gutridge,Linthicum,134,359,1,,,,1,,27.18,-1.23,5.4,
Klamath,21,55,,28,,546,1316,55,1,10,9,1,20,14,29.32,Williamson,Reschke,503,1304,2,,,,,2,,27.84,-1.48,3,true,,true,Gutridge,Linthicum,539,1286,3,,,,3,,29.53,0.21,2,
Klamath,22,56,,28,,36,157,9,0,1,1,0,5,2,18.65,,McIntire,,147,1,,,,,1,,,,,false,"Emily G McIntire (Republican) ran unopposed in HD 56. There was no Democrat-vs-Republican race, so it is left out of the two-party figures.",true,Gutridge,Linthicum,38,152,0,,,,0,,20,1.35,1.6,
Klamath,27,55,,28,,444,1092,31,2,2,3,1,16,7,28.91,Williamson,Reschke,385,1071,1,,,,,1,,26.44,-2.47,5.2,true,,true,Gutridge,Linthicum,398,1077,2,,,,2,,26.98,-1.93,4,
Klamath,28,55,,28,,47,203,6,0,1,2,0,3,0,18.8,Williamson,Reschke,39,204,0,,,,,0,,16.05,-2.75,2.8,true,,true,Gutridge,Linthicum,50,197,0,,,,0,,20.24,1.44,1.2,
Klamath,25,55,,28,,279,662,38,0,3,8,1,22,4,29.65,Williamson,Reschke,251,670,1,,,,,1,,27.25,-2.4,2.1,true,,true,Gutridge,Linthicum,267,663,3,,,,3,,28.71,-0.94,1.2,
Klamath,26,55,,28,,296,1024,25,0,1,2,0,19,3,22.42,Williamson,Reschke,263,1016,1,,,,,1,,20.56,-1.86,3.1,true,,true,Gutridge,Linthicum,286,995,5,,,,5,,22.33,-0.09,3,
Klamath,9,55,,28,,102,515,17,0,2,2,1,11,1,16.53,Williamson,Reschke,94,504,2,,,,,2,,15.72,-0.81,3.1,true,,true,Gutridge,Linthicum,99,503,2,,,,2,,16.45,-0.08,2.4,
Klamath,20,55,,28,,210,593,24,0,3,4,0,16,1,26.15,Williamson,Reschke,187,574,0,,,,,0,,24.57,-1.58,5.2,true,,true,Gutridge,Linthicum,197,569,3,,,,3,,25.72,-0.43,4.6,
Klamath,43,56,,28,,243,245,21,2,0,1,0,14,4,49.8,,McIntire,,282,24,,,,,24,,,,,false,"Emily G McIntire (Republican) ran unopposed in HD 56. There was no Democrat-vs-Republican race, so it is left out of the two-party figures.",true,Gutridge,Linthicum,234,238,1,,,,1,,49.58,-0.22,3.3,
Klamath,7,56,,28,,756,2128,59,4,7,12,0,31,5,26.21,,McIntire,,2143,65,,,,,65,,,,,false,"Emily G McIntire (Republican) ran unopposed in HD 56. There was no Democrat-vs-Republican race, so it is left out of the two-party figures.",true,Gutridge,Linthicum,671,2147,5,,,,5,,23.81,-2.4,2.3,
Klamath,8,55,,28,,126,415,19,1,3,0,2,13,0,23.29,Williamson,Reschke,107,424,1,,,,,1,,20.15,-3.14,1.8,true,,true,Gutridge,Linthicum,114,419,2,,,,2,,21.39,-1.9,1.5,
Klamath,41,56,,28,,354,615,32,0,2,4,0,23,3,36.53,,McIntire,,658,17,,,,,17,,,,,false,"Emily G McIntire (Republican) ran unopposed in HD 56. There was no Democrat-vs-Republican race, so it is left out of the two-party figures.",true,Gutridge,Linthicum,314,613,2,,,,2,,33.87,-2.66,4.3,
Klamath,42,56,,28,,121,311,9,0,1,0,1,5,2,28.01,,McIntire,,326,12,,,,,12,,,,,false,"Emily G McIntire (Republican) ran unopposed in HD 56. There was no Democrat-vs-Republican race, so it is left out of the two-party figures.",true,Gutridge,Linthicum,113,300,0,,,,0,,27.36,-0.65,4.4,
Klamath,40,56,,28,,259,313,18,1,2,6,0,8,1,45.28,,McIntire,,367,19,,,,,19,,,,,false,"Emily G McIntire (Republican) ran unopposed in HD 56. There was no Democrat-vs-Republican race, so it is left out of the two-party figures.",true,Gutridge,Linthicum,250,291,0,,,,0,,46.21,0.93,5.4,
Klamath,12,55,,28,,144,657,18,0,4,3,0,9,2,17.98,Williamson,Reschke,115,684,1,,,,,1,,14.39,-3.59,0.2,true,,true,Gutridge,Linthicum,132,664,0,,,,0,,16.58,-1.4,0.6,
Klamath,13,55,,28,,266,1833,55,4,3,9,0,30,9,12.67,Williamson,Reschke,232,1819,1,,,,,1,,11.31,-1.36,2.3,true,,true,Gutridge,Linthicum,270,1810,5,,,,5,,12.98,0.31,0.9,
Klamath,10,56,,28,,371,490,23,0,3,4,2,7,7,43.09,,McIntire,,542,57,,,,,57,,,,,false,"Emily G McIntire (Republican) ran unopposed in HD 56. There was no Democrat-vs-Republican race, so it is left out of the two-party figures.",true,Gutridge,Linthicum,326,512,1,,,,1,,38.9,-4.19,2.7,
Klamath,11,56,,28,,236,792,24,0,2,4,1,15,2,22.96,,McIntire,,776,24,,,,,24,,,,,false,"Emily G McIntire (Republican) ran unopposed in HD 56. There was no Democrat-vs-Republican race, so it is left out of the two-party figures.",true,Gutridge,Linthicum,223,780,1,,,,1,,22.23,-0.73,2.4,
Klamath,16,55,,28,,50,154,13,2,2,1,0,7,1,24.51,Williamson,Reschke,47,161,0,,,,,0,,22.6,-1.91,-2,true,,true,Gutridge,Linthicum,51,157,0,,,,0,,24.52,0.01,-2,
Klamath,17,55,,28,,75,232,6,0,4,0,0,1,1,24.43,Williamson,Reschke,64,234,0,,,,,0,,21.48,-2.95,2.9,true,,true,Gutridge,Linthicum,75,224,2,,,,2,,25.08,0.65,2.6,
Klamath,41A,56,,28,,54,95,3,0,0,1,0,2,0,36.24,,McIntire,,101,3,,,,,3,,,,,false,"Emily G McIntire (Republican) ran unopposed in HD 56. There was no Democrat-vs-Republican race, so it is left out of the two-party figures.",true,Gutridge,Linthicum,54,89,0,,,,0,,37.76,1.52,4,
Klamath,29,56,,28,,284,796,26,5,1,1,0,13,6,26.3,,McIntire,,835,18,,,,,18,,,,,false,"Emily G McIntire (Republican) ran unopposed in HD 56. There was no Democrat-vs-Republican race, so it is left out of the two-party figures.",true,Gutridge,Linthicum,272,771,2,,,,2,,26.08,-0.22,3.4,
Klamath,14,55,,28,,32,138,2,1,0,0,0,1,0,18.82,Williamson,Reschke,29,133,0,,,,,0,,17.9,-0.92,4.7,true,,true,Gutridge,Linthicum,30,131,0,,,,0,,18.63,-0.19,5.3,
Klamath,29A,56,,28,,53,139,2,0,2,0,0,0,0,27.6,,McIntire,,149,4,,,,,4,,,,,false,"Emily G McIntire (Republican) ran unopposed in HD 56. There was no Democrat-vs-Republican race, so it is left out of the two-party figures.",true,Gutridge,Linthicum,45,142,0,,,,0,,24.06,-3.54,2.6,
Klamath,15,55,,28,,114,858,11,0,0,2,0,7,2,11.73,Williamson,Reschke,83,845,2,,,,,2,,8.94,-2.79,4.5,true,,true,Gutridge,Linthicum,97,842,6,,,,6,,10.33,-1.4,3.4,
Klamath,34,56,,28,,212,330,26,0,2,4,2,13,5,39.11,,McIntire,,387,18,,,,,18,,,,,false,"Emily G McIntire (Republican) ran unopposed in HD 56. There was no Democrat-vs-Republican race, so it is left out of the two-party figures.",true,Gutridge,Linthicum,200,338,1,,,,1,,37.17,-1.94,0.7,
Klamath,35,56,,28,,121,160,7,0,0,1,0,4,2,43.06,,McIntire,,174,6,,,,,6,,,,,false,"Emily G McIntire (Republican) ran unopposed in HD 56. There was no Democrat-vs-Republican race, so it is left out of the two-party figures.",true,Gutridge,Linthicum,106,162,0,,,,0,,39.55,-3.51,4.6,
Klamath,32,56,,28,,170,277,9,0,2,0,1,4,2,38.03,,McIntire,,287,9,,,,,9,,,,,false,"Emily G McIntire (Republican) ran unopposed in HD 56. There was no Democrat-vs-Republican race, so it is left out of the two-party figures.",true,Gutridge,Linthicum,151,282,0,,,,0,,34.87,-3.16,3.1,
Klamath,33,56,,28,,61,67,3,0,0,1,0,2,0,47.66,,McIntire,,75,8,,,,,8,,,,,false,"Emily G McIntire (Republican) ran unopposed in HD 56. There was no Democrat-vs-Republican race, so it is left out of the two-party figures.",true,Gutridge,Linthicum,57,63,1,,,,1,,47.5,-0.16,6.3,
Lake,5,60,,30,,5,56,0,0,0,0,0,0,0,8.2,,Owens,,48,0,,,,,0,,,,,false,"Mark Owens (Republican, also the Democratic nominee) ran unopposed in HD 60. There was no Democrat-vs-Republican race, so it is left out of the two-party figures.",true,,McLane,,48,0,,,,0,,,,,"Mike McLane (Republican, also the Democratic nominee) ran unopposed in SD 30. There was no Democrat-vs-Republican race, so it is left out of the two-party figures."
Lake,2,60,,30,,26,61,0,0,0,0,0,0,0,29.89,,Owens,,69,3,,,,,3,,,,,false,"Mark Owens (Republican, also the Democratic nominee) ran unopposed in HD 60. There was no Democrat-vs-Republican race, so it is left out of the two-party figures.",true,,McLane,,62,5,,,,5,,,,,"Mike McLane (Republican, also the Democratic nominee) ran unopposed in SD 30. There was no Democrat-vs-Republican race, so it is left out of the two-party figures."
Lake,8,60,,30,,54,168,8,1,0,1,0,5,1,24.32,,Owens,,167,0,,,,,0,,,,,false,"Mark Owens (Republican, also the Democratic nominee) ran unopposed in HD 60. There was no Democrat-vs-Republican race, so it is left out of the two-party figures.",true,,McLane,,164,0,,,,0,,,,,"Mike McLane (Republican, also the Democratic nominee) ran unopposed in SD 30. There was no Democrat-vs-Republican race, so it is left out of the two-party figures."
Lake,6,60,,30,,3,62,1,0,1,0,0,0,0,4.62,,Owens,,60,0,,,,,0,,,,,false,"Mark Owens (Republican, also the Democratic nominee) ran unopposed in HD 60. There was no Democrat-vs-Republican race, so it is left out of the two-party figures.",true,,McLane,,59,0,,,,0,,,,,"Mike McLane (Republican, also the Democratic nominee) ran unopposed in SD 30. There was no Democrat-vs-Republican race, so it is left out of the two-party figures."
Lake,12,60,,30,,65,461,10,0,1,1,0,6,2,12.36,,Owens,,406,2,,,,,2,,,,,false,"Mark Owens (Republican, also the Democratic nominee) ran unopposed in HD 60. There was no Democrat-vs-Republican race, so it is left out of the two-party figures.",true,,McLane,,422,2,,,,2,,,,,"Mike McLane (Republican, also the Democratic nominee) ran unopposed in SD 30. There was no Democrat-vs-Republican race, so it is left out of the two-party figures."
Lake,13,60,,30,,157,711,24,1,3,3,0,14,3,18.09,,Owens,,685,8,,,,,8,,,,,false,"Mark Owens (Republican, also the Democratic nominee) ran unopposed in HD 60. There was no Democrat-vs-Republican race, so it is left out of the two-party figures.",true,,McLane,,695,13,,,,13,,,,,"Mike McLane (Republican, also the Democratic nominee) ran unopposed in SD 30. There was no Democrat-vs-Republican race, so it is left out of the two-party figures."
Lake,10,60,,30,,20,215,3,0,1,1,0,1,0,8.51,,Owens,,178,1,,,,,1,,,,,false,"Mark Owens (Republican, also the Democratic nominee) ran unopposed in HD 60. There was no Democrat-vs-Republican race, so it is left out of the two-party figures.",true,,McLane,,182,1,,,,1,,,,,"Mike McLane (Republican, also the Democratic nominee) ran unopposed in SD 30. There was no Democrat-vs-Republican race, so it is left out of the two-party figures."
Lake,11,60,,30,,37,216,6,0,1,1,0,4,0,14.62,,Owens,,216,3,,,,,3,,,,,false,"Mark Owens (Republican, also the Democratic nominee) ran unopposed in HD 60. There was no Democrat-vs-Republican race, so it is left out of the two-party figures.",true,,McLane,,217,2,,,,2,,,,,"Mike McLane (Republican, also the Democratic nominee) ran unopposed in SD 30. There was no Democrat-vs-Republican race, so it is left out of the two-party figures."
Lake,15,60,,30,,25,92,6,1,1,0,0,4,0,21.37,,Owens,,97,0,,,,,0,,,,,false,"Mark Owens (Republican, also the Democratic nominee) ran unopposed in HD 60. There was no Democrat-vs-Republican race, so it is left out of the two-party figures.",true,,McLane,,95,0,,,,0,,,,,"Mike McLane (Republican, also the Democratic nominee) ran unopposed in SD 30. There was no Democrat-vs-Republican race, so it is left out of the two-party figures."
Lake,14,60,,30,,20,124,2,0,0,0,0,1,1,13.89,,Owens,,111,0,,,,,0,,,,,false,"Mark Owens (Republican, also the Democratic nominee) ran unopposed in HD 60. There was no Democrat-vs-Republican race, so it is left out of the two-party figures.",true,,McLane,,104,0,,,,0,,,,,"Mike McLane (Republican, also the Democratic nominee) ran unopposed in SD 30. There was no Democrat-vs-Republican race, so it is left out of the two-party figures."
Lake,1,60,,30,,28,109,3,0,0,1,0,2,0,20.44,,Owens,,102,1,,,,,1,,,,,false,"Mark Owens (Republican, also the Democratic nominee) ran unopposed in HD 60. There was no Democrat-vs-Republican race, so it is left out of the two-party figures.",true,,McLane,,105,1,,,,1,,,,,"Mike McLane (Republican, also the Democratic nominee) ran unopposed in SD 30. There was no Democrat-vs-Republican race, so it is left out of the two-party figures."
Lake,9,60,,30,,55,162,7,0,0,1,0,4,2,25.35,,Owens,,166,3,,,,,3,,,,,false,"Mark Owens (Republican, also the Democratic nominee) ran unopposed in HD 60. There was no Democrat-vs-Republican race, so it is left out of the two-party figures.",true,,McLane,,175,1,,,,1,,,,,"Mike McLane (Republican, also the Democratic nominee) ran unopposed in SD 30. There was no Democrat-vs-Republican race, so it is left out of the two-party figures."
Lake,16,60,,30,,14,60,0,0,0,0,0,0,0,18.92,,Owens,,54,0,,,,,0,,,,,false,"Mark Owens (Republican, also the Democratic nominee) ran unopposed in HD 60. There was no Democrat-vs-Republican race, so it is left out of the two-party figures.",true,,McLane,,56,0,,,,0,,,,,"Mike McLane (Republican, also the Democratic nominee) ran unopposed in SD 30. There was no Democrat-vs-Republican race, so it is left out of the two-party figures."
Lake,4,60,,30,,25,247,7,0,0,3,0,2,2,9.19,,Owens,,205,5,,,,,5,,,,,false,"Mark Owens (Republican, also the Democratic nominee) ran unopposed in HD 60. There was no Democrat-vs-Republican race, so it is left out of the two-party figures.",true,,McLane,,220,3,,,,3,,,,,"Mike McLane (Republican, also the Democratic nominee) ran unopposed in SD 30. There was no Democrat-vs-Republican race, so it is left out of the two-party figures."
Lake,21,60,,30,,48,164,12,1,2,0,0,8,1,22.64,,Owens,,176,4,,,,,4,,,,,false,"Mark Owens (Republican, also the Democratic nominee) ran unopposed in HD 60. There was no Democrat-vs-Republican race, so it is left out of the two-party figures.",true,,McLane,,177,2,,,,2,,,,,"Mike McLane (Republican, also the Democratic nominee) ran unopposed in SD 30. There was no Democrat-vs-Republican race, so it is left out of the two-party figures."
Lake,18,60,,30,,2,35,0,0,0,0,0,0,0,5.41,,Owens,,33,0,,,,,0,,,,,false,"Mark Owens (Republican, also the Democratic nominee) ran unopposed in HD 60. There was no Democrat-vs-Republican race, so it is left out of the two-party figures.",true,,McLane,,33,0,,,,0,,,,,"Mike McLane (Republican, also the Democratic nominee) ran unopposed in SD 30. There was no Democrat-vs-Republican race, so it is left out of the two-party figures."
Lake,3,60,,30,,33,156,6,0,1,2,0,3,0,17.46,,Owens,,159,0,,,,,0,,,,,false,"Mark Owens (Republican, also the Democratic nominee) ran unopposed in HD 60. There was no Democrat-vs-Republican race, so it is left out of the two-party figures.",true,,McLane,,162,0,,,,0,,,,,"Mike McLane (Republican, also the Democratic nominee) ran unopposed in SD 30. There was no Democrat-vs-Republican race, so it is left out of the two-party figures."
Lake,7,60,,30,,35,169,7,0,0,0,0,7,0,17.16,,Owens,,160,4,,,,,4,,,,,false,"Mark Owens (Republican, also the Democratic nominee) ran unopposed in HD 60. There was no Democrat-vs-Republican race, so it is left out of the two-party figures.",true,,McLane,,168,3,,,,3,,,,,"Mike McLane (Republican, also the Democratic nominee) ran unopposed in SD 30. There was no Democrat-vs-Republican race, so it is left out of the two-party figures."
Lake,20,60,,30,,29,153,9,0,0,0,0,7,2,15.93,,Owens,,156,5,,,,,5,,,,,false,"Mark Owens (Republican, also the Democratic nominee) ran unopposed in HD 60. There was no Democrat-vs-Republican race, so it is left out of the two-party figures.",true,,McLane,,160,4,,,,4,,,,,"Mike McLane (Republican, also the Democratic nominee) ran unopposed in SD 30. There was no Democrat-vs-Republican race, so it is left out of the two-party figures."
Lincoln,16,10,,5,,696,377,26,0,6,5,1,11,3,64.86,Gomberg,,799,,12,,,,,12,,,,,false,"David Gomberg (Democrat) ran unopposed in HD 10. There was no Democrat-vs-Republican race, so it is left out of the two-party figures.",true,Beaudreau,Anderson,604,446,0,,,,0,,57.52,-7.34,2.1,
Lincoln,04,10,,5,,204,266,12,0,1,0,1,9,1,43.4,Gomberg,,287,,9,,,,,9,,,,,false,"David Gomberg (Democrat) ran unopposed in HD 10. There was no Democrat-vs-Republican race, so it is left out of the two-party figures.",true,Beaudreau,Anderson,187,276,2,,,,2,,40.39,-3.01,1.5,
Lincoln,28,10,,5,,142,220,14,0,1,2,0,8,3,39.23,Gomberg,,214,,7,,,,,7,,,,,false,"David Gomberg (Democrat) ran unopposed in HD 10. There was no Democrat-vs-Republican race, so it is left out of the two-party figures.",true,Beaudreau,Anderson,120,221,0,,,,0,,35.19,-4.04,5.8,
Lincoln,25,10,,5,,24,62,3,0,0,0,1,2,0,27.91,Gomberg,,41,,6,,,,,6,,,,,false,"David Gomberg (Democrat) ran unopposed in HD 10. There was no Democrat-vs-Republican race, so it is left out of the two-party figures.",true,Beaudreau,Anderson,25,63,0,,,,0,,28.41,0.5,-2.3,
Lincoln,30,10,,5,,129,106,12,0,2,5,0,4,1,54.89,Gomberg,,145,,5,,,,,5,,,,,false,"David Gomberg (Democrat) ran unopposed in HD 10. There was no Democrat-vs-Republican race, so it is left out of the two-party figures.",true,Beaudreau,Anderson,117,112,1,,,,1,,51.09,-3.8,2.6,
Lincoln,29,10,,5,,617,612,49,0,7,5,1,30,6,50.2,Gomberg,,846,,19,,,,,19,,,,,false,"David Gomberg (Democrat) ran unopposed in HD 10. There was no Democrat-vs-Republican race, so it is left out of the two-party figures.",true,Beaudreau,Anderson,525,690,2,,,,2,,43.21,-6.99,1.1,
Lincoln,26,10,,5,,21,58,0,0,0,0,0,0,0,26.58,Gomberg,,42,,0,,,,,0,,,,,false,"David Gomberg (Democrat) ran unopposed in HD 10. There was no Democrat-vs-Republican race, so it is left out of the two-party figures.",true,Beaudreau,Anderson,13,64,0,,,,0,,16.88,-9.7,2.5,
Lincoln,05,10,,5,,875,185,35,1,3,18,0,10,3,82.55,Gomberg,,866,,7,,,,,7,,,,,false,"David Gomberg (Democrat) ran unopposed in HD 10. There was no Democrat-vs-Republican race, so it is left out of the two-party figures.",true,Beaudreau,Anderson,807,250,1,,,,1,,76.35,-6.2,0.3,
Lincoln,17,10,,5,,697,384,28,0,2,4,2,14,6,64.48,Gomberg,,795,,7,,,,,7,,,,,false,"David Gomberg (Democrat) ran unopposed in HD 10. There was no Democrat-vs-Republican race, so it is left out of the two-party figures.",true,Beaudreau,Anderson,591,474,1,,,,1,,55.49,-8.99,1.5,
Lincoln,24,10,,5,,290,372,23,0,4,4,1,14,0,43.81,Gomberg,,436,,23,,,,,23,,,,,false,"David Gomberg (Democrat) ran unopposed in HD 10. There was no Democrat-vs-Republican race, so it is left out of the two-party figures.",true,Beaudreau,Anderson,260,381,3,,,,3,,40.56,-3.25,3.2,
Lincoln,23,10,,5,,428,475,41,1,4,4,0,27,5,47.4,Gomberg,,693,,14,,,,,14,,,,,false,"David Gomberg (Democrat) ran unopposed in HD 10. There was no Democrat-vs-Republican race, so it is left out of the two-party figures.",true,Beaudreau,Anderson,398,512,4,,,,4,,43.74,-3.66,-0.8,
Lincoln,22,10,,5,,1010,641,49,1,3,11,2,29,3,61.18,Gomberg,,1198,,34,,,,,34,,,,,false,"David Gomberg (Democrat) ran unopposed in HD 10. There was no Democrat-vs-Republican race, so it is left out of the two-party figures.",true,Beaudreau,Anderson,864,760,4,,,,4,,53.2,-7.98,1.6,
Lincoln,18,10,,5,,691,349,42,2,2,8,0,24,6,66.44,Gomberg,,756,,24,,,,,24,,,,,false,"David Gomberg (Democrat) ran unopposed in HD 10. There was no Democrat-vs-Republican race, so it is left out of the two-party figures.",true,Beaudreau,Anderson,596,440,2,,,,2,,57.53,-8.91,0.4,
Lincoln,15,10,,5,,248,118,8,0,1,0,0,4,3,67.76,Gomberg,,278,,8,,,,,8,,,,,false,"David Gomberg (Democrat) ran unopposed in HD 10. There was no Democrat-vs-Republican race, so it is left out of the two-party figures.",true,Beaudreau,Anderson,214,143,0,,,,0,,59.94,-7.82,2.5,
Lincoln,11,10,,5,,474,237,38,0,4,13,0,15,6,66.67,Gomberg,,554,,8,,,,,8,,,,,false,"David Gomberg (Democrat) ran unopposed in HD 10. There was no Democrat-vs-Republican race, so it is left out of the two-party figures.",true,Beaudreau,Anderson,440,281,0,,,,0,,61.03,-5.64,-1.4,
Lincoln,14,10,,5,,703,399,45,2,4,10,0,23,6,63.79,Gomberg,,821,,17,,,,,17,,,,,false,"David Gomberg (Democrat) ran unopposed in HD 10. There was no Democrat-vs-Republican race, so it is left out of the two-party figures.",true,Beaudreau,Anderson,630,464,2,,,,2,,57.59,-6.2,0.7,
Lincoln,07,10,,5,,697,426,38,0,5,7,2,21,3,62.07,Gomberg,,799,,23,,,,,23,,,,,false,"David Gomberg (Democrat) ran unopposed in HD 10. There was no Democrat-vs-Republican race, so it is left out of the two-party figures.",true,Beaudreau,Anderson,623,485,4,,,,4,,56.23,-5.84,1.3,
Lincoln,21,10,,5,,833,458,53,0,5,14,1,24,9,64.52,Gomberg,,961,,24,,,,,24,,,,,false,"David Gomberg (Democrat) ran unopposed in HD 10. There was no Democrat-vs-Republican race, so it is left out of the two-party figures.",true,Beaudreau,Anderson,715,583,4,,,,4,,55.08,-9.44,-0.5,
Lincoln,10,10,,5,,399,168,24,1,6,3,0,9,5,70.37,Gomberg,,450,,5,,,,,5,,,,,false,"David Gomberg (Democrat) ran unopposed in HD 10. There was no Democrat-vs-Republican race, so it is left out of the two-party figures.",true,Beaudreau,Anderson,344,226,0,,,,0,,60.35,-10.02,-0.5,
Lincoln,09,10,,5,,545,216,39,0,1,11,6,13,8,71.62,Gomberg,,593,,6,,,,,6,,,,,false,"David Gomberg (Democrat) ran unopposed in HD 10. There was no Democrat-vs-Republican race, so it is left out of the two-party figures.",true,Beaudreau,Anderson,508,255,2,,,,2,,66.58,-5.04,-0.3,
Lincoln,19,10,,5,,758,592,44,3,3,7,4,22,5,56.15,Gomberg,,963,,27,,,,,27,,,,,false,"David Gomberg (Democrat) ran unopposed in HD 10. There was no Democrat-vs-Republican race, so it is left out of the two-party figures.",true,Beaudreau,Anderson,653,693,1,,,,1,,48.51,-7.64,0.3,
Lincoln,20,10,,5,,1028,567,60,2,5,18,4,24,7,64.45,Gomberg,,1217,,26,,,,,26,,,,,false,"David Gomberg (Democrat) ran unopposed in HD 10. There was no Democrat-vs-Republican race, so it is left out of the two-party figures.",true,Beaudreau,Anderson,894,687,2,,,,2,,56.55,-7.9,0.9,
Lincoln,02,10,,5,,288,289,14,0,2,3,0,9,0,49.91,Gomberg,,378,,5,,,,,5,,,,,false,"David Gomberg (Democrat) ran unopposed in HD 10. There was no Democrat-vs-Republican race, so it is left out of the two-party figures.",true,Beaudreau,Anderson,244,312,0,,,,0,,43.88,-6.03,3.6,
Lincoln,08,10,,5,,610,376,34,0,2,9,1,16,6,61.87,Gomberg,,727,,12,,,,,12,,,,,false,"David Gomberg (Democrat) ran unopposed in HD 10. There was no Democrat-vs-Republican race, so it is left out of the two-party figures.",true,Beaudreau,Anderson,547,427,1,,,,1,,56.16,-5.71,1.2,
Lincoln,12,10,,5,,672,441,52,1,5,11,2,21,12,60.38,Gomberg,,793,,18,,,,,18,,,,,false,"David Gomberg (Democrat) ran unopposed in HD 10. There was no Democrat-vs-Republican race, so it is left out of the two-party figures.",true,Beaudreau,Anderson,572,535,2,,,,2,,51.67,-8.71,0.5,
Lincoln,13,10,,5,,677,402,53,1,10,9,2,24,7,62.74,Gomberg,,802,,19,,,,,19,,,,,false,"David Gomberg (Democrat) ran unopposed in HD 10. There was no Democrat-vs-Republican race, so it is left out of the two-party figures.",true,Beaudreau,Anderson,582,505,0,,,,0,,53.54,-9.2,-0.7,
Lincoln,32,10,,5,,439,538,37,0,5,7,3,18,4,44.93,Gomberg,,659,,22,,,,,22,,,,,false,"David Gomberg (Democrat) ran unopposed in HD 10. There was no Democrat-vs-Republican race, so it is left out of the two-party figures.",true,Beaudreau,Anderson,393,576,0,,,,0,,40.56,-4.37,0.8,
Lincoln,03,10,,5,,489,295,40,0,7,15,2,11,5,62.37,Gomberg,,577,,15,,,,,15,,,,,false,"David Gomberg (Democrat) ran unopposed in HD 10. There was no Democrat-vs-Republican race, so it is left out of the two-party figures.",true,Beaudreau,Anderson,456,347,0,,,,0,,56.79,-5.58,-2.4,
Lincoln,01,10,,5,,863,536,41,2,4,10,0,22,3,61.69,Gomberg,,1025,,14,,,,,14,,,,,false,"David Gomberg (Democrat) ran unopposed in HD 10. There was no Democrat-vs-Republican race, so it is left out of the two-party figures.",true,Beaudreau,Anderson,727,643,2,,,,2,,53.07,-8.62,2.1,
Lincoln,06,10,,5,,776,411,28,1,5,5,2,14,1,65.37,Gomberg,,858,,16,,,,,16,,,,,false,"David Gomberg (Democrat) ran unopposed in HD 10. There was no Democrat-vs-Republican race, so it is left out of the two-party figures.",true,Beaudreau,Anderson,704,468,1,,,,1,,60.07,-5.3,1.3,
Lincoln,27,10,,5,,279,442,30,2,5,8,0,11,4,38.7,Gomberg,,437,,16,,,,,16,,,,,false,"David Gomberg (Democrat) ran unopposed in HD 10. There was no Democrat-vs-Republican race, so it is left out of the two-party figures.",true,Beaudreau,Anderson,250,465,1,,,,1,,34.97,-3.73,0.8,
Lincoln,31,10,,5,,510,627,35,0,0,11,4,18,2,44.85,Gomberg,,760,,25,,,,,25,,,,,false,"David Gomberg (Democrat) ran unopposed in HD 10. There was no Democrat-vs-Republican race, so it is left out of the two-party figures.",true,Beaudreau,Anderson,443,681,1,,,,1,,39.41,-5.44,1.1,
Linn,001,15,,8,,1057,589,98,3,9,14,8,49,15,64.22,Virnig,Boshart Davis,930,714,1,,,,,1,,56.57,-7.65,0.1,true,,false,,,,,,,,,,,,,,SD 8 was not on the ballot in 2024. Oregon senators serve four-year terms; this seat is next up in 2026.
Linn,002,15,,8,,0,1,0,0,0,0,0,0,0,0,Virnig,Boshart Davis,0,1,0,,,,,0,,0,,0,false,"too few votes to compare (HD two-party n=1, President n=1; minimum 50)",false,,,,,,,,,,,,,,SD 8 was not on the ballot in 2024. Oregon senators serve four-year terms; this seat is next up in 2026.
Linn,003,11,,6,,334,1040,51,1,6,5,3,26,10,24.31,,Cate,,1055,269,,,268,,1,Maluski (NAV),,,,false,"HD 11 had no Democratic candidate: Jami Cate (Republican) vs. Ivan Maluski (nonaffiliated). There was no Democrat-vs-Republican race, so it is left out of the two-party figures.",false,,,,,,,,,,,,,,SD 6 was not on the ballot in 2024. Oregon senators serve four-year terms; this seat is next up in 2026.
Linn,004,11,,6,,135,338,18,0,3,4,0,9,2,28.54,,Cate,,322,137,,,135,,2,Maluski (NAV),,,,false,"HD 11 had no Democratic candidate: Jami Cate (Republican) vs. Ivan Maluski (nonaffiliated). There was no Democrat-vs-Republican race, so it is left out of the two-party figures.",false,,,,,,,,,,,,,,SD 6 was not on the ballot in 2024. Oregon senators serve four-year terms; this seat is next up in 2026.
Linn,005,15,,8,,1033,847,83,2,19,14,8,35,5,54.95,Virnig,Boshart Davis,919,929,4,,,,,4,,49.73,-5.22,1.7,true,,false,,,,,,,,,,,,,,SD 8 was not on the ballot in 2024. Oregon senators serve four-year terms; this seat is next up in 2026.
Linn,006,11,,6,,304,641,42,0,2,8,0,27,5,32.17,,Cate,,642,245,,,241,,4,Maluski (NAV),,,,false,"HD 11 had no Democratic candidate: Jami Cate (Republican) vs. Ivan Maluski (nonaffiliated). There was no Democrat-vs-Republican race, so it is left out of the two-party figures.",false,,,,,,,,,,,,,,SD 6 was not on the ballot in 2024. Oregon senators serve four-year terms; this seat is next up in 2026.
Linn,007,11,,6,,11,60,4,0,0,0,0,3,1,15.49,,Cate,,65,5,,,4,,1,Maluski (NAV),,,,false,"HD 11 had no Democratic candidate: Jami Cate (Republican) vs. Ivan Maluski (nonaffiliated). There was no Democrat-vs-Republican race, so it is left out of the two-party figures.",false,,,,,,,,,,,,,,SD 6 was not on the ballot in 2024. Oregon senators serve four-year terms; this seat is next up in 2026.
Linn,008,15,,8,,360,433,27,2,3,4,1,14,3,45.4,Virnig,Boshart Davis,289,476,1,,,,,1,,37.78,-7.62,3.5,true,,false,,,,,,,,,,,,,,SD 8 was not on the ballot in 2024. Oregon senators serve four-year terms; this seat is next up in 2026.
Linn,009,15,,8,,510,595,45,0,4,9,1,27,4,46.15,Virnig,Boshart Davis,465,600,1,,,,,1,,43.66,-2.49,3.6,true,,false,,,,,,,,,,,,,,SD 8 was not on the ballot in 2024. Oregon senators serve four-year terms; this seat is next up in 2026.
Linn,010,15,,8,,830,768,75,3,15,15,4,27,11,51.94,Virnig,Boshart Davis,705,857,1,,,,,1,,45.13,-6.81,2.3,true,,false,,,,,,,,,,,,,,SD 8 was not on the ballot in 2024. Oregon senators serve four-year terms; this seat is next up in 2026.
Linn,011,15,,8,,1309,1255,103,2,17,17,7,51,9,51.05,Virnig,Boshart Davis,1095,1392,4,,,,,4,,44.03,-7.02,3,true,,false,,,,,,,,,,,,,,SD 8 was not on the ballot in 2024. Oregon senators serve four-year terms; this seat is next up in 2026.
Linn,012,15,,8,,388,388,41,0,3,5,3,27,3,50,Virnig,Boshart Davis,343,426,0,,,,,0,,44.6,-5.4,0.9,true,,false,,,,,,,,,,,,,,SD 8 was not on the ballot in 2024. Oregon senators serve four-year terms; this seat is next up in 2026.
Linn,013,15,,8,,578,773,64,1,8,12,2,30,11,42.78,Virnig,Boshart Davis,526,793,6,,,,,6,,39.88,-2.9,2.4,true,,false,,,,,,,,,,,,,,SD 8 was not on the ballot in 2024. Oregon senators serve four-year terms; this seat is next up in 2026.
Linn,014,15,,8,,808,751,76,2,14,9,2,40,9,51.83,Virnig,Boshart Davis,723,778,2,,,,,2,,48.17,-3.66,3.7,true,,false,,,,,,,,,,,,,,SD 8 was not on the ballot in 2024. Oregon senators serve four-year terms; this seat is next up in 2026.
Linn,015,15,,8,,246,603,30,0,4,7,2,14,3,28.98,Virnig,Boshart Davis,180,661,0,,,,,0,,21.4,-7.58,0.9,true,,false,,,,,,,,,,,,,,SD 8 was not on the ballot in 2024. Oregon senators serve four-year terms; this seat is next up in 2026.
Linn,016,15,,8,,874,743,55,0,9,8,0,27,11,54.05,Virnig,Boshart Davis,754,842,0,,,,,0,,47.24,-6.81,1.3,true,,false,,,,,,,,,,,,,,SD 8 was not on the ballot in 2024. Oregon senators serve four-year terms; this seat is next up in 2026.
Linn,017,11,,6,,8,17,1,0,0,0,0,0,1,32,,Cate,,20,5,,,5,,0,Maluski (NAV),,,,false,"HD 11 had no Democratic candidate: Jami Cate (Republican) vs. Ivan Maluski (nonaffiliated). There was no Democrat-vs-Republican race, so it is left out of the two-party figures.",false,,,,,,,,,,,,,,SD 6 was not on the ballot in 2024. Oregon senators serve four-year terms; this seat is next up in 2026.
Linn,018,15,,8,,1099,1053,92,3,10,21,4,37,17,51.07,Virnig,Boshart Davis,918,1211,0,,,,,0,,43.12,-7.95,1.1,true,,false,,,,,,,,,,,,,,SD 8 was not on the ballot in 2024. Oregon senators serve four-year terms; this seat is next up in 2026.
Linn,019,15,,8,,361,417,31,1,7,4,2,14,3,46.4,Virnig,Boshart Davis,289,483,0,,,,,0,,37.44,-8.96,0.8,true,,false,,,,,,,,,,,,,,SD 8 was not on the ballot in 2024. Oregon senators serve four-year terms; this seat is next up in 2026.
Linn,020,11,,6,,160,492,14,0,2,1,0,10,1,24.54,,Cate,,475,123,,,122,,1,Maluski (NAV),,,,false,"HD 11 had no Democratic candidate: Jami Cate (Republican) vs. Ivan Maluski (nonaffiliated). There was no Democrat-vs-Republican race, so it is left out of the two-party figures.",false,,,,,,,,,,,,,,SD 6 was not on the ballot in 2024. Oregon senators serve four-year terms; this seat is next up in 2026.
Linn,021,11,,6,,74,235,10,0,3,1,0,4,2,23.95,,Cate,,228,69,,,68,,1,Maluski (NAV),,,,false,"HD 11 had no Democratic candidate: Jami Cate (Republican) vs. Ivan Maluski (nonaffiliated). There was no Democrat-vs-Republican race, so it is left out of the two-party figures.",false,,,,,,,,,,,,,,SD 6 was not on the ballot in 2024. Oregon senators serve four-year terms; this seat is next up in 2026.
Linn,022,11,,6,,29,105,5,1,2,0,0,1,1,21.64,,Cate,,98,28,,,28,,0,Maluski (NAV),,,,false,"HD 11 had no Democratic candidate: Jami Cate (Republican) vs. Ivan Maluski (nonaffiliated). There was no Democrat-vs-Republican race, so it is left out of the two-party figures.",false,,,,,,,,,,,,,,SD 6 was not on the ballot in 2024. Oregon senators serve four-year terms; this seat is next up in 2026.
Linn,023,11,,6,,205,604,33,0,4,5,0,12,12,25.34,,Cate,,603,162,,,162,,0,Maluski (NAV),,,,false,"HD 11 had no Democratic candidate: Jami Cate (Republican) vs. Ivan Maluski (nonaffiliated). There was no Democrat-vs-Republican race, so it is left out of the two-party figures.",false,,,,,,,,,,,,,,SD 6 was not on the ballot in 2024. Oregon senators serve four-year terms; this seat is next up in 2026.
Linn,024,12,,6,,14,35,0,0,0,0,0,0,0,28.57,Emmons,Harbick,11,34,0,,,,,0,,24.44,,8.2,false,"too few votes to compare (HD two-party n=45, President n=49; minimum 50)",false,,,,,,,,,,,,,,SD 6 was not on the ballot in 2024. Oregon senators serve four-year terms; this seat is next up in 2026.
Linn,025,11,,6,,284,729,30,1,3,5,0,15,6,28.04,,Cate,,702,254,,,249,,5,Maluski (NAV),,,,false,"HD 11 had no Democratic candidate: Jami Cate (Republican) vs. Ivan Maluski (nonaffiliated). There was no Democrat-vs-Republican race, so it is left out of the two-party figures.",false,,,,,,,,,,,,,,SD 6 was not on the ballot in 2024. Oregon senators serve four-year terms; this seat is next up in 2026.
Linn,026,11,,6,,69,168,3,0,0,0,0,3,0,29.11,,Cate,,171,46,,,46,,0,Maluski (NAV),,,,false,"HD 11 had no Democratic candidate: Jami Cate (Republican) vs. Ivan Maluski (nonaffiliated). There was no Democrat-vs-Republican race, so it is left out of the two-party figures.",false,,,,,,,,,,,,,,SD 6 was not on the ballot in 2024. Oregon senators serve four-year terms; this seat is next up in 2026.
Linn,027,11,,6,,132,347,26,3,1,0,0,17,5,27.56,,Cate,,305,142,,,141,,1,Maluski (NAV),,,,false,"HD 11 had no Democratic candidate: Jami Cate (Republican) vs. Ivan Maluski (nonaffiliated). There was no Democrat-vs-Republican race, so it is left out of the two-party figures.",false,,,,,,,,,,,,,,SD 6 was not on the ballot in 2024. Oregon senators serve four-year terms; this seat is next up in 2026.
Linn,028,11,,6,,33,184,6,1,2,2,0,0,1,15.21,,Cate,,181,25,,,25,,0,Maluski (NAV),,,,false,"HD 11 had no Democratic candidate: Jami Cate (Republican) vs. Ivan Maluski (nonaffiliated). There was no Democrat-vs-Republican race, so it is left out of the two-party figures.",false,,,,,,,,,,,,,,SD 6 was not on the ballot in 2024. Oregon senators serve four-year terms; this seat is next up in 2026.
Linn,029,11,,6,,571,1285,54,3,8,6,2,29,6,30.77,,Cate,,1233,461,,,456,,5,Maluski (NAV),,,,false,"HD 11 had no Democratic candidate: Jami Cate (Republican) vs. Ivan Maluski (nonaffiliated). There was no Democrat-vs-Republican race, so it is left out of the two-party figures.",false,,,,,,,,,,,,,,SD 6 was not on the ballot in 2024. Oregon senators serve four-year terms; this seat is next up in 2026.
Linn,030,11,,6,,32,151,5,0,0,0,0,4,1,17.49,,Cate,,150,29,,,28,,1,Maluski (NAV),,,,false,"HD 11 had no Democratic candidate: Jami Cate (Republican) vs. Ivan Maluski (nonaffiliated). There was no Democrat-vs-Republican race, so it is left out of the two-party figures.",false,,,,,,,,,,,,,,SD 6 was not on the ballot in 2024. Oregon senators serve four-year terms; this seat is next up in 2026.
Linn,031,11,,6,,249,820,33,1,5,5,1,16,5,23.29,,Cate,,811,193,,,192,,1,Maluski (NAV),,,,false,"HD 11 had no Democratic candidate: Jami Cate (Republican) vs. Ivan Maluski (nonaffiliated). There was no Democrat-vs-Republican race, so it is left out of the two-party figures.",false,,,,,,,,,,,,,,SD 6 was not on the ballot in 2024. Oregon senators serve four-year terms; this seat is next up in 2026.
Linn,032,11,,6,,140,496,26,0,2,4,2,10,8,22.01,,Cate,,445,179,,,178,,1,Maluski (NAV),,,,false,"HD 11 had no Democratic candidate: Jami Cate (Republican) vs. Ivan Maluski (nonaffiliated). There was no Democrat-vs-Republican race, so it is left out of the two-party figures.",false,,,,,,,,,,,,,,SD 6 was not on the ballot in 2024. Oregon senators serve four-year terms; this seat is next up in 2026.
Linn,033,17,,9,,15,27,0,0,0,0,0,0,0,35.71,Beem,Diehl,13,24,0,,,,,0,,35.14,,11.9,false,"too few votes to compare (HD two-party n=37, President n=42; minimum 50)",true,Ashland,Girod,12,25,0,,,,0,,32.43,,11.9,"too few votes to compare (SD two-party n=37, President n=42; minimum 50)"
Linn,034,15,,8,,88,227,4,0,1,1,0,2,0,27.94,Virnig,Boshart Davis,68,234,0,,,,,0,,22.52,-5.42,4.1,true,,false,,,,,,,,,,,,,,SD 8 was not on the ballot in 2024. Oregon senators serve four-year terms; this seat is next up in 2026.
Linn,035,11,,6,,343,1037,43,1,6,4,1,22,9,24.86,,Cate,,1042,268,,,266,,2,Maluski (NAV),,,,false,"HD 11 had no Democratic candidate: Jami Cate (Republican) vs. Ivan Maluski (nonaffiliated). There was no Democrat-vs-Republican race, so it is left out of the two-party figures.",false,,,,,,,,,,,,,,SD 6 was not on the ballot in 2024. Oregon senators serve four-year terms; this seat is next up in 2026.
Linn,036,11,,6,,517,829,48,1,3,10,2,30,2,38.41,,Cate,,815,414,,,408,,6,Maluski (NAV),,,,false,"HD 11 had no Democratic candidate: Jami Cate (Republican) vs. Ivan Maluski (nonaffiliated). There was no Democrat-vs-Republican race, so it is left out of the two-party figures.",false,,,,,,,,,,,,,,SD 6 was not on the ballot in 2024. Oregon senators serve four-year terms; this seat is next up in 2026.
Linn,037,11,,6,,406,620,44,1,7,11,3,20,2,39.57,,Cate,,621,280,,,276,,4,Maluski (NAV),,,,false,"HD 11 had no Democratic candidate: Jami Cate (Republican) vs. Ivan Maluski (nonaffiliated). There was no Democrat-vs-Republican race, so it is left out of the two-party figures.",false,,,,,,,,,,,,,,SD 6 was not on the ballot in 2024. Oregon senators serve four-year terms; this seat is next up in 2026.
Linn,038,11,,6,,366,588,40,0,6,7,1,19,7,38.36,,Cate,,559,305,,,296,,9,Maluski (NAV),,,,false,"HD 11 had no Democratic candidate: Jami Cate (Republican) vs. Ivan Maluski (nonaffiliated). There was no Democrat-vs-Republican race, so it is left out of the two-party figures.",false,,,,,,,,,,,,,,SD 6 was not on the ballot in 2024. Oregon senators serve four-year terms; this seat is next up in 2026.
Linn,039,11,,6,,308,318,37,0,11,8,0,13,5,49.2,,Cate,,337,254,,,252,,2,Maluski (NAV),,,,false,"HD 11 had no Democratic candidate: Jami Cate (Republican) vs. Ivan Maluski (nonaffiliated). There was no Democrat-vs-Republican race, so it is left out of the two-party figures.",false,,,,,,,,,,,,,,SD 6 was not on the ballot in 2024. Oregon senators serve four-year terms; this seat is next up in 2026.
Linn,040,11,,6,,12,43,1,0,0,1,0,0,0,21.82,,Cate,,43,10,,,10,,0,Maluski (NAV),,,,false,"HD 11 had no Democratic candidate: Jami Cate (Republican) vs. Ivan Maluski (nonaffiliated). There was no Democrat-vs-Republican race, so it is left out of the two-party figures.",false,,,,,,,,,,,,,,SD 6 was not on the ballot in 2024. Oregon senators serve four-year terms; this seat is next up in 2026.
Linn,041,11,,6,,246,311,25,0,4,5,0,15,1,44.17,,Cate,,325,182,,,179,,3,Maluski (NAV),,,,false,"HD 11 had no Democratic candidate: Jami Cate (Republican) vs. Ivan Maluski (nonaffiliated). There was no Democrat-vs-Republican race, so it is left out of the two-party figures.",false,,,,,,,,,,,,,,SD 6 was not on the ballot in 2024. Oregon senators serve four-year terms; this seat is next up in 2026.
Linn,042,17,,9,,163,538,29,0,1,6,1,20,1,23.25,Beem,Diehl,125,541,1,,,,,1,,18.77,-4.48,5,true,,true,Ashland,Girod,131,549,1,,,,1,,19.26,-3.99,3,
Linn,043,17,,9,,256,535,28,2,1,2,2,19,2,32.36,Beem,Diehl,201,555,2,,,,,2,,26.59,-5.77,4.4,true,,true,Ashland,Girod,216,543,2,,,,2,,28.46,-3.9,4,
Linn,044,15,,8,,53,58,6,0,3,0,0,2,1,47.75,Virnig,Boshart Davis,48,69,0,,,,,0,,41.03,-6.72,-5.4,true,,false,,,,,,,,,,,,,,SD 8 was not on the ballot in 2024. Oregon senators serve four-year terms; this seat is next up in 2026.
Linn,045,11,,6,,227,655,23,0,1,0,1,18,3,25.74,,Cate,,650,188,,,186,,2,Maluski (NAV),,,,false,"HD 11 had no Democratic candidate: Jami Cate (Republican) vs. Ivan Maluski (nonaffiliated). There was no Democrat-vs-Republican race, so it is left out of the two-party figures.",false,,,,,,,,,,,,,,SD 6 was not on the ballot in 2024. Oregon senators serve four-year terms; this seat is next up in 2026.
Linn,046,11,,6,,276,796,44,0,2,4,0,33,5,25.75,,Cate,,796,211,,,208,,3,Maluski (NAV),,,,false,"HD 11 had no Democratic candidate: Jami Cate (Republican) vs. Ivan Maluski (nonaffiliated). There was no Democrat-vs-Republican race, so it is left out of the two-party figures.",false,,,,,,,,,,,,,,SD 6 was not on the ballot in 2024. Oregon senators serve four-year terms; this seat is next up in 2026.
Linn,047,11,,6,,111,128,12,1,0,3,0,6,2,46.44,,Cate,,131,97,,,97,,0,Maluski (NAV),,,,false,"HD 11 had no Democratic candidate: Jami Cate (Republican) vs. Ivan Maluski (nonaffiliated). There was no Democrat-vs-Republican race, so it is left out of the two-party figures.",false,,,,,,,,,,,,,,SD 6 was not on the ballot in 2024. Oregon senators serve four-year terms; this seat is next up in 2026.
Linn,048,15,,8,,1091,1064,68,0,9,8,0,35,16,50.63,Virnig,Boshart Davis,926,1184,3,,,,,3,,43.89,-6.74,2.1,true,,false,,,,,,,,,,,,,,SD 8 was not on the ballot in 2024. Oregon senators serve four-year terms; this seat is next up in 2026.
Linn,049,17,,9,,2,1,0,0,0,0,0,0,0,66.67,Beem,Diehl,1,1,0,,,,,0,,50,,33.3,false,"too few votes to compare (HD two-party n=2, President n=3; minimum 50)",true,Ashland,Girod,2,1,0,,,,0,,66.67,,0,"too few votes to compare (SD two-party n=3, President n=3; minimum 50)"
Linn,050,11,,6,,69,366,13,1,1,5,1,1,4,15.86,,Cate,,353,60,,,60,,0,Maluski (NAV),,,,false,"HD 11 had no Democratic candidate: Jami Cate (Republican) vs. Ivan Maluski (nonaffiliated). There was no Democrat-vs-Republican race, so it is left out of the two-party figures.",false,,,,,,,,,,,,,,SD 6 was not on the ballot in 2024. Oregon senators serve four-year terms; this seat is next up in 2026.
Linn,051,11,,6,,164,577,21,1,8,0,0,10,2,22.13,,Cate,,585,123,,,122,,1,Maluski (NAV),,,,false,"HD 11 had no Democratic candidate: Jami Cate (Republican) vs. Ivan Maluski (nonaffiliated). There was no Democrat-vs-Republican race, so it is left out of the two-party figures.",false,,,,,,,,,,,,,,SD 6 was not on the ballot in 2024. Oregon senators serve four-year terms; this seat is next up in 2026.
Linn,052,11,,6,,142,338,12,0,2,1,0,9,0,29.58,,Cate,,328,113,,,112,,1,Maluski (NAV),,,,false,"HD 11 had no Democratic candidate: Jami Cate (Republican) vs. Ivan Maluski (nonaffiliated). There was no Democrat-vs-Republican race, so it is left out of the two-party figures.",false,,,,,,,,,,,,,,SD 6 was not on the ballot in 2024. Oregon senators serve four-year terms; this seat is next up in 2026.
Linn,053,11,,6,,158,598,24,1,2,6,0,10,5,20.9,,Cate,,574,144,,,141,,3,Maluski (NAV),,,,false,"HD 11 had no Democratic candidate: Jami Cate (Republican) vs. Ivan Maluski (nonaffiliated). There was no Democrat-vs-Republican race, so it is left out of the two-party figures.",false,,,,,,,,,,,,,,SD 6 was not on the ballot in 2024. Oregon senators serve four-year terms; this seat is next up in 2026.
Linn,054,11,,6,,108,263,13,0,1,3,0,9,0,29.11,,Cate,,276,82,,,80,,2,Maluski (NAV),,,,false,"HD 11 had no Democratic candidate: Jami Cate (Republican) vs. Ivan Maluski (nonaffiliated). There was no Democrat-vs-Republican race, so it is left out of the two-party figures.",false,,,,,,,,,,,,,,SD 6 was not on the ballot in 2024. Oregon senators serve four-year terms; this seat is next up in 2026.
Linn,055,11,,6,,126,488,24,0,4,4,0,11,5,20.52,,Cate,,459,128,,,127,,1,Maluski (NAV),,,,false,"HD 11 had no Democratic candidate: Jami Cate (Republican) vs. Ivan Maluski (nonaffiliated). There was no Democrat-vs-Republican race, so it is left out of the two-party figures.",false,,,,,,,,,,,,,,SD 6 was not on the ballot in 2024. Oregon senators serve four-year terms; this seat is next up in 2026.
Linn,056,17,,9,,236,597,19,2,4,0,1,9,3,28.33,Beem,Diehl,168,649,0,,,,,0,,20.56,-7.77,1.9,true,,true,Ashland,Girod,188,638,0,,,,0,,22.76,-5.57,0.8,
Linn,057,11,,6,,21,44,4,1,1,0,0,1,1,32.31,,Cate,,41,21,,,21,,0,Maluski (NAV),,,,false,"HD 11 had no Democratic candidate: Jami Cate (Republican) vs. Ivan Maluski (nonaffiliated). There was no Democrat-vs-Republican race, so it is left out of the two-party figures.",false,,,,,,,,,,,,,,SD 6 was not on the ballot in 2024. Oregon senators serve four-year terms; this seat is next up in 2026.
Linn,058,11,,6,,16,48,1,0,0,0,0,1,0,25,,Cate,,44,13,,,13,,0,Maluski (NAV),,,,false,"HD 11 had no Democratic candidate: Jami Cate (Republican) vs. Ivan Maluski (nonaffiliated). There was no Democrat-vs-Republican race, so it is left out of the two-party figures.",false,,,,,,,,,,,,,,SD 6 was not on the ballot in 2024. Oregon senators serve four-year terms; this seat is next up in 2026.
Linn,059,11,,6,,436,1045,49,2,5,7,0,33,2,29.44,,Cate,,1025,359,,,355,,4,Maluski (NAV),,,,false,"HD 11 had no Democratic candidate: Jami Cate (Republican) vs. Ivan Maluski (nonaffiliated). There was no Democrat-vs-Republican race, so it is left out of the two-party figures.",false,,,,,,,,,,,,,,SD 6 was not on the ballot in 2024. Oregon senators serve four-year terms; this seat is next up in 2026.
Linn,060,15,,8,,230,431,31,1,1,6,2,14,7,34.8,Virnig,Boshart Davis,171,473,1,,,,,1,,26.55,-8.25,2.6,true,,false,,,,,,,,,,,,,,SD 8 was not on the ballot in 2024. Oregon senators serve four-year terms; this seat is next up in 2026.
Linn,061,15,,8,,618,744,55,1,6,12,0,30,6,45.37,Virnig,Boshart Davis,486,829,1,,,,,1,,36.96,-8.41,3.5,true,,false,,,,,,,,,,,,,,SD 8 was not on the ballot in 2024. Oregon senators serve four-year terms; this seat is next up in 2026.
Linn,062,11,,6,,331,754,46,1,3,6,1,25,10,30.51,,Cate,,694,299,,,293,,6,Maluski (NAV),,,,false,"HD 11 had no Democratic candidate: Jami Cate (Republican) vs. Ivan Maluski (nonaffiliated). There was no Democrat-vs-Republican race, so it is left out of the two-party figures.",false,,,,,,,,,,,,,,SD 6 was not on the ballot in 2024. Oregon senators serve four-year terms; this seat is next up in 2026.
Linn,063,15,,8,,59,213,8,0,1,1,1,4,1,21.69,Virnig,Boshart Davis,42,234,1,,,,,1,,15.22,-6.47,-1.5,true,,false,,,,,,,,,,,,,,SD 8 was not on the ballot in 2024. Oregon senators serve four-year terms; this seat is next up in 2026.
Linn,064,17,,9,,145,420,14,1,1,4,0,4,4,25.66,Beem,Diehl,111,438,0,,,,,0,,20.22,-5.44,2.8,true,,true,Ashland,Girod,105,446,0,,,,0,,19.06,-6.6,2.5,
Linn,065,11,,6,,8,31,2,0,0,0,0,2,0,20.51,,Cate,,32,8,,,8,,0,Maluski (NAV),,,,false,"HD 11 had no Democratic candidate: Jami Cate (Republican) vs. Ivan Maluski (nonaffiliated). There was no Democrat-vs-Republican race, so it is left out of the two-party figures.",false,,,,,,,,,,,,,,SD 6 was not on the ballot in 2024. Oregon senators serve four-year terms; this seat is next up in 2026.
Linn,066,11,,6,,73,167,8,0,0,2,0,3,3,30.42,,Cate,,172,52,,,52,,0,Maluski (NAV),,,,false,"HD 11 had no Democratic candidate: Jami Cate (Republican) vs. Ivan Maluski (nonaffiliated). There was no Democrat-vs-Republican race, so it is left out of the two-party figures.",false,,,,,,,,,,,,,,SD 6 was not on the ballot in 2024. Oregon senators serve four-year terms; this seat is next up in 2026.
Linn,067,15,,8,,620,656,43,0,7,7,2,13,14,48.59,Virnig,Boshart Davis,512,717,4,,,,,4,,41.66,-6.93,3.7,true,,false,,,,,,,,,,,,,,SD 8 was not on the ballot in 2024. Oregon senators serve four-year terms; this seat is next up in 2026.
Linn,068,11,,6,,57,165,5,1,0,1,0,3,0,25.68,,Cate,,153,55,,,55,,0,Maluski (NAV),,,,false,"HD 11 had no Democratic candidate: Jami Cate (Republican) vs. Ivan Maluski (nonaffiliated). There was no Democrat-vs-Republican race, so it is left out of the two-party figures.",false,,,,,,,,,,,,,,SD 6 was not on the ballot in 2024. Oregon senators serve four-year terms; this seat is next up in 2026.
Linn,069,17,,9,,107,377,16,0,1,0,0,13,2,22.11,Beem,Diehl,84,387,0,,,,,0,,17.83,-4.28,2.7,true,,true,Ashland,Girod,83,394,2,,,,2,,17.4,-4.71,1.4,
Linn,070,11,,6,,191,490,27,1,4,5,0,12,5,28.05,,Cate,,511,139,,,139,,0,Maluski (NAV),,,,false,"HD 11 had no Democratic candidate: Jami Cate (Republican) vs. Ivan Maluski (nonaffiliated). There was no Democrat-vs-Republican race, so it is left out of the two-party figures.",false,,,,,,,,,,,,,,SD 6 was not on the ballot in 2024. Oregon senators serve four-year terms; this seat is next up in 2026.
Linn,071,11,,6,,33,104,2,1,0,0,0,0,1,24.09,,Cate,,99,28,,,26,,2,Maluski (NAV),,,,false,"HD 11 had no Democratic candidate: Jami Cate (Republican) vs. Ivan Maluski (nonaffiliated). There was no Democrat-vs-Republican race, so it is left out of the two-party figures.",false,,,,,,,,,,,,,,SD 6 was not on the ballot in 2024. Oregon senators serve four-year terms; this seat is next up in 2026.
Linn,072,11,,6,,199,483,20,0,0,3,0,13,4,29.18,,Cate,,486,163,,,159,,4,Maluski (NAV),,,,false,"HD 11 had no Democratic candidate: Jami Cate (Republican) vs. Ivan Maluski (nonaffiliated). There was no Democrat-vs-Republican race, so it is left out of the two-party figures.",false,,,,,,,,,,,,,,SD 6 was not on the ballot in 2024. Oregon senators serve four-year terms; this seat is next up in 2026.
Linn,073,11,,6,,399,766,45,1,8,7,1,21,7,34.25,,Cate,,759,336,,,334,,2,Maluski (NAV),,,,false,"HD 11 had no Democratic candidate: Jami Cate (Republican) vs. Ivan Maluski (nonaffiliated). There was no Democrat-vs-Republican race, so it is left out of the two-party figures.",false,,,,,,,,,,,,,,SD 6 was not on the ballot in 2024. Oregon senators serve four-year terms; this seat is next up in 2026.
Linn,074,11,,6,,238,684,35,1,10,3,0,16,5,25.81,,Cate,,673,181,,,176,,5,Maluski (NAV),,,,false,"HD 11 had no Democratic candidate: Jami Cate (Republican) vs. Ivan Maluski (nonaffiliated). There was no Democrat-vs-Republican race, so it is left out of the two-party figures.",false,,,,,,,,,,,,,,SD 6 was not on the ballot in 2024. Oregon senators serve four-year terms; this seat is next up in 2026.
Linn,075,11,,6,,253,742,27,0,5,1,0,14,7,25.43,,Cate,,741,196,,,194,,2,Maluski (NAV),,,,false,"HD 11 had no Democratic candidate: Jami Cate (Republican) vs. Ivan Maluski (nonaffiliated). There was no Democrat-vs-Republican race, so it is left out of the two-party figures.",false,,,,,,,,,,,,,,SD 6 was not on the ballot in 2024. Oregon senators serve four-year terms; this seat is next up in 2026.
Linn,076,15,,8,,746,1416,65,3,8,11,1,33,9,34.51,Virnig,Boshart Davis,559,1558,2,,,,,2,,26.41,-8.1,2.1,true,,false,,,,,,,,,,,,,,SD 8 was not on the ballot in 2024. Oregon senators serve four-year terms; this seat is next up in 2026.
Linn,077,11,,6,,136,366,25,1,4,3,1,10,6,27.09,,Cate,,353,129,,,128,,1,Maluski (NAV),,,,false,"HD 11 had no Democratic candidate: Jami Cate (Republican) vs. Ivan Maluski (nonaffiliated). There was no Democrat-vs-Republican race, so it is left out of the two-party figures.",false,,,,,,,,,,,,,,SD 6 was not on the ballot in 2024. Oregon senators serve four-year terms; this seat is next up in 2026.
Linn,078,11,,6,,225,440,22,0,3,1,1,13,4,33.83,,Cate,,452,168,,,166,,2,Maluski (NAV),,,,false,"HD 11 had no Democratic candidate: Jami Cate (Republican) vs. Ivan Maluski (nonaffiliated). There was no Democrat-vs-Republican race, so it is left out of the two-party figures.",false,,,,,,,,,,,,,,SD 6 was not on the ballot in 2024. Oregon senators serve four-year terms; this seat is next up in 2026.
Linn,079,11,,6,,539,858,53,0,9,6,2,29,7,38.58,,Cate,,871,418,,,416,,2,Maluski (NAV),,,,false,"HD 11 had no Democratic candidate: Jami Cate (Republican) vs. Ivan Maluski (nonaffiliated). There was no Democrat-vs-Republican race, so it is left out of the two-party figures.",false,,,,,,,,,,,,,,SD 6 was not on the ballot in 2024. Oregon senators serve four-year terms; this seat is next up in 2026.
Linn,080,11,,6,,311,855,36,1,4,1,0,24,6,26.67,,Cate,,832,259,,,258,,1,Maluski (NAV),,,,false,"HD 11 had no Democratic candidate: Jami Cate (Republican) vs. Ivan Maluski (nonaffiliated). There was no Democrat-vs-Republican race, so it is left out of the two-party figures.",false,,,,,,,,,,,,,,SD 6 was not on the ballot in 2024. Oregon senators serve four-year terms; this seat is next up in 2026.
Linn,081,15,,8,,423,294,45,0,10,6,7,15,7,59,Virnig,Boshart Davis,367,360,0,,,,,0,,50.48,-8.52,-1.4,true,,false,,,,,,,,,,,,,,SD 8 was not on the ballot in 2024. Oregon senators serve four-year terms; this seat is next up in 2026.
Linn,082,15,,8,,626,659,32,1,8,4,3,15,1,48.72,Virnig,Boshart Davis,539,686,2,,,,,2,,44,-4.72,4.7,true,,false,,,,,,,,,,,,,,SD 8 was not on the ballot in 2024. Oregon senators serve four-year terms; this seat is next up in 2026.
Linn,083,17,,9,,13,20,0,0,0,0,0,0,0,39.39,Beem,Diehl,10,21,0,,,,,0,,32.26,,6.1,false,"too few votes to compare (HD two-party n=31, President n=33; minimum 50)",true,Ashland,Girod,10,21,0,,,,0,,32.26,,6.1,"too few votes to compare (SD two-party n=31, President n=33; minimum 50)"
Linn,084,11,,6,,702,1202,100,1,18,11,2,58,10,36.87,,Cate,,1204,551,,,543,,8,Maluski (NAV),,,,false,"HD 11 had no Democratic candidate: Jami Cate (Republican) vs. Ivan Maluski (nonaffiliated). There was no Democrat-vs-Republican race, so it is left out of the two-party figures.",false,,,,,,,,,,,,,,SD 6 was not on the ballot in 2024. Oregon senators serve four-year terms; this seat is next up in 2026.
Linn,085,15,,8,,274,639,27,0,3,1,0,21,2,30.01,Virnig,Boshart Davis,204,681,0,,,,,0,,23.05,-6.96,3.1,true,,false,,,,,,,,,,,,,,SD 8 was not on the ballot in 2024. Oregon senators serve four-year terms; this seat is next up in 2026.
Malheur,24 Annex/Huntington/Farewell Bend,60,,30,,42,143,8,0,0,0,0,7,1,22.7,,Owens,,147,0,,,,,0,,,,,false,"Mark Owens (Republican, also the Democratic nominee) ran unopposed in HD 60. There was no Democrat-vs-Republican race, so it is left out of the two-party figures.",true,,McLane,,147,2,,,,2,,,,,"Mike McLane (Republican, also the Democratic nominee) ran unopposed in SD 30. There was no Democrat-vs-Republican race, so it is left out of the two-party figures."
Malheur,17 Ironside,60,,30,,3,34,2,0,0,0,0,1,1,8.11,,Owens,,29,0,,,,,0,,,,,false,"Mark Owens (Republican, also the Democratic nominee) ran unopposed in HD 60. There was no Democrat-vs-Republican race, so it is left out of the two-party figures.",true,,McLane,,28,0,,,,0,,,,,"Mike McLane (Republican, also the Democratic nominee) ran unopposed in SD 30. There was no Democrat-vs-Republican race, so it is left out of the two-party figures."
Malheur,16 Brogan,60,,30,,21,48,1,0,0,0,0,1,0,30.43,,Owens,,46,1,,,,,1,,,,,false,"Mark Owens (Republican, also the Democratic nominee) ran unopposed in HD 60. There was no Democrat-vs-Republican race, so it is left out of the two-party figures.",true,,McLane,,42,2,,,,2,,,,,"Mike McLane (Republican, also the Democratic nominee) ran unopposed in SD 30. There was no Democrat-vs-Republican race, so it is left out of the two-party figures."
Malheur,18 Harper,60,,30,,10,158,4,0,0,1,0,2,1,5.95,,Owens,,142,1,,,,,1,,,,,false,"Mark Owens (Republican, also the Democratic nominee) ran unopposed in HD 60. There was no Democrat-vs-Republican race, so it is left out of the two-party figures.",true,,McLane,,135,1,,,,1,,,,,"Mike McLane (Republican, also the Democratic nominee) ran unopposed in SD 30. There was no Democrat-vs-Republican race, so it is left out of the two-party figures."
Malheur,19 Juntura,60,,30,,0,68,0,0,0,0,0,0,0,0,,Owens,,63,0,,,,,0,,,,,false,"Mark Owens (Republican, also the Democratic nominee) ran unopposed in HD 60. There was no Democrat-vs-Republican race, so it is left out of the two-party figures.",true,,McLane,,44,3,,,,3,,,,,"Mike McLane (Republican, also the Democratic nominee) ran unopposed in SD 30. There was no Democrat-vs-Republican race, so it is left out of the two-party figures."
Malheur,11 Rural Adrian,60,,30,,85,450,15,1,0,0,1,9,4,15.89,,Owens,,443,3,,,,,3,,,,,false,"Mark Owens (Republican, also the Democratic nominee) ran unopposed in HD 60. There was no Democrat-vs-Republican race, so it is left out of the two-party figures.",true,,McLane,,435,2,,,,2,,,,,"Mike McLane (Republican, also the Democratic nominee) ran unopposed in SD 30. There was no Democrat-vs-Republican race, so it is left out of the two-party figures."
Malheur,10 City of Adrian,60,,30,,29,47,8,0,0,1,0,7,0,38.16,,Owens,,69,0,,,,,0,,,,,false,"Mark Owens (Republican, also the Democratic nominee) ran unopposed in HD 60. There was no Democrat-vs-Republican race, so it is left out of the two-party figures.",true,,McLane,,64,0,,,,0,,,,,"Mike McLane (Republican, also the Democratic nominee) ran unopposed in SD 30. There was no Democrat-vs-Republican race, so it is left out of the two-party figures."
Malheur,22 Arock,60,,30,,0,80,0,0,0,0,0,0,0,0,,Owens,,70,0,,,,,0,,,,,false,"Mark Owens (Republican, also the Democratic nominee) ran unopposed in HD 60. There was no Democrat-vs-Republican race, so it is left out of the two-party figures.",true,,McLane,,64,0,,,,0,,,,,"Mike McLane (Republican, also the Democratic nominee) ran unopposed in SD 30. There was no Democrat-vs-Republican race, so it is left out of the two-party figures."
Malheur,21 Rural Jordan Valley,60,,30,,4,130,1,0,0,0,0,1,0,2.99,,Owens,,120,0,,,,,0,,,,,false,"Mark Owens (Republican, also the Democratic nominee) ran unopposed in HD 60. There was no Democrat-vs-Republican race, so it is left out of the two-party figures.",true,,McLane,,118,0,,,,0,,,,,"Mike McLane (Republican, also the Democratic nominee) ran unopposed in SD 30. There was no Democrat-vs-Republican race, so it is left out of the two-party figures."
Malheur,20 City of Jordan Valley,60,,30,,7,82,0,0,0,0,0,0,0,7.87,,Owens,,82,0,,,,,0,,,,,false,"Mark Owens (Republican, also the Democratic nominee) ran unopposed in HD 60. There was no Democrat-vs-Republican race, so it is left out of the two-party figures.",true,,McLane,,76,0,,,,0,,,,,"Mike McLane (Republican, also the Democratic nominee) ran unopposed in SD 30. There was no Democrat-vs-Republican race, so it is left out of the two-party figures."
Malheur,23 McDermitt,60,,30,,2,20,1,0,1,0,0,0,0,9.09,,Owens,,19,0,,,,,0,,,,,false,"Mark Owens (Republican, also the Democratic nominee) ran unopposed in HD 60. There was no Democrat-vs-Republican race, so it is left out of the two-party figures.",true,,McLane,,20,0,,,,0,,,,,"Mike McLane (Republican, also the Democratic nominee) ran unopposed in SD 30. There was no Democrat-vs-Republican race, so it is left out of the two-party figures."
Malheur,5 Applegate,60,,30,,82,271,14,0,0,2,0,11,1,23.23,,Owens,,284,2,,,,,2,,,,,false,"Mark Owens (Republican, also the Democratic nominee) ran unopposed in HD 60. There was no Democrat-vs-Republican race, so it is left out of the two-party figures.",true,,McLane,,286,2,,,,2,,,,,"Mike McLane (Republican, also the Democratic nominee) ran unopposed in SD 30. There was no Democrat-vs-Republican race, so it is left out of the two-party figures."
Malheur,9 Rural Nyssa,60,,30,,124,675,28,1,3,3,0,20,1,15.52,,Owens,,668,5,,,,,5,,,,,false,"Mark Owens (Republican, also the Democratic nominee) ran unopposed in HD 60. There was no Democrat-vs-Republican race, so it is left out of the two-party figures.",true,,McLane,,667,3,,,,3,,,,,"Mike McLane (Republican, also the Democratic nominee) ran unopposed in SD 30. There was no Democrat-vs-Republican race, so it is left out of the two-party figures."
Malheur,12 Vale City Limits,60,,30,,175,548,27,1,2,8,0,15,1,24.2,,Owens,,621,8,,,,,8,,,,,false,"Mark Owens (Republican, also the Democratic nominee) ran unopposed in HD 60. There was no Democrat-vs-Republican race, so it is left out of the two-party figures.",true,,McLane,,615,8,,,,8,,,,,"Mike McLane (Republican, also the Democratic nominee) ran unopposed in SD 30. There was no Democrat-vs-Republican race, so it is left out of the two-party figures."
Malheur,8 Nyssa City Limits,60,,30,,297,530,27,2,3,9,1,12,0,35.91,,Owens,,669,6,,,,,6,,,,,false,"Mark Owens (Republican, also the Democratic nominee) ran unopposed in HD 60. There was no Democrat-vs-Republican race, so it is left out of the two-party figures.",true,,McLane,,675,5,,,,5,,,,,"Mike McLane (Republican, also the Democratic nominee) ran unopposed in SD 30. There was no Democrat-vs-Republican race, so it is left out of the two-party figures."
Malheur,15 Willowcreek,60,,30,,23,208,7,1,0,1,0,4,1,9.96,,Owens,,180,0,,,,,0,,,,,false,"Mark Owens (Republican, also the Democratic nominee) ran unopposed in HD 60. There was no Democrat-vs-Republican race, so it is left out of the two-party figures.",true,,McLane,,166,0,,,,0,,,,,"Mike McLane (Republican, also the Democratic nominee) ran unopposed in SD 30. There was no Democrat-vs-Republican race, so it is left out of the two-party figures."
Malheur,14 North Rural Vale,60,,30,,103,637,15,2,2,1,0,8,2,13.92,,Owens,,639,5,,,,,5,,,,,false,"Mark Owens (Republican, also the Democratic nominee) ran unopposed in HD 60. There was no Democrat-vs-Republican race, so it is left out of the two-party figures.",true,,McLane,,634,7,,,,7,,,,,"Mike McLane (Republican, also the Democratic nominee) ran unopposed in SD 30. There was no Democrat-vs-Republican race, so it is left out of the two-party figures."
Malheur,13 South Rural Vale,60,,30,,76,459,11,0,1,0,0,9,1,14.21,,Owens,,449,2,,,,,2,,,,,false,"Mark Owens (Republican, also the Democratic nominee) ran unopposed in HD 60. There was no Democrat-vs-Republican race, so it is left out of the two-party figures.",true,,McLane,,441,3,,,,3,,,,,"Mike McLane (Republican, also the Democratic nominee) ran unopposed in SD 30. There was no Democrat-vs-Republican race, so it is left out of the two-party figures."
Malheur,2 Ontario,60,,30,,485,480,61,0,4,7,12,32,6,50.26,,Owens,,799,8,,,,,8,,,,,false,"Mark Owens (Republican, also the Democratic nominee) ran unopposed in HD 60. There was no Democrat-vs-Republican race, so it is left out of the two-party figures.",true,,McLane,,788,6,,,,6,,,,,"Mike McLane (Republican, also the Democratic nominee) ran unopposed in SD 30. There was no Democrat-vs-Republican race, so it is left out of the two-party figures."
Malheur,1 Ontario,60,,30,,347,537,24,2,2,5,1,12,2,39.25,,Owens,,686,9,,,,,9,,,,,false,"Mark Owens (Republican, also the Democratic nominee) ran unopposed in HD 60. There was no Democrat-vs-Republican race, so it is left out of the two-party figures.",true,,McLane,,675,9,,,,9,,,,,"Mike McLane (Republican, also the Democratic nominee) ran unopposed in SD 30. There was no Democrat-vs-Republican race, so it is left out of the two-party figures."
Malheur,4 Ontario,60,,30,,318,553,30,0,4,4,0,21,1,36.51,,Owens,,711,10,,,,,10,,,,,false,"Mark Owens (Republican, also the Democratic nominee) ran unopposed in HD 60. There was no Democrat-vs-Republican race, so it is left out of the two-party figures.",true,,McLane,,701,6,,,,6,,,,,"Mike McLane (Republican, also the Democratic nominee) ran unopposed in SD 30. There was no Democrat-vs-Republican race, so it is left out of the two-party figures."
Malheur,3 Ontario,60,,30,,339,477,34,4,4,1,0,22,3,41.54,,Owens,,646,13,,,,,13,,,,,false,"Mark Owens (Republican, also the Democratic nominee) ran unopposed in HD 60. There was no Democrat-vs-Republican race, so it is left out of the two-party figures.",true,,McLane,,656,10,,,,10,,,,,"Mike McLane (Republican, also the Democratic nominee) ran unopposed in SD 30. There was no Democrat-vs-Republican race, so it is left out of the two-party figures."
Malheur,7 Butte/Cairo,60,,30,,131,455,13,1,2,3,0,5,2,22.35,,Owens,,496,5,,,,,5,,,,,false,"Mark Owens (Republican, also the Democratic nominee) ran unopposed in HD 60. There was no Democrat-vs-Republican race, so it is left out of the two-party figures.",true,,McLane,,492,5,,,,5,,,,,"Mike McLane (Republican, also the Democratic nominee) ran unopposed in SD 30. There was no Democrat-vs-Republican race, so it is left out of the two-party figures."
Malheur,6 Fair/Ontario Heights,60,,30,,181,620,20,2,6,1,1,9,1,22.6,,Owens,,652,8,,,,,8,,,,,false,"Mark Owens (Republican, also the Democratic nominee) ran unopposed in HD 60. There was no Democrat-vs-Republican race, so it is left out of the two-party figures.",true,,McLane,,654,6,,,,6,,,,,"Mike McLane (Republican, also the Democratic nominee) ran unopposed in SD 30. There was no Democrat-vs-Republican race, so it is left out of the two-party figures."
Morrow,Heppner/Hardman,57,,29,,233,870,30,0,4,2,2,19,3,21.12,,Smith,,829,42,,,,,42,,,,,false,"Greg Smith (Republican, also the Democratic nominee) ran unopposed in HD 57. There was no Democrat-vs-Republican race, so it is left out of the two-party figures.",true,,Nash,,866,139,,,134,5,Wildbill (NAV),,,,"SD 29 had no Democratic candidate: Todd Nash (Republican, also the Democratic nominee) vs. Tania Wildbill (nonaffiliated). There was no Democrat-vs-Republican race, so it is left out of the two-party figures."
Morrow,Boardman,57,,29,,462,793,72,0,3,7,1,47,14,36.81,,Smith,,1008,32,,,,,32,,,,,false,"Greg Smith (Republican, also the Democratic nominee) ran unopposed in HD 57. There was no Democrat-vs-Republican race, so it is left out of the two-party figures.",true,,Nash,,942,247,,,245,2,Wildbill (NAV),,,,"SD 29 had no Democratic candidate: Todd Nash (Republican, also the Democratic nominee) vs. Tania Wildbill (nonaffiliated). There was no Democrat-vs-Republican race, so it is left out of the two-party figures."
Morrow,Irrigon,57,,29,,326,1152,54,5,6,4,0,35,4,22.06,,Smith,,1190,35,,,,,35,,,,,false,"Greg Smith (Republican, also the Democratic nominee) ran unopposed in HD 57. There was no Democrat-vs-Republican race, so it is left out of the two-party figures.",true,,Nash,,1128,255,,,251,4,Wildbill (NAV),,,,"SD 29 had no Democratic candidate: Todd Nash (Republican, also the Democratic nominee) vs. Tania Wildbill (nonaffiliated). There was no Democrat-vs-Republican race, so it is left out of the two-party figures."
Morrow,Ione,57,,29,,73,279,12,2,1,0,0,5,4,20.74,,Smith,,250,19,,,,,19,,,,,false,"Greg Smith (Republican, also the Democratic nominee) ran unopposed in HD 57. There was no Democrat-vs-Republican race, so it is left out of the two-party figures.",true,,Nash,,298,38,,,38,0,Wildbill (NAV),,,,"SD 29 had no Democratic candidate: Todd Nash (Republican, also the Democratic nominee) vs. Tania Wildbill (nonaffiliated). There was no Democrat-vs-Republican race, so it is left out of the two-party figures."
Morrow,Lexington,57,,29,,44,314,18,3,3,0,1,9,2,12.29,,Smith,,264,10,,,,,10,,,,,false,"Greg Smith (Republican, also the Democratic nominee) ran unopposed in HD 57. There was no Democrat-vs-Republican race, so it is left out of the two-party figures.",true,,Nash,,303,32,,,32,0,Wildbill (NAV),,,,"SD 29 had no Democratic candidate: Todd Nash (Republican, also the Democratic nominee) vs. Tania Wildbill (nonaffiliated). There was no Democrat-vs-Republican race, so it is left out of the two-party figures."
Sherman,1,57,,29,,36,156,8,0,0,0,0,6,2,18.75,,Smith,,148,7,,,,,7,,,,,false,"Greg Smith (Republican, also the Democratic nominee) ran unopposed in HD 57. There was no Democrat-vs-Republican race, so it is left out of the two-party figures.",true,,Nash,,151,14,,,13,1,Wildbill (NAV),,,,"SD 29 had no Democratic candidate: Todd Nash (Republican, also the Democratic nominee) vs. Tania Wildbill (nonaffiliated). There was no Democrat-vs-Republican race, so it is left out of the two-party figures."
Sherman,2,57,,29,,71,298,13,1,0,0,0,9,3,19.24,,Smith,,291,5,,,,,5,,,,,false,"Greg Smith (Republican, also the Democratic nominee) ran unopposed in HD 57. There was no Democrat-vs-Republican race, so it is left out of the two-party figures.",true,,Nash,,293,29,,,28,1,Wildbill (NAV),,,,"SD 29 had no Democratic candidate: Todd Nash (Republican, also the Democratic nominee) vs. Tania Wildbill (nonaffiliated). There was no Democrat-vs-Republican race, so it is left out of the two-party figures."
Sherman,3,57,,29,,89,232,16,0,3,1,1,10,1,27.73,,Smith,,258,1,,,,,1,,,,,false,"Greg Smith (Republican, also the Democratic nominee) ran unopposed in HD 57. There was no Democrat-vs-Republican race, so it is left out of the two-party figures.",true,,Nash,,240,43,,,40,3,Wildbill (NAV),,,,"SD 29 had no Democratic candidate: Todd Nash (Republican, also the Democratic nominee) vs. Tania Wildbill (nonaffiliated). There was no Democrat-vs-Republican race, so it is left out of the two-party figures."
Sherman,4,57,,29,,32,148,1,0,0,0,0,1,0,17.78,,Smith,,137,1,,,,,1,,,,,false,"Greg Smith (Republican, also the Democratic nominee) ran unopposed in HD 57. There was no Democrat-vs-Republican race, so it is left out of the two-party figures.",true,,Nash,,147,13,,,12,1,Wildbill (NAV),,,,"SD 29 had no Democratic candidate: Todd Nash (Republican, also the Democratic nominee) vs. Tania Wildbill (nonaffiliated). There was no Democrat-vs-Republican race, so it is left out of the two-party figures."
Sherman,5,57,,29,,5,56,2,0,0,0,0,0,2,8.2,,Smith,,46,7,,,,,7,,,,,false,"Greg Smith (Republican, also the Democratic nominee) ran unopposed in HD 57. There was no Democrat-vs-Republican race, so it is left out of the two-party figures.",true,,Nash,,55,4,,,4,0,Wildbill (NAV),,,,"SD 29 had no Democratic candidate: Todd Nash (Republican, also the Democratic nominee) vs. Tania Wildbill (nonaffiliated). There was no Democrat-vs-Republican race, so it is left out of the two-party figures."
Tillamook,TILLAMOOK #2,32,,16,,163,167,8,0,1,1,0,5,1,49.39,Davis,Javadi,143,178,2,,,,,2,,44.55,-4.84,2.7,true,,false,,,,,,,,,,,,,,SD 16 was not on the ballot in 2024. Oregon senators serve four-year terms; this seat is next up in 2026.
Tillamook,CLOVERDALE,32,,16,,123,197,2,0,1,0,0,1,0,38.44,Davis,Javadi,96,209,0,,,,,0,,31.48,-6.96,4.7,true,,false,,,,,,,,,,,,,,SD 16 was not on the ballot in 2024. Oregon senators serve four-year terms; this seat is next up in 2026.
Tillamook,TILLAMOOK #3,32,,16,,138,161,21,1,1,4,2,10,3,46.15,Davis,Javadi,124,169,2,,,,,2,,42.32,-3.83,2,true,,false,,,,,,,,,,,,,,SD 16 was not on the ballot in 2024. Oregon senators serve four-year terms; this seat is next up in 2026.
Tillamook,TILLAMOOK #1,32,,16,,184,225,23,2,1,4,1,11,4,44.99,Davis,Javadi,174,234,5,,,,,5,,42.65,-2.34,0.2,true,,false,,,,,,,,,,,,,,SD 16 was not on the ballot in 2024. Oregon senators serve four-year terms; this seat is next up in 2026.
Tillamook,NETARTS,32,,16,,447,335,32,4,2,8,0,11,7,57.16,Davis,Javadi,416,358,1,,,,,1,,53.75,-3.41,1,true,,false,,,,,,,,,,,,,,SD 16 was not on the ballot in 2024. Oregon senators serve four-year terms; this seat is next up in 2026.
Tillamook,OCEANSIDE,32,,16,,198,87,17,0,4,3,4,2,4,69.47,Davis,Javadi,178,113,0,,,,,0,,61.17,-8.3,-2.1,true,,false,,,,,,,,,,,,,,SD 16 was not on the ballot in 2024. Oregon senators serve four-year terms; this seat is next up in 2026.
Tillamook,UNION,32,,16,,576,448,40,1,3,12,0,15,9,56.25,Davis,Javadi,517,501,0,,,,,0,,50.79,-5.46,0.6,true,,false,,,,,,,,,,,,,,SD 16 was not on the ballot in 2024. Oregon senators serve four-year terms; this seat is next up in 2026.
Tillamook,SOUTH PRAIRIE EAST,32,,16,,77,332,7,0,1,1,1,3,1,18.83,Davis,Javadi,71,330,3,,,,,3,,17.71,-1.12,2,true,,false,,,,,,,,,,,,,,SD 16 was not on the ballot in 2024. Oregon senators serve four-year terms; this seat is next up in 2026.
Tillamook,KILCHIS,32,,16,,166,315,18,2,2,2,0,12,0,34.51,Davis,Javadi,149,328,1,,,,,1,,31.24,-3.27,0.8,true,,false,,,,,,,,,,,,,,SD 16 was not on the ballot in 2024. Oregon senators serve four-year terms; this seat is next up in 2026.
Tillamook,ROCKAWAY,32,,16,,670,495,47,0,1,15,3,24,4,57.51,Davis,Javadi,584,563,2,,,,,2,,50.92,-6.59,1.5,true,,false,,,,,,,,,,,,,,SD 16 was not on the ballot in 2024. Oregon senators serve four-year terms; this seat is next up in 2026.
Tillamook,MAPLELEAF,32,,16,,138,319,6,0,2,0,0,2,2,30.2,Davis,Javadi,114,340,2,,,,,2,,25.11,-5.09,0.7,true,,false,,,,,,,,,,,,,,SD 16 was not on the ballot in 2024. Oregon senators serve four-year terms; this seat is next up in 2026.
Tillamook,BAY,32,,16,,489,489,41,2,4,8,1,20,6,50,Davis,Javadi,445,532,0,,,,,0,,45.55,-4.45,0.1,true,,false,,,,,,,,,,,,,,SD 16 was not on the ballot in 2024. Oregon senators serve four-year terms; this seat is next up in 2026.
Tillamook,GARIBALDI,32,,16,,364,369,26,0,4,3,1,15,3,49.66,Davis,Javadi,334,393,2,,,,,2,,45.94,-3.72,0.8,true,,false,,,,,,,,,,,,,,SD 16 was not on the ballot in 2024. Oregon senators serve four-year terms; this seat is next up in 2026.
Tillamook,WHEELER,32,,16,,284,119,11,0,0,3,0,8,0,70.47,Davis,Javadi,255,140,0,,,,,0,,64.56,-5.91,2,true,,false,,,,,,,,,,,,,,SD 16 was not on the ballot in 2024. Oregon senators serve four-year terms; this seat is next up in 2026.
Tillamook,TILLAMOOK #4,32,,16,,145,190,6,0,2,1,1,2,0,43.28,Davis,Javadi,118,208,2,,,,,2,,36.2,-7.08,2.7,true,,false,,,,,,,,,,,,,,SD 16 was not on the ballot in 2024. Oregon senators serve four-year terms; this seat is next up in 2026.
Tillamook,TRASK,32,,16,,70,140,8,0,0,0,0,6,2,33.33,Davis,Javadi,70,139,1,,,,,1,,33.49,0.16,0.5,true,,false,,,,,,,,,,,,,,SD 16 was not on the ballot in 2024. Oregon senators serve four-year terms; this seat is next up in 2026.
Tillamook,SOUTH PRAIRIE WEST,32,,16,,115,322,9,0,1,1,0,6,1,26.32,Davis,Javadi,102,329,2,,,,,2,,23.67,-2.65,1.4,true,,false,,,,,,,,,,,,,,SD 16 was not on the ballot in 2024. Oregon senators serve four-year terms; this seat is next up in 2026.
Tillamook,EASTSIDE,32,,16,,62,93,4,0,0,0,0,3,1,40,Davis,Javadi,55,98,1,,,,,1,,35.95,-4.05,1.3,true,,false,,,,,,,,,,,,,,SD 16 was not on the ballot in 2024. Oregon senators serve four-year terms; this seat is next up in 2026.
Tillamook,TILLAMOOK #5,32,,16,,133,176,15,0,1,2,0,11,1,43.04,Davis,Javadi,121,190,0,,,,,0,,38.91,-4.13,-0.6,true,,false,,,,,,,,,,,,,,SD 16 was not on the ballot in 2024. Oregon senators serve four-year terms; this seat is next up in 2026.
Tillamook,TILLAMOOK #6,32,,16,,115,176,10,0,1,3,0,6,0,39.52,Davis,Javadi,94,191,1,,,,,1,,32.98,-6.54,2.1,true,,false,,,,,,,,,,,,,,SD 16 was not on the ballot in 2024. Oregon senators serve four-year terms; this seat is next up in 2026.
Tillamook,WESTSIDE,32,,16,,146,121,10,0,0,1,0,7,2,54.68,Davis,Javadi,126,133,0,,,,,0,,48.65,-6.03,3,true,,false,,,,,,,,,,,,,,SD 16 was not on the ballot in 2024. Oregon senators serve four-year terms; this seat is next up in 2026.
Tillamook,PINE GROVE,32,,16,,1174,371,47,0,10,14,4,14,5,75.99,Davis,Javadi,1103,419,0,,,,,0,,72.47,-3.52,1.5,true,,false,,,,,,,,,,,,,,SD 16 was not on the ballot in 2024. Oregon senators serve four-year terms; this seat is next up in 2026.
Tillamook,BEAVER,32,,16,,209,453,16,1,0,6,0,8,1,31.57,Davis,Javadi,183,472,0,,,,,0,,27.94,-3.63,1.1,true,,false,,,,,,,,,,,,,,SD 16 was not on the ballot in 2024. Oregon senators serve four-year terms; this seat is next up in 2026.
Tillamook,CARNAHAN,32,,16,,104,264,10,1,2,0,0,4,3,28.26,Davis,Javadi,90,272,4,,,,,4,,24.86,-3.4,1.6,true,,false,,,,,,,,,,,,,,SD 16 was not on the ballot in 2024. Oregon senators serve four-year terms; this seat is next up in 2026.
Tillamook,FOLEY,32,,16,,227,240,19,1,1,2,2,11,2,48.61,Davis,Javadi,213,247,0,,,,,0,,46.3,-2.31,1.5,true,,false,,,,,,,,,,,,,,SD 16 was not on the ballot in 2024. Oregon senators serve four-year terms; this seat is next up in 2026.
Tillamook,FAIRVIEW,32,,16,,428,749,21,1,1,4,0,12,3,36.36,Davis,Javadi,352,802,3,,,,,3,,30.5,-5.86,2,true,,false,,,,,,,,,,,,,,SD 16 was not on the ballot in 2024. Oregon senators serve four-year terms; this seat is next up in 2026.
Tillamook,HEBO,32,,16,,131,231,11,1,1,4,0,3,2,36.19,Davis,Javadi,122,235,0,,,,,0,,34.17,-2.02,1.4,true,,false,,,,,,,,,,,,,,SD 16 was not on the ballot in 2024. Oregon senators serve four-year terms; this seat is next up in 2026.
Tillamook,NESKOWIN,32,,16,,370,227,29,1,7,7,2,9,3,61.98,Davis,Javadi,348,257,0,,,,,0,,57.52,-4.46,-1.3,true,,false,,,,,,,,,,,,,,SD 16 was not on the ballot in 2024. Oregon senators serve four-year terms; this seat is next up in 2026.
Tillamook,NEHALEM,32,,16,,301,160,20,1,1,6,2,8,2,65.29,Davis,Javadi,291,170,0,,,,,0,,63.12,-2.17,0,true,,false,,,,,,,,,,,,,,SD 16 was not on the ballot in 2024. Oregon senators serve four-year terms; this seat is next up in 2026.
Umatilla,126,57,,29,,418,735,37,1,3,10,1,19,3,36.25,,Smith,,844,20,,,,,20,,,,,false,"Greg Smith (Republican, also the Democratic nominee) ran unopposed in HD 57. There was no Democrat-vs-Republican race, so it is left out of the two-party figures.",true,,Nash,,804,186,,,184,2,Wildbill (NAV),,,,"SD 29 had no Democratic candidate: Todd Nash (Republican, also the Democratic nominee) vs. Tania Wildbill (nonaffiliated). There was no Democrat-vs-Republican race, so it is left out of the two-party figures."
Umatilla,103,57,57/58,29,,267,964,28,1,7,2,0,13,5,21.69,,Smith,,910,18,,,,,18,,,,,false,"Greg Smith (Republican, also the Democratic nominee) ran unopposed in HD 57. There was no Democrat-vs-Republican race, so it is left out of the two-party figures.",true,,Nash,,985,134,,,131,3,Wildbill (NAV),,,,"SD 29 had no Democratic candidate: Todd Nash (Republican, also the Democratic nominee) vs. Tania Wildbill (nonaffiliated). There was no Democrat-vs-Republican race, so it is left out of the two-party figures."
Umatilla,114,58,,29,,57,307,2,0,1,0,0,1,0,15.66,,Levy,,297,2,,,,,2,,,,,false,"Bobby Levy (Republican) ran unopposed in HD 58. There was no Democrat-vs-Republican race, so it is left out of the two-party figures.",true,,Nash,,290,48,,,45,3,Wildbill (NAV),,,,"SD 29 had no Democratic candidate: Todd Nash (Republican, also the Democratic nominee) vs. Tania Wildbill (nonaffiliated). There was no Democrat-vs-Republican race, so it is left out of the two-party figures."
Umatilla,129,57,,29,,428,699,42,3,2,5,2,24,6,37.98,,Smith,,839,27,,,,,27,,,,,false,"Greg Smith (Republican, also the Democratic nominee) ran unopposed in HD 57. There was no Democrat-vs-Republican race, so it is left out of the two-party figures.",true,,Nash,,737,242,,,235,7,Wildbill (NAV),,,,"SD 29 had no Democratic candidate: Todd Nash (Republican, also the Democratic nominee) vs. Tania Wildbill (nonaffiliated). There was no Democrat-vs-Republican race, so it is left out of the two-party figures."
Umatilla,105,57,,29,,297,894,39,1,4,2,3,18,11,24.94,,Smith,,918,29,,,,,29,,,,,false,"Greg Smith (Republican, also the Democratic nominee) ran unopposed in HD 57. There was no Democrat-vs-Republican race, so it is left out of the two-party figures.",true,,Nash,,900,177,,,169,8,Wildbill (NAV),,,,"SD 29 had no Democratic candidate: Todd Nash (Republican, also the Democratic nominee) vs. Tania Wildbill (nonaffiliated). There was no Democrat-vs-Republican race, so it is left out of the two-party figures."
Umatilla,128,57,,29,,543,944,44,0,6,3,1,30,4,36.52,,Smith,,1137,29,,,,,29,,,,,false,"Greg Smith (Republican, also the Democratic nominee) ran unopposed in HD 57. There was no Democrat-vs-Republican race, so it is left out of the two-party figures.",true,,Nash,,1080,254,,,245,9,Wildbill (NAV),,,,"SD 29 had no Democratic candidate: Todd Nash (Republican, also the Democratic nominee) vs. Tania Wildbill (nonaffiliated). There was no Democrat-vs-Republican race, so it is left out of the two-party figures."
Umatilla,101,57,,29,,82,415,14,2,0,3,0,7,2,16.5,,Smith,,386,10,,,,,10,,,,,false,"Greg Smith (Republican, also the Democratic nominee) ran unopposed in HD 57. There was no Democrat-vs-Republican race, so it is left out of the two-party figures.",true,,Nash,,401,59,,,53,6,Wildbill (NAV),,,,"SD 29 had no Democratic candidate: Todd Nash (Republican, also the Democratic nominee) vs. Tania Wildbill (nonaffiliated). There was no Democrat-vs-Republican race, so it is left out of the two-party figures."
Umatilla,113,58,,29,,109,574,19,1,3,1,1,12,1,15.96,,Levy,,531,6,,,,,6,,,,,false,"Bobby Levy (Republican) ran unopposed in HD 58. There was no Democrat-vs-Republican race, so it is left out of the two-party figures.",true,,Nash,,507,125,,,120,5,Wildbill (NAV),,,,"SD 29 had no Democratic candidate: Todd Nash (Republican, also the Democratic nominee) vs. Tania Wildbill (nonaffiliated). There was no Democrat-vs-Republican race, so it is left out of the two-party figures."
Umatilla,102,57,,29,,497,995,61,5,12,8,2,24,10,33.31,,Smith,,1161,20,,,,,20,,,,,false,"Greg Smith (Republican, also the Democratic nominee) ran unopposed in HD 57. There was no Democrat-vs-Republican race, so it is left out of the two-party figures.",true,,Nash,,1073,266,,,254,12,Wildbill (NAV),,,,"SD 29 had no Democratic candidate: Todd Nash (Republican, also the Democratic nominee) vs. Tania Wildbill (nonaffiliated). There was no Democrat-vs-Republican race, so it is left out of the two-party figures."
Umatilla,110,58,,29,,212,721,18,0,2,1,1,11,3,22.72,,Levy,,757,12,,,,,12,,,,,false,"Bobby Levy (Republican) ran unopposed in HD 58. There was no Democrat-vs-Republican race, so it is left out of the two-party figures.",true,,Nash,,754,128,,,127,1,Wildbill (NAV),,,,"SD 29 had no Democratic candidate: Todd Nash (Republican, also the Democratic nominee) vs. Tania Wildbill (nonaffiliated). There was no Democrat-vs-Republican race, so it is left out of the two-party figures."
Umatilla,141,58,,29,,429,925,58,2,7,7,2,28,12,31.68,,Levy,,1008,18,,,,,18,,,,,false,"Bobby Levy (Republican) ran unopposed in HD 58. There was no Democrat-vs-Republican race, so it is left out of the two-party figures.",true,,Nash,,995,245,,,237,8,Wildbill (NAV),,,,"SD 29 had no Democratic candidate: Todd Nash (Republican, also the Democratic nominee) vs. Tania Wildbill (nonaffiliated). There was no Democrat-vs-Republican race, so it is left out of the two-party figures."
Umatilla,133,57,,29,,213,362,18,0,4,0,0,11,3,37.04,,Smith,,431,7,,,,,7,,,,,false,"Greg Smith (Republican, also the Democratic nominee) ran unopposed in HD 57. There was no Democrat-vs-Republican race, so it is left out of the two-party figures.",true,,Nash,,419,71,,,70,1,Wildbill (NAV),,,,"SD 29 had no Democratic candidate: Todd Nash (Republican, also the Democratic nominee) vs. Tania Wildbill (nonaffiliated). There was no Democrat-vs-Republican race, so it is left out of the two-party figures."
Umatilla,143,58,,29,,371,710,27,1,1,1,1,21,2,34.32,,Levy,,784,10,,,,,10,,,,,false,"Bobby Levy (Republican) ran unopposed in HD 58. There was no Democrat-vs-Republican race, so it is left out of the two-party figures.",true,,Nash,,727,222,,,218,4,Wildbill (NAV),,,,"SD 29 had no Democratic candidate: Todd Nash (Republican, also the Democratic nominee) vs. Tania Wildbill (nonaffiliated). There was no Democrat-vs-Republican race, so it is left out of the two-party figures."
Umatilla,137,58,,29,,425,648,41,2,1,8,3,22,5,39.61,,Levy,,753,24,,,,,24,,,,,false,"Bobby Levy (Republican) ran unopposed in HD 58. There was no Democrat-vs-Republican race, so it is left out of the two-party figures.",true,,Nash,,683,279,,,270,9,Wildbill (NAV),,,,"SD 29 had no Democratic candidate: Todd Nash (Republican, also the Democratic nominee) vs. Tania Wildbill (nonaffiliated). There was no Democrat-vs-Republican race, so it is left out of the two-party figures."
Umatilla,138,58,,29,,441,564,44,3,6,8,1,24,2,43.88,,Levy,,717,21,,,,,21,,,,,false,"Bobby Levy (Republican) ran unopposed in HD 58. There was no Democrat-vs-Republican race, so it is left out of the two-party figures.",true,,Nash,,626,301,,,298,3,Wildbill (NAV),,,,"SD 29 had no Democratic candidate: Todd Nash (Republican, also the Democratic nominee) vs. Tania Wildbill (nonaffiliated). There was no Democrat-vs-Republican race, so it is left out of the two-party figures."
Umatilla,139,58,,29,,480,463,33,0,8,3,0,16,6,50.9,,Levy,,684,16,,,,,16,,,,,false,"Bobby Levy (Republican) ran unopposed in HD 58. There was no Democrat-vs-Republican race, so it is left out of the two-party figures.",true,,Nash,,612,245,,,238,7,Wildbill (NAV),,,,"SD 29 had no Democratic candidate: Todd Nash (Republican, also the Democratic nominee) vs. Tania Wildbill (nonaffiliated). There was no Democrat-vs-Republican race, so it is left out of the two-party figures."
Umatilla,136,58,,29,,253,605,47,1,4,9,0,25,8,29.49,,Levy,,645,10,,,,,10,,,,,false,"Bobby Levy (Republican) ran unopposed in HD 58. There was no Democrat-vs-Republican race, so it is left out of the two-party figures.",true,,Nash,,605,201,,,194,7,Wildbill (NAV),,,,"SD 29 had no Democratic candidate: Todd Nash (Republican, also the Democratic nominee) vs. Tania Wildbill (nonaffiliated). There was no Democrat-vs-Republican race, so it is left out of the two-party figures."
Umatilla,106R,58,58/57,29,,59,262,11,1,0,3,0,3,4,18.38,,Levy,,181,1,,,,,1,,,,,false,"Bobby Levy (Republican) ran unopposed in HD 58. There was no Democrat-vs-Republican race, so it is left out of the two-party figures.",true,,Nash,,266,32,,,31,1,Wildbill (NAV),,,,"SD 29 had no Democratic candidate: Todd Nash (Republican, also the Democratic nominee) vs. Tania Wildbill (nonaffiliated). There was no Democrat-vs-Republican race, so it is left out of the two-party figures."
Umatilla,125R,58,58/57,29,,62,237,8,1,0,1,0,6,0,20.74,,Levy,,227,2,,,,,2,,,,,false,"Bobby Levy (Republican) ran unopposed in HD 58. There was no Democrat-vs-Republican race, so it is left out of the two-party figures.",true,,Nash,,242,35,,,34,1,Wildbill (NAV),,,,"SD 29 had no Democratic candidate: Todd Nash (Republican, also the Democratic nominee) vs. Tania Wildbill (nonaffiliated). There was no Democrat-vs-Republican race, so it is left out of the two-party figures."
Umatilla,123,58,58/57,29,,146,465,16,0,3,4,1,8,0,23.9,,Levy,,406,7,,,,,7,,,,,false,"Bobby Levy (Republican) ran unopposed in HD 58. There was no Democrat-vs-Republican race, so it is left out of the two-party figures.",true,,Nash,,496,67,,,66,1,Wildbill (NAV),,,,"SD 29 had no Democratic candidate: Todd Nash (Republican, also the Democratic nominee) vs. Tania Wildbill (nonaffiliated). There was no Democrat-vs-Republican race, so it is left out of the two-party figures."
Umatilla,116,58,,29,,49,77,6,0,0,1,0,5,0,38.89,,Levy,,81,3,,,,,3,,,,,false,"Bobby Levy (Republican) ran unopposed in HD 58. There was no Democrat-vs-Republican race, so it is left out of the two-party figures.",true,,Nash,,77,37,,,36,1,Wildbill (NAV),,,,"SD 29 had no Democratic candidate: Todd Nash (Republican, also the Democratic nominee) vs. Tania Wildbill (nonaffiliated). There was no Democrat-vs-Republican race, so it is left out of the two-party figures."
Umatilla,119,57,,29,,34,96,2,0,0,0,0,2,0,26.15,,Smith,,96,2,,,,,2,,,,,false,"Greg Smith (Republican, also the Democratic nominee) ran unopposed in HD 57. There was no Democrat-vs-Republican race, so it is left out of the two-party figures.",true,,Nash,,98,16,,,14,2,Wildbill (NAV),,,,"SD 29 had no Democratic candidate: Todd Nash (Republican, also the Democratic nominee) vs. Tania Wildbill (nonaffiliated). There was no Democrat-vs-Republican race, so it is left out of the two-party figures."
Umatilla,121,58,,29,,102,314,10,1,4,1,0,4,0,24.52,,Levy,,331,5,,,,,5,,,,,false,"Bobby Levy (Republican) ran unopposed in HD 58. There was no Democrat-vs-Republican race, so it is left out of the two-party figures.",true,,Nash,,335,47,,,47,0,Wildbill (NAV),,,,"SD 29 had no Democratic candidate: Todd Nash (Republican, also the Democratic nominee) vs. Tania Wildbill (nonaffiliated). There was no Democrat-vs-Republican race, so it is left out of the two-party figures."
Umatilla,112,58,,29,,15,89,4,0,0,0,0,3,1,14.42,,Levy,,87,0,,,,,0,,,,,false,"Bobby Levy (Republican) ran unopposed in HD 58. There was no Democrat-vs-Republican race, so it is left out of the two-party figures.",true,,Nash,,85,16,,,14,2,Wildbill (NAV),,,,"SD 29 had no Democratic candidate: Todd Nash (Republican, also the Democratic nominee) vs. Tania Wildbill (nonaffiliated). There was no Democrat-vs-Republican race, so it is left out of the two-party figures."
Umatilla,124R,58,58/57,29,,27,142,6,0,3,1,0,2,0,15.98,,Levy,,133,1,,,,,1,,,,,false,"Bobby Levy (Republican) ran unopposed in HD 58. There was no Democrat-vs-Republican race, so it is left out of the two-party figures.",true,,Nash,,154,16,,,14,2,Wildbill (NAV),,,,"SD 29 had no Democratic candidate: Todd Nash (Republican, also the Democratic nominee) vs. Tania Wildbill (nonaffiliated). There was no Democrat-vs-Republican race, so it is left out of the two-party figures."
Umatilla,120,57,57/58,29,,221,780,29,0,1,2,1,21,4,22.08,,Smith,,501,3,,,,,3,,,,,false,"Greg Smith (Republican, also the Democratic nominee) ran unopposed in HD 57. There was no Democrat-vs-Republican race, so it is left out of the two-party figures.",true,,Nash,,800,127,,,126,1,Wildbill (NAV),,,,"SD 29 had no Democratic candidate: Todd Nash (Republican, also the Democratic nominee) vs. Tania Wildbill (nonaffiliated). There was no Democrat-vs-Republican race, so it is left out of the two-party figures."
Umatilla,117R,58,,29,,10,23,1,0,0,0,0,1,0,30.3,,Levy,,19,0,,,,,0,,,,,false,"Bobby Levy (Republican) ran unopposed in HD 58. There was no Democrat-vs-Republican race, so it is left out of the two-party figures.",true,,Nash,,23,7,,,7,0,Wildbill (NAV),,,,"SD 29 had no Democratic candidate: Todd Nash (Republican, also the Democratic nominee) vs. Tania Wildbill (nonaffiliated). There was no Democrat-vs-Republican race, so it is left out of the two-party figures."
Umatilla,111,58,,29,,662,794,46,2,4,8,1,28,3,45.47,,Levy,,1113,22,,,,,22,,,,,false,"Bobby Levy (Republican) ran unopposed in HD 58. There was no Democrat-vs-Republican race, so it is left out of the two-party figures.",true,,Nash,,894,482,,,473,9,Wildbill (NAV),,,,"SD 29 had no Democratic candidate: Todd Nash (Republican, also the Democratic nominee) vs. Tania Wildbill (nonaffiliated). There was no Democrat-vs-Republican race, so it is left out of the two-party figures."
Umatilla,125C,58,,29,,75,245,11,1,1,1,0,7,1,23.44,,Levy,,258,2,,,,,2,,,,,false,"Bobby Levy (Republican) ran unopposed in HD 58. There was no Democrat-vs-Republican race, so it is left out of the two-party figures.",true,,Nash,,251,47,,,47,0,Wildbill (NAV),,,,"SD 29 had no Democratic candidate: Todd Nash (Republican, also the Democratic nominee) vs. Tania Wildbill (nonaffiliated). There was no Democrat-vs-Republican race, so it is left out of the two-party figures."
Umatilla,106C,58,,29,,211,585,28,1,5,2,2,18,0,26.51,,Levy,,633,5,,,,,5,,,,,false,"Bobby Levy (Republican) ran unopposed in HD 58. There was no Democrat-vs-Republican race, so it is left out of the two-party figures.",true,,Nash,,582,145,,,143,2,Wildbill (NAV),,,,"SD 29 had no Democratic candidate: Todd Nash (Republican, also the Democratic nominee) vs. Tania Wildbill (nonaffiliated). There was no Democrat-vs-Republican race, so it is left out of the two-party figures."
Umatilla,104,57,,29,,271,1167,39,0,5,1,0,20,13,18.85,,Smith,,1131,21,,,,,21,,,,,false,"Greg Smith (Republican, also the Democratic nominee) ran unopposed in HD 57. There was no Democrat-vs-Republican race, so it is left out of the two-party figures.",true,,Nash,,1164,146,,,143,3,Wildbill (NAV),,,,"SD 29 had no Democratic candidate: Todd Nash (Republican, also the Democratic nominee) vs. Tania Wildbill (nonaffiliated). There was no Democrat-vs-Republican race, so it is left out of the two-party figures."
Umatilla,130,57,,29,,478,991,67,3,9,8,1,38,8,32.54,,Smith,,1136,18,,,,,18,,,,,false,"Greg Smith (Republican, also the Democratic nominee) ran unopposed in HD 57. There was no Democrat-vs-Republican race, so it is left out of the two-party figures.",true,,Nash,,1072,252,,,245,7,Wildbill (NAV),,,,"SD 29 had no Democratic candidate: Todd Nash (Republican, also the Democratic nominee) vs. Tania Wildbill (nonaffiliated). There was no Democrat-vs-Republican race, so it is left out of the two-party figures."
Umatilla,124C,58,,29,,156,488,23,0,3,5,0,13,2,24.22,,Levy,,510,8,,,,,8,,,,,false,"Bobby Levy (Republican) ran unopposed in HD 58. There was no Democrat-vs-Republican race, so it is left out of the two-party figures.",true,,Nash,,494,123,,,121,2,Wildbill (NAV),,,,"SD 29 had no Democratic candidate: Todd Nash (Republican, also the Democratic nominee) vs. Tania Wildbill (nonaffiliated). There was no Democrat-vs-Republican race, so it is left out of the two-party figures."
Umatilla,109C,58,,29,,36,151,9,0,1,0,0,7,1,19.25,,Levy,,144,1,,,,,1,,,,,false,"Bobby Levy (Republican) ran unopposed in HD 58. There was no Democrat-vs-Republican race, so it is left out of the two-party figures.",true,,Nash,,142,34,,,33,1,Wildbill (NAV),,,,"SD 29 had no Democratic candidate: Todd Nash (Republican, also the Democratic nominee) vs. Tania Wildbill (nonaffiliated). There was no Democrat-vs-Republican race, so it is left out of the two-party figures."
Umatilla,108C,57,,29,,26,85,6,0,1,1,0,2,2,23.42,,Smith,,88,4,,,,,4,,,,,false,"Greg Smith (Republican, also the Democratic nominee) ran unopposed in HD 57. There was no Democrat-vs-Republican race, so it is left out of the two-party figures.",true,,Nash,,78,21,,,21,0,Wildbill (NAV),,,,"SD 29 had no Democratic candidate: Todd Nash (Republican, also the Democratic nominee) vs. Tania Wildbill (nonaffiliated). There was no Democrat-vs-Republican race, so it is left out of the two-party figures."
Umatilla,107C,58,,29,,69,206,6,0,2,1,2,1,0,25.09,,Levy,,216,4,,,,,4,,,,,false,"Bobby Levy (Republican) ran unopposed in HD 58. There was no Democrat-vs-Republican race, so it is left out of the two-party figures.",true,,Nash,,210,42,,,41,1,Wildbill (NAV),,,,"SD 29 had no Democratic candidate: Todd Nash (Republican, also the Democratic nominee) vs. Tania Wildbill (nonaffiliated). There was no Democrat-vs-Republican race, so it is left out of the two-party figures."
Umatilla,117C,58,,29,,19,75,3,0,0,0,0,1,2,20.21,,Levy,,73,1,,,,,1,,,,,false,"Bobby Levy (Republican) ran unopposed in HD 58. There was no Democrat-vs-Republican race, so it is left out of the two-party figures.",true,,Nash,,66,19,,,17,2,Wildbill (NAV),,,,"SD 29 had no Democratic candidate: Todd Nash (Republican, also the Democratic nominee) vs. Tania Wildbill (nonaffiliated). There was no Democrat-vs-Republican race, so it is left out of the two-party figures."
Umatilla,127,57,,29,,173,379,23,1,0,3,2,12,5,31.34,,Smith,,433,4,,,,,4,,,,,false,"Greg Smith (Republican, also the Democratic nominee) ran unopposed in HD 57. There was no Democrat-vs-Republican race, so it is left out of the two-party figures.",true,,Nash,,418,80,,,77,3,Wildbill (NAV),,,,"SD 29 had no Democratic candidate: Todd Nash (Republican, also the Democratic nominee) vs. Tania Wildbill (nonaffiliated). There was no Democrat-vs-Republican race, so it is left out of the two-party figures."
Umatilla,132,58,58/57,29,,319,509,19,1,2,5,0,8,3,38.53,,Levy,,454,9,,,,,9,,,,,false,"Bobby Levy (Republican) ran unopposed in HD 58. There was no Democrat-vs-Republican race, so it is left out of the two-party figures.",true,,Nash,,577,143,,,142,1,Wildbill (NAV),,,,"SD 29 had no Democratic candidate: Todd Nash (Republican, also the Democratic nominee) vs. Tania Wildbill (nonaffiliated). There was no Democrat-vs-Republican race, so it is left out of the two-party figures."
Umatilla,115,58,58/57,29,,50,193,6,0,0,1,0,3,2,20.58,,Levy,,183,5,,,,,5,,,,,false,"Bobby Levy (Republican) ran unopposed in HD 58. There was no Democrat-vs-Republican race, so it is left out of the two-party figures.",true,,Nash,,184,37,,,36,1,Wildbill (NAV),,,,"SD 29 had no Democratic candidate: Todd Nash (Republican, also the Democratic nominee) vs. Tania Wildbill (nonaffiliated). There was no Democrat-vs-Republican race, so it is left out of the two-party figures."
Umatilla,108R,57,57/58,29,,42,118,5,1,0,0,0,2,2,26.25,,Smith,,81,9,,,,,9,,,,,false,"Greg Smith (Republican, also the Democratic nominee) ran unopposed in HD 57. There was no Democrat-vs-Republican race, so it is left out of the two-party figures.",true,,Nash,,135,16,,,15,1,Wildbill (NAV),,,,"SD 29 had no Democratic candidate: Todd Nash (Republican, also the Democratic nominee) vs. Tania Wildbill (nonaffiliated). There was no Democrat-vs-Republican race, so it is left out of the two-party figures."
Umatilla,107R,58,,29,,29,191,7,0,2,1,0,4,0,13.18,,Levy,,195,3,,,,,3,,,,,false,"Bobby Levy (Republican) ran unopposed in HD 58. There was no Democrat-vs-Republican race, so it is left out of the two-party figures.",true,,Nash,,189,17,,,16,1,Wildbill (NAV),,,,"SD 29 had no Democratic candidate: Todd Nash (Republican, also the Democratic nominee) vs. Tania Wildbill (nonaffiliated). There was no Democrat-vs-Republican race, so it is left out of the two-party figures."
Umatilla,142,58,,29,,195,444,25,0,0,1,0,18,6,30.52,,Levy,,488,8,,,,,8,,,,,false,"Bobby Levy (Republican) ran unopposed in HD 58. There was no Democrat-vs-Republican race, so it is left out of the two-party figures.",true,,Nash,,486,103,,,101,2,Wildbill (NAV),,,,"SD 29 had no Democratic candidate: Todd Nash (Republican, also the Democratic nominee) vs. Tania Wildbill (nonaffiliated). There was no Democrat-vs-Republican race, so it is left out of the two-party figures."
Umatilla,109R,58,,29,,12,42,3,0,0,0,0,2,1,22.22,,Levy,,49,2,,,,,2,,,,,false,"Bobby Levy (Republican) ran unopposed in HD 58. There was no Democrat-vs-Republican race, so it is left out of the two-party figures.",true,,Nash,,48,8,,,8,0,Wildbill (NAV),,,,"SD 29 had no Democratic candidate: Todd Nash (Republican, also the Democratic nominee) vs. Tania Wildbill (nonaffiliated). There was no Democrat-vs-Republican race, so it is left out of the two-party figures."
Umatilla,131,57,57/58,29,,181,300,10,0,1,3,0,6,0,37.63,,Smith,,281,1,,,,,1,,,,,false,"Greg Smith (Republican, also the Democratic nominee) ran unopposed in HD 57. There was no Democrat-vs-Republican race, so it is left out of the two-party figures.",true,,Nash,,311,99,,,98,1,Wildbill (NAV),,,,"SD 29 had no Democratic candidate: Todd Nash (Republican, also the Democratic nominee) vs. Tania Wildbill (nonaffiliated). There was no Democrat-vs-Republican race, so it is left out of the two-party figures."
Union,1,58,,29,,1056,1064,82,1,5,13,4,42,17,49.81,,Levy,,1368,63,,,,,63,,,,,false,"Bobby Levy (Republican) ran unopposed in HD 58. There was no Democrat-vs-Republican race, so it is left out of the two-party figures.",true,,Nash,,1355,554,,,541,13,Wildbill (NAV),,,,"SD 29 had no Democratic candidate: Todd Nash (Republican, also the Democratic nominee) vs. Tania Wildbill (nonaffiliated). There was no Democrat-vs-Republican race, so it is left out of the two-party figures."
Union,2,58,,29,,691,1201,83,2,5,14,1,49,12,36.52,,Levy,,1347,36,,,,,36,,,,,false,"Bobby Levy (Republican) ran unopposed in HD 58. There was no Democrat-vs-Republican race, so it is left out of the two-party figures.",true,,Nash,,1345,363,,,358,5,Wildbill (NAV),,,,"SD 29 had no Democratic candidate: Todd Nash (Republican, also the Democratic nominee) vs. Tania Wildbill (nonaffiliated). There was no Democrat-vs-Republican race, so it is left out of the two-party figures."
Union,3,58,,29,,596,1333,76,2,9,6,4,51,4,30.9,,Levy,,1409,24,,,,,24,,,,,false,"Bobby Levy (Republican) ran unopposed in HD 58. There was no Democrat-vs-Republican race, so it is left out of the two-party figures.",true,,Nash,,1442,350,,,343,7,Wildbill (NAV),,,,"SD 29 had no Democratic candidate: Todd Nash (Republican, also the Democratic nominee) vs. Tania Wildbill (nonaffiliated). There was no Democrat-vs-Republican race, so it is left out of the two-party figures."
Union,4,58,,29,,112,280,21,0,4,1,0,10,6,28.57,,Levy,,283,4,,,,,4,,,,,false,"Bobby Levy (Republican) ran unopposed in HD 58. There was no Democrat-vs-Republican race, so it is left out of the two-party figures.",true,,Nash,,322,55,,,53,2,Wildbill (NAV),,,,"SD 29 had no Democratic candidate: Todd Nash (Republican, also the Democratic nominee) vs. Tania Wildbill (nonaffiliated). There was no Democrat-vs-Republican race, so it is left out of the two-party figures."
Union,5,58,,29,,287,897,35,0,7,3,1,17,7,24.24,,Levy,,881,20,,,,,20,,,,,false,"Bobby Levy (Republican) ran unopposed in HD 58. There was no Democrat-vs-Republican race, so it is left out of the two-party figures.",true,,Nash,,975,140,,,132,8,Wildbill (NAV),,,,"SD 29 had no Democratic candidate: Todd Nash (Republican, also the Democratic nominee) vs. Tania Wildbill (nonaffiliated). There was no Democrat-vs-Republican race, so it is left out of the two-party figures."
Union,6,58,,29,,93,339,12,0,2,5,0,5,0,21.53,,Levy,,323,3,,,,,3,,,,,false,"Bobby Levy (Republican) ran unopposed in HD 58. There was no Democrat-vs-Republican race, so it is left out of the two-party figures.",true,,Nash,,341,54,,,54,0,Wildbill (NAV),,,,"SD 29 had no Democratic candidate: Todd Nash (Republican, also the Democratic nominee) vs. Tania Wildbill (nonaffiliated). There was no Democrat-vs-Republican race, so it is left out of the two-party figures."
Union,7,58,,29,,182,472,23,2,5,1,0,15,0,27.83,,Levy,,476,12,,,,,12,,,,,false,"Bobby Levy (Republican) ran unopposed in HD 58. There was no Democrat-vs-Republican race, so it is left out of the two-party figures.",true,,Nash,,528,93,,,91,2,Wildbill (NAV),,,,"SD 29 had no Democratic candidate: Todd Nash (Republican, also the Democratic nominee) vs. Tania Wildbill (nonaffiliated). There was no Democrat-vs-Republican race, so it is left out of the two-party figures."
Union,8,58,,29,,129,766,35,1,4,1,1,26,2,14.41,,Levy,,740,6,,,,,6,,,,,false,"Bobby Levy (Republican) ran unopposed in HD 58. There was no Democrat-vs-Republican race, so it is left out of the two-party figures.",true,,Nash,,760,87,,,84,3,Wildbill (NAV),,,,"SD 29 had no Democratic candidate: Todd Nash (Republican, also the Democratic nominee) vs. Tania Wildbill (nonaffiliated). There was no Democrat-vs-Republican race, so it is left out of the two-party figures."
Union,9,58,,29,,100,588,11,0,1,0,0,10,0,14.53,,Levy,,542,2,,,,,2,,,,,false,"Bobby Levy (Republican) ran unopposed in HD 58. There was no Democrat-vs-Republican race, so it is left out of the two-party figures.",true,,Nash,,592,54,,,54,0,Wildbill (NAV),,,,"SD 29 had no Democratic candidate: Todd Nash (Republican, also the Democratic nominee) vs. Tania Wildbill (nonaffiliated). There was no Democrat-vs-Republican race, so it is left out of the two-party figures."
Union,10,58,,29,,39,148,6,0,0,0,0,4,2,20.86,,Levy,,156,3,,,,,3,,,,,false,"Bobby Levy (Republican) ran unopposed in HD 58. There was no Democrat-vs-Republican race, so it is left out of the two-party figures.",true,,Nash,,163,25,,,24,1,Wildbill (NAV),,,,"SD 29 had no Democratic candidate: Todd Nash (Republican, also the Democratic nominee) vs. Tania Wildbill (nonaffiliated). There was no Democrat-vs-Republican race, so it is left out of the two-party figures."
Union,11,58,,29,,152,536,37,1,1,0,0,23,12,22.09,,Levy,,571,8,,,,,8,,,,,false,"Bobby Levy (Republican) ran unopposed in HD 58. There was no Democrat-vs-Republican race, so it is left out of the two-party figures.",true,,Nash,,584,90,,,89,1,Wildbill (NAV),,,,"SD 29 had no Democratic candidate: Todd Nash (Republican, also the Democratic nominee) vs. Tania Wildbill (nonaffiliated). There was no Democrat-vs-Republican race, so it is left out of the two-party figures."
Union,12,58,,29,,8,61,2,0,0,0,0,2,0,11.59,,Levy,,58,0,,,,,0,,,,,false,"Bobby Levy (Republican) ran unopposed in HD 58. There was no Democrat-vs-Republican race, so it is left out of the two-party figures.",true,,Nash,,59,10,,,10,0,Wildbill (NAV),,,,"SD 29 had no Democratic candidate: Todd Nash (Republican, also the Democratic nominee) vs. Tania Wildbill (nonaffiliated). There was no Democrat-vs-Republican race, so it is left out of the two-party figures."
Union,13,58,,29,,13,90,3,1,0,0,0,1,1,12.62,,Levy,,91,0,,,,,0,,,,,false,"Bobby Levy (Republican) ran unopposed in HD 58. There was no Democrat-vs-Republican race, so it is left out of the two-party figures.",true,,Nash,,96,4,,,4,0,Wildbill (NAV),,,,"SD 29 had no Democratic candidate: Todd Nash (Republican, also the Democratic nominee) vs. Tania Wildbill (nonaffiliated). There was no Democrat-vs-Republican race, so it is left out of the two-party figures."
Union,14,58,,29,,43,204,15,1,2,2,1,9,0,17.41,,Levy,,181,2,,,,,2,,,,,false,"Bobby Levy (Republican) ran unopposed in HD 58. There was no Democrat-vs-Republican race, so it is left out of the two-party figures.",true,,Nash,,189,35,,,33,2,Wildbill (NAV),,,,"SD 29 had no Democratic candidate: Todd Nash (Republican, also the Democratic nominee) vs. Tania Wildbill (nonaffiliated). There was no Democrat-vs-Republican race, so it is left out of the two-party figures."
Union,15,58,,29,,58,217,7,2,0,0,0,4,1,21.09,,Levy,,196,6,,,,,6,,,,,false,"Bobby Levy (Republican) ran unopposed in HD 58. There was no Democrat-vs-Republican race, so it is left out of the two-party figures.",true,,Nash,,228,29,,,29,0,Wildbill (NAV),,,,"SD 29 had no Democratic candidate: Todd Nash (Republican, also the Democratic nominee) vs. Tania Wildbill (nonaffiliated). There was no Democrat-vs-Republican race, so it is left out of the two-party figures."
Union,16,58,,29,,312,931,36,0,3,5,2,24,2,25.1,,Levy,,943,18,,,,,18,,,,,false,"Bobby Levy (Republican) ran unopposed in HD 58. There was no Democrat-vs-Republican race, so it is left out of the two-party figures.",true,,Nash,,966,165,,,163,2,Wildbill (NAV),,,,"SD 29 had no Democratic candidate: Todd Nash (Republican, also the Democratic nominee) vs. Tania Wildbill (nonaffiliated). There was no Democrat-vs-Republican race, so it is left out of the two-party figures."
Union,17,58,,29,,7,48,5,0,0,0,0,4,1,12.73,,Levy,,50,0,,,,,0,,,,,false,"Bobby Levy (Republican) ran unopposed in HD 58. There was no Democrat-vs-Republican race, so it is left out of the two-party figures.",true,,Nash,,48,9,,,9,0,Wildbill (NAV),,,,"SD 29 had no Democratic candidate: Todd Nash (Republican, also the Democratic nominee) vs. Tania Wildbill (nonaffiliated). There was no Democrat-vs-Republican race, so it is left out of the two-party figures."
Union,18,58,,29,,180,514,24,0,3,3,1,14,3,25.94,,Levy,,532,6,,,,,6,,,,,false,"Bobby Levy (Republican) ran unopposed in HD 58. There was no Democrat-vs-Republican race, so it is left out of the two-party figures.",true,,Nash,,580,63,,,63,0,Wildbill (NAV),,,,"SD 29 had no Democratic candidate: Todd Nash (Republican, also the Democratic nominee) vs. Tania Wildbill (nonaffiliated). There was no Democrat-vs-Republican race, so it is left out of the two-party figures."
Union,19,58,,29,,49,253,12,0,1,1,1,7,2,16.23,,Levy,,229,4,,,,,4,,,,,false,"Bobby Levy (Republican) ran unopposed in HD 58. There was no Democrat-vs-Republican race, so it is left out of the two-party figures.",true,,Nash,,250,20,,,20,0,Wildbill (NAV),,,,"SD 29 had no Democratic candidate: Todd Nash (Republican, also the Democratic nominee) vs. Tania Wildbill (nonaffiliated). There was no Democrat-vs-Republican race, so it is left out of the two-party figures."
Wallowa,12,58,,29,,5,17,0,0,0,0,0,0,0,22.73,,Levy,,16,1,,,,,1,,,,,false,"Bobby Levy (Republican) ran unopposed in HD 58. There was no Democrat-vs-Republican race, so it is left out of the two-party figures.",true,,Nash,,16,5,,,5,0,Wildbill (NAV),,,,"SD 29 had no Democratic candidate: Todd Nash (Republican, also the Democratic nominee) vs. Tania Wildbill (nonaffiliated). There was no Democrat-vs-Republican race, so it is left out of the two-party figures."
Wallowa,10,58,,29,,32,98,3,0,0,0,0,1,2,24.62,,Levy,,96,1,,,,,1,,,,,false,"Bobby Levy (Republican) ran unopposed in HD 58. There was no Democrat-vs-Republican race, so it is left out of the two-party figures.",true,,Nash,,100,19,,,18,1,Wildbill (NAV),,,,"SD 29 had no Democratic candidate: Todd Nash (Republican, also the Democratic nominee) vs. Tania Wildbill (nonaffiliated). There was no Democrat-vs-Republican race, so it is left out of the two-party figures."
Wallowa,3,58,,29,,93,246,15,1,2,2,0,8,2,27.43,,Levy,,265,1,,,,,1,,,,,false,"Bobby Levy (Republican) ran unopposed in HD 58. There was no Democrat-vs-Republican race, so it is left out of the two-party figures.",true,,Nash,,284,61,,,61,0,Wildbill (NAV),,,,"SD 29 had no Democratic candidate: Todd Nash (Republican, also the Democratic nominee) vs. Tania Wildbill (nonaffiliated). There was no Democrat-vs-Republican race, so it is left out of the two-party figures."
Wallowa,2,58,,29,,185,329,18,0,3,2,0,10,3,35.99,,Levy,,379,6,,,,,6,,,,,false,"Bobby Levy (Republican) ran unopposed in HD 58. There was no Democrat-vs-Republican race, so it is left out of the two-party figures.",true,,Nash,,398,100,,,97,3,Wildbill (NAV),,,,"SD 29 had no Democratic candidate: Todd Nash (Republican, also the Democratic nominee) vs. Tania Wildbill (nonaffiliated). There was no Democrat-vs-Republican race, so it is left out of the two-party figures."
Wallowa,6,58,,29,,295,564,22,0,3,3,1,13,2,34.34,,Levy,,623,9,,,,,9,,,,,false,"Bobby Levy (Republican) ran unopposed in HD 58. There was no Democrat-vs-Republican race, so it is left out of the two-party figures.",true,,Nash,,679,127,,,123,4,Wildbill (NAV),,,,"SD 29 had no Democratic candidate: Todd Nash (Republican, also the Democratic nominee) vs. Tania Wildbill (nonaffiliated). There was no Democrat-vs-Republican race, so it is left out of the two-party figures."
Wallowa,5,58,,29,,277,425,24,0,1,5,3,11,4,39.46,,Levy,,484,6,,,,,6,,,,,false,"Bobby Levy (Republican) ran unopposed in HD 58. There was no Democrat-vs-Republican race, so it is left out of the two-party figures.",true,,Nash,,504,139,,,136,3,Wildbill (NAV),,,,"SD 29 had no Democratic candidate: Todd Nash (Republican, also the Democratic nominee) vs. Tania Wildbill (nonaffiliated). There was no Democrat-vs-Republican race, so it is left out of the two-party figures."
Wallowa,1,58,,29,,234,489,30,0,4,2,1,14,9,32.37,,Levy,,552,6,,,,,6,,,,,false,"Bobby Levy (Republican) ran unopposed in HD 58. There was no Democrat-vs-Republican race, so it is left out of the two-party figures.",true,,Nash,,606,107,,,106,1,Wildbill (NAV),,,,"SD 29 had no Democratic candidate: Todd Nash (Republican, also the Democratic nominee) vs. Tania Wildbill (nonaffiliated). There was no Democrat-vs-Republican race, so it is left out of the two-party figures."
Wallowa,4,58,,29,,113,244,13,1,0,4,1,7,0,31.65,,Levy,,282,6,,,,,6,,,,,false,"Bobby Levy (Republican) ran unopposed in HD 58. There was no Democrat-vs-Republican race, so it is left out of the two-party figures.",true,,Nash,,289,59,,,56,3,Wildbill (NAV),,,,"SD 29 had no Democratic candidate: Todd Nash (Republican, also the Democratic nominee) vs. Tania Wildbill (nonaffiliated). There was no Democrat-vs-Republican race, so it is left out of the two-party figures."
Wallowa,9,58,,29,,129,285,8,1,1,3,0,3,0,31.16,,Levy,,305,5,,,,,5,,,,,false,"Bobby Levy (Republican) ran unopposed in HD 58. There was no Democrat-vs-Republican race, so it is left out of the two-party figures.",true,,Nash,,323,59,,,55,4,Wildbill (NAV),,,,"SD 29 had no Democratic candidate: Todd Nash (Republican, also the Democratic nominee) vs. Tania Wildbill (nonaffiliated). There was no Democrat-vs-Republican race, so it is left out of the two-party figures."
Wallowa,7,58,,29,,95,312,16,1,2,1,2,8,2,23.34,,Levy,,336,2,,,,,2,,,,,false,"Bobby Levy (Republican) ran unopposed in HD 58. There was no Democrat-vs-Republican race, so it is left out of the two-party figures.",true,,Nash,,351,44,,,41,3,Wildbill (NAV),,,,"SD 29 had no Democratic candidate: Todd Nash (Republican, also the Democratic nominee) vs. Tania Wildbill (nonaffiliated). There was no Democrat-vs-Republican race, so it is left out of the two-party figures."
Wallowa,11,58,,29,,21,46,2,0,0,0,0,2,0,31.34,,Levy,,46,0,,,,,0,,,,,false,"Bobby Levy (Republican) ran unopposed in HD 58. There was no Democrat-vs-Republican race, so it is left out of the two-party figures.",true,,Nash,,58,7,,,7,0,Wildbill (NAV),,,,"SD 29 had no Democratic candidate: Todd Nash (Republican, also the Democratic nominee) vs. Tania Wildbill (nonaffiliated). There was no Democrat-vs-Republican race, so it is left out of the two-party figures."
Wallowa,8,58,,29,,94,311,18,2,1,4,1,8,2,23.21,,Levy,,317,3,,,,,3,,,,,false,"Bobby Levy (Republican) ran unopposed in HD 58. There was no Democrat-vs-Republican race, so it is left out of the two-party figures.",true,,Nash,,336,58,,,58,0,Wildbill (NAV),,,,"SD 29 had no Democratic candidate: Todd Nash (Republican, also the Democratic nominee) vs. Tania Wildbill (nonaffiliated). There was no Democrat-vs-Republican race, so it is left out of the two-party figures."
Wasco,02,52,,26,,1172,934,90,2,12,12,2,45,17,55.65,Walden Poublon,Helfrich,1029,1066,0,,,,,0,,49.12,-6.53,0.5,true,,false,,,,,,,,,,,,,,SD 26 was not on the ballot in 2024. Oregon senators serve four-year terms; this seat is next up in 2026.
Wasco,03,52,,26,,899,837,93,3,12,21,4,40,13,51.79,Walden Poublon,Helfrich,851,901,0,,,,,0,,48.57,-3.22,-0.9,true,,false,,,,,,,,,,,,,,SD 26 was not on the ballot in 2024. Oregon senators serve four-year terms; this seat is next up in 2026.
Wasco,04,52,,26,,728,824,45,0,9,5,0,29,2,46.91,Walden Poublon,Helfrich,597,912,2,,,,,2,,39.56,-7.35,2.8,true,,false,,,,,,,,,,,,,,SD 26 was not on the ballot in 2024. Oregon senators serve four-year terms; this seat is next up in 2026.
Wasco,05,52,,26,,916,646,69,3,11,14,4,33,4,58.64,Walden Poublon,Helfrich,827,727,1,,,,,1,,53.22,-5.42,0.5,true,,false,,,,,,,,,,,,,,SD 26 was not on the ballot in 2024. Oregon senators serve four-year terms; this seat is next up in 2026.
Wasco,07,57,,29,,201,314,17,1,4,3,0,6,3,39.03,,Smith,,357,5,,,,,5,,,,,false,"Greg Smith (Republican, also the Democratic nominee) ran unopposed in HD 57. There was no Democrat-vs-Republican race, so it is left out of the two-party figures.",true,,Nash,,349,81,,,80,1,Wildbill (NAV),,,,"SD 29 had no Democratic candidate: Todd Nash (Republican, also the Democratic nominee) vs. Tania Wildbill (nonaffiliated). There was no Democrat-vs-Republican race, so it is left out of the two-party figures."
Wasco,08,57,,29,,236,613,25,2,4,4,1,13,1,27.8,,Smith,,636,16,,,,,16,,,,,false,"Greg Smith (Republican, also the Democratic nominee) ran unopposed in HD 57. There was no Democrat-vs-Republican race, so it is left out of the two-party figures.",true,,Nash,,607,129,,,121,8,Wildbill (NAV),,,,"SD 29 had no Democratic candidate: Todd Nash (Republican, also the Democratic nominee) vs. Tania Wildbill (nonaffiliated). There was no Democrat-vs-Republican race, so it is left out of the two-party figures."
Wasco,09,57,,29,,248,548,21,1,0,4,1,14,1,31.16,,Smith,,553,3,,,,,3,,,,,false,"Greg Smith (Republican, also the Democratic nominee) ran unopposed in HD 57. There was no Democrat-vs-Republican race, so it is left out of the two-party figures.",true,,Nash,,510,132,,,130,2,Wildbill (NAV),,,,"SD 29 had no Democratic candidate: Todd Nash (Republican, also the Democratic nominee) vs. Tania Wildbill (nonaffiliated). There was no Democrat-vs-Republican race, so it is left out of the two-party figures."
Wasco,10,57,,29,,344,332,18,1,2,0,0,13,2,50.89,,Smith,,449,12,,,,,12,,,,,false,"Greg Smith (Republican, also the Democratic nominee) ran unopposed in HD 57. There was no Democrat-vs-Republican race, so it is left out of the two-party figures.",true,,Nash,,375,179,,,176,3,Wildbill (NAV),,,,"SD 29 had no Democratic candidate: Todd Nash (Republican, also the Democratic nominee) vs. Tania Wildbill (nonaffiliated). There was no Democrat-vs-Republican race, so it is left out of the two-party figures."
Wasco,11,57,,29,,43,119,10,0,2,0,0,8,0,26.54,,Smith,,109,1,,,,,1,,,,,false,"Greg Smith (Republican, also the Democratic nominee) ran unopposed in HD 57. There was no Democrat-vs-Republican race, so it is left out of the two-party figures.",true,,Nash,,114,27,,,27,0,Wildbill (NAV),,,,"SD 29 had no Democratic candidate: Todd Nash (Republican, also the Democratic nominee) vs. Tania Wildbill (nonaffiliated). There was no Democrat-vs-Republican race, so it is left out of the two-party figures."
Wasco,12,57,,29,,64,127,3,0,0,1,0,2,0,33.51,,Smith,,140,4,,,,,4,,,,,false,"Greg Smith (Republican, also the Democratic nominee) ran unopposed in HD 57. There was no Democrat-vs-Republican race, so it is left out of the two-party figures.",true,,Nash,,141,29,,,29,0,Wildbill (NAV),,,,"SD 29 had no Democratic candidate: Todd Nash (Republican, also the Democratic nominee) vs. Tania Wildbill (nonaffiliated). There was no Democrat-vs-Republican race, so it is left out of the two-party figures."
Wasco,01,52,,26,,842,901,70,1,14,12,3,35,5,48.31,Walden Poublon,Helfrich,759,958,3,,,,,3,,44.21,-4.1,1.5,true,,false,,,,,,,,,,,,,,SD 26 was not on the ballot in 2024. Oregon senators serve four-year terms; this seat is next up in 2026.
Wasco,06,52,,26,,376,642,24,0,3,5,0,13,3,36.94,Walden Poublon,Helfrich,348,656,1,,,,,1,,34.66,-2.28,1.4,true,,false,,,,,,,,,,,,,,SD 26 was not on the ballot in 2024. Oregon senators serve four-year terms; this seat is next up in 2026.
Wheeler,3,57,,29,,52,150,5,0,2,0,0,2,1,25.74,,Smith,,168,6,,,,,6,,,,,false,"Greg Smith (Republican, also the Democratic nominee) ran unopposed in HD 57. There was no Democrat-vs-Republican race, so it is left out of the two-party figures.",true,,Nash,,156,24,,,23,1,Wildbill (NAV),,,,"SD 29 had no Democratic candidate: Todd Nash (Republican, also the Democratic nominee) vs. Tania Wildbill (nonaffiliated). There was no Democrat-vs-Republican race, so it is left out of the two-party figures."
Wheeler,1,57,,29,,103,256,21,0,1,6,0,13,1,28.69,,Smith,,276,5,,,,,5,,,,,false,"Greg Smith (Republican, also the Democratic nominee) ran unopposed in HD 57. There was no Democrat-vs-Republican race, so it is left out of the two-party figures.",true,,Nash,,279,39,,,37,2,Wildbill (NAV),,,,"SD 29 had no Democratic candidate: Todd Nash (Republican, also the Democratic nominee) vs. Tania Wildbill (nonaffiliated). There was no Democrat-vs-Republican race, so it is left out of the two-party figures."
Wheeler,4,57,,29,,55,212,14,0,2,1,0,10,1,20.6,,Smith,,222,4,,,,,4,,,,,false,"Greg Smith (Republican, also the Democratic nominee) ran unopposed in HD 57. There was no Democrat-vs-Republican race, so it is left out of the two-party figures.",true,,Nash,,219,30,,,30,0,Wildbill (NAV),,,,"SD 29 had no Democratic candidate: Todd Nash (Republican, also the Democratic nominee) vs. Tania Wildbill (nonaffiliated). There was no Democrat-vs-Republican race, so it is left out of the two-party figures."
Washington,444,37,,19,,51,65,3,0,0,1,1,1,0,43.97,Walters,Edtl,50,66,0,,,,,0,,43.1,-0.87,0,true,,false,,,,,,,,,,,,,,SD 19 was not on the ballot in 2024. Oregon senators serve four-year terms; this seat is next up in 2026.
Washington,445,29,,15,,0,1,0,0,0,0,0,0,0,0,McLain,,1,,0,,,,,0,,,,,false,"Susan McLain (Democrat) ran unopposed in HD 29. There was no Democrat-vs-Republican race, so it is left out of the two-party figures.",false,,,,,,,,,,,,,,SD 15 was not on the ballot in 2024. Oregon senators serve four-year terms; this seat is next up in 2026.
Washington,446,35,,18,,66,36,4,0,0,2,0,1,1,64.71,Chaichi,Martin,64,31,0,,,,,0,,67.37,2.66,6.9,true,,true,Campos,Pierson,60,36,0,,,,0,,62.5,-2.21,5.9,
Washington,447,26,,13,,115,150,13,2,1,1,0,6,3,43.4,Neron,Fields,106,166,1,,,,,1,,38.97,-4.43,-2.6,true,,false,,,,,,,,,,,,,,SD 13 was not on the ballot in 2024. Oregon senators serve four-year terms; this seat is next up in 2026.
Washington,448,26,,13,,478,253,32,0,6,5,2,10,9,65.39,Neron,Fields,422,276,0,,,,,0,,60.46,-4.93,4.5,true,,false,,,,,,,,,,,,,,SD 13 was not on the ballot in 2024. Oregon senators serve four-year terms; this seat is next up in 2026.
Washington,449,36,,18,,133,147,11,0,1,1,0,4,5,47.5,Pham,Chummar,119,160,0,,,,,0,,42.65,-4.85,0.4,true,,true,Campos,Pierson,109,174,0,,,,0,,38.52,-8.98,-1.1,
Washington,450,31,,16,,47,117,5,0,0,1,0,4,0,28.66,Gutierrez,Edwards,36,121,1,,1,,,0,Miller (LIB),22.93,-5.73,4.3,true,,false,,,,,,,,,,,,,,SD 16 was not on the ballot in 2024. Oregon senators serve four-year terms; this seat is next up in 2026.
Washington,451,30,,15,,717,303,35,0,5,11,0,9,10,70.29,,,,,,,,,,,,,,,false,No State House contest was reported for this precinct.,false,,,,,,,,,,,,,,SD 15 was not on the ballot in 2024. Oregon senators serve four-year terms; this seat is next up in 2026.
Washington,452,36,,18,,45,45,7,1,1,0,4,1,0,50,Pham,Chummar,38,52,0,,,,,0,,42.22,-7.78,0,true,,true,Campos,Pierson,41,50,0,,,,0,,45.05,-4.95,-1.1,
Washington,453,26,,13,,5,6,0,0,0,0,0,0,0,45.45,Neron,Fields,5,6,0,,,,,0,,45.45,,0,false,"too few votes to compare (HD two-party n=11, President n=11; minimum 50)",false,,,,,,,,,,,,,,SD 13 was not on the ballot in 2024. Oregon senators serve four-year terms; this seat is next up in 2026.
Washington,454,30,30/26,15,,2,17,0,0,0,0,0,0,0,10.53,Sosa,,714,,31,,,,,31,,,,,false,"Nathan Sosa (Democrat) ran unopposed in HD 30. There was no Democrat-vs-Republican race, so it is left out of the two-party figures.",false,,,,,,,,,,,,,,SD 15 was not on the ballot in 2024. Oregon senators serve four-year terms; this seat is next up in 2026.
Washington,455,27,,14,,1074,346,54,2,8,10,4,21,9,75.63,Helm,Kingsbury,1012,344,0,,,,,0,,74.63,-1,4.5,true,,true,Lieber,,1047,,245,,234,,11,Brumbelow (LIB),,,,"SD 14 had no Republican candidate: Kate Lieber (Democrat) vs. Katy Brumbelow (Libertarian). There was no Democrat-vs-Republican race, so it is left out of the two-party figures."
Washington,456,36,,18,,7,0,0,0,0,0,0,0,0,100,Pham,Chummar,7,0,0,,,,,0,,100,,0,false,"too few votes to compare (HD two-party n=7, President n=7; minimum 50)",true,Campos,Pierson,7,0,0,,,,0,,100,,0,"too few votes to compare (SD two-party n=7, President n=7; minimum 50)"
